duration,src_bytes,dst_bytes,src_pkts,dst_pkts,src_ip_bytes,dst_ip_bytes,missed_bytes,conn_state_enc,proto_enc,service_enc,http_request_body_len,http_response_body_len,dns_qclass,ssl_version_enc,weird_notice_enc
0.9709276276260272,741.0892082578318,652.2500853585349,12,6,506.75315851136367,249.5369978808233,0.9044309010526576,2,0,0,-1.3053896190899186,0.2199442322361406,3.667792366221648,2.4591369455537,0.0890982385964808
4.7776510788970095,780.5507239670434,267.191033863832,3,0,1570.0474526908677,1420.2777020995738,-2.22179046652526,3,2,0,0.0106309044126298,-2.0718682903959893,1.765809539199521,2.80225983415916,0.3495210554514875
7.654489727793901,28.16846399589368,242.36562319124772,3,0,889.7563857984825,60.90986598419848,1.7174321024040555,1,0,0,2.432580828689705,3.9592528029569625,2.0847961376376927,1.4529300984497775,-1.589195535006419
0.6870964811568623,360.2693207593421,630.9740090312639,3,6,456.72012770555546,1553.8657712139145,2.833224560622441,2,2,2,0.1943296217021002,-1.5618112921824732,1.6649577838451792,1.873469043286692,-0.2964729943488184
4.544423732491138,1302.5163312122593,210.1193884843584,0,0,2633.2837132993427,1909.468488798443,-0.1217740412830874,1,1,0,0.2230631132138245,2.3405759568070224,-2.214105467791716,2.889215875498516,0.0213918193801141
3.7181799418241006,72.20708566997457,252.37822560291767,3,6,42.20949825316811,290.43480532892727,0.1403320440651729,0,1,2,-1.129995813625261,1.2563373248035143,0.1482459984242299,-2.6172852322246785,-0.3675513749820882
7.706140759402681,982.7070125335304,938.1084355604282,3,6,2913.795216234154,1032.5128849882744,5.344579994074935,1,0,1,-3.22828366128189,4.453511000790633,-1.388794528977044,2.3132782160700938,0.9851361837305198
8.18700518252618,1033.419999604053,4.977018038170646,0,3,2835.3181600380585,391.13753102174127,-0.5849969155239964,2,1,4,1.794302018837617,-2.3563574816988897,-0.8391493227216629,-2.1290317501371794,1.2731103634577088
6.465868942554848,148.3253157482674,155.3911597436875,3,0,2910.9424642928457,1449.3428397995312,4.40071036510276,0,1,0,0.6465174045901231,1.0013811040631733,-0.8379576743644993,-3.5783407579432325,1.008630235062583
4.177738931074344,482.058619874277,174.06065686556252,0,0,529.6197754750424,496.9880083450769,1.353944112237891,1,2,0,-2.8782111381920537,2.249178604541299,-0.0645482219367616,-1.78727126552045,-2.394392958732688
2.0186429701554016,229.3248608010217,478.929330743956,9,3,3133.343139390316,649.471842770651,3.286123159385193,1,0,2,2.568257674100611,6.7848666467376,1.2063266655774167,-1.0721535821192838,-0.1909521052323223
3.4635417883179773,746.6273166330461,63.163333457046335,0,0,2389.2185507943627,2531.0862087569367,1.2462901692227468,2,0,2,-3.1781227136349863,0.220203925800152,-4.296007393587286,2.425746381837873,0.0865817822692562
3.1862538227427395,736.7610779603464,1085.6562935853988,9,3,1997.7766700946272,932.1413262771986,-2.624780513668147,2,0,1,2.804531167935931,2.592025669858118,3.382242227090816,-2.899197127352349,-2.162450855054355
4.152146616121418,12.38816392772868,329.93722329328745,6,3,975.4129760992164,845.2864513924125,-0.3349337422261884,1,0,2,-0.6511485901574825,1.2846208474054612,-0.9783760685900612,-2.243627712332977,0.8726705162966529
1.132825068547941,174.1291012813548,449.67991344759895,12,0,3308.6874171929103,964.3818612728812,-2.046423980819888,2,2,4,2.0259724430306347,4.833209135426755,2.080211974942478,-3.4443370930580057,0.0953761123034477
3.475800318949924,1052.9139207843089,101.1144237253428,12,3,121.51503717328764,484.29810345126987,-2.3423022898417503,2,1,4,-4.760740680326525,2.178536680304689,-0.2860883291332932,-0.14783227731973,1.9313241199890276
2.1829986662025136,715.6460376308678,655.8809000602074,3,6,1044.0720598877615,3016.9999156121125,-0.1805459804835596,1,0,2,-0.1871432399104953,-0.5045409647492993,2.77729625295976,-3.912613437301707,-0.0246901619574516
1.8093094935803515,1176.74155311121,820.3918422363025,3,3,843.7739576269513,688.1287683380699,1.7057783069711274,1,0,0,0.609253958480083,-0.0187942614674054,-0.7272050744344583,0.3929569316663835,-0.048521702807752
12.67047168762553,171.7577783516867,508.9250919083492,0,6,651.9900203289692,51.10121929096113,-2.4670539127429514,2,1,4,0.94454713952269,0.454465267220127,-1.291084834799768,-0.3988546684988967,0.078016730896691
7.542946008758628,313.3340228984905,51.21956852711117,6,3,1363.242724728579,3229.7554305261124,5.286403205268817,4,2,0,2.0104273907856416,-0.2150312360510922,-3.937644110777156,-1.872421017283124,0.3709765507756567
6.445237492495222,1733.4589495405494,468.372464208204,0,0,494.2545662014011,59.00413724647293,0.4291801282403352,0,0,0,-2.766565083702077,-1.1074861370999836,3.1612055910062,-0.2185890593501882,-1.7874027120883174
8.516801959568205,146.49289695137813,1001.6857815010696,0,6,2225.7460158320728,485.1901377851816,0.1660858495083916,1,1,1,0.6140575970889124,-1.9519667189949717,-2.1901747803935496,3.1933611652733958,0.8354735442357547
7.935986307239585,602.1007017031127,481.53208116004095,0,3,48.707591543743625,1856.4385193614405,1.7231395462533676,2,2,4,0.9160266814794856,1.630930313779848,2.304549558781627,0.5833355850667791,-0.1977834904539402
9.847061971562669,478.4265223077453,1095.7518064245205,9,3,2683.7463566744905,552.3924856665528,1.2889987600448491,1,0,0,-2.9926797230098634,0.6524889678865827,6.018669009256519,1.5797034147055578,-0.1208365424404278
3.145585192620222,1704.0503913802013,135.2527215668097,0,0,4140.66096010585,1226.8925633037873,-3.410195938980378,0,0,1,-2.02439673941572,0.8128143968713701,-2.5141679352867463,-0.6958877290696355,-0.0025161694297176
6.8316911613679565,360.291542317079,540.4915490943533,3,0,751.7427266030526,648.3043375804474,0.4697221882838801,0,0,3,1.341154984918259,2.6357149172976038,-0.0939117713631572,1.066625407249048,0.77007664022726
1.898989868939513,77.16864323053241,83.76717064232973,0,0,1290.6409565226563,1.2625123749152665,-0.0375389719691006,0,0,1,0.4808848863846455,-0.3633705680501267,1.2860199892951247,3.1359453496227765,0.3739296610582765
1.1299782826455975,1388.8958223695124,193.9144939440021,3,0,490.3350036449739,117.81390940271802,-3.196001753254456,1,1,0,-0.2591889693519237,0.6517233080383341,3.764390656163664,-0.7167230866982045,-1.6034643876078238
1.2441245366153908,730.6201910164175,130.3029048127912,3,0,159.04493934599287,1570.262800655335,0.3751752979997038,2,2,1,0.2511349412751096,0.2361725107746718,-0.4258533904495034,-3.423780887404443,0.6453003562281185
0.0508268483976169,2067.958183862132,65.63331416753091,3,3,1235.1758027956414,3096.8333287236574,2.5850546365493177,2,1,6,1.037503400130451,-3.7961994813061866,-2.944408913581457,-0.5003480070061075,1.1474835480639565
5.63914958188978,860.8500014806477,490.9409476678898,6,3,177.9593740563754,764.020705388699,0.2350252271473227,3,0,2,-0.9340968594749736,0.637401954815448,1.3016849090762896,0.4869316547601803,0.5921657996016713
6.4525948597172125,1555.6859588280097,56.34495949724837,6,3,2446.474659059319,540.906215398532,-0.5966897468199481,2,0,1,0.6295436882496432,-3.501189863918632,-1.898238242189988,0.0574239730537129,-0.2739756676923859
0.6785433527682501,917.3276331453216,405.9203615504495,3,3,1163.046411635103,136.40800602342375,1.285588691562154,1,2,4,1.6136365908592512,0.5643338000873146,-2.420885706213058,0.4905841009617188,0.9935594406122856
1.4626273218571724,1177.0817516302827,818.4255179724901,3,3,3387.642674504328,1733.8784945675318,-1.5142778674287007,2,1,2,0.278972853168524,-2.0853859538477773,3.927492147537268,-3.757518653707838,-0.0336853097839072
3.063568383665231,1825.4182714168935,26.06808689444649,3,6,3307.564833318209,865.2689666830466,0.7654120355893168,3,0,5,-2.251519043395851,3.2150049546295527,0.6131942280912293,-1.1550947239851033,1.4581647376991596
2.1863173338228985,404.989966757745,474.778154406712,12,0,125.16516689621844,250.425724842246,0.8753559192951528,1,2,1,-0.2348708439460343,-1.174807609452016,-1.9527046637155,0.2528825232192233,-0.9330812289458252
6.105307269422226,390.3039092286284,216.88327618492528,6,6,1767.5687404580224,991.7075352503716,-0.2108224718768732,1,0,2,-1.5717313178185357,0.9309894818140876,1.498892948066653,0.2478466898296172,0.1827120797182451
2.002826832311858,225.7660935884628,50.79765458906935,0,9,231.6572197048393,394.3643022159964,-1.004833051354922,0,1,3,-3.9607381310127545,1.2451374756128135,0.8041378030973165,1.8059373821815812,-0.6293217065952471
7.293602098012818,335.47155530458616,346.7715952624474,6,0,1808.387860698933,1008.1247023560742,4.239825056603522,2,0,0,1.588387779460994,-0.2937144288749258,-1.824008941934727,-3.349444050995243,-0.8342146069691233
1.9102771572976092,433.2041137386488,1214.065466789286,0,9,973.536133406167,2995.5775249305057,3.484733291293692,4,0,5,-2.6667591861753754,-1.5628246985805128,2.999708698584606,0.6256923646377742,1.494146830813631
7.577889199504097,442.5814979655,73.21620093495979,3,3,1186.0190612523031,962.1587273137204,-1.182938278698634,1,0,1,-1.482410483843562,1.00596192099083,2.1446078163838025,-1.3563193591518528,0.0153852424543734
3.1875006655618128,53.5067608975579,476.5539464537794,9,9,3420.6418537098302,925.23353681245,2.7115979780368438,1,1,2,-0.0560438317522928,2.2174364487610143,1.1061964507295643,-2.128379207341256,-0.0891291875616674
1.2789503737327912,1257.2708552016331,511.680482609729,3,0,2819.5511544440096,1469.022305465818,0.9486223647595976,1,0,1,-3.389507157924652,-0.1503461127885421,-3.943674600919016,0.0838300809409311,-1.153291712829868
5.447605465723216,1323.030833556942,29.066887745971744,0,6,945.635777740625,961.3852407846916,-0.2544872544157145,0,1,3,-0.7667720630906951,-0.6028112449904643,-0.7522832535822706,2.982050036871799,-0.7586805596639797
8.723566230816704,614.8861880465544,223.3306028448216,9,0,777.1135509206031,1220.2728420988,0.1272104733813108,1,0,2,-2.38319496383923,2.0182929915631336,-1.231105668017658,3.095775726764221,-2.1267609234754965
5.566141624256131,240.2115773073488,303.1007030834352,3,3,694.3330874667955,1051.0148223603435,-0.2135957508911938,1,1,3,-1.7164914991444509,1.3483857768620302,-1.851182273251512,0.2670225375899585,0.1914609371230885
11.915344281027204,126.7476258325051,614.0735627864436,3,6,389.8312555491309,412.5085054963933,-2.7860206085866546,2,1,5,-1.6347571646576424,3.127659539219713,-0.9643982398790568,-0.1418091829937418,0.8964329124193885
0.4960583873498414,1508.7623412726248,386.4450441897105,3,9,464.7271952934531,1320.9994899102046,-2.9289124722143542,0,2,1,-1.7536616136680785,-1.2011509937432254,5.132511753435272,0.5902368319831832,0.3449311839712849
1.9438101580632043,1691.523366442088,158.73125472424496,3,0,2440.585453420186,1447.3453658859653,4.289801655858423,1,2,1,4.4998821824307225,3.2883300538563445,-0.5165881121705886,-1.5574641375173524,-0.6431889450703315
5.552900992870362,49.07458125820619,364.1154591109837,6,0,1260.701626876226,547.448583360066,-1.7769478825454827,2,2,4,0.7744419134844713,2.5537990802939268,-0.2924691224578559,-0.5203899768831463,-0.724945869296097
0.4497789866509269,839.3682366722313,189.04064020602183,0,3,731.9789361062735,956.798637614198,0.399672888761273,1,2,1,1.7927311656807157,-0.7903131726181754,-0.8628162900190326,0.6727205809186592,0.9911363859466912
5.164991860791001,406.9528949584672,138.60379781510986,3,0,1406.6698766015832,1276.0463815930868,-2.7025101361589834,2,2,1,-1.4099434822389776,0.9058875376182314,0.6121174608921329,-0.4708060705323952,-0.1613330320895488
0.9506844874389796,377.3066849069946,779.5865484271359,6,9,1020.0105489490726,145.54928506390837,0.8364733325645375,3,2,1,-0.7235740635284365,0.7845427732662797,-0.2260411283729366,2.461116533932106,0.7293233681555606
0.8788477372841899,171.73326218105288,182.27510755951656,3,3,22.928432075557044,219.4941100340851,3.4145797053874123,1,2,0,4.134804721501107,1.997876747720936,-0.8733600480851742,1.803124329274074,0.496988990394995
7.568719963112707,20.851797634707903,285.30601240372044,0,0,892.4999879825622,1176.849645305193,-0.4112789072322531,1,0,3,0.7947138192926296,2.28546786776034,2.0730740617697254,2.8210660119768285,-0.7807705968610388
5.671608800605048,174.4309666436336,178.76072429149363,6,3,213.8400574924947,746.9606417875973,1.273164420522365,2,2,2,0.2044710834406817,-1.866178517526065,2.8063279957296854,2.2154271999699606,-0.4956725847274499
6.335531706606112,1329.5793360069233,194.471871678943,0,3,292.9016191252506,536.2835519235449,2.816063329923871,1,1,3,-3.0654883522794734,-2.9950875279148312,1.9780327873339345,0.9742684056250944,0.63558332773686
0.3626330099504646,888.0040838813967,328.6167768018843,0,0,1584.439202616412,752.8738115031483,3.797432832968786,0,2,0,2.591644739878656,4.023493828041234,-0.791595170528931,-0.941035303303816,-1.1961399928104757
2.3321071267306466,490.8792851820456,0.4538379516948618,3,6,645.028038667253,414.4435804183653,-1.8201744907863069,1,2,3,-1.2896344753580644,3.318596759625084,1.5173124010980488,-0.9271074254692792,1.0679280288604087
2.8726723930695632,1661.2222510638546,390.3099703126098,6,3,3603.4913501645938,1104.0893695669718,0.7838139904619255,1,0,5,1.7517664827240849,4.989500610885623,2.574700392869089,0.6086027576787456,0.0735380858347971
2.25316455444382,818.5431909814866,720.892403156761,6,0,410.1221038362867,551.2244784253227,2.5657678809906206,0,0,0,-0.7975147492260626,0.8884087452161167,-1.5795221829487218,-0.2458531641128306,0.0364941842644049
9.39002058336641,486.1944186122465,648.1515726155898,6,3,1688.1383503975055,1052.5274870031217,1.6903227378769536,1,1,1,3.138623176984776,-0.2819353588543318,0.9476131089329324,-0.2211927131415791,-0.9420930291174332
0.8732432228630971,763.6651371211314,176.87068518613742,3,9,290.3674020165748,676.6290109826136,0.6967448777741776,1,1,1,0.0635772989864811,-1.487506052582532,1.4696036670163437,2.85713358072701,0.6500671022562354
3.943401386596525,1216.443670136273,39.64819357868296,0,0,1162.9263202469574,685.8080091292073,2.015446295491381,0,0,0,1.449933908901982,-0.6164394969496705,0.9890819652160356,1.571265777437142,-0.8778012750659343
0.7771229906476212,16.517322851011485,448.5363321328737,0,9,1207.6543642910224,811.5364749806013,-0.5502173824724771,0,0,3,-3.109858346504993,1.0175110637846625,1.2629362128017063,-0.5811697585735972,0.2838670049831725
4.265932923972545,281.3150445886665,808.6746624239419,6,6,2424.3705256731146,809.2634484780023,0.8444625097799587,1,1,7,1.1153972493146742,3.655965904930534,1.69804240719344,2.1646546862752074,0.4777320189649784
6.979721388033584,1479.8118003998773,105.9700515166066,9,6,159.3107365054199,1023.7011597535728,-1.9770768711472493,1,1,5,-2.404642097656009,5.679370492505246,0.5041458479232308,1.8280051562264203,-0.2509121245332967
1.918332681394588,178.62493188335014,911.2733291858611,9,3,1994.561915672728,71.1497015203171,0.4618729037626453,0,0,0,1.2807547037957774,-0.6681558213630593,4.869076419419322,-0.3954741382952771,0.3236650349368351
3.76878286296251,226.8233577919248,206.28241787448945,0,9,1036.438528408404,1433.1580652156456,2.792946056997252,2,1,3,1.48038091480798,-2.044884365668959,1.163273495485852,3.459406047435521,-0.608086489018104
0.223960294996424,2076.407238859265,32.89789304637807,6,3,715.0092155049047,783.4713848974851,4.294627616042809,0,0,1,-2.982131057317561,0.0562443472636824,2.306381317136108,3.086604379119973,0.6540235274656123
3.977801079009189,257.72111045300136,1135.9717418916523,3,3,1052.472307293708,536.4598867814715,2.467549615617834,2,0,2,0.0332762367388679,-1.0097772606188304,0.1204240620702488,2.624618440811768,-0.3385544631631676
6.093728814571177,724.2455131648404,582.5701335028938,9,3,932.2141451052472,260.5203566847851,-2.275606248699805,1,1,1,-2.845507583801857,1.6368677653446726,-0.3590344861078072,0.1058589666266054,0.6470942245275267
3.0591811150922013,2576.5944842862423,349.345889008734,3,3,445.9293855231872,119.58149129516404,3.4754142420855585,0,0,3,-5.446855046852296,-2.3698496007631933,2.592189338889873,1.7701822812622257,-0.6358565886399418
6.067052164529248,1400.404656819815,489.91744344771575,3,3,2684.0259315320304,1665.5911247544598,-0.6956380729895727,0,0,2,0.3165135057093349,-0.8877338830799515,-1.5741993644293046,4.792109104398153,0.384930215164026
5.129313639143788,1831.0622802919515,210.37935972210505,3,0,427.8750173206359,698.1229862068541,1.017354030607375,3,1,1,-2.6727364055082194,-2.211323991596103,4.6388813990456725,2.2949592846984044,1.7764377532023896
11.461931593915578,1090.0302749229545,70.80529769327995,6,6,4188.723471962368,1026.3067938588458,3.1426827955942302,0,1,5,-4.523576273941881,6.66023685383545,-2.4633782749280515,-2.951204524007636,-0.8325941422160664
1.8964385921102445,1374.31984654237,380.1977257545272,0,3,2395.933581679306,1771.2635722359942,-1.5178807412448592,1,2,3,0.0851520286202895,2.236572810096771,-1.6306610563681798,3.2362469206364937,0.1818754414292093
0.9839190310780638,172.65973272364909,338.34000527680786,0,9,1681.8171717732748,1122.0222163985036,-0.2694889766265241,2,0,3,-2.6998674769943865,0.7922155978197771,-0.2929613200002297,-0.9202233071112412,0.080967998124586
1.190443637753246,125.0951193290426,613.4123066791173,3,12,3137.6674617761387,284.68204110633195,-2.028785233646796,0,1,7,-4.571095902618295,5.035268676368553,3.6013023224273315,1.3901998389165058,-0.4244081942538578
2.2885554122508074,1185.9558795503244,413.5758900730044,6,0,1446.6227115260035,598.8014117160092,-1.7073955213518033,1,0,0,-1.1345414138922751,2.722966437759913,4.289900760691844,-1.4627873446860329,-0.9017398470482836
3.3132056386627617,1163.080458844193,784.4387339221673,6,9,43.88371540320832,988.4677035860068,-2.1684041096120703,2,0,1,4.799131826409531,-2.27074083971952,3.4713027548998427,1.7301703891114546,-0.0245912011238972
0.4510019089684495,200.6645049446577,53.958653600209225,12,0,1740.9353861208438,1095.4267611859364,2.2297252070375952,1,1,4,2.4580676266207333,6.153304021829595,0.1040176463802611,0.5902862103610133,-1.7060167986029469
4.080694671125697,127.00322057755832,609.3113341581891,0,0,833.5140052344387,549.296017726908,-0.8569130591823819,4,1,1,-1.0967881853486074,2.782080137571178,-1.1246473675648103,-1.945572141856569,1.249509144200856
0.3566037505482083,127.87940470008353,1090.2285359474731,0,6,1139.145130634343,644.9909680543237,2.4996093991059443,1,0,1,1.104419516705449,-0.7479942114301399,1.926293044895878,3.1236403229191554,-0.1571348515377601
0.3143719188771741,586.7758730094191,415.1663451729478,0,3,801.2492890907184,978.19390043132,-1.4094682712668742,1,1,4,-1.003053601021793,2.652974212591695,-1.0011986980415688,0.8444787524444635,-0.7636984996146149
1.4876083919173193,781.0870679916876,233.1280952403101,3,0,3558.161926924571,1037.1251668291409,2.032577892024502,4,0,4,1.820681510006602,4.340096267632434,-1.232078404196982,-4.666071194739509,-0.195520982122163
6.409877245161417,996.762180096436,408.7541899936917,0,0,188.4087566626802,55.53390824511876,2.455708183785184,1,0,0,-1.432714875752994,-1.5397889615928837,-0.5698652573953715,2.475812699073469,-0.5626300577954192
0.7393881571118834,413.45095653125486,99.45036295736428,0,0,1396.3993883650244,974.1146203779582,2.946704896888308,1,1,3,-0.1203627441029118,0.3084196813720906,2.7139410387727168,1.0867485212757195,-1.5725774563820156
1.9560371721868228,67.05598473460239,421.1474956742636,0,0,335.55737767886404,156.68402071133747,-0.5398115650911712,3,1,2,1.307141751332256,1.3135024547510854,-0.5891695611786556,-1.9433782419348185,0.2294432777496727
6.696650278139949,218.5431999372433,663.7973602530222,0,3,537.3723554116394,385.1814481705993,0.2699848227323748,1,0,0,-0.3725377458365233,-0.3426528726039073,2.985576776072987,1.6671020685393962,0.5679184336181622
2.8373523218850307,1024.9286352399,512.230130234955,3,9,396.9039449480076,414.6369987290258,1.4594543440052767,0,2,3,-0.5994660560376597,-0.2021177070673775,-1.5304583154128242,-1.3078055311511287,-0.607692283307109
0.4563186985421214,1280.2985242105322,616.9166924013821,6,3,1906.2205870061537,1964.835465429121,-0.20294377627352,0,0,4,0.7366632531017503,1.3750321993353338,-2.7301322190240582,2.007969540074745,-0.3695383570342032
2.39104448403775,564.1612715924631,3.656847501954053,12,3,2182.1200120108515,1513.7707404185558,-2.720362723964235,5,2,4,-2.119407297482178,1.881377557606822,-1.8613709564662884,2.5104353674126862,0.8180776805629377
5.3006289219527165,1132.8598314687863,10.328513392659945,3,0,675.8530758078175,580.2604045235572,1.608608245946579,0,0,0,-2.258523618061785,-1.6284205786991015,3.932018537828122,2.8214283675004337,-0.3952730310533385
5.516862063728965,642.8836985692388,111.28501367155984,0,6,876.570788619632,564.4192472618172,1.522848305132562,3,0,5,-1.6369553104051924,0.5987550983563739,-1.4285414828412482,1.860446231993639,1.4538470455082402
3.624643959110865,720.6422508817082,117.16625858146163,0,3,126.64466755372668,527.9635482087291,-0.0644361362557119,1,0,5,-1.965271078816027,-3.817859344347478,3.04681261248124,0.8195960806825642,2.08538391322718
1.2087641402765985,169.69215465817993,158.1047385296092,9,6,184.85514133049853,325.82997504714746,-1.6162703261489435,0,0,4,-2.696047272978646,3.2300136842463205,-1.7741841204977675,0.4160671031810801,-0.7532064891674314
1.594082829776144,2308.621617912862,551.4858561613223,12,3,4202.314820421951,812.1682959358758,-3.280145769443993,2,2,5,-3.783942603724613,2.032138702873187,-1.3791834658068365,0.0461591190706565,-0.664911163903968
5.184253459143031,412.829095714223,27.50471990580468,0,0,708.4184443412914,597.3616741894841,1.2280353469363738,3,1,1,1.326170011226684,2.175078968355143,-3.0920662677563198,-3.7693208730388648,0.7826477373782903
13.2844937521652,386.0666356019924,944.5506210516884,3,3,970.785988390904,131.18296619775597,-2.492990676711206,1,0,3,-0.8493039661898905,2.044406015492263,1.694707938878944,-0.8385211160515684,1.3637396834808475
7.729450483654578,237.4684055494048,61.638799369002456,0,15,10.467917169828096,977.922227649929,1.5474668986862656,0,1,4,-0.3923591871948926,-0.4324886417093824,0.6937194927658463,-0.4563057620223597,1.0147455144484077
14.30301792561294,276.8088638034414,351.3001262927549,3,6,2374.037790184112,1336.879729433393,-0.4184586099541304,1,0,2,-2.283755248808098,6.440752609861714,-0.8463830563360047,-1.122189370134436,-0.8583824615507988
3.58820053579197,160.97898537440224,143.21168965172754,0,3,433.49997511929575,781.0542024576869,-1.460627701492044,2,0,4,-1.5959037309827986,1.6130947698720126,-1.093908256969483,0.3084511961718823,2.5065481154747635
8.663185819727797,712.5124467342912,49.2600601536918,0,3,1455.2327312370155,1040.8733039230358,-2.7302757237555664,2,2,2,0.4182848171538016,2.797511772160137,3.9860898828717417,-2.821428084723767,-0.9557442009746452
1.6792979494787206,720.5357565048829,1123.5804201952258,3,9,1639.666622594618,1592.9544487326718,3.626822101488414,2,2,0,-1.6539533566011817,2.2054270455950675,1.19673932724209,-0.2525921260746655,0.8371089116046841
5.739426546988495,942.5634619453024,274.73762171883834,0,9,1505.258524885632,730.4173802657393,0.7891849469328689,1,0,3,0.5707016020050428,-2.0780311713780004,-1.23372707220764,-0.3608049394812368,-1.702317276574478
8.360528274406754,1260.9882223491447,398.54949258251486,6,0,1049.6286294900588,1711.5111883318996,1.7529927082577224,0,1,2,-1.7352809645213272,2.28195520180146,1.3264549259376863,1.1575960148831912,0.1065279318987864
2.494659798845179,902.3963517982731,483.52203352540886,3,9,2734.237512197438,1113.8296043309567,-0.6626954835893739,4,0,3,1.261850488077236,-3.747653659998037,-1.024177017429302,0.8556935255300895,-0.3729544856846302
7.46137212646881,405.6779231815884,419.03467800644336,0,0,1266.909627722246,1575.2184386155425,-0.9308080946160644,2,1,3,-1.6486607291979811,2.2531198263317407,-2.351771367512664,0.9780537663813068,-0.0823100237345025
3.77841877609407,1125.3353567877202,627.2401309157209,12,0,188.05351575329544,940.4857935827256,1.42170625835099,0,1,3,-3.4265867228519777,3.062269714400538,-0.2327849149816234,-2.0686234748727967,-0.2862348463157151
2.168041643888565,405.2670197099805,176.04414143705975,0,3,953.1401744308884,1476.115441490495,4.023427544853597,0,0,1,-0.6406721876350598,-1.971661591521724,0.5824849711815009,0.2209398515009993,-0.4920592202166294
1.3163716172418702,786.3497993330535,27.594685679033432,0,3,3359.7961410059347,80.72386713474363,2.944341227411388,0,0,2,2.757566191600265,6.515250815636405,-0.1977023922003398,-2.282158974001984,-0.7650191252843876
0.2180590382781047,540.4767575076576,898.3248690563274,0,3,1436.9510003427122,1052.904967268958,2.633872543276813,1,1,3,3.808672374558548,-0.1453285073736767,-3.6734614626339264,-2.1176014182750773,-0.7567384502560873
2.388813251247766,1176.7194187930947,674.3821084207834,3,3,3064.2178335162457,1332.6661724454364,2.5970155278735403,0,0,0,2.1306593123662005,-0.2623378454095125,0.1211914813409229,-1.6137727051777413,-1.3691647670135507
5.630277180582509,94.30013910330916,19.176844985921544,0,0,719.9633438860799,597.8047960402382,1.1204880502479977,3,2,0,0.4880384443227563,-1.5276920052262848,1.5352048549236192,3.1112953051125034,-0.2168730183045201
3.50861615762762,1329.576914748216,554.2066682490306,0,0,3142.6475554334,784.1678307291953,3.935699101054209,0,0,1,1.0172451267447788,1.3283836291957412,1.1869431255814424,0.3420749641694753,0.6868744295505992
2.8431158364305222,1027.1368038698747,503.2645552700521,6,6,317.0485175145939,54.269312624159696,-2.082457690383793,4,2,6,0.5029719164239563,0.7704196725635513,-1.33985184188158,-2.016166843544545,-1.780715354688478
1.7462298243182357,1533.0126437741142,683.4562650297685,3,3,1386.581130397352,1620.3044487323014,-2.008360653885333,0,0,0,-2.2898875613361023,0.6428827043136811,2.0738690187457225,0.6420986561936564,0.643422934424125
2.5162106639047237,1110.1949041621513,613.2594068802235,0,6,444.5790561827598,2294.655314088984,-5.475421836935335,0,1,2,-0.7149677835535944,1.5195042511792394,-0.3266531855326078,2.37233278427196,-0.2868094533850818
1.878909544100154,995.8420040218548,225.23537235546797,3,9,1313.2687368274082,626.188460757126,-1.4725787669840482,1,2,0,-5.53354507317055,0.817142213461002,0.6313488685565491,0.3760187496054898,2.9149658479310245
2.9356678614886955,1279.2666214367036,106.2942375147511,0,6,2283.463937242297,161.25167066251834,-1.043607000505069,0,0,0,0.3442949490368012,-2.6223929747300474,-1.286652383599069,1.6979132957839775,-0.4946406150601248
1.8371643949382708,799.4421184791099,289.2865166606936,3,3,76.89478364481876,2230.560593287168,1.7681837959773408,1,0,4,2.9588641085529925,-0.6352883606313433,0.7336225784150959,0.4846419141172869,-1.2415906722908985
0.4517383058477144,775.5666267718032,289.75234984819485,0,0,2096.4231489552008,1534.515074628151,-1.154782197436976,0,0,0,-0.836903758114306,3.8272208836808153,-1.519065352459021,0.5479562749897557,-1.7710848403204156
1.3339151370257012,757.2467338065823,104.47984424087744,9,3,1992.136560672024,256.798275966019,-1.8743706965939515,0,1,3,1.2924359557811227,2.268449000545224,0.0386540705445719,-0.6726631473328176,1.0705471680289462
0.6884170343448932,966.4719622597486,18.7769810841004,0,12,150.34244127246745,679.5985811664665,3.1773208830384734,0,0,3,-3.881158508250025,0.2801483417138015,-5.970533754465027,-1.755130617466796,-0.6509995742585928
1.1422421589449048,98.3316253985016,173.66973674147775,3,9,91.13780841433756,2651.012874556754,3.0116940355539965,1,1,5,-0.1810950509327091,-1.6894214036715456,2.4755808428031,1.860726564341224,-0.7642790524993637
0.2007769166140625,2203.561305197112,660.1882601686492,0,6,207.90575481037976,1059.047298809243,4.743863423508522,0,0,3,-2.726458422475796,-3.887251937103028,3.4246105087248706,2.9852981055452785,1.3478808908610922
3.925661978442964,210.6920640035317,287.4664719401658,9,3,2479.409596056154,590.907899762701,2.9545756843346376,1,1,0,-1.4082038388777665,2.659728003202307,1.2387829093866,2.785761725647766,-0.1350474684382008
2.4228788003170134,307.1515381320526,1007.6945001436158,0,9,2437.436842635244,42.04937870751352,1.61817387894413,0,1,0,1.9754125741259407,0.9243069352496958,0.1109414986059806,-1.8024044004927504,0.7113466193192434
6.287805257715233,698.8977886478402,1238.3247010704213,0,9,1237.4454203535167,407.6904757171496,0.2520940555272877,0,0,3,-1.3579257143578864,0.1311135042970732,-2.6157755603711195,1.7538205544331995,1.47641233602912
0.1060170882032305,347.1427479724365,10.51831925021323,0,3,3045.675167352505,1661.9526483511663,-0.3977077436222376,0,2,0,-2.09749635980445,1.6241151939272735,-4.14656683218992,0.0185709404708467,0.1484190749551297
0.4268133361316283,1524.536880849539,516.0108825456656,6,0,360.7443329842804,861.7580083676056,-3.641609791124728,0,0,1,-2.780613569045423,1.8214472713910248,4.312033327271216,2.267894628064915,-2.8788874831643576
5.836517822971619,2241.935005813807,193.2704953783588,3,6,2669.938298701228,411.39558780172905,1.459984988159517,3,0,7,0.0230347585114805,1.5686789271361443,-1.3992643807925802,-0.9560968401169868,-0.2278836178177258
4.261600770163977,1412.298404907744,473.5305124397266,0,6,1642.6131602683447,1884.6200624138455,0.0569449516178615,0,2,5,-1.9344949548150836,-5.409799989069752,2.883146695491061,0.0186972043034485,-1.0664479800395208
0.6383939478234801,742.7322984391938,566.2625207679847,0,3,511.1628671258389,1229.0661186908417,3.3298356833958405,1,0,4,1.991226775107304,2.2086367649253296,-0.7931695078167675,-0.9239498913432956,-0.5884811479931313
10.41706740753902,403.4421283038737,23.07909158609694,3,3,2872.819972325557,1584.6519196634438,-1.7535291207309718,2,0,2,1.1765889597663268,2.220835376017288,4.428418385905792,-2.96760860099918,0.815281660181803
5.661574425650628,186.03060214836148,137.47781931222988,0,3,2192.286943003667,837.379940929464,2.7168489358196366,0,1,1,1.421653177404061,0.2938172779208312,1.1092402320031811,-1.6413554149774483,-1.0369029127206788
0.3035933932082069,493.86971294125823,378.4609813572688,0,6,1216.3636562636111,49.86359449123585,-1.9094907297931087,1,0,2,-2.3244953257094254,-1.2345285349395123,-1.8495334088987936,-1.1400201800625316,0.2247299929747949
7.828207492951499,56.58192028867948,14.856742666725191,9,27,285.47516374233265,1349.7664211536496,-0.3707992872762728,1,2,5,-7.03436220619869,0.5334173206824506,1.9299265750018888,1.4650644404133446,-1.098928541151588
2.9219763934788965,517.2626395912598,416.9861209203466,9,3,1735.2807762211733,1245.5972093550588,-0.5323792331705642,0,0,0,-2.8162010515693243,2.497759329531516,2.0720916303635195,-1.4142234724461482,-0.6326335140384555
8.328425020152514,1004.1292374235518,712.3794460126246,3,3,391.1413883572436,2217.9206865363644,1.3619701339301509,1,1,4,-2.675765034529265,-2.4362800243409746,0.2054482477602216,-1.9920879078654257,1.337522109918108
2.149514412481732,3714.9875628562136,353.2229790256269,0,12,4443.2396666527575,1910.489012470206,-0.3818079837453823,0,0,6,-1.5248153004022005,-2.328520216430561,-2.634718930458898,-1.6314475150676473,-0.5201015807488021
0.3690980848054426,673.7413137087424,595.225738099827,0,3,1717.100975146068,1597.7356193351577,4.112030267532901,1,2,0,3.425253146383927,1.6541946296913432,0.5426734737580108,0.8262229345625107,0.1430480840331115
1.3026078552279818,333.1343886504878,556.2704696049655,0,6,2098.0104592857138,1039.789970747764,0.9156423192526018,1,0,0,-0.9586377885609976,0.6463440423557397,3.938000166763416,1.1535597337498724,-0.4246738780603369
11.575612764060343,2528.477338571657,158.22833168249505,6,3,3094.7254381735765,2209.5217844262647,-1.4838630171524687,0,1,1,-0.9671389072840536,2.602474410022582,-0.7337421234011612,4.593924073052127,1.4358367438859037
0.828932767140659,343.13057874537446,371.263481444944,3,12,2042.0925226262773,147.6070395409656,2.346920844599512,0,0,2,-0.02619775704997,0.8962896712708057,0.0780163763983243,-2.261772215907304,1.623197829609348
6.577605925576707,73.59685250197523,301.60163359888566,3,3,1037.7806396057338,237.47654990492327,3.3138138221336497,0,1,2,4.178689694695704,1.6733452130848945,0.1469518655474528,2.33830678999852,0.2563245071270391
2.1298065114221467,1306.702214611318,30.918467666668317,12,0,1157.4960260737496,553.5949907482374,1.7029579538490516,0,2,1,-0.9571855410406418,0.5760312060415296,0.551375338393326,-0.3768393529287681,-0.3966987700168392
1.0948531640444312,84.08338389131265,7.299590317549817,0,6,966.3337475038904,574.7020149882429,-2.3576502520204725,3,1,4,-0.0014653858288422,0.5630883881647409,-1.244307119433745,0.4335163243362468,0.3901676211507287
0.3787127103886512,931.1040536652256,155.26134906818027,3,3,1862.462798181772,1326.9719103920777,-0.8113820753854757,2,0,2,-0.1071426641493511,-1.2291126822434757,2.1224984964664264,-2.4422137830622965,0.2652919113915309
1.7462165621621577,1067.5765589892876,208.9348848243325,9,0,259.107103380635,126.3012249189466,1.0539853414174805,0,0,1,-0.0459137512417286,-0.0327719380172664,-4.301766110157588,-1.182374236223901,1.3551471271458535
4.08532165853938,1126.3962293003683,125.6801548578596,3,0,2559.3254028729843,1004.1629687564576,-0.3198735183872441,3,1,1,-2.3641373488093484,-0.8730753978643943,1.143643479823765,3.158151423196502,0.5956716610365005
4.933590725183158,1981.012629304311,102.37179635984552,12,3,3410.4130772898197,369.34021642481656,-2.4654025234664,2,1,2,0.9581029558829436,-4.149057989636224,-2.64014807024988,-0.0704861316504439,-0.0981407168213046
0.8907092618065049,979.0405667713486,215.483381436576,12,0,2725.221328696633,1023.269860611822,-1.866966351979645,0,0,0,0.7208643803965666,-0.7890429521527194,-0.0920995435456977,5.021488122044569,1.422210159977513
0.1237565551375273,897.912066208986,862.1447175110897,6,0,850.3786889312917,966.8845204841012,-0.4485156250266644,3,0,0,2.3384083810899545,-2.3106529500926705,-2.050211786199368,-2.193745956894974,-0.1336653123343356
7.419614025943857,1081.2759677978022,170.2999436893387,0,0,824.2172996809101,1256.2837465517623,-0.0698995990298037,0,1,4,-0.2109087233302174,-2.995509356099109,1.7610284094876807,-1.626645676794184,-0.5238783045341263
0.543446109300496,259.88037098367414,438.219332008047,3,0,2656.2782340585877,486.5841834862467,-0.1535053828429482,3,0,4,0.5937086834613705,5.027941518878375,0.7839247717155904,-2.847377971610088,-0.067199394128234
2.9179905308884964,806.2872205657662,835.747177756955,9,3,1628.8533390129492,1170.809445671924,-0.7791296301689561,1,1,4,7.816144270024553,-6.050586106926967,0.9553850136281576,-2.863900824165789,-0.9839365726401438
2.030427543578459,640.2208612066892,252.8967310787054,0,0,1617.0178336968977,1444.414582867674,-1.904845153849236,0,0,1,-1.4196037474625758,4.137231082504038,-1.0435802500179907,0.0074520826935637,2.065406041077826
6.489887111943106,1337.882538566471,83.98013068068597,3,3,1699.5595398716728,1142.9570696924327,-1.1872100660478584,2,0,2,-3.8678333581552895,-4.985794981449652,2.5670513196136917,0.8981769020497866,0.7653778658996454
2.869008825378092,1411.984330816228,773.7989714890268,3,9,1954.9844650323853,738.8369711058314,-1.5537229037259412,5,0,7,-0.8517316019195335,-0.3189505749993409,0.1497295032448973,-0.540358376017843,0.502441035077957
0.3231384590249931,383.55869913350017,203.7634458152813,3,9,397.6870098928345,92.61063602356012,-1.8438963319711053,0,1,3,-3.295212481962479,-0.4887053739166378,1.2822399846971555,0.8169483978661531,-0.8415740281017441
0.7276246063626342,829.4387447710882,404.3267805008077,9,6,1607.9275946583862,1414.6538766743788,-1.367185285921897,0,0,1,-1.3835551141229203,2.0231179968269357,2.597920703626134,-1.5754820587421048,0.348010723082962
9.234473741373783,1.606954308833064,1072.892369670925,9,3,91.61610323432797,777.0179051382028,-0.9135827910384552,0,2,0,-2.196849927570534,2.405158864164984,0.7958095214000245,-0.2391821502900395,1.2518288514224594
0.3594842574485335,528.6084567684725,55.91137004971867,6,6,624.0761726871535,906.4357579883948,-3.641909588970882,5,2,6,-0.6689788176804005,2.47734164797422,0.8820182373737289,1.455539707216218,-1.380872611970027
4.63349796421635,1240.9603467791746,322.75192859425243,3,9,1560.2429883223388,2240.88882448756,-1.766694791006788,2,0,3,-0.194857240107382,-2.7516964640512933,0.600546641206916,1.3055431445678305,-0.502244349081107
1.738540996302823,799.2323078742096,281.63737098991817,9,0,419.1456074652366,1231.7524249616777,-1.3165840524531427,0,2,2,-0.5454183570628295,-2.124360948572056,2.034461777984014,3.1087920058577176,-0.6501627722779324
1.58105597048214,190.6720031567276,336.4906561007771,12,6,167.76245698638022,41.59103251968161,1.4204749906931142,5,1,2,2.3356021905757025,1.556981255507843,-1.4215957735331954,0.6086881717268844,-1.133387899181915
0.8935062423252207,1158.8319723519592,28.07886345945961,0,3,2381.9810134701843,1705.2023930790267,-1.3647449596166523,0,1,3,-0.3842571807129126,1.616961230244654,-2.403755849484689,2.447550798195963,0.0232052506342196
4.0002940697063725,68.0999210346056,57.49232898320613,0,3,1677.000292565292,1858.4498367451392,2.20943458979123,0,0,3,2.2470209015789697,-1.8253723495600496,2.217960993658063,-1.82478543284728,0.6471723232537047
0.936034613912931,2081.4290695618874,601.1645457243611,9,0,2809.6182328716004,1008.3883316710168,-2.1794801620014943,0,0,0,-2.1977970106327884,-0.3520354932561758,-0.4642344923529976,2.886065877080693,-1.888403675110007
0.4566222552019647,1610.002779481606,241.52083255345636,3,0,929.1997058773914,1917.135383053569,0.2072756135409088,0,0,6,-2.673997095849653,-1.457874285886802,2.539479615019671,-2.200374031773995,0.3666687280719972
5.09650675416297,978.6568287239186,779.8780037854956,3,9,3617.876553981301,138.81800626876003,-4.434236084711759,1,1,2,0.7568348849265945,-3.7304433858069608,-3.2847458594655032,-1.463190114843815,1.4210332888249202
1.4650823708717742,1170.523494806757,395.8704912351752,0,3,3747.54510599226,1914.615225199367,1.568270180822939,3,0,1,-6.519753408612505,-0.011715664710747,-5.482179582247312,1.9112615776519808,1.1945125798431455
5.055451897767519,474.2465380469456,298.9309009535428,6,0,456.3552816052506,2002.251764434988,-0.7863660361980694,0,0,3,-0.2232125288122428,2.493949050336424,-0.1589732325976958,1.339910553194897,0.710445595124793
1.904815115623807,2503.440492337452,289.67129807539175,9,9,1773.7564365335193,3737.0210449111673,-0.1084693270407388,0,1,1,-3.938091742760565,5.088466391376175,-0.5222490011093328,0.6392544823412203,-0.4418567829841197
1.8027170699661883,2296.2152291674315,328.4155253194387,0,15,2807.538145743189,1564.6006198225764,-1.1093621456162726,2,1,5,0.3397948104983932,-3.0860637860060933,0.1363380045814537,-0.4091162608191744,0.3669258691553599
12.438433407536586,194.03351319169985,583.4232634503581,9,6,766.6955185518115,2326.4411959468925,-1.7116688175321009,0,2,0,-0.6955925565979635,1.366737455666298,1.5112149052576034,3.980791222291306,0.6210076859346058
7.719034731972593,93.80261605397966,273.14332078995244,3,0,1280.7896615138682,416.5549447920977,-2.2452163742007683,2,2,1,-0.5302345895657798,-2.09205407200992,1.0473724181590407,0.5313232071551057,0.0215417368638251
4.857305274897103,834.1559783962409,8.598114408470073,3,3,298.94690411830874,1967.803919594838,1.6780005699348868,1,1,0,-4.063218781073934,-1.139138642236172,1.5035302945634177,3.4655454088305566,0.388581619747293
0.2996696500331318,35.44076161618537,20.434112687265248,0,3,72.16493893423032,466.1271795360181,0.2049602820823981,0,1,0,-2.601853659892161,1.6409230686868463,-1.1514029060981092,-1.2809502916878246,-1.2092251796118412
2.928226806953138,203.35259674967236,131.5618323614137,0,6,333.5319500693704,687.1659769551643,0.508868511581243,0,0,4,-1.837650629896664,0.9271335462302432,-2.93825230813191,0.7653899086045346,-1.1858748283843326
7.997118474028627,21.909332663687664,51.223137694709045,0,9,1000.2364027728396,224.18743714134456,-2.17759940923022,0,0,3,0.2150962351173987,-2.543300290883291,0.4614058104150838,3.3928512875344152,-0.9646201651504144
2.167095827477295,1893.048010155208,10.901628938305848,0,6,3245.057982086391,427.3693894109346,-2.589457519887149,0,0,3,-2.336369732717106,-3.189498053849009,2.370777175309943,1.252217522383401,0.1073514419000401
5.412361187389113,608.411714845561,192.4154240742168,9,9,1649.9205156804169,882.4170109560204,5.442643578116623,1,2,6,-0.0566773340202391,4.74755015197344,-1.0373653931212174,2.1346483812126564,0.4969551781527492
7.438477839531956,104.64207545190874,132.67162479268757,0,3,642.4236132770983,859.2218376651323,1.2764461501675854,2,0,2,0.1641538054315119,-0.8337743928363646,1.4017082946975314,1.9784964831338785,0.5329470266537615
1.83963828341362,907.684438859997,386.7844504720102,9,0,1740.0383499819673,1075.1245160934548,-1.038954503643989,0,2,0,-3.039757071930229,3.404416667596947,-0.5869050504949548,1.729447556450327,0.1840963538792169
6.371099590568004,549.1174406669257,297.1127206248031,6,3,5489.674491114161,1287.555322049121,-7.533423625031051,0,1,4,0.1363103608582501,2.512776138127766,0.8907336367686728,1.765800709606123,-0.8292050428610963
5.011892030530039,1505.1779976137325,135.4554130298345,3,6,97.67380134588088,2813.24870502294,0.3988668569521734,1,2,5,-2.3995081729116348,-2.5433498395738185,4.081982651450524,-1.9218590478339304,-0.0896156949273363
0.7484923482999185,787.3168836102409,25.567734525643708,0,6,1784.9496634145676,429.0784555467469,-0.4670797850010603,0,0,0,-0.508773693954646,-3.88749190983526,-1.5160653300402172,1.4064923289515523,0.45996492715903
2.940627769160112,1502.674217641919,8.484263260757952,3,6,1295.906677953387,2159.4563446938414,-6.440412500094541,0,1,2,-0.8799965945912697,-3.251571540234247,-1.3819529500663932,-6.36242968677349,0.1166936819970374
11.521865916077235,272.70047406069455,1097.7603254116611,0,3,378.30669329871455,293.86757628583103,-1.955030691565689,1,2,2,-1.3509855570306502,2.029210712212592,0.2404695074852375,-0.7788234703431145,0.5872848878245427
15.243343742657776,1342.7434960416713,722.9910721482294,0,3,2515.724419371464,125.5752606928645,1.232392347227172,0,1,0,-3.825011764726878,2.231708583901729,3.6105561285652046,-3.0467892943196127,1.90330794654566
6.00293216200349,1735.1239274146385,468.36147680978377,3,3,84.62148801401008,1902.544028146195,4.423996440386744,0,0,4,5.752391087191588,3.251333526389928,-3.16401484402655,-1.4674574094362536,-0.8047248419286175
0.3742266698206258,2651.5824789731178,562.6716126789333,15,9,5315.016942823777,363.3055637900868,-3.6766193290355975,0,2,0,3.048060003614867,-6.416002179823981,-2.980968763922806,1.771117661869252,-2.073165516246299
3.9589904039509305,1272.6235209625756,43.54991356843571,0,3,354.0999977318092,644.2787517218501,-2.998194584352083,0,0,2,1.9979552889198644,-4.316149286447192,2.276869222480064,0.1015397273198603,-0.952163551901664
2.228900174544374,1291.4921969702016,346.5672241330763,6,3,3387.127565582157,606.1520815371126,-1.3852713580519456,4,1,0,3.4077500136925325,-4.328005066142076,-4.929516422971518,-1.538743876683291,0.0537334106467249
1.9398246386408,111.7477496310721,893.7507594852212,3,9,714.5375649947314,2769.111314159712,1.989104232509632,2,0,6,-1.802147100086136,-1.349302632283264,3.4250361310309945,1.9864453901131265,-0.1014113818511266
2.2149835445811523,1042.135351509557,64.45475095184005,0,12,348.48393631092455,455.3436969923831,2.936556239221078,2,1,5,-1.818551243282217,3.315859541065742,0.3543096113986166,3.48917044323436,-0.5128494073990599
2.3405582930889106,1438.2747110674852,226.9823566856808,6,6,580.6873828391668,964.264601460604,-4.753866250659052,0,0,2,2.258428986669764,3.9585817562090586,-1.4678069563559646,-3.053471035477533,-0.4326314377025811
4.920198669666245,396.3971495353442,206.0668434278654,3,6,1870.0390387063237,763.0446626810997,-2.361343002635331,2,1,4,0.2227760057253967,0.4869892530394792,-2.2144106249703945,1.268658568127554,1.4316782700121484
3.148748060049938,1533.952908845515,389.2235541963589,12,0,65.62173057112642,3053.0276303712444,-0.8665209131592404,0,0,6,1.6878150030452543,4.90942329028645,3.3682931184533755,4.376004618663222,-0.420324579550694
1.340506250356712,1627.9269452689152,224.4122248067657,0,6,606.8860164386142,290.1155745235168,0.9280660509998382,1,0,4,-4.697534809862198,0.0210317999191094,3.333176786631188,-3.0840107543229918,-0.1475328988123197
8.250760401981484,62.01521707258895,744.8868967804785,3,3,116.96684584112562,1597.6170489368385,1.7843121549889498,0,0,5,0.0039979118893365,2.738335504062991,-2.530997135749177,2.325928893849265,0.614396144768526
3.96475518684767,421.1077772666509,136.31776966897027,12,0,1543.6165652760185,2992.2492884731373,-0.3960786902557034,0,2,2,5.5315188910470665,5.435488433999296,-2.1437242132803167,1.4025352580779689,1.0445840616883968
12.75943973607328,1350.7440676767364,1120.332094045998,0,3,112.41566627682803,113.12156394091164,-1.7314072330933084,4,2,4,0.0289554790897332,0.2527094891446074,-1.7135175314885804,-1.4133836395299613,-0.9281678374688782
4.008153263629836,701.6788629996687,49.46242607442934,0,0,1160.227779833562,99.98145415770566,0.2468012258775418,3,1,1,4.2612900626209225,-3.228606270749677,-3.824792146614919,-1.9260512778026744,-0.2599853120179439
7.625809212968658,839.354837458969,313.61305044843044,0,0,1552.5423017944784,971.1707640757958,-1.3071618501296436,0,2,0,-0.2604076088091708,-0.5103802539720851,1.5642921765654605,-4.386294330881944,0.0654304487083289
0.9176055004152248,1589.4610199216886,231.00520965869487,18,0,4058.013040169577,1666.9132588577756,-5.249126996086817,4,0,0,-1.131345787213233,0.8351615505374848,0.7323425324028618,3.76692604008268,1.07515983792883
6.368217085415932,361.5459286156847,221.5468391141173,0,0,1402.7877593234298,1778.422462520959,4.98705127752446,0,1,1,5.536176997050749,3.6152699748095394,-0.9394841125698836,-0.2245469622493774,-1.9449671799020003
7.483634572985764,2321.5741638747973,434.11683560485375,6,15,1758.418614880711,606.8204732758084,6.973511325350295,0,0,3,-3.105504213003873,1.9157276947731023,-0.3567870355456368,1.531483900111453,-1.5291796424247324
1.7869771261199394,586.2484011599645,675.8939163687309,0,3,575.9133978923969,806.8888392954872,-1.4746298414659824,0,0,1,-1.206215031501819,4.317831313430941,1.0725759765846674,-2.2361068150076604,-1.8639997481463848
4.430631547081809,244.56044489764645,438.2677808765554,0,0,1481.554862707442,111.66042936798893,2.2566555020662458,1,2,0,2.9547523827811824,3.188271090139764,2.067367440468175,1.2404032476753513,0.5308752028805226
5.077279615319003,152.7039008219977,486.5604850779406,0,0,1105.5696031038085,545.059658469439,-1.2003414220836164,3,0,4,0.6944542181968689,2.045046435168808,1.569523718551901,0.031002433917191,-1.263885654139375
3.4250205682466555,1012.5508685302398,146.57899851758415,3,0,3418.7770786572,1254.5264521340353,-0.8855471262345554,0,0,1,-4.050146144236241,1.1618227194554869,-3.129784661037818,0.3299519222008362,-1.176920144059538
7.701874291771883,332.69975862970097,150.8725558538485,9,0,147.69837238305263,190.74557299573596,-0.7897056033437012,1,0,1,-1.3400421798351587,3.666669943632249,-2.469495203858308,-1.8187976983687928,0.297570800233112
8.292772391356086,516.3372409168546,561.9741272344434,0,12,3049.4102820768926,78.19369317019579,4.483348223801352,1,0,1,-2.190786528766596,3.640641464821509,-1.9522586685386296,-3.79989734930296,1.7619083313751212
4.19763839271018,1239.0245604668742,389.9526053038753,3,3,2330.879898490028,931.3394369510048,-3.604583656447273,0,0,2,0.3447185767055121,-0.3408168087319558,-1.482373056557312,0.7513588993397402,-1.3797781756565846
3.390782346864851,269.9768791037721,184.89105814671296,9,0,1663.0596357706952,617.8527613491872,3.091307154546588,2,0,3,1.3541682169411244,3.770379854001435,-0.0842897438564722,0.7516743599266453,2.008380118975271
1.0921429115169192,833.2615187730677,290.52455622931143,3,3,1010.4849006832526,608.2579858952533,-3.488089538156122,1,1,3,-1.000730814821776,1.3479762450970576,1.3214734069223537,0.8270515503164624,0.5326032920470591
2.5057677460558,782.2409359326734,267.6080011973781,0,0,315.09654056540575,814.9304325640335,-0.324971915920627,2,2,2,0.9532066461261204,1.0570561362026214,0.56546932217901,0.4847678622401536,-0.2289352271927939
0.5114895347807393,588.3443287843359,188.7301198188976,0,3,300.96425577897224,876.0708190828948,-0.8028338771386393,0,0,1,-1.192380966322893,0.3271809198470056,1.876264060661018,2.010630120923964,-0.3842363634218985
3.327574330885981,114.04037981526687,753.0454988358233,6,3,780.6490069385419,1235.285730174866,2.785783358594617,0,1,1,0.8475849829964315,-0.2594031954773987,-3.806736938166626,-1.4254091902688897,-0.4245643173894342
9.947130702538892,808.2187875017714,284.5929253997105,6,0,3361.647823544341,997.3191023806716,-3.3129833051728914,1,2,0,-0.0386182641006593,-0.3479579842433631,-1.0950533839541778,1.818456081915304,0.6139869127293003
1.79315678966075,1334.3994944818558,210.9144676668574,3,0,962.2226491576964,140.57989556764073,-5.882870198344338,3,0,1,3.957604535427393,-0.803506759143876,3.854261146892094,-1.057751921991859,-2.2119105322303048
0.0368748048591898,42.29832649208088,258.1202278251634,3,3,307.83945647628104,898.63294044578,-1.9080398746173708,0,0,2,0.3458097366139737,0.2116732174030464,3.4449625232159,3.9093416125714207,1.948315500707888
0.3737614591601844,234.99175696930823,135.2342230577017,12,0,842.2468056943775,854.4044143132115,-0.3601207641140524,2,1,1,-1.7516619217086034,1.9734036885669743,-0.2052633661069322,3.444139523490924,1.8386283931876315
0.8917260194485078,247.2216542061176,29.14552483006879,0,9,1001.7280254772032,679.9718615067096,2.296860796736035,0,2,1,0.0548102399715542,0.3880988009780672,0.1713644574447801,0.0326919110881998,0.0335091308901474
1.5438985166604549,249.65592908039653,417.9480901494045,3,0,335.8956780331674,399.5114095842085,-2.1114015458783726,1,2,2,-0.7463816715691172,-2.84212796568278,6.605273386291049,2.3686039628480726,-0.3335898025651058
5.632129304407005,684.7793085331685,24.866517428783816,3,0,466.50033058366176,1009.9762737081394,1.8399470862953584,0,1,1,1.51578246880092,0.584606867322289,-0.3894633737145903,0.6354542758603151,-1.392549397314977
5.103636957858275,1522.7849878147358,0.6375611045025008,3,3,231.0195415137769,1519.5525936422955,-0.6148215670801817,1,1,5,0.6231856940932368,-2.288501002202441,3.613908785735408,-2.443795674751975,-0.0751898469073393
0.1662722448710254,1144.2515390066003,45.1089163303729,0,9,417.8111096943226,270.5495099498025,-1.637947819711759,0,0,4,-0.380147728134682,1.8589864219564525,-0.827243143380481,0.1822577801505376,0.9943890419249504
4.113325051070139,1924.3600948438736,752.682225453105,3,0,2337.419431784608,1601.8197109847565,-4.0850046764297785,1,2,0,-1.9872488419978327,3.4240529412414498,1.9095633612676544,0.2402862440237194,-0.8842221806928003
8.215859899779547,412.1231498156025,123.36910593407369,0,3,176.55817580505413,946.7523660647656,-0.6935253680460393,2,2,4,0.4876985052918876,2.7063357834123654,-0.7013586967386887,1.6395979792290776,1.76364355258315
6.141469131033599,1114.4317849150104,62.47713003944249,0,6,28.11873392092132,582.2428838495997,-2.278923593713267,0,0,5,1.7841895959225806,1.497895645251455,-1.305192680963818,1.284150207844319,-1.733753141886527
8.260880537256426,507.7337918046486,296.2712599916192,0,0,385.1993795767464,972.9916866756346,1.926554521584204,0,2,4,0.6941242070009379,-2.0267258989923924,1.5711424496148003,2.206215858834157,1.410256297122074
9.798192958642067,486.8573254563679,338.3856512171732,0,12,943.1260994649642,885.9107752503984,-1.8726327247886767,0,1,3,-3.770050182635999,2.8045119147491304,2.1680010292605023,-0.7373586568090518,0.3142110318554816
4.324991598114515,99.6867092229038,544.3640841295652,6,3,2928.8549997689624,1143.938234349405,-3.7220354564891176,5,1,3,-1.3255001910293764,-1.456110169989569,-3.228813702051334,0.6444985773471434,0.2396382301659879
4.36308033217718,380.9042838394336,92.07716565625891,6,3,1128.365128068972,1176.2326760111514,-0.1749148888401013,3,0,0,2.9292903651490745,0.6253812346927146,-0.0090313091709173,-3.5596928446638607,0.6449567731682427
0.5745298008586143,69.63115423599531,165.51921358650833,0,0,1347.716418469856,340.47939373248244,0.7255472688632022,0,1,3,2.649460395372474,2.7986629814462507,-0.1708436438159002,0.9103941223236915,0.7489835002936193
3.072427865439698,2315.622475831829,280.23885761349254,0,6,3349.2591083105444,1275.281405365476,-1.0947832879543975,1,0,3,1.733916347344744,-2.9798684303064618,-1.1040368152741973,0.7275743365597134,0.1035759592405568
4.826121298612299,597.1769903422056,398.0813763785858,9,3,48.287625139626094,535.205531335341,-2.942425895993539,3,1,2,-1.682824651855849,0.2475073414771452,-0.0376271410017332,-0.7054972943169762,-2.015755185939
9.675316851875357,2090.4999575443344,270.9174559043464,6,0,1803.1613529364968,2614.6330071962097,3.7447189062542607,0,2,4,2.5447124682331235,-0.3433027476350179,0.1847956432937012,-0.8067903137206247,-1.7853080819189175
0.8942057258403048,474.2228344978859,677.9792339512359,6,0,275.3573161030507,244.60894497055045,-0.5176627085374748,2,1,0,-0.5943537038080879,1.3317942352918115,2.2002546873792848,0.9360419380076984,2.275417884750254
3.2092273933932454,1050.9064262920033,105.99996896167914,9,6,997.547088751365,245.99943202224765,-3.199193757611401,3,1,1,2.7546352580338187,2.4056477196297177,3.216856052032948,-1.2453771661653517,-0.2941290642519095
3.160870219817686,36.00897659987978,412.4905015147138,3,0,3106.958726333014,2116.7549499292595,1.5507827036746418,1,0,0,0.1902843719913325,1.0543302853245056,1.4449514643777648,-4.479650139688401,-1.7917063963774376
1.18270640759854,1589.4629008104478,346.9589324876461,9,6,2541.5958668300186,1500.2054766174888,-1.9914842151921477,0,0,3,-0.0821270355780594,1.6018018950705617,-1.5516706496497024,3.993875276499203,0.405334603044431
11.44082506352522,576.967298441462,182.883532475682,0,0,1726.9045937238277,1440.6834588242457,-0.6877031236931932,1,0,2,-3.098272543316172,2.431703334553662,-4.768381700328155,-1.759790495951538,-0.0167841746514108
7.756555440255997,1431.3987930479218,367.79300663091,0,6,778.8186086834045,835.6796942941698,-2.2017328426978606,1,1,2,-2.2681632525491846,3.623010770695844,2.273663180064241,-1.5317520067494792,-0.8216919911950716
4.05155840663028,938.5821841446426,170.9131342921454,6,6,3847.385496957399,982.0241003899512,1.9271904158793371,1,1,6,-2.213196437989005,5.275415411563606,-1.3390777873140232,-2.5068270311802614,0.5873359174393603
5.646884587477753,895.4429194250303,397.8932969427439,0,15,346.96996119285245,711.189282715892,0.4656448105251863,2,2,5,0.945899030405732,0.0709470127765947,0.4194575817217612,-1.2897117109411718,-0.6237715982313394
7.751414172979486,1386.4104779801476,788.2700048938592,3,6,1373.6921056030585,2051.15617684912,2.2680877134194883,1,0,0,1.9637322482668047,0.3732701331711864,-1.533819880594059,-0.5579244744046601,-0.4006576131290015
2.3481487197526945,1057.44516032706,603.4283493265202,6,9,1004.6703203345965,1099.5312513510264,0.4560010428029315,0,0,1,-4.134663669105465,2.4156871780479445,2.2423564382970707,-2.5711006532737115,-0.3199812838392334
6.133166378185089,899.1061286094215,744.0531243960176,6,6,1879.620699341639,1781.2400461843988,-3.73126406751339,5,1,0,-1.3935758911656229,1.9194722985081003,-2.4052416901123426,1.522446739021991,0.4498765323179522
0.6779647872388979,1500.363343214465,148.93443359146116,3,0,2147.9400913787917,312.41325434281185,-2.964228318527285,0,0,2,-0.2760648003646763,-1.679145777793725,1.633223312249428,0.5213292496151734,-1.5002611447371932
0.462768035017827,629.785878523299,245.8865774677253,9,3,70.54835364837471,794.8884087513314,-5.303261439671799,3,0,3,1.584138734731381,2.6562659213628383,1.8793314419467448,-0.3566905602423433,-1.18440798963054
0.3530983540187581,2174.9224000452014,360.0066052809319,3,0,4109.671304079441,1612.3355569433757,-1.467043146332169,3,2,1,-0.5889934294705776,1.0391747895764034,-3.2576794971900584,0.4925238611234729,0.3769092174558182
1.4971505877615812,1534.003191206412,343.79768371307483,6,3,220.91721680240963,1360.5122758844743,-1.7679492163646304,0,1,5,-0.0401949628782085,3.157191186784577,1.016625726533663,3.573837046174821,-1.3905908149701602
12.817528044526451,376.4865999888016,525.8049359389105,0,3,476.9717688334814,1370.766252040651,1.5640239730406678,2,1,0,1.8176935560564969,-2.26932887061829,-2.111327669201643,-1.8739132312744051,1.856708276715467
9.617177923508384,970.2881404951736,452.8998366095796,3,6,1841.614060702289,956.0062695725252,-2.1271200395182355,0,1,2,-1.062423839574194,-0.7579788772413594,4.502466601246491,-2.461426563637424,0.3995859348642363
1.8707396706991155,1068.65069531596,425.7512920355609,3,6,510.9442551748305,26.876877393454446,0.7977934711244558,1,2,0,-0.7726952618559415,-1.495416862993628,2.1890550241136,1.821532841045614,0.5904347116587984
2.3183199281923166,291.1836653956508,992.3540231058776,0,12,1347.557983313234,304.0965051924586,0.2285148750023202,3,1,7,-0.9561468181232886,-1.2236052153606949,-0.8033269329424317,1.0436706917079708,-1.8948733142478804
8.400845688253272,2573.4092771920778,742.4856716517465,3,3,1091.4909457455533,1558.4989586925851,1.3862346563338777,2,1,1,-3.4816903921506848,1.7713255668636552,0.4978112702869705,-0.8078722881401921,1.1693040627223368
4.931292602912248,672.4584430794812,180.7247865235153,0,6,29.791799449623664,422.1737290921542,-1.0216478544016527,0,1,3,-2.595003670292164,2.7124810897695832,1.9732134417056173,-2.057007941141921,-0.9506537558731208
9.904173168672992,479.0604352139442,285.6043359253333,3,0,2478.69388368327,1091.7526318331163,2.5707632084102308,0,0,2,-0.8321207543245583,-0.5293415264293555,0.0686310570483632,-5.218700630759632,-0.7719667849224626
2.2710408362331065,636.0862606525109,298.789504493966,0,3,924.9540661181252,168.07982633978938,-1.1833841530477924,0,0,0,-2.631610894556328,-0.903386575115236,0.3066531438641454,0.6796483173640138,2.162324750427176
4.341019390326745,883.3549315749958,1010.1139351762956,6,3,217.05056505950725,617.2686181666211,0.1742853059192124,1,1,2,-1.176604808762458,-0.7331274649898821,1.7218559339883603,1.3687401196257842,0.3139908833267111
2.02687631793552,193.1650548625321,866.3630368890349,0,0,548.5393862933981,1128.6537887750328,-0.6467287637103383,1,0,4,0.6267608356202516,-5.050601519133731,5.849119231589324,0.3339512489424366,0.9859693085541084
2.1884568167174443,502.7824387946164,103.83463903176292,3,3,898.3753076780835,812.8345412875941,0.3337022436740049,2,1,3,-0.4909265457894975,2.612632936268805,-2.4960632628509494,-2.57552331734754,0.3951100070661968
9.45325878996395,1095.727759291776,734.3184075095235,3,6,1169.9694892584073,804.6355699706355,1.028024196106393,0,1,1,3.201703624453608,-1.66054875936008,-1.94467260083404,-1.0761097820802723,0.7782839635576162
0.8682513301114075,288.6234957620575,138.62019680374212,6,9,938.7418103496126,112.2509624899572,0.8788643590975833,2,2,1,0.7607977138052999,0.3394270830298918,-0.4042996734137787,2.613010400930433,0.805556584421694
2.20609596761752,1127.9976726157868,237.2972309775525,9,9,518.8066532503328,1060.4678492419705,0.9511217819440576,0,0,4,0.3592493427043407,0.4676328730164227,3.1917292865643208,4.730128050699668,-1.1829116833670956
7.629215053925521,1351.407698334736,242.732207798762,3,3,27.935238362858,602.9185882320054,3.853713931837637,0,0,0,-3.152702164967928,-0.5391720509668018,0.3887725781631661,3.185437319800371,0.2315312411955696
7.369092741694456,1537.2073668915689,657.2317362765075,6,3,3047.631548469285,1956.2350734205204,-2.612528848824009,0,1,0,-0.6313004794694762,1.539427747669514,-0.7200698842577804,2.85938188165556,1.000294835172144
9.5704835794903,1299.2209539589437,187.4358853068028,0,0,760.4130094718544,977.994640551896,-4.889983175419085,4,0,3,1.4152409624120543,1.7306411969226685,4.929267902772467,0.3657368728749044,0.6949046682448234
8.283211914131087,436.6493372176733,112.01703308865324,6,3,3278.1489433975908,1467.8333614957028,2.716900383325649,1,0,2,-1.3738645237025826,1.5343458296133956,1.1553516321697008,-2.2969004125474823,-0.9054369270737462
14.729016029374067,11.027364948775432,301.54456012439675,6,0,657.7524969572114,67.01093851176414,-3.0508881645794714,2,1,1,-3.377924525567951,1.6604875536769137,-0.5814869620577381,-2.054686925949766,-1.4217243942232691
2.2281336812670336,1116.2498559298842,88.69612901492816,0,9,2330.580897986615,1687.9676020937875,-0.2216752617172197,1,0,4,-0.4880734581685101,-1.2007979587630448,2.945156001450311,-4.738840087393497,-2.041897920265208
2.9400215927951234,682.3471039315766,189.7937164884738,12,12,1791.953977858611,983.6062130896968,-0.8425606413633949,0,1,5,-2.481658754527544,1.584567736398018,1.1919847422890657,0.8960448239629817,0.4341742771583841
1.1179658083690565,339.68808732307434,611.9061475173692,0,9,566.8817181831638,54.42236101357334,-0.0472610987409529,1,0,4,0.3114154097103551,-2.6655143116063478,1.6880070148599569,-1.1437798416857137,1.4614948863397812
0.1266137633073344,2423.0634037694604,662.0885945987608,0,3,2948.555644070295,1494.54485070618,-1.8855006744604197,0,0,1,-1.5029403353411848,0.459830183872459,-1.503597226842186,2.027198679312168,-0.8383296331945179
1.7120907875292424,2574.5340740242004,1299.507191116168,12,3,1312.1334230722289,1427.0046763118232,2.028776377778829,2,0,3,-0.98512365665826,0.0918455071689434,5.288600740589291,2.327797892480823,1.82163334227679
6.2970845165690985,1204.3301366902756,173.93894869817967,6,3,480.5936584977952,1506.7404763956872,1.7044021093586992,0,1,0,-2.584351985505381,0.6501727721054114,1.6408162316916377,0.839992478438689,-0.977829460412572
4.066757510524254,1172.6915474756056,763.2760185399682,0,0,3161.1185727516945,2358.684432607713,-2.7385143413280315,1,0,0,0.3258320175081519,-0.9889285637106344,4.270021853438953,-5.31065195743241,0.4423750113920868
5.361864208399218,431.958654034554,288.9986923422792,0,0,1767.96111901768,1058.2133432748155,3.0386414163906474,0,1,0,3.119404690490372,2.340105410718099,0.6721680016770543,0.4464748475512614,0.2266165417671796
5.599184339531313,676.9203546135334,1222.8125360114104,0,3,327.2612591645113,108.08812138457282,-0.1201555520509436,1,0,1,-1.5042348771976026,-0.5648010439934632,1.889542841949381,-1.9828515427812787,-0.7469730252868612
8.810490356899793,785.4052623940704,517.2818247346652,0,6,2094.4836703523742,1623.8664347024062,-3.134317200295573,0,1,2,-0.7276129369273766,1.404616559930595,1.3998702723052858,0.5957465150607677,-0.8700634595021945
0.9410835286750552,1635.6469436979437,496.3721315235685,0,0,1244.8134045542854,1692.9040621944484,-1.0884053521478307,2,1,2,-0.6374274710087824,-1.9433850359304008,1.8994890381520677,-3.9576709411256505,1.3043559451046411
0.3276351583692402,437.895416423823,883.5611724234609,0,6,713.9460765424452,278.8957951345588,-0.9744600167866018,0,0,2,-1.897142969816008,1.3175782331957488,1.476741866315516,-0.2361372848450238,0.6059466545272739
1.0513371066910182,1021.3957005530884,1410.2170768039232,12,0,1015.5715369898966,822.3699204446277,-0.8786586915648712,1,0,2,-2.872311663563765,6.310189376957573,3.074076339854522,3.032163151767282,-1.4160631161197736
7.771349114496382,389.21497120156846,1330.8705494274786,3,6,863.6559042200525,2112.8551970557296,-1.5923153203687757,0,1,0,-2.5236820779254208,3.609284665272484,0.7834040018456052,0.6681026007834381,-0.6918388522717714
4.996456478039548,369.6652024828905,673.2867626630659,12,3,2747.295587281966,31.95391332166373,5.670733222668888,0,2,1,3.023476725827914,3.519170441125701,3.3040695545271968,1.2075954725810727,0.435524698433613
1.188850933980102,1470.146117673824,394.8572485838254,0,3,1939.1100469872051,160.29388644552282,-0.6036774414750663,0,1,2,2.0444581232175016,5.619823067474687,-0.1690800516864066,-1.5480064694427134,0.9252123123366662
12.433125700456646,998.7936193861784,112.85495710639968,3,0,1405.6795922046956,324.67645340987,-2.241264311405076,0,2,0,-1.9788345466356767,0.9736447112571672,0.7993198358015696,0.2701998180854266,0.4760873200832964
10.547914629430943,538.0345622890345,366.98546426490526,9,0,1811.5821149514825,67.58838027599003,2.3761681412088977,0,0,0,2.8738309195085945,1.835361008654365,1.9705036288227784,0.7686335673355529,0.2929572454355355
10.462273367910742,808.6489687988317,769.1997149838379,0,3,116.4584970248144,261.9476829433549,2.263446394162418,0,0,2,-2.433091164120341,-0.2737015761761455,4.339880344765532,3.1938860488824625,-0.5416713879975513
3.3612778345992966,490.0915758283302,327.9269163378858,0,3,1833.5539601918656,4.515964802124038,-0.4547144109537291,0,2,0,-0.0504280449695409,-0.3374469958483934,-1.0525298516859842,1.3720685604184466,0.5792629504834108
4.514413853665645,19.16697549228552,265.1366065814475,3,6,2096.7749476953363,95.57452261389818,-2.565496220580213,1,1,6,-0.8930872034292973,3.147719050635919,1.5261918729395707,-0.7775433755320459,-0.1049078487011319
1.565545327599618,614.1859150035808,788.7726979324468,0,0,1538.7547183461788,1586.1307664852304,-1.4730662986894745,0,2,1,0.5977383396851856,2.3423595964191763,-0.3813637630491191,1.6559767378068873,-2.701669399935511
8.508764654008571,1123.329554203896,424.1664498340457,3,3,226.4956660754308,1144.9004806864652,1.1473944428242098,4,1,4,-1.0023003037217215,-0.722070215923627,1.049624893628918,2.5515440034987837,0.6230974327262675
0.7466081078204587,509.1023751989531,136.37012587145108,0,3,142.84620261656087,1549.65337969359,2.00824864552973,2,0,0,3.2760213526052864,2.456927706446457,-1.857298572764148,-0.5087758343002433,-0.4922733315574757
1.1693776285097053,259.97955125105545,451.0166382825519,6,0,2291.514224761631,1005.8594977590436,-3.9362626904304423,5,1,1,-1.7241339171140218,1.1568633724655244,-1.0551057409403968,-0.5184804404523213,1.1395624547675989
7.258262380971908,170.33986068225693,238.6439251580577,6,12,2809.6845424447897,1049.2905855419615,4.330022520381164,0,0,6,2.724925579642562,2.850888855948196,-1.7536453304570896,-1.2232350422487046,1.3186747410491475
1.5394716344569457,129.95683610781293,130.2720364810117,6,0,1186.814181599521,950.7131983548404,0.653876968181136,0,2,0,-2.098407735221601,1.871567908243323,-2.4228327157035148,-0.9629809850461652,1.279337211946704
5.3378456934828495,872.480612683131,126.96389711893023,6,3,1117.3544579511915,87.70752128790427,1.303720187660233,0,1,1,-0.7739877004536535,-1.3038374489236242,-3.098880564688547,-0.2798813639880686,-0.761820103406513
2.6438382375136986,826.5394481131264,855.784838664566,3,3,355.0871418272553,2244.8712433733062,2.2295595522775216,1,2,4,-3.856059888316792,-0.3533398026088929,0.3954898845337562,-2.6432694696632804,-0.93214959214003
9.620728843091868,2129.908188172476,278.1060193722939,0,0,4458.6876416578025,2839.0501315554184,-2.608456279051482,1,1,1,-0.7650705120191861,3.128885359759668,-2.469149011535872,2.98636078975498,0.5070459649369657
5.665520650545462,348.7455392226988,326.3878492668935,6,3,69.41544880974008,871.4121595239066,0.5742965794799193,1,1,0,-1.680580124862912,0.2113819279616601,1.3299616216880057,-1.8092972958442384,1.9026491448456688
1.577767559537783,626.5139401361392,656.0373860530251,0,0,1196.2160629206403,474.16329199968527,1.0858763776490832,1,0,2,3.526553650450186,0.4290645316321902,1.5436954095746929,3.0366301936048417,-0.1942227282294172
4.495522098628567,1060.4269841993284,153.83184387168544,3,12,989.0926450314348,810.9730936007202,1.4344696383277171,0,1,3,1.64410939154067,0.7879671178897363,0.9641414736027404,1.3059539728648837,0.5972862644127833
7.324610512499904,2221.418758373506,535.1308943554775,6,6,2528.3638342917443,371.25944769563006,-5.288547114734031,0,2,2,-2.0478601700994594,-1.5417887520273894,4.637136310455115,1.5509543923584352,0.8671299191154496
2.037228248963976,467.919933509273,265.706779252722,9,3,1523.152958271515,529.0198059286187,1.787434017519769,0,0,2,0.7868014718077853,-0.8770975111324073,3.704439884914328,4.062198575042356,-0.932060172335971
5.359603952085605,1212.5158256957272,203.60349528548863,6,9,961.2592325259808,4319.362090000002,4.930262848792301,3,1,6,1.354374405498434,-1.811731533224514,-0.5278341885850255,-0.8334300200922173,0.8098902296943453
3.1252420019477163,1647.0832847843053,321.16493673692474,9,0,2153.7117796640737,852.3967691888878,0.0504387780846731,1,2,0,-0.7228847868554429,-2.374436096305398,-2.9583060704682644,2.6559238635406635,-1.159512042506924
3.6789186266313303,861.5373000657601,213.7387180277609,3,12,403.1503058316029,955.0131402395308,5.432812538564321,0,2,0,-2.5449138023168603,-1.6978736746165215,-1.2865804990345724,2.680893079036186,-0.2482717438023465
17.665750955553804,240.6696666299827,749.7243865732473,3,6,597.4532255217243,416.999897696244,-0.3421663940319366,1,1,2,2.4408436714492336,-2.685732965237885,-1.7004460982362797,-2.470427180628676,0.0229260942126023
0.3334043695278498,1105.4575944172188,439.257983505242,6,0,1742.8560967151252,774.9695732829724,-2.89381719155722,0,1,1,-1.0638273133206932,1.7517234446945324,-0.389380630343304,0.7996081477447441,-0.0466594674844653
7.905815703679102,1750.603553047355,831.0250737173503,0,9,3050.579742215218,1322.8388767189338,-3.3478955716256733,1,0,4,0.7205982809864682,0.0322982989843574,-2.4965347223554204,1.9696993572306631,1.4565403366275476
3.7162666807257856,2270.8917343763355,19.22084432776809,3,3,4206.130322938918,1621.805972443125,-1.7985648259822435,4,1,1,2.145042543018891,-4.823436059311785,-1.312475649366753,0.8541053817894741,-0.2585886934033038
1.8226533302803287,1473.825668877613,679.6425842136787,0,0,1494.4401107990418,378.3598686342952,3.571926418743767,0,1,1,-4.759730452805866,-3.292950102858332,2.9864335421455213,2.931271135663149,-0.0060747035827543
0.2464833625579875,208.5061053270617,451.36253637694296,12,3,46.6232056126051,985.6581662886098,-2.4184328580619296,4,0,6,-1.4218487470784875,3.124147798996657,0.2286839784538656,2.594553501888225,1.3910073378983117
1.416862011472516,69.96472213761606,12.269825969533708,0,9,2549.931920043113,356.3866516067656,0.5845313184001438,1,1,0,-3.658246290369292,0.2908671781351339,-3.541046206170095,0.0784462272758881,-1.943981268014492
3.886174837157093,664.6722865830502,308.1798292025699,9,0,562.1506230556414,137.23689150918227,-0.733209493619745,3,1,1,-2.9377035995035907,2.746829886725794,0.3537162454860072,0.3640149344425549,0.2595171028463639
5.986709198299158,413.0706436585929,258.7238244255952,0,0,163.9864760690915,40.33163762548321,-0.2206847723640227,1,1,1,-2.1593984356160414,2.075468409659724,-0.4171639241806248,-1.4031214797125249,-0.566674233363907
1.4225204934740654,729.5777277542636,611.4946345600324,9,9,2944.4644010528377,546.8550880607012,1.3282374728816035,0,2,1,1.8580359308390968,1.9959307068975876,0.7734215125520324,2.411028599483609,-1.4565679822954858
6.174561217875406,69.18103051930358,178.56971156200848,6,9,2193.7411467206216,2564.488372606361,3.273619351871518,1,0,2,1.938812915306191,-0.3656158277108866,-2.3088035505179945,-2.9816865712329284,1.096999336393161
7.030712303429065,1174.9339313759622,110.59473810907606,0,0,936.9799364700976,1186.158946338423,-2.029551650877002,1,2,2,-0.4262140720399011,-1.280583292873483,1.6925844257789062,-2.75552749297276,0.2001122301827817
1.3150844434253115,19.31523326506934,1261.5042434924535,9,0,2271.821895238897,1523.630791308457,-0.0900353123972621,2,1,6,-0.5507815004035557,5.894311529347672,1.3297296212413423,0.1858650459549697,-0.8324818281622057
1.034848719248047,634.7999676544578,11.88608927729377,0,12,1452.5420763468935,1046.5795702869011,0.925220208712507,1,2,4,-1.9758909337288453,1.729653771457767,-0.7417890749989506,-1.6797883991439628,0.1612411384580655
1.9740470783654676,1344.2871288023132,24.240468006898965,6,0,2716.542137137985,834.6199077266521,-0.3753884405069403,0,2,5,0.3720726168209767,2.7763402589098214,1.8790736502570304,0.4807536492852299,0.8978818874195698
7.614443329583741,355.7496480513639,34.75771505864958,0,0,158.54685020404102,1957.516363585504,0.3354276835342056,3,1,2,4.526116500222504,-4.002138095053925,-0.2566950782573651,-4.203022834641748,1.956473461864404
2.999035312165211,1356.5134171312395,253.28596088838268,12,6,743.9047973084965,896.1858531966598,-2.529359331324517,2,0,1,2.155178732809061,2.4923882774500488,2.103065329900128,-4.010110483045933,1.495946600254251
4.173231614854963,559.9581794472739,239.47916279910112,0,0,829.3340725293433,1149.6711527212617,0.7709680041393163,2,1,0,-0.7865541839112269,-0.4309284597440627,0.3932885692374784,2.1725950946853207,-0.8057306671442844
3.808503565245164,899.0978509113083,338.46350892330173,12,3,1213.194124374956,1421.7120791404086,4.701110708174444,3,0,4,-0.6739566343158749,-1.496178304613617,1.6523235737851003,4.264462343715488,-0.8725369040831111
0.8706498736097381,735.6343695483523,1100.3027186328277,3,0,634.5718014282481,226.7451127760974,1.288919857572398,0,0,1,0.9325338914351664,-1.6812364773130817,2.5425332723656173,3.932492201260561,-0.6858501242976219
5.430764711426707,19.06844449878642,253.3846657294137,3,6,426.7437765094159,179.18773059812227,-0.2054958961736352,1,1,0,0.1882870143073118,-0.1899441745360544,1.578826376191608,2.749910717824981,0.7934419264770158
7.098670002982052,318.3831256873903,633.2983917563995,0,3,231.62708311654356,958.5201465672634,-0.2004666704865844,1,2,0,0.2119846553223483,-1.4290512134649316,0.5264442361449639,-1.0726864590267062,-0.3248917946771118
2.715719106477104,661.9537612044354,64.56631302303802,0,0,1305.4979192062335,340.71210100748294,-1.052968295227796,1,1,0,-1.09401555075853,-1.0476819832718447,-1.606171200701035,0.3969872475906625,-0.4716911313913207
5.261879170743288,26.09746458694984,1156.9289781711575,3,3,569.8809337275425,27.78898223931262,1.6578931271716544,0,1,1,-2.0409558806634323,-0.1996965581661314,-0.4879507433407551,1.760370141935311,-0.990930439318912
0.2819558522050824,1191.322441826817,36.58782153678451,6,0,255.72680156560293,130.3543492286431,-2.0758069410232576,0,1,0,-2.127142577232248,2.02023494898534,1.7080362728081946,-0.3355306979201301,-0.137915358820553
0.2048100872638521,2381.9113632554945,442.6851929080781,6,0,3111.4426440672296,3348.1314158078776,1.311234979608826,3,0,1,1.349353567014279,3.840433248979832,-2.466522786135373,5.263380409058115,1.7807948207417312
2.4929826965358712,127.72769747918213,320.4867769864699,3,0,1376.5691121229788,686.0183786261974,-1.0479761182129694,2,0,6,-2.1324806712482127,6.390281981758552,-1.3247531719618475,-1.499079037525589,-1.030191697367151
10.664039305345083,338.4726693839172,217.48490795235497,0,3,3306.089787164905,516.0296259866363,-3.230004596634089,0,1,5,-3.1695017554268348,-3.3223215465002243,2.1665597548321043,1.5462525531930442,-1.3820538157441995
0.2420301226044612,1012.666996470247,589.6374817274443,0,0,1550.603040989742,2002.8977832701528,5.255098245676542,1,1,3,2.3766946522992805,-0.7344427941506011,-0.6387569832596016,-0.396663604126219,0.0746379094602084
0.3321621720113745,1388.80146863885,611.125909349588,6,15,2517.982530505917,471.73629387228925,4.051065567639938,1,0,6,0.7539230556385246,0.9113373493061034,3.459117901429476,3.5625473707312807,-0.0832101897580584
1.4266277843912958,2868.2683443506016,1183.8756658641828,12,6,1483.8602475804043,2521.389260299393,-3.33287247733368,1,2,1,2.5122839461525848,-3.218799098029332,5.5509440849129605,-3.804512931638567,-0.0402133021110734
9.35190382266717,93.01818481985713,4.58567509325144,9,3,92.72677437063616,1401.0489582232776,-1.5206904157821532,3,2,6,-2.028207023705752,3.7682576437770248,-1.9880292272055988,-2.2798076972074144,-1.2740039071708371
1.578584392973435,15.349000827103886,519.8144841187153,0,3,421.7205969312832,191.6487508475765,-1.7486814611684485,0,0,1,-0.9298988879048216,-0.0393669980503639,2.965551727290724,1.9636369740169783,-1.9107761920504769
2.7259878796064942,1382.602980596536,64.78304353805667,3,0,384.1071197298066,1554.8241406172394,-1.843504720686791,0,0,3,-1.1318360230786957,2.478072773277077,1.5573114559148542,0.6238653857946515,0.1074524161006282
6.779827830248125,311.6211488255029,192.83077873051184,6,9,1516.981340953633,916.7113872925804,2.673841618073548,1,0,3,-1.1977027753423202,0.4057101910477674,-3.7114064939692257,2.3670078965226744,0.1695735509638193
0.8122638154860855,163.6941741390512,455.699045202959,6,6,1034.7450315777708,1496.718210659584,-2.0685004242750478,3,1,7,2.7178369464233043,-0.1621967113170934,-1.5230643179939791,1.5723184590114685,-0.7945943226976879
6.536788180204317,590.0753287867967,466.2653765945345,0,9,472.889999695955,354.42696308758406,-1.0450792230938433,1,0,5,-1.0437890065605744,-0.4212841250004819,-1.895843460545,-0.0288337541069796,1.467079867717213
0.3300103551441993,1586.0133529778038,261.30014662443705,15,3,2977.124254471823,587.1808393789265,0.7264864964578344,4,0,4,-3.7595314229100554,2.999439482846888,0.7907603975504469,1.0004404740292054,-0.4795994225043328
3.58783308066881,1001.539250521613,543.1454752095038,6,3,512.6107873606733,1487.955935345536,-0.6559781194502464,0,2,1,-2.550046363536369,2.215264840450232,1.866792986394883,-2.5042765575896,-0.1966619346280658
7.108620967795945,1519.4179681227286,159.88270449090675,3,0,629.0126513217964,51.26517641123554,-1.382602300497621,3,1,2,-1.460706962375191,-4.303055789314913,6.279022393497508,1.374812352004457,-1.2359168768361843
0.6957431899831428,399.9687319685608,557.237392863571,0,9,69.77158986075943,751.7302682159888,2.632685285610769,0,1,3,-0.3772367423450837,-0.4472592906532907,1.1586303631043873,2.247892761767221,0.6863925686201038
1.4490768664289615,323.37292665410496,287.2772559227208,3,0,1815.6559894491604,621.6386499808609,-2.2058306941962136,2,1,0,-0.6873220454714767,-0.4342535514396468,-0.4186583191860692,1.310288796140104,0.9541645594479952
2.565023746678432,757.9782334456193,322.8876788953017,6,0,478.8053645262862,622.490484682536,-4.657884917493252,1,1,4,0.1759176570299279,2.8047622020272422,2.105054578596569,-0.3440235261687631,-0.0381324421696576
2.94151306120952,1502.6264238950666,293.2940125066552,12,3,449.508117902123,478.9755870409148,0.5755443680012748,3,1,2,-0.922923303261763,-1.2672094958564213,-2.5322369697564366,-0.470480205599282,-2.323337347623009
2.2319404268209038,983.9157506189152,447.64781385947066,9,3,754.3869781434087,438.5054712446057,1.6633941868268816,2,1,0,-1.204005767857798,0.5894929141581129,-1.8874800565380665,-3.009979636661548,-1.9282826054949085
1.0088524243330983,1289.6550071851384,881.9770533577445,3,6,234.90359856432704,1061.6788618205203,-2.0094977816051585,1,0,1,-3.3463786165584377,-0.262874411638949,3.2513272230271437,-0.4444651029332245,-0.5627095694834191
6.376500829920416,2437.57843608947,69.43007880255458,0,3,137.370943478595,62.38113733081978,0.3395816904292354,4,2,2,-0.9266038224143668,2.2299821342592274,0.7289023972775392,-2.1180242464835928,-1.1181038116663349
10.591816506784475,1617.6738755422537,163.04517759169036,9,3,1811.313330391278,131.85841169436938,-1.8326845070725613,0,0,1,-3.5794115025316278,-0.0399995032348705,0.1945834623899383,0.7644995461747437,-0.5700835051007375
0.6825723279464823,125.18540232714236,524.9132577369487,0,0,159.88207840805836,1154.2796692520951,-2.351862265302912,2,2,5,0.9196763852556992,4.693378787724188,0.5532644804590028,0.8582156027123058,-0.3050246359859129
3.183701712681903,96.44521817174278,1.4072128385553455,0,3,1626.4390762652038,757.7369318558962,2.316111752843798,1,2,1,0.5467529183323196,1.026600992932442,-1.4370289013875348,0.7966602761334609,0.9418846323841784
9.862198194477692,904.5484317245644,127.87457513802242,3,0,2327.6339530870982,1015.1083410978356,1.415638169094305,0,2,3,-1.4880681177295867,0.5680043772028923,-0.5476144118421412,4.215149165667055,1.7240281370225303
4.941520527805804,617.5454516456057,269.39863791053006,0,0,1276.750395285059,517.766356900703,1.0046909741574386,1,0,2,3.3377240331482385,2.371454369932993,0.4950875030161736,1.3744194052941792,-0.2971768074275545
9.46323061641076,211.8943585469563,367.03973831015526,3,0,279.04335814699243,1251.5690392925926,1.190893294421184,2,0,0,3.1193631627325287,-1.915225572323417,-2.6037253721974736,-2.1060409859648868,0.3264909419101644
6.16487013695104,1218.388984616564,319.19465256789874,3,9,945.5221097559674,1469.0407085431452,-1.7653883857898771,2,2,1,-0.2052754088918604,-3.5115679606119423,-2.774089456666589,-3.641989499877443,-0.7144511959042973
6.581981649773577,13.276558445159958,342.9481457834828,3,3,774.2619871656082,367.66545967344337,-0.489411213526831,1,2,3,-1.3169250990095596,2.075221294296534,0.147537614710463,-1.974080556254237,-1.4588401018970458
1.1839722089805886,341.1584530076624,675.9117412039224,3,9,1150.37686250649,45.19768263473081,-1.0128922574777148,2,1,6,-0.3232809415289007,2.7173827809256466,-0.3127783573726467,-1.0741057811895434,0.1348737358093883
1.890007180603385,1001.8453492474932,98.9853604565867,15,0,2594.692173955098,992.7217261628936,-1.8822330512769407,1,0,0,-3.004116431589746,0.8243032410511464,-1.841462036840786,2.6166093145664497,0.4018511585168494
6.205673699895455,1289.843086051486,231.77998862991132,3,9,97.10893804311492,760.7217433796271,-2.9423573173898605,2,0,2,-0.2684202797328122,-0.828143118368754,5.823203159185725,-0.9168555286797024,0.902332981601664
5.329031876852147,1340.0578670925784,516.7038525914849,6,0,247.92913738122056,924.6186490662216,-0.694587054912576,0,1,3,-0.5035498033738547,-1.8044375036987756,3.4181239412077518,-0.3601401170822403,2.732279539877953
2.057550897777875,47.922987710146245,161.11523653539413,0,9,1988.2695224683116,1312.406190941498,0.4066768643862584,0,0,0,4.528983544254642,1.5472690513398308,-4.487431184427596,0.1244802464554493,-0.3297674620426591
1.4148186405045564,367.50973346199766,19.10752979666857,0,3,784.1181732652078,549.9378492859222,-1.486446947308803,3,0,5,0.559758082275839,2.206211996744979,-0.2843305104865656,-0.3348448106631372,1.922209117772232
3.387770469653982,1675.1267093581607,431.0876038862477,6,3,1240.909763970914,1030.284409440613,-1.3274547376467,1,0,3,-2.365484127475649,-1.66219894655379,2.260689762869204,-0.1415620733224531,0.8430011717981346
1.3089894364303658,1332.7493647958754,829.2155105540418,0,3,1161.8607993465896,28.748540590490077,0.4529105243903851,0,2,0,2.5343794209452017,3.366348932738746,1.2917792031815278,0.0474105521809782,0.0199893359561289
2.607353892949548,752.6403414960778,645.9136587450215,6,0,241.65991273072444,175.77859274429906,1.2113781151250878,1,2,0,1.75101609489224,1.8052341815666677,-0.6535829073984363,1.4384550819067985,0.3098243162902095
0.5138295144035935,485.1346782753108,529.8315366077371,6,0,1964.6836090053496,524.4760059475424,1.0684545683343278,1,0,2,-1.3642621156424029,3.097941117952707,0.8293640852712477,-2.384845856179263,0.6884941651239385
3.6434301777306417,323.4374467021715,118.3763651330032,0,0,1720.4877655810342,1423.5078948672146,-3.1821918922368697,2,1,7,-0.4940922118814204,3.4388371153453665,3.2466866746845824,2.220142881919579,-0.3759849468565297
3.777233583451861,438.64753097363206,656.0448721855045,3,6,441.7520772944956,1184.9171129549352,0.6141656980140168,1,0,0,-0.3598286927061177,-0.0721998843600493,0.6297780931155216,0.8087176241886187,-0.2197402301214409
1.5105861039292436,869.3272364893072,447.368873075428,0,3,1365.1326871932406,1295.528863252291,1.1911937235987042,1,2,0,-0.0360590212726772,1.3393037373137262,1.905522460499604,0.4744045303086588,-0.5586165263593744
5.477391197448389,869.7152837454323,918.7344517465076,6,3,352.2803691972036,69.59529178485609,-3.020975529536741,2,1,0,2.566309423287998,-0.754141400873761,1.467622957688386,-1.1581106795225846,0.460138640461262
5.761807083122292,327.2491127766021,192.9877231582861,0,0,621.8634183672027,1335.267485827305,-0.6776328460504444,1,1,4,-1.678716350216132,1.6197279596646232,-0.8269704749717441,0.8505991712034413,-2.677704506182795
0.3914519165459903,2357.247671465215,576.0499009374718,3,6,1489.6478829702958,1120.633713214855,-0.5524529231822897,4,0,1,1.9568693846559813,-3.854737479747026,-2.2106787368541028,-3.002684894799867,0.499410844923758
4.581739294695369,1736.9418160382484,483.13223488290936,6,0,35.50375818460618,2304.711805347419,-0.283420107448271,2,0,2,-1.5686137326826084,4.383926429791171,0.8445563649737804,0.9024323083068022,-0.6898218820668928
1.1866696653432958,705.690879043018,49.98818280509175,0,6,1968.6279441476515,1352.3676881589713,-2.368163919151262,0,2,2,-1.3187374097134972,2.576326674048122,0.7605442934039068,-0.2195981220862107,0.2519229603714917
2.860040713967896,1261.321736669073,166.04426964408816,0,3,1730.3059275550982,205.57265844453391,-2.285880759510863,0,0,0,-2.935393696872473,0.8468386695207135,1.1806201662754296,0.2978533117434008,-1.5206544236332034
4.965780490643216,971.3742320384194,635.6508056280657,6,6,913.5383216162244,1000.2811762961038,-1.2110804614821835,1,0,6,-3.3135882358296715,5.152965649234004,-0.4671309853641378,0.78085199538211,-0.0337722199307605
1.809504304451208,499.26344974673344,362.49971350118494,3,9,1963.5225204912708,1664.2989362283756,-1.258600069661255,0,2,1,-0.0143901991757899,2.0424294813757715,-1.254480339280201,-1.244084232577983,-0.5792936822744255
4.459614981632015,1285.4333323183855,1127.3049025991677,6,0,886.7517415947914,1567.565895426991,-0.5907603328081685,1,2,3,1.2233434019528902,-1.3141638310965589,0.6663939780774244,-2.908503739308337,1.4086471785315606
7.984399114363051,438.2727658702816,12.490391097029828,9,0,683.0452805374088,1259.318537002443,-0.5697410684234492,4,0,4,-0.8124477889540547,-0.4008691179702695,0.3683754251628559,-0.464398813388827,-0.0301822560634451
0.8356946703869614,697.6418105342178,535.4015999632105,3,9,622.8853872859854,202.15948714448416,-1.0166706857575367,4,0,5,-1.4474085569882358,-0.0801375234815904,-1.107508227326812,-0.1160793556249719,-0.2804497587935288
8.254267404073675,1176.788017152294,59.70928380268891,0,3,2858.8190176027474,186.36582236836296,2.565343493826919,1,1,2,4.188479817814378,4.87149414663917,1.2349645254368915,0.1331216937993649,-0.5718861901690172
0.8003083659520878,12.134304328944578,319.6883415404212,0,6,20.227976109824976,970.5879665436738,-3.0716190332715176,2,1,6,-1.8795234996771035,2.811009780071726,-0.0104486092451174,0.2567036766816792,0.4594660746212481
1.3049756722291297,1047.2455476244252,279.0002152517742,3,9,1000.2709101508152,722.0831424275415,0.8556084026650232,0,0,4,-0.0569696928066669,-0.4445817827881245,0.940285089096028,0.8345635500784454,0.2132180385058408
2.8069782341424827,642.1750388491912,121.76669796172156,6,9,615.1556023129939,1048.4752730535008,-0.0252578763652693,2,0,4,-0.3665558939921205,-0.2446365743468013,0.0845810480630846,3.671677859828015,0.4232601005723599
0.7215370044918256,222.0354084709392,528.4698730414581,0,3,284.89263040563617,1768.846013933154,1.4803182032464977,3,0,6,-1.2683011680815264,-1.1238907342755178,2.8959586373488024,0.8868511300202118,-0.6256428442917691
1.3052053249550148,846.7037683968833,196.94928077947264,0,6,382.8702003466787,52.333035060673495,0.0635239104025211,3,1,1,-2.3182677426141645,1.1389046710673345,1.008289505463876,-3.735919259942591,-0.256109659230592
8.728169482803166,446.04582454528605,646.1087612285244,0,0,935.9115853917576,1067.518872232388,1.2996143582935589,1,2,2,1.4726137306879443,2.553657319230539,0.9690073437546672,-1.3075853722139503,0.5229144995149764
0.1521960231766212,1044.3235268404312,974.7578409159468,3,0,1018.5641984711464,628.9579374186446,-0.6409578595335979,1,0,0,-0.4755344906508669,-1.6803783848812424,2.074777779561234,-0.9967310719684638,-1.4660387241717194
7.960818814225632,827.0809068801249,314.49832352488374,6,0,555.7579550058725,647.4543756953394,2.4222714109775416,0,1,2,2.651584037859274,1.711186311667278,-1.3047479062379697,1.847519791812113,0.4597675804334272
6.28226633629944,2564.9666385548853,559.1161597666577,0,3,4514.657850022089,2769.039316473767,0.556743692767911,3,0,2,0.0147744628275476,0.0698807915638781,-2.3414324400242545,6.072867610579917,1.2055319618576854
4.065895235271287,64.72078951048677,376.6211399870034,0,3,156.70178021527556,1020.5409134026468,1.6685607808256806,1,2,0,-1.3120165815139662,0.5103469143054016,-1.9494368855771207,-2.3981320594753277,0.978023769839177
5.972513963750767,399.2563322400768,227.78360664685263,6,12,1965.9530027094563,1729.6089129483576,3.4410272556580037,1,1,4,0.395984458488624,0.9181963776220126,-3.262151541216324,-1.3085166298569797,-0.1248266028404295
0.1448581433379211,126.66511650917788,170.342596796361,3,0,1824.164686168932,438.7249156559618,1.6416177007292283,0,0,0,-1.200115918792573,-2.645400260626758,-2.802969883684965,3.1938200246412944,-0.4176418729021309
3.267162960030086,632.9519477351491,340.5954494431392,0,15,357.0192765152252,284.31336132139154,1.480160816003928,0,0,6,0.8682124336728425,-0.2980938124015521,0.5275447532102224,-1.0961145049638028,-1.0451084658764
2.25328462882382,380.0867969780392,299.6677917955193,12,0,140.64378425009926,817.8911434536919,0.0676330486848186,0,0,1,-1.3720801197087398,3.6919926633329303,0.6772976418865304,3.4727096884450086,-0.9603603883247204
0.136381021352617,367.8227666551148,508.1992644798532,3,0,2046.419059152713,609.9740544582212,0.0377707472989168,1,1,0,0.3629699088260374,0.523331020817988,2.636731275760465,-1.0588785968743606,0.5618106334908418
7.95834175508923,1718.8471782529482,126.31911833808932,3,6,1265.9862827200343,1708.7822512207508,2.5217237197347497,1,2,2,-1.721024689495372,1.0019341052237345,-2.460758502323844,1.789628555152804,0.9298223302412002
3.900590157302039,1167.4358708327295,1208.0532853825575,9,3,1252.355033704019,797.7917758743281,-2.694492697574105,1,1,3,-3.034312877832817,3.301416291961015,-1.199776605830515,0.3402286973063135,-1.7199498123166426
4.266162902568664,1320.9878815543557,299.0159405551035,6,3,3728.023410156986,1684.47969598538,-0.4599195118009611,1,0,3,-3.665805617593119,1.021756107838884,-1.483142922876426,3.0042763416163414,0.8188033772545545
7.530706164073369,520.5218062403706,314.91201898797965,6,3,1668.1845929645058,1828.362876661298,2.661510848842873,0,0,0,-2.4145464980870384,2.1291108731779635,-2.976688258113451,-3.2809734452765795,-0.09657338626457
0.7398401268593084,476.5039196100231,633.9744716680083,0,0,942.7685032714612,1653.1263508490156,-2.1028908632363503,1,2,4,-0.4344067301262224,4.453611895128615,-1.30430692139207,0.0063739843688379,-0.4159773154861476
0.0179901270456254,324.863078689724,471.0957932936493,6,6,14.16229425934357,2.787793171860093,2.4515991482262027,1,0,2,1.3871205284201331,-1.9775636216847865,-0.5511549973978005,-1.1222974461863062,0.2173488705818625
4.172763485340226,592.6051633086748,77.35168747422345,6,3,3175.217725937453,767.9629256101323,-0.3706981940380143,0,0,3,-2.836817586081975,0.8262472583518243,-2.310778716202614,1.531889387073761,-0.1863314514985265
1.440726060776052,1006.8610286323266,90.38366098024468,6,6,93.37165276109164,752.2835787536063,-1.6103927308585253,3,0,2,3.349528908612111,-0.5328686946845342,0.67316074049145,-3.278650548293492,0.1263347078943646
0.9484943410006283,1188.1000544778944,79.84883807095268,3,0,997.943842887164,1188.4577928322722,-0.4892467490436422,0,1,0,-2.833955846675574,3.9274171838440335,-0.1049601717328769,1.2018947770877793,0.5415450935608074
1.703048805289031,1996.8939096305037,254.0944418933032,0,3,2078.283416646719,419.85242295591326,-0.9690009104610192,1,1,1,2.26400453220532,-3.0722920060514127,-1.8200914202023697,-1.2965753365562056,-0.6830247826014241
7.899775388418609,1458.5252426747822,527.9794294198686,0,9,314.34399728177243,770.6860233282395,1.8639638468429969,3,2,4,-1.7586391852208818,1.11127529542706,0.974931955903764,3.398279206185979,-2.183525758570278
2.6537407735567324,189.46209187975825,273.44140864936656,0,0,998.9948526896468,151.44882811705747,2.4280080694168715,0,1,0,2.4385778203088817,2.27131674606068,0.7272441514324887,1.0129454804399227,-0.8739189782123843
5.360678259391387,499.8566346358015,184.09400600301308,0,0,1378.999913679557,272.5130744336394,3.3295481090301458,0,1,1,-2.568486285479948,-0.4119717887429646,3.0308739789104315,2.912539057163065,1.9454010149485776
3.851921263082909,742.6700470615709,150.39167480827555,3,0,1565.1867841132034,765.9858119454194,1.2062838410229408,0,1,0,2.564760319430186,2.2667271546910737,1.9811042186654668,0.5303932972637305,2.706690157280618
3.742279945711789,1116.2767614058782,125.16367711975428,0,0,484.38743543394327,10.757495056584302,-1.2489051168331538,0,1,0,-0.6422794700896435,0.6714369341177515,2.586241569749849,0.8924553566383877,0.6745228558981445
7.519138127350616,313.6399824852769,9.694671924225288,9,9,488.9990771255131,321.61514944714946,2.1438779536030825,1,0,3,-0.0491864498054945,-0.2415339880856843,0.1618200612230578,2.9918722782955287,-0.987962586051766
5.34299340545735,1835.6726170900467,440.9019257238928,3,15,5105.752296219455,426.1083912830678,3.4603660320113594,0,2,1,-0.2443105855993277,2.66179524944474,1.9613842414918088,-2.402284349012917,-1.4077873717503957
0.6655526879138728,265.6104377553114,724.8281673696032,0,9,818.3108727938067,690.2463860189176,1.981885509594932,0,0,2,-1.7282445639248714,1.7220895563541252,0.7010514430981081,-0.7953528568019278,0.6305194169887095
0.8691810054628101,488.211206275276,349.5799184305645,6,3,1884.6472594119944,41.28086117447338,2.1842131003586114,1,0,0,-1.033210274517263,1.0834180115743173,0.4090410434342553,-0.4330534843542455,-2.6994837388781945
7.128260817408552,1443.974624530028,75.51669368051125,3,9,4285.341399268862,633.8070269835459,4.403570140816994,0,0,0,2.5123108494887854,6.845838140192569,0.6430075291907897,-3.531792543651717,-0.8042735585043469
0.3770421903887,259.6631629049035,14.547449910210377,3,6,1157.5359930184416,417.3884945596048,1.640755371222959,1,0,6,3.605597535534837,3.849950450860596,-2.4256049041400054,1.2340975883991658,-0.3215070916010826
3.456691829023601,1339.9207127283898,935.650273940392,0,3,3230.532789135225,609.2680792944043,-0.378144666014208,1,0,0,-0.3034784442213527,2.4597648125817813,5.856889166552524,0.6101322949828702,-0.316241007723076
1.266602909782657,1166.0979089672264,5.615166127376573,6,0,805.0928169761495,621.0572830607956,-2.230108399968424,0,0,0,-1.215704439101268,2.167002805893788,3.1889185385264884,-1.1537408335276127,0.5978443644376848
8.215376521917223,1318.4138983566522,361.8178251463712,0,6,132.98867940638118,821.7321290768587,-0.07737892243423,2,0,2,-1.637933294692304,-1.882454670868229,3.700353889394324,0.7939231647200446,1.188814373179821
2.894673028326844,338.1934591633747,365.1750642359192,15,3,3589.0665145010303,2436.2100203530263,0.8467469628497775,0,1,0,0.0409144843500868,2.1257193792572204,5.263876861174526,4.3121657338984125,0.232331178220381
5.441828235695969,523.9859890414662,63.20712947110581,0,0,3051.7411493661707,1491.5427811409866,-2.1889885604146526,1,0,0,0.5236919325245246,0.7164493250064652,-1.0849074544529356,1.354473712072071,-0.6993225911891252
4.033545199164147,2115.22399562384,117.48299447361347,0,3,2375.4173936855477,1335.1862546760256,-0.9903080120656964,3,0,0,2.8753552954972177,-3.49030273278668,-0.3741846915659417,0.8855539559790462,-0.6431385709962956
0.4578735460689573,483.2949529336437,394.2148654284852,9,12,427.8138072239089,577.9543049451519,-0.0094278156890597,1,2,4,-1.717575281164436,-1.9762276539245367,-0.4566759150177109,2.5242129463625087,0.2426249353404793
1.9939010439899236,121.00861289331554,241.27746259506156,3,9,1554.5229097903762,250.7859135198244,-1.3752090894130975,0,1,6,-3.972403367521501,5.370027610750527,0.6090214177579252,0.3968877773638755,-1.2284867968866553
0.807043167772262,183.89872828951812,21.607276619587157,9,3,943.4709620442496,586.6391080108197,2.2973881319187,2,0,2,1.6223254179503823,2.82166726949959,0.0838608650097194,1.2715446466075782,1.3108314204459717
3.3207009589216256,988.9554671530914,390.86891901968966,3,9,1202.2008536613616,17.156044026540272,-0.9117968285733512,2,0,5,2.1377576964006613,2.4446069808565936,-0.9136568247606844,0.7638157936903467,0.9654983985945514
0.7762571371399454,209.8987104357079,252.56348358308907,0,9,487.944245432457,1866.988989117434,2.119449628435826,3,0,3,-0.0648928437035343,-0.7949153575215435,0.045638394457566,0.8427930833572743,-0.9718700505344317
3.596287480035876,1689.0410291721817,764.7550822148564,3,3,1954.9905929536728,2131.756512145668,-1.6456523303135355,4,2,1,3.707699623441793,-4.401075862908597,-2.367885927211587,-5.38077777275877,1.3843531632595387
5.509130137705983,1180.3494022555187,214.6298421220728,0,0,1397.623413628976,188.65507274957588,-1.0715352004716132,0,0,3,0.173040158475549,2.797600335656421,-0.1097682832167337,-0.65679537529799,1.0655792109362574
3.50909907792623,1047.8435881978455,497.3711363989068,9,6,1725.8408319581563,1797.6102860220417,-0.7403076101166666,1,0,1,-0.8969432132770591,0.2973096399606436,1.3867226541180433,-0.4439119163179559,0.1314569165894259
4.289204185070492,104.09878003849504,167.10194432850386,6,9,345.1337115764559,186.0921021191124,-4.0749512481243935,3,1,6,0.9344938030831936,1.0619363092242575,2.474220143894774,0.1798386531119646,-0.7125072745574468
1.8434093198586736,1352.2262428778472,181.10772887390323,3,0,1359.3677080650054,5.496614142340775,-1.1542962026372183,0,0,1,-2.2816016549400158,2.7229230255152626,3.413338566382847,-1.7226766518830543,0.0359213431457695
2.4519889561834125,602.7358606539801,317.6727798393352,6,6,476.5910240289858,2619.0149304695583,0.3644681011819427,1,0,4,-1.959351933505422,-1.517607808147056,3.4859440581655905,0.8419273964369027,-1.0745956258201712
3.910705114211703,2175.3785052350304,131.4359998491731,3,12,3644.956033532301,1010.2991519070584,-2.559767615723086,2,0,7,-1.7972261025762042,-0.5050004559562842,1.282056785557541,-1.2779136631114782,0.0063604042251739
2.042615223880005,91.36246023162842,1016.3283028790518,0,3,1606.8591768142091,174.2584992182583,-0.5086970232046117,2,0,5,-3.5335299896058183,3.89804779904092,0.3483989757542933,-1.1752968254749183,0.912734643966029
7.156656706405784,169.06033523252705,269.6995006321,0,3,3022.192018291636,455.06047121484426,-2.455061555810102,2,1,1,-0.1199014667484643,-0.7791930448653943,-3.305972660558991,-0.3414314478659384,-0.6972521599815714
5.4191279500088925,2005.5289316833305,87.48325509331914,0,15,2311.177443931403,1630.2746003810266,-0.9175391315108918,1,2,4,1.0172024067200054,-2.507278209232198,-0.3960562620415985,-0.569815701845121,1.7229655199761515
0.5259771147161547,1548.1408640006132,36.560883789890816,9,0,1701.0054100041368,858.6226522172394,-0.9771861338649204,3,2,0,-1.2564587929631594,3.384386652945772,-1.84620762295836,-1.9329455935739173,-1.4524920603301317
0.5749460319993189,23.568946625967424,1035.5326836387203,12,6,716.1586131129781,533.2444898669846,-3.62062387073672,3,0,2,-0.6604751664794322,-0.5096591302600457,-0.0982131786609585,0.0790162257047304,-1.1367026329479522
2.391407846109883,528.5592772648483,264.62802889964235,3,3,895.7631379702665,944.8306241104024,1.0918782553932165,0,1,1,4.118283036256457,2.620670456187606,-0.0985285494552086,1.5983211924911664,0.605053776691818
8.16012288542786,68.5837730037936,228.71088843313856,0,3,489.6303184351324,2329.1203041028534,2.028398656354326,2,0,0,3.604753177924104,-2.278548745895553,-3.284321049383137,-4.126946583087499,-1.7973792907696176
0.1476215831710537,1400.9062511881032,917.3588834606046,6,0,1333.748929542715,2772.6610759635964,-0.8020386430523683,1,2,3,0.5910144735096998,0.2736518607454894,4.312373069117341,-4.480671545705845,1.3254268321892662
3.697697630923793,974.2681624544896,595.9704842886791,6,6,1846.1126860147867,101.51526729185768,0.7560697781099819,3,1,7,-0.7809586533183042,2.498187043489899,-0.9196295220206344,-1.188115401147992,0.4444592042766315
5.280877338836919,722.6591035599429,679.6122111617825,3,6,2306.549538524095,528.9515522504698,0.4040281846521167,0,1,6,-3.3354196306734574,4.353555878501823,-1.3074506323407966,0.0667206263024342,-0.114442925296076
7.921623595590752,324.3219441986835,20.034131424472207,0,0,598.6405391163446,540.4461649261777,1.15253218254721,2,0,2,0.2892384463393838,0.4382195147105139,-2.055742249727574,-2.260333289841671,-0.0224532943291374
4.103500360374111,1654.1808756606376,357.39978117378683,0,3,1694.5118701479491,1068.526698538614,-1.333177981662683,1,1,6,0.0004752156686769,-4.250196721366061,1.7066892449909572,0.3672566633286527,-0.8154343446183807
6.875977151090565,3308.5152960078644,95.96095538796048,3,0,4294.324838473863,646.8423993306199,-1.2520567838248906,0,0,2,0.2176444660492872,-3.937789394260775,-3.3729721283016234,-0.6725144096917146,-0.7550311802299622
4.774187616497972,2570.0872065163885,498.5583065247629,3,3,5169.207286510911,1650.628890263044,-1.630033496324956,3,0,5,-2.602931389011233,1.2931073819227883,-2.720216029271646,1.4835390564761757,0.5700486022154231
8.49534368240584,1479.9162153179557,113.57903397678562,6,0,752.6743717383164,2253.0092270291457,0.938810740157008,0,2,4,1.0648310216667265,-1.9624115645764344,1.9501650756888973,0.2932276652126714,1.2587364227142277
7.570727294091021,1344.8058828477654,579.6957837442392,0,12,1220.4521761878418,266.3113448815802,1.33123236513872,4,2,5,-0.1817205486288253,-1.0116013583371763,-2.214518550516881,1.8643463481132496,-1.4483311291866996
5.668244268064954,574.1626658341678,514.3737870069367,6,0,977.2072767849312,1013.7034169986496,2.3054903431414715,0,0,3,4.203177831699814,0.0881139981542922,-1.626319168547378,1.1343115035602986,-0.8805806277610071
1.1289467523181451,1810.915342080611,670.6269365669921,3,0,3676.53543407136,2156.640371068005,3.881296432877865,1,2,1,1.4127034943185413,0.0741001043490663,-1.847758122007088,-2.5813639303773908,-0.6124248586772006
3.253397925640761,251.18408163281572,274.4884036804164,0,0,192.9926487267354,827.8346807560822,-1.3862048160109302,2,1,3,-0.7430396935907118,2.390499419209426,0.63698688643918,0.1217278636698435,-0.3414195731137077
4.750492409957675,1645.9581564233786,145.8416910917349,6,9,211.53117805415587,344.03215356822744,1.8233757767447,0,2,0,-2.3515467668260905,-0.565051123476998,1.8554505427481804,0.8291580292698818,-0.0523730475082432
4.014688865166958,142.45340572449632,552.8540513327044,6,9,624.5693920300557,1036.4866451098244,3.2078271624857804,0,1,1,-3.07899872827014,2.6369940704663684,-1.9674265102996136,0.5702854988161397,0.95380989654592
1.1004085811930084,165.97453324712808,475.9543960166802,15,3,1317.8891979640464,1018.8180176899576,3.129505182846585,1,2,2,0.6185341476801545,-0.013289216104074,4.458152806050646,4.054424304230645,-0.1845714753261203
11.11393253976397,1779.8855128350797,120.78802683568048,9,3,82.23512107453065,792.7949785523244,1.8888330512113412,1,0,0,-0.8739118268321033,-3.5676687738169264,5.129819795741291,4.090351094000996,-0.3051735335986559
1.5226281004576638,757.4383674952511,106.65827036396156,0,6,133.15987232865217,1111.0269346819682,2.5792439321924734,0,0,1,1.8944006653900385,-1.5641758239633925,-4.59913641153256,-1.129153777806149,-0.7956555676170495
7.434452509636385,2413.1062655576243,568.5604265261275,3,0,7638.645046582143,3502.5518378244305,6.012521927344044,0,2,0,4.023685907153396,2.942417688476048,2.1628915156297976,-6.40918815362248,-0.5276121812637528
4.607561059871968,834.7810487454742,666.0380597462847,6,3,1163.1326341649942,879.9797630731922,1.0524272631422071,0,0,3,2.1246264069285647,-0.6275478799236609,-2.6172724088373336,-1.7154528722163258,0.2493470325061978
5.042003733193418,430.3245174143215,5.398867360833993,6,0,454.6643680358743,221.5023255930689,-0.5546815587628487,1,0,0,-0.4417260215871207,1.0135187227795122,-1.5915043106279414,-0.6825706784319371,0.2515887538447666
7.908075059543239,431.178210820637,953.4864479688114,0,12,531.0674628124865,1389.9376314356205,1.5730023046890262,2,1,0,1.2724910577271582,-1.432142130563662,-1.7953191304990823,1.6085886017914972,1.398896209908241
7.39901189903239,1486.2435617096394,842.060561338452,3,0,2802.8733953484384,2990.4624578157627,6.10799314342385,0,2,4,3.4268203833033386,4.280828192212316,-0.1525892894829439,-2.6713789304187285,-0.5112245201368368
2.467499009238965,2129.2311542551706,591.5665748160269,3,6,1422.3592676294918,2236.1119096909524,-2.2757457805986414,1,0,6,-1.8442938058201688,-3.328824536203533,5.358013784624671,-0.8044681402093408,-0.405360357295266
9.527471221903058,288.7687596124483,175.1181504940608,9,0,1872.8957497574263,1041.4490285864013,0.0857107127698819,1,1,4,0.6057738080148007,2.247211899388245,2.028870473651592,1.4565078623130805,-1.670535620334899
4.877565965819233,1002.0893330520436,78.61899388090323,9,6,1692.9268986993502,371.0963454615188,-1.6272480525964246,1,1,4,-1.582272843007207,0.4401107082682726,3.164038373456565,1.907366589658516,1.2343727747023503
3.560126877919134,217.2660313970009,339.3404897360032,12,0,4481.987406656936,1068.5231946301096,1.876001186326272,0,0,4,1.5364728325374255,4.91517979326839,6.884954268315831,1.998028694563685,0.4713270420257935
11.677656751699244,3106.188273375652,487.2220403821035,6,0,5424.632555852577,165.08406979803644,-2.241871129899609,3,2,3,2.663573446746592,-6.183189426447801,-3.782400268857103,-1.2316718258954376,0.0254135342839894
10.544482438300289,865.5862223125794,559.1236149820239,3,0,1315.558583033621,893.6276916607264,-3.3581929027063326,0,1,2,-2.9412414489067,-0.5046342161185071,5.780599875684249,2.801092534107204,-0.1746560968576307
5.570469638883057,253.8797711725817,397.55600499941966,15,3,1803.3673312580856,1652.2906155988685,2.469980436473568,1,0,3,2.7193171840775454,4.335208868665515,0.3430797130159064,0.5404149513520509,-0.4897312779684765
6.189999961101601,1651.3722789220049,80.39180538407325,3,0,2151.6798881824334,312.7065882784308,-3.090352130283313,0,1,2,-1.808309750904048,0.6348908591119518,2.103157890391933,-1.0921625664914243,-0.461507996150427
6.224918213524013,981.5670656251284,118.2400110146876,0,3,2193.036345599042,1512.8246256259088,-1.2313795104573386,0,0,3,-1.664868230603871,1.3033758847983452,-4.165588870957173,0.1435948935501112,-0.5486307030882278
6.448161281346754,3023.577387520097,82.47485522250088,0,0,54.51979370126823,1009.6703497701424,-0.5959115914549837,0,0,0,-1.413013322588388,3.3982653158164897,2.585142288093065,-0.3734779985730748,-0.6649873076708125
3.494376020002537,191.7062215454084,70.5204951983642,6,3,1026.660485067228,52.496336216619085,-1.6408531265419468,2,2,1,0.694989018887229,0.79076532635921,0.4308184454148589,1.986951094916443,-0.1625308758194084
8.981582372411502,72.36535393104693,70.05081402331105,3,3,2717.181995355865,668.2911441265583,1.149055801454687,1,0,4,0.4668646110931765,1.6697105565328116,5.358409325122343,3.738368917147585,-0.7830151609180049
0.7207893125649978,67.31003907641598,974.6376772661408,3,3,1475.9397731531171,396.04261622296536,0.0679550218864613,1,0,1,-2.672219105631595,-0.1126723048537938,2.2983452822207795,-3.647589660909098,-0.5678629286581518
0.0930411302302683,1432.5291380169922,252.9122721385885,3,3,1113.021853796876,919.1247187224571,-2.2283209970733977,0,2,2,-1.75983136178882,-0.7937342867043995,3.27895917007588,-0.4102538483415087,0.3013095773758571
10.94620824032985,1924.419862441495,175.6323450485274,3,0,2601.905900720014,689.7453045107566,-2.3799241018437893,0,1,5,-1.6035646433985316,-3.0112727843335403,2.0717621102581742,-0.2884672392521484,-0.1745718488923694
2.9207360333660715,1316.6998859763526,373.38733510888017,12,3,1021.329792454928,1972.372936808052,0.3623299326920717,1,2,4,-0.1918518851830499,0.0815023973025621,4.080990203202947,4.655527911096235,0.9890003288021352
1.7298985226985732,740.0639255771501,304.90018117094456,3,6,151.3844779904445,2220.763077426739,2.69772098900117,2,2,1,2.0766141830346654,0.5278300949127087,-2.522019055041069,-0.5543521042710298,-1.811217353571242
0.5382408434424497,458.3192990414652,214.4807209822032,3,3,1335.4753690396294,1341.1170813747835,0.1337491647174722,1,0,0,-0.7856944357101083,1.3751100699851846,1.022136487674202,-2.217313780442837,-0.7638042847468343
4.092833266385444,811.7499204122718,12.578937613979388,6,0,1015.3661457355844,464.95889751365934,2.582392896285225,1,0,0,0.2599950905935885,-0.976715444646144,-0.7435372275314722,-3.2538270341688618,-1.0401961356855658
6.307568869156554,1610.570929490669,162.00649942818447,0,6,2466.8198751691334,1197.1263741176997,-0.4500062325761346,3,0,5,-2.0891764845911043,0.1657439452104168,-0.2903362081953441,-2.3179081898326466,-0.4974225050338303
6.191869616814207,55.67078708092821,489.3754909343269,3,0,2919.680313519761,553.8194370234296,-1.2079530336770163,1,1,4,-0.046725693130468,2.7848029857316137,2.921573208156945,-1.178027095188645,1.060183922891956
6.262556302452116,1246.583143081967,78.66292892695837,3,0,2626.5719633889603,1169.089248934421,-2.843054203334262,0,0,0,-1.5955218651738483,1.024328278183041,-1.9836449411402604,0.2061633515184796,-0.0867148058065393
2.2065021758622976,560.8888318352604,683.7715030803023,0,12,3305.028789768945,2876.9996465458858,3.356953101302912,0,0,1,-1.523782212563059,-0.5745771703696094,0.8686275718205159,-3.0505731649632706,1.271424076454461
4.5540364291337205,1040.281572649589,29.686708923671,0,9,1073.7181777429782,736.7466107666413,-2.1598269768554683,4,0,6,0.1375958231118741,-1.2948070768188134,-0.8071592128091862,-1.1477983082979897,-0.6227775206160298
0.3523810171987825,98.23452933876742,365.0735397731198,0,9,144.4122262249979,916.468716781648,-3.5774006388512536,1,1,7,-2.143695081614648,2.81687225537899,0.900302238362204,1.770605786106868,1.3494474144081614
0.5372708483725936,309.3087782918379,655.3599025101752,0,3,1046.3141272969767,505.24881605659033,-2.1545160109455668,1,0,3,-0.3805206890195274,2.1278181474363587,1.0666334340413,-1.187470656936466,1.81018673213782
4.606714715688363,1670.532233985882,836.3017898413876,6,12,1214.3058763935574,840.6495194069294,4.041151951927631,0,0,6,-2.927295740913681,2.682575953360152,-1.363798241912994,2.034426216000197,0.7807946365630981
4.793045695038491,1119.4615823405948,198.75325363353485,0,0,1930.693370208925,1457.380163704143,-0.8929408183973306,0,2,0,-2.4792080975300625,2.4390547270224583,-0.9502885196165942,1.4129953297895628,0.9780011660653932
4.041789749723604,1378.1178283330123,103.46936349698515,0,0,2542.2872354310844,596.7573925313189,1.343817556741602,3,0,2,-1.8056179938581811,-0.0912742821570771,-2.245921968954682,2.3676300807569657,-0.7693778136628786
5.359556385588254,315.8544730583838,718.03210612733,0,0,1456.200698968865,1168.3536675356936,-1.900753908792101,2,2,2,-1.168666548073235,2.050614397982756,-0.6284763873669081,0.7562722118454871,0.4064338967722171
5.636451252156912,1759.622916743746,230.8216749759069,0,3,1646.3309332885976,1577.7741230085549,2.1821077599060263,1,0,1,1.5884231665279267,0.895787875752422,-3.867661566569078,-1.868196447597178,0.6046449490658179
3.791617474029598,197.44291544655147,57.307492877902185,6,6,1575.8253378701957,2470.7832112058936,2.643618680513688,0,0,1,-3.50074181340577,3.076394618782889,-0.611164180308176,-4.0180020285994456,-0.2787341161392779
3.45701983172821,345.8510028244006,644.1773377101985,6,9,859.8821118221679,707.404634153714,-2.312253636324007,0,0,5,-1.1707966711676268,1.2509077826310535,1.7567424266360423,-2.769561689628603,1.9338838645721927
4.367758553203284,961.9148217960594,189.15002001797652,6,9,2185.077315358897,2100.121466278296,-0.7501151351592696,2,2,3,0.6852154100785921,-2.6637734943646345,-2.54820098376678,0.677261059587003,1.2417715986196205
1.5868344836760002,415.402311778205,545.645850000814,6,6,1678.8546115204117,368.6508498904647,-3.017167646390943,3,0,4,-0.8962555159291905,-0.0354973529438031,-3.34611019488884,-3.013825023406594,0.1178583548573374
7.838948491895746,192.07522696546496,677.2356987064677,0,3,98.20821274330424,152.794834960775,1.8885984605227388,0,2,0,1.9394714865471872,-1.7313191997472197,-2.8939686090086543,-0.2827529275548311,-0.1441507268991938
2.8703820043388824,402.9854759589822,334.2795443835432,6,12,407.5004597835655,2378.2439192122224,-1.762723626696314,1,2,2,-1.136928232771168,-3.2602675282807194,4.254119622760783,2.8955190721619863,-1.029935546008852
6.049774720243677,745.1534245835124,643.3697880481444,3,6,923.3418616606268,55.5772081898844,-1.9695469377958983,3,1,6,-2.1123984112892966,1.878348573429044,-1.0230730195963742,-3.335686409702639,1.097603251369629
3.3559221433321627,1394.9345083699395,9.464353328851844,3,9,3118.98380178664,1658.5458484853084,-0.5741698110411508,0,1,2,0.2662729086445872,-0.237931606396891,2.366939554916541,-6.315617027812407,-0.5346323407097775
3.355652977319105,1253.8396180198674,232.61251461035408,6,6,510.8207472471253,956.0871495874773,0.8255900632318036,0,1,4,0.1052109394947873,2.22316027368206,1.45127641581214,5.747336340892323,0.2353092289853465
1.1950670098449776,49.636111580138696,436.13729937631126,3,3,1490.5503924765528,388.0854003320164,2.124405104477947,0,1,0,-1.052157964575057,0.206290401566233,-0.9306929343267748,2.7054989861516767,0.5758882569704132
0.5714680773830934,52.77128830850364,107.99618513238244,3,9,203.9501959890719,1072.1969518582553,-1.6706072073053213,1,0,2,-1.555334842056628,-2.042483492327269,-1.0361851417162458,-1.2349610758276313,0.0996951670303966
9.645822291165624,1712.3971701130895,624.8332348573522,3,6,318.07351603569106,1403.4236167393344,-2.192092726477743,1,2,2,-3.652112077600976,0.919939268253995,5.257352245644602,-0.7091448891075118,0.3850884781190872
5.346203305886734,866.4862096503541,306.3536091857243,0,0,4327.330064616235,1881.536301077927,-2.28401049082424,1,2,0,0.2324707598857189,-1.8615686562387423,-3.801471994417665,1.7799050175515476,-0.3984480771924856
0.021046598308088,1665.336936094337,559.6116215171872,0,6,1882.9199660450356,389.33289214162994,0.2006980719465296,3,2,1,-2.426426683052088,-2.299269544746788,-0.7924029185440478,0.7131956674613682,1.5131700043871037
2.700150151642251,928.6338745600386,718.3043293975607,0,3,2140.445057102692,59.462571991150526,1.293502674584916,0,0,1,-0.3277978656949816,1.653753828834827,3.9573717747701727,0.7651731600269397,0.6847404967218419
8.174586087553022,255.10610477954887,14.547484423744567,6,6,1182.1043422184982,1278.5883813016176,-1.9129075509168487,0,1,2,-1.5088159708125612,0.3045013647336299,1.1886944625682774,-0.0982126548471007,-1.0913069831192377
11.612913312963045,449.3080066127583,211.4709141771708,3,6,1245.1083066134684,113.06473918492198,5.7071902410845565,0,0,4,-1.9716742029949188,1.4887952033626053,-4.748791904874757,0.5541822443177459,-1.6764196680135317
5.487919808485379,279.98507322331824,924.952041557326,0,0,1427.415824832039,771.9150431062216,-1.3131531395871276,0,0,1,-3.782359214093785,-2.219617702969819,0.7283553088727086,2.3564915675788005,0.1923837887747738
0.006026754262728,1056.5992345804664,100.15138717756273,0,0,237.09261642873383,621.1648222462496,1.595800397006777,0,1,1,1.4462554137716737,-1.1785090271301566,0.3757849221257495,1.4856835166751077,-0.982551875204172
0.8092379763863805,1630.4801236636308,432.56554611754746,3,0,3913.0214784806144,1229.9377333149323,-1.8175315749332728,1,0,7,1.2077367574024014,3.4332938456899544,3.586076249345133,0.6070414127600607,1.123338287078182
0.4378947706697018,1816.524186831035,1006.8885470552112,3,3,4185.058524535103,1212.237125184361,-1.666674764018724,0,1,0,-1.769949459957716,-0.6065756206468516,-3.831182636495472,1.6141012892991276,0.0401873676205552
1.4050238335822598,2083.964705110864,562.3432649032494,3,0,1048.2122397753744,1277.4018247392023,-1.9962675496482816,0,0,5,0.171958758069731,-0.890874510054114,4.440915510704736,-1.9543459963759384,-0.7474257476170159
6.039165695717194,665.2439260386644,303.6084281918946,3,9,4955.368413470332,1727.8497688572822,-0.661125575157925,0,1,5,-2.903327449792874,0.7940830317544784,-3.91754956831556,0.916732285677121,-0.0279149177721522
3.060580866784007,28.229035385086146,11.949299500040397,6,9,1155.260473661325,1338.1481679699566,-0.4998333477217014,0,1,5,-1.8622181231692183,-0.4814965794355048,4.492437049633429,5.293950503689332,1.1421442004812672
1.90036075571647,1050.3033346946145,250.03905274412185,3,0,267.84041990242457,120.10982126237766,-0.2407944725499968,3,1,1,-2.5961634660268524,-0.7763872863060639,-1.5797874020079994,-0.2340371290971803,-1.1840998346621527
4.5322062751174,1043.9155267140347,57.44996346651861,3,0,693.0820997650159,415.0382185327863,-1.8722727634384992,1,2,0,-0.6670410345782621,0.9557058199553832,1.3145384254085373,-1.8139851465485468,-0.0144660488760123
3.637621528539518,562.2308575433801,376.2438245204594,3,0,954.1467705411184,1700.7712515928831,0.4818564564894187,1,1,3,0.1457282322759274,-0.0938096976930369,3.016461400645322,-0.247349946522456,-1.7949821530605363
1.2801224612117197,546.1600419938817,159.42893570206763,6,0,1500.8516571464163,691.536799922468,0.4444646764814824,1,1,3,0.5125032511647776,2.4398302795685938,0.3208005559137274,0.3204673454039993,0.6457789655721644
1.0495465535976438,926.6040428127402,537.5424384965349,9,6,370.4909598645692,487.6042904311066,-3.8907854397176296,0,0,3,-0.5554217573520498,1.721788918179798,2.535361229155902,-0.1035922936130551,0.6303075197638016
1.6531132058635836,509.99706720073823,50.717837226128935,9,6,620.9679604273798,666.7515133900574,2.6324135939409867,3,2,5,0.4453902573665009,0.3109299210377823,0.2798149265580921,2.8848674618106847,-0.2471957265560034
0.6396951265182884,807.0026756659657,197.39226599429304,0,0,1976.7172229399928,335.3878586372729,-2.381028165969046,3,1,0,1.057497278833848,-0.3553386587110891,1.0130406458221164,0.1044868649616435,1.307784335647446
0.967393829938558,471.4772421398296,282.5864426820076,12,6,427.8955800166426,1083.2649269291976,0.0484912610067365,5,2,6,1.414679168224355,-0.7203851107172583,1.4816583792704774,2.088289697649297,-1.3270016691341004
5.515237524195195,1844.9593752561304,703.3598567028008,9,0,451.4108417374809,2044.285054717934,-1.6742089534391793,0,0,5,-0.0708283230295498,-0.8601282519420732,4.7916197314534426,-2.551192514836824,1.0976976282296338
3.41093602989492,378.4510019727056,295.45331293535776,0,12,854.4667995789318,107.20865555592012,-1.2423115298170857,0,2,3,-3.417286317893698,0.0748600872906009,0.1173991039277759,1.4949299130493106,1.216261952862741
2.570168782156492,2264.851906776856,681.229211345561,0,9,328.956424993051,496.7308193581009,-2.1696436893002327,0,0,3,-2.639832045539229,3.3825256632483853,3.074528388096556,-3.161055459044075,-1.466995611370124
6.79012756493978,266.92536661826006,76.01353805675788,6,0,1757.171793392254,193.10790097247147,0.0594713997990323,1,1,4,-2.990576467816191,-1.1896915164369946,1.7518251850545203,0.919096445254173,-0.8489304955153814
7.851159995575088,2392.67290654315,175.9494259646458,6,3,4205.843572355322,2725.559337526487,-1.89899333240059,1,2,0,-0.957860734093639,4.045860964553882,-2.323555042973259,3.541531386940682,0.9868566220781524
4.694497215082846,1679.1458844323845,460.26449262116586,3,3,4321.744689053528,2073.680291106523,-0.5995253010625375,2,2,2,-2.063838791503429,0.6363083495641175,-4.521152675909378,0.5181070166127439,1.018223299964629
2.2551495790788194,628.7175689221389,304.57629104640233,0,0,1505.191298373134,299.631258900017,-3.511911154371912,2,0,0,1.8742764269217067,-1.0849208503817145,0.5609305951619342,-0.933106138575041,0.2646422719181098
2.2375540175839794,1983.0693771363217,660.6830488399012,3,6,2741.862785209329,1327.0904830897352,-0.9606658325518622,4,0,5,-0.5179835517693755,1.0570937099818027,0.618562318544978,-1.2464094858400634,-0.6391586051006531
14.867514199242436,1722.7126107349404,50.98770637592253,6,3,1399.8229644850242,1873.7418358133816,-1.561284098427708,1,0,4,-0.2126593907832805,3.076445975981769,0.5749344937154806,4.663567065693899,-0.0566262515417604
2.899310981438687,401.9479653463286,8.32232205105594,3,3,703.3026536939208,715.4851129919164,-1.8245383487053304,3,2,4,0.1305870558378203,1.6247364108813966,-1.0639949492238234,1.4223308838528703,1.712745282283747
1.1773909551626651,489.6893648389892,126.54303429849054,3,6,1907.6129188270545,303.2453740040997,-0.8307117509541662,2,0,6,-1.114140107569841,4.339257521579312,-1.6657556017298234,-2.217951026433832,-0.4967620100184606
2.504021464535393,1189.305713695557,100.08723721803756,3,6,1213.0839289997707,391.1398103783273,-2.2395248034481035,1,0,3,-2.506324894884486,0.4147638561786014,-1.212077148580578,-0.3949513481034086,1.1750600759000025
0.0887497816752709,332.6469696328457,514.6107487200724,0,6,702.5625825267662,2331.048670993826,3.94370975528818,3,1,4,2.490327920775063,-1.1433841949707804,-1.2904987678966864,0.9456008410220836,-0.2668746898294181
13.78515156623144,515.344707620711,954.3677128840286,3,15,2308.3564796156907,1040.940846303194,1.0995865284725073,0,2,5,-4.914736059422227,3.556824263883056,1.0349304789135758,-0.4276047898967926,0.0244559787220742
4.883288435419336,1710.166028176955,862.3836386447367,0,0,1997.9229504991656,1910.195196898937,-0.8229750537172157,0,1,1,-0.9150987184603536,3.1737657690786687,-0.8471483350260725,2.413109679258377,0.3614165690879522
8.992583222217824,883.7409835460428,991.079748015034,3,6,239.5251683336266,721.3067005034408,-4.248559372158806,0,2,2,4.7409698684313,2.9393928124544093,3.3257445475572043,-2.082422630110297,0.3995492539357852
6.0674487231832055,657.1117079580605,127.64776320017366,6,0,2327.677412730622,2003.8328906702784,-4.271671641110396,1,0,1,-0.9589548394769272,3.3258214487904807,0.0247584931813438,-0.2020477857533488,-1.8057509051058405
7.304053729929148,249.06121244095905,266.6984248788863,0,6,218.98265373458972,25.63010767208348,-1.439838267551531,1,0,3,-3.207612332792729,1.2178149707966155,-1.233200921734502,-1.853192172981551,0.306221164608966
3.3250534413073463,1578.978032630557,546.6882175013601,0,0,2004.5681087381984,550.0761183611731,-0.6505666090308828,2,1,0,1.7818336451352763,-2.831272980249211,-2.9225400802051382,-0.8590302282406805,0.366374939283577
6.656079943193863,2713.7454250244214,750.8600358605833,3,6,3259.0134943090407,1692.1874855808917,-0.6058066587923935,2,0,1,-1.5798340760876244,-0.3909472999566521,-2.293683103826972,2.411578096324408,0.8815817746452651
10.436608886687525,913.099361793866,137.83507771240812,0,3,638.8627013761222,891.474781342996,0.8127049692771374,0,1,2,-3.6458179613466486,-2.3153090521570525,1.0934568011550478,1.0197942183499549,2.402599688910081
2.764912062449099,379.9628438797451,870.2153038499761,0,6,584.5355678662997,43.63548760642699,-1.1169464750060971,0,0,3,-0.8201305673820947,-0.2392033368316195,-2.295828036429465,-0.4933409502375261,1.3954696740146462
5.114350324035487,2478.334289087052,869.8254167389871,0,0,5792.9652458479,40.223238287591,-2.2182830231400805,0,2,0,-1.907574477461878,-5.686657114208452,1.0939777851981296,1.4517581783757112,-0.901376543519779
11.19930963829846,139.7039278873204,193.21895952282543,3,3,2091.7279555237096,360.87721528141,-1.8949568119271176,1,0,3,-0.7975902010056183,2.462188210314598,2.628708645829561,-2.6998720344111184,-0.656688524390377
4.5414760983282525,60.99812384766912,306.94688668597274,6,6,1164.491031918326,1167.152313139778,-2.293444200641868,1,0,7,-3.828254057618568,6.902979023068644,-0.7720147292380557,0.559245094161082,-1.075021084845976
7.438620391770301,153.85015535629876,519.3345977027763,0,3,290.39959504031293,297.7571698386556,-0.692784098490493,1,0,1,-3.469085441113582,1.6285048912082782,-1.1459797566144785,-2.152536831717131,-1.10376498752267
0.5424850344589396,512.9846115477337,1161.1151018753867,0,12,853.6661666139117,2299.6013467579587,1.1380383083211492,1,1,1,-4.217213513391133,-2.5565480982304294,2.463141629872934,-0.6699808054666778,-0.2501888397748071
0.0818676657181787,522.4727303781644,182.22529376837304,0,6,1727.0297302134504,627.7678541687301,-3.371158768001916,2,1,5,-0.1067317520548982,0.7857676877507052,-2.4395793455486388,-0.9330367540749858,0.1341228183927908
4.360388160388158,1765.9661404261217,106.96608956639813,0,0,4360.356719002902,1231.848055659074,-2.0233789468746237,1,0,2,0.4583448757036727,0.0512521790507503,-1.7769763381979555,2.4501515291741924,0.2255392985428922
7.962009894982911,172.0372586427662,810.5582312036149,0,0,828.3813475012427,1004.9195539289146,0.0043435998263152,2,1,2,-3.150771506327665,1.543056647106014,-1.6732220503395128,0.6567846518571948,-0.532555388357337
2.87979853618758,1243.8654163708968,985.1998758359956,0,6,19.211838649118715,1304.8475374094076,-0.4138793569347304,1,0,5,0.9399881144872742,3.301759103003284,0.0437327052440523,2.795587821385978,-1.1731184610359071
5.3914302136576335,369.7883893404842,719.776863363652,0,9,592.4547680698095,2712.3797014435204,3.96097449087741,4,0,5,0.7606202432509418,1.0641427603666378,2.277125641355255,0.8022841000758867,-0.73607939961566
0.0835746529154509,896.8226825442324,454.0751139176545,3,0,1091.5876746766014,334.6856862292667,-0.6671423520031603,4,0,1,1.5911001613936224,-3.2528663216869207,-1.6426453436084243,-0.9627661515538402,-0.8371776399838143
1.2096593044917825,550.6547895071715,191.44007514835823,3,0,349.2000648360058,957.1438644433348,0.0750086287759588,0,0,0,3.2064896087397416,2.36337947075814,3.5666213615506117,4.152548748250434,-0.018866835843448
0.6112683302773338,1937.2183722737277,1.146807094980702,0,0,1409.6393423810866,187.2509614087409,-0.6092379963450558,1,0,5,-2.8366573846883645,-7.427178596761713,5.922849351503198,3.041913005182841,-1.5142886679304308
1.4172505167119864,1447.1059731294336,44.68922064284062,3,0,956.1024193985444,863.5980923203755,-1.9434988725561757,0,0,0,-1.059946977890836,1.5117620427645075,4.962737943866923,-0.8306944591558583,1.0928477115094732
0.845170251151376,1712.4362153724492,425.6462459664092,9,0,3502.1803583575406,1396.376613803899,0.5835128181820688,1,0,2,-2.503160816485658,-0.6028243242998705,-2.5389676185595658,4.518429539763719,-0.2048157637666226
0.9406436044454431,665.0124673914057,316.38599064369106,9,3,1980.302973730133,1025.8137928261556,-2.3872245195391946,3,1,4,-1.9915772816288333,0.7469059275774838,-2.23914277827679,1.481552136815973,-1.717360336324334
6.945809694122852,437.02471150836885,134.6484288854727,6,3,59.65991854432213,1657.2031865869535,-0.0610835579022344,0,2,5,-1.4835041229408577,-2.7135176461730994,5.280896713628302,2.9477961068151126,0.1835595002455049
0.5191844528315893,98.5826980233152,724.7952522709855,3,3,546.3307595347644,428.9739779543634,-1.1553137647917973,1,1,0,1.421265195114888,0.099793506285956,2.320425952761651,2.6990451319719684,1.4026276969056568
3.302295618101336,347.0384530230626,81.21372507940738,9,0,1083.7037255239834,350.7288535965292,-1.5989273103774255,3,1,1,0.7155649599675495,-0.6484690514518314,0.3565610107437529,3.1562512010726937,1.967319745867317
9.072936285522552,654.8705231829268,116.46778250192556,3,3,1144.2378052503525,1172.738731768525,3.7681959776413674,2,1,1,0.5587712982261209,-0.0500550882856285,0.5311505084598046,1.1179433293278218,-0.8649128665550475
0.2425910442288265,585.9225105002806,607.9875601677547,9,0,1194.755864231893,2161.305895752377,6.155011208914704,0,0,6,1.7957600460503227,3.985237243138152,0.056121359972755,-2.1210888590263632,-1.1774825625848022
11.9393369586897,315.6027080144457,209.02278505282044,0,6,623.3122075181154,998.2771225820262,-0.1121825013002595,2,2,2,-1.6762805888622956,0.7407902169284969,0.7079430409312867,-4.555115586955351,0.2434110830803277
0.9681638185717454,414.9476505557598,54.67373736544327,0,6,457.8504621833084,1288.0069345175682,0.7840020413316264,2,0,2,-0.9314579500940778,-0.099552495149124,1.1989360799440232,1.0347829364272816,0.6541967043090119
2.6212877365260576,2016.247576070248,659.1644603188461,6,0,2590.7143809047084,704.4656233542102,-3.1770206021307708,0,1,4,-2.226849563893769,-1.8530888114556328,1.684806066159966,-0.5060741840127401,-1.2784108612548242
8.343711174897559,925.5693136604128,61.80905523493453,0,0,1647.36072143992,947.6765575016252,0.6308866445397232,1,1,0,-1.3160582128627665,1.6456550247749435,-1.0864648489349444,1.7874758273786993,1.5981086964690103
2.975692412641484,981.9476204043036,778.1941576374551,0,0,1815.488929004345,680.1499076238625,-2.7560929432480457,4,2,0,1.634540131595808,1.3272849508659428,1.0344170248354905,-1.422675022528871,0.9335270296928287
0.81432896420781,1143.5899985883973,88.59880514771575,6,0,1183.3327570049364,1252.7166185677324,-1.8810953285865453,1,0,1,1.6367846737045106,0.6489926983830812,3.9280972695495633,-2.301585095823933,-0.9299842687767635
0.7673647413701956,1205.45351960815,660.7982753038702,3,0,2008.2316800029685,900.9044160141584,-1.5676872574904912,0,1,6,0.1315143052888561,1.282485077757164,0.1603185903757584,0.5960979795261863,-0.0716342309995461
7.525697750328656,110.00279757233344,159.6767982684239,0,6,2338.877558468052,880.3246111205895,2.9281148658080776,1,2,2,0.964606188633139,0.8303417066729966,0.7826027567472416,-1.884221652532844,1.7123628967508977
3.4253843829525783,662.2049573809404,107.7531707784359,6,12,706.902864074865,1954.774646981755,0.5624020621098411,1,1,2,2.7392212114764085,-0.5318249894037873,0.4146870244908418,-1.4662299720212535,-0.0160953884603811
3.377148059870328,266.1116667254221,127.16951560213288,0,0,810.7101025488124,1233.7973909379225,1.1651290100434375,2,2,1,-0.0362257502045473,0.161018072780892,0.4745023936737785,-3.266964813597001,0.796255022104667
1.1893394088216485,222.70152849695947,92.91849904647516,6,6,3053.487720013032,1245.2274808400168,3.2483795537289053,0,2,3,1.5989733519975176,0.1353744312781859,1.918077901962232,-4.341164476806934,-0.3158734668805753
0.1335324035566256,797.6025930143703,968.65053067955,0,9,1837.2733742357104,1835.8258614500955,-4.6913939577954,1,0,6,-4.068792503208282,3.2760741969266487,0.8299187725972079,2.759365119597903,-0.7616081290290015
3.926445808547514,1004.3934618071944,698.2732625844176,15,3,2739.79706476942,625.3676008135463,2.384621560432157,3,0,5,2.4775629961980856,5.880185723985934,-0.2414373541410017,-0.2343612021766945,0.2163015918146792
6.872037610329308,301.3575465884148,160.5061404408403,0,9,1982.6114737227808,380.75316649709583,0.7123268441623702,1,2,0,2.4520764644266078,-1.3385258448391382,-2.7016051383492448,2.809844265290347,-0.4085438145200725
9.56736700625164,699.2768010688893,175.83432301394467,0,0,1410.8183981117086,679.760226766665,-1.7106701752799882,3,2,1,-1.3384479385552153,-0.1758310830684106,-2.057330761987495,-0.2379640228180757,-0.3240514441904074
3.564412130802712,443.8580251230171,682.3139549109344,0,6,391.01667345871584,93.88046749288064,-2.828772152824162,1,1,4,-2.0429446242969576,1.916956786737097,2.2416447165024302,0.0914655074062031,0.4747115293915475
0.6191397511146375,26.927869020234585,436.3916759907759,0,9,1171.9314633246663,177.91197715692618,-0.2480351032345635,0,0,4,-4.681949794262779,3.142909677470251,0.0130256225772755,-0.2053766888846586,0.0883336566240315
3.58687627203079,1364.698092039007,153.99447079230595,3,0,339.30773967129807,2288.6489581479486,2.0500393148976004,1,1,6,0.9506912779082084,-1.4380779547111164,0.0954462668042941,-0.0392069991554526,1.6278198660079115
3.49820489070523,433.2883219976821,59.93346927143655,6,9,596.106840948589,1044.802683423518,0.8951000115700279,1,0,0,-0.9240652193918462,-3.0068542171400208,5.600145350839522,2.940753467971864,0.5836669344745127
1.2440546013612237,33.808624983185155,315.370164152096,9,3,1727.8468738205736,2958.769955718095,-0.8302079219514049,0,1,3,-0.1692756653723039,3.226963444221197,-1.8186123026143337,2.5173476517122824,0.8771854964143034
4.887438010716346,1453.12939429034,39.70520767639918,6,12,816.3024124510532,6.878460666396716,-0.1821687444933519,2,1,1,-3.253301371923768,2.544953124705356,3.31584147003979,-0.875348444144679,-1.1346984829433395
3.8512956317175058,213.26273725987397,418.1813480331,3,6,453.198714313813,428.9844655701188,1.2519767930008006,2,0,2,-2.2069569369412543,0.4312796306279676,1.2248335664441496,2.86919409152614,-1.7253580659986305
3.585243296698049,524.117556689366,170.10257006065584,6,3,746.1196415174348,1680.6413079229912,0.9059248350736192,2,1,0,2.80262260104518,-2.419447353042288,-1.2826957215905177,-1.9437089797428608,-1.2736349943740584
7.568670659036031,1392.0739404751284,132.92429778946908,9,0,2888.6110219450784,1444.9264892268466,-1.2637284147280563,0,0,7,0.2247427893679674,3.732616658897701,1.177519127794144,0.3467878572499078,1.5337241732392664
0.5637227517275349,360.45893752971074,908.625097708789,9,0,2790.946838718385,776.3473567398369,-2.0217986079974564,1,0,4,-0.9404638246501966,5.335921667723493,2.7304304424500314,-2.523981723400313,-0.2030377248257194
3.5178805121470407,81.4112023620357,664.9042046238164,9,6,91.12352567768215,754.476660611875,0.5015801831068416,0,1,2,0.5992100055458712,-0.0996527480265454,2.0354256865052136,3.760151468763821,-1.0348617733771908
5.470926397697994,202.0500830667024,539.3923609114357,3,6,1596.8858096104036,152.14263043644362,-2.238526815035283,0,2,3,0.5350041559686853,0.8547716593738011,0.4559141641192565,-0.829818545750409,-0.0037049503297535
0.8482704379024192,198.2792274364096,120.2254737572563,0,0,2098.0025085788584,1393.914165531104,-5.653310960907159,4,2,3,-1.788388495684169,5.215735538475994,-1.3730531934247374,-3.410119910316572,-0.4950694607165753
2.562589596687846,1143.2597067044092,200.00471817365963,0,15,1585.1668169016746,984.0074804209828,-0.0758247722892671,2,0,5,-2.868181299502808,1.6724658533067949,-0.0617867772788405,-3.19153877527991,-1.068502740114486
3.3197993838444075,766.6871264623837,371.6680137594321,0,9,156.73472624190913,13.675604594531467,-0.8740037993943699,1,1,2,1.8438839103878164,1.0083801340973,-0.62474840994532,-2.4896332488198527,0.722474712631641
1.4490870557513178,112.02524746114278,174.02966578319595,0,0,1018.7525425136048,339.95593595349135,0.6718486480245901,0,0,2,2.6415205354634312,3.0968795887233656,-0.0228889005995667,0.3461149791319565,-0.913926535592394
3.641679382188077,403.1540511945444,1087.1093986107137,0,12,460.0655419910959,251.61711139101664,-1.1236707870168203,2,0,7,-0.5307874531678822,0.2716663307609687,-1.1272996991868929,0.5899275601464893,0.0332725544616347
3.399337645766347,278.0473350427576,571.2979470539011,0,0,421.9733161319253,693.3651721042723,2.4577484824712146,0,0,0,1.7489651034870224,-1.3222233245985893,-0.8440996095301847,0.6067421225654043,0.2955626756657086
2.7479838357394475,1661.9404910275812,75.21377934835004,15,3,390.443234548508,923.872953230875,3.4233205770035298,0,1,2,-2.720810725691809,1.498616510886549,0.4361838610773595,0.118290647438499,1.0735057070440124
0.7930206981992514,592.7105584187974,11.440600702909284,0,6,122.31394173228732,138.19447212174487,-2.229084731069208,0,2,2,-2.379612732020885,1.4867942065027115,2.08769694285056,-0.5998806038660192,-1.168929548110444
0.6979297028600826,882.7769914536052,154.76469450838255,3,3,266.31906854185576,724.8209672324273,-0.9751593994247576,0,1,3,-2.8069117708964724,-3.350554659089973,5.537469259992717,1.3884497136003968,0.3251080527778043
5.376407465884361,1873.2881148500555,290.7373477710147,3,0,402.96136060046354,813.2034538777043,2.49271693155284,1,0,0,-2.777440137636592,-0.7289646306261657,3.9799830427551903,2.9069153203621743,0.234100205386529
0.1647728706737136,494.06087757838577,652.0992607209978,0,0,2498.1528970768204,981.20334806217,-0.9473246681641472,0,0,1,-2.953226883416812,2.2902264204317704,-3.985566338772624,-1.0098385356878776,1.13196880798091
0.0297954318330731,788.6070184967331,525.3005843021236,12,0,2540.1014967091,1178.544479189129,1.6666591672497897,1,0,2,-0.6851293235379914,1.139738532584886,5.705468068789358,3.308344371395248,0.6026202508331667
0.7170974014798004,855.867282330549,529.8090249129697,0,3,1505.5844355309273,402.62190829787954,-4.19671538490292,1,0,1,-0.4156864174341733,1.2010415135527728,0.7307687237727518,-2.003554230774035,-0.4269758080510712
2.861652972189974,291.1432662192491,706.6481312825807,0,3,817.973169270404,670.8467969184799,2.641659592821431,4,0,4,1.7807258357891091,-0.7170387717645514,0.6806769054744034,3.29312369244142,0.2427458885112287
6.624427641886134,925.102598417658,16.022715939632363,12,3,1435.8254000971483,2201.987086911484,0.8782476843171811,0,1,7,2.259717034600761,3.2739747384690867,2.9504753345054286,4.546249795639998,-2.9859068437590026
4.466095331444126,785.1395866226288,105.26001175354534,9,9,960.9755655307678,351.2019462573536,-0.3945794729042013,3,0,2,-1.1616174218620965,0.0051326143169845,2.19964991233476,1.763410734728048,0.8593517465944083
0.5393193537190067,44.85433805792249,411.1033937770133,3,15,1639.9702211038868,2130.971446186123,2.4782501442677862,0,2,0,-4.716175392396838,-0.2877807379671946,1.0486127947324837,-1.4630379793328014,-1.0421842575036313
6.1313623896148925,61.69843829453792,684.306626215218,12,0,1956.7889585922624,774.8300644050352,-4.074550688807753,4,2,3,-0.3774347854155588,0.8236286277579079,-0.9741903857079248,1.3360891244754058,-0.1793416585507508
7.857160203030515,766.3089348412757,568.9750283161653,0,3,3690.599035238024,984.6377302547556,-2.691260996489884,2,1,1,-2.2049272135074265,-3.293787829377715,-4.040617649624139,-0.6422256537386115,-0.2046176713340055
7.745545209492718,678.2672852803254,316.8256357724386,3,0,1678.4310748374696,85.82585957522187,-2.307118753996025,3,1,1,-0.7421620109759617,-1.201829671414964,-2.707967417645732,-0.7299577893830924,0.89635471860693
8.832195009558632,1119.1795296575413,50.19877545869969,0,3,748.5222934780735,462.8666710552069,0.2646263569784437,2,2,2,-1.7452901732553991,1.2035821510983875,-1.2253990645707469,-1.7380841465504913,1.3062761340940805
1.1286726356453174,757.8404845097083,34.98469620380512,6,3,382.2795492056079,1518.141314493775,0.3645017053561983,1,1,2,-0.265740622817292,-3.2535181686611754,2.083545329924913,-0.4704282841705802,0.0935492168029545
0.8115314107563704,192.90466338430625,565.9308048462889,3,3,1890.30157486332,1069.9036926452925,-5.734293120378467,0,0,6,-0.9874788172865316,1.840987069183051,-1.9793394471756,-2.2170044670280733,-0.7908733108494657
4.3308301367237085,900.7611467540142,547.3122239789013,0,12,704.5409234970186,1036.651031461455,-3.019895158231764,0,2,1,-2.665120701786294,-1.277508498515551,2.75171521407292,0.1129121790922875,0.8417262831247861
1.7838697625707898,1630.159603558243,268.62239649383173,6,0,274.1134364016362,2079.6289750114747,-1.8478274894539208,1,1,4,1.061839535108834,-1.9767380133209127,5.1146864008972495,-2.687301265194171,0.3131741093078584
5.249458579620024,184.7966230187098,468.67392930190834,0,3,1933.652237680271,943.4668429223558,1.270859296601994,0,1,3,0.6326746470217508,1.864649559236232,4.3910521438886505,0.168316374413874,0.3121487003093123
1.3542877330961445,935.4994910139028,689.0904713337784,0,0,1395.610304720272,1775.0764487652589,0.719826927849474,3,2,1,-1.241375825426989,1.8306407621519352,-1.3393157331928556,0.9566457631818872,-0.9115195221406028
0.8068068080766084,164.7733940525628,498.3660350708884,3,3,336.5199617783793,1878.2782267187745,-1.5180253500199934,1,0,5,1.9496046874742536,1.1246720678329338,0.7075936609924494,4.1336131582090525,-0.778222500666107
10.28975793598532,957.9491707583676,344.2356324734261,0,6,92.9066688530274,2381.7067728784004,2.918705152908296,2,2,4,1.2149610624117624,-2.945412079804682,-0.4094887032340495,0.8114483652306423,-0.5840437203526472
0.1993078870232938,1139.5863286140652,989.667298989615,3,3,2523.2524709012496,878.7132843535982,-3.411653964632462,1,1,3,-1.0904098007038052,0.4765712906364781,-2.67898747873588,-1.8315040246709235,1.1266497671037152
0.8588639333349677,1077.5409945554657,588.1320995845053,9,9,2473.077917265969,997.0388943053376,2.6997888640598307,1,2,0,-3.258017259774909,2.115218840728935,1.348338368719349,-3.7247583583690496,-1.4174338859729712
1.878259484819491,396.3848254714668,980.7462349497296,3,3,148.3607151939265,125.5009173922298,0.5022290704926786,0,0,2,1.453364677194765,-1.2758747633160394,-0.1551550245493633,1.595938479385984,0.3744312157701058
4.009107076870155,412.6853715372895,887.4502030644366,3,0,816.3830905457294,1109.146642050248,1.2908851020803909,2,2,2,1.893935018767439,-1.945541819638879,-0.8667017234851199,-1.062693752136597,-1.147281882207619
2.48290308248832,119.45783137216203,74.1625128309848,3,12,307.7084636290078,955.2722699141622,1.4163811141551494,0,0,2,-5.068979635807448,1.502720652165745,-0.7090138487476605,-0.7047984450540354,0.2307466437332785
4.40719241007849,1411.384785288148,725.2343891449664,6,0,652.1808353340449,1515.2773920796008,-1.65438264087065,1,1,2,-1.4343336034167655,4.227593010365406,0.5458522975808707,-0.5923282999684629,0.7980170835477106
6.915962186770496,421.3787619013645,181.1070416114392,0,3,85.20988307060813,621.4472058718347,-3.045307921091708,0,1,3,-0.5322226433524226,-0.3752989902931725,1.4976228577051782,2.4202644164302223,0.7285964725976969
0.2300346170710761,262.42533668244084,272.021833661524,6,9,1304.8873170790794,698.4415494096803,-2.683025043894949,2,0,1,-1.962671951323935,5.338764056399157,-0.385712283956888,0.5892345713020617,-0.0560959118027329
2.563084579896177,1653.09473024013,72.15706518335107,0,0,1164.7249473527704,64.06081488241784,-2.4816048044103605,1,1,2,0.2252043464666338,-1.6452199846462252,4.75846663328352,0.8051039897744741,0.5860478047500246
5.838498115500648,434.0323186339462,218.3312439654017,6,0,733.7259532444162,627.3031063333184,1.893924064205846,1,1,0,-0.4830447089941024,-2.81306776981864,2.5114975378533333,2.0311902298971374,-0.8076038059562336
8.238770510343242,177.91107875537216,851.9278458625413,6,0,1859.0084836745507,641.2425851435063,1.0813145680519165,2,0,2,-2.8785760902611224,1.4783000144546845,1.696691788223176,-1.166912151552262,0.5153330188350288
3.1421233725923448,710.6645379578332,132.8866857912545,6,0,631.8245448514203,1398.543724360003,1.141200534737172,0,1,2,-2.6473327169359013,0.3055296049358478,-1.1576053288740582,2.158472145629447,-2.5985755595777498
4.8966034813039805,454.7085797775831,91.86657583512006,3,3,723.1126248184562,489.2564908480272,-0.2498564880576741,3,0,5,-2.013445595829212,0.9629010718255204,-0.5859051477568612,1.245131553678533,-1.0513307711252589
2.471536003680981,1364.8999172686283,133.46962791228398,9,6,448.969089968546,217.27051443084827,0.5021963023903704,2,2,3,0.0767041007746029,-0.7783190595533089,-2.8688964899460774,1.2578917962277878,-1.0745325159390535
3.721324530281535,2228.999988785481,102.98922763769062,9,0,1966.6861197339767,120.42411287423668,-6.268915571733186,0,1,1,-0.4163260466443197,-0.4449592757469869,5.406834141707586,1.0107125105581496,-1.2702855493956735
7.325023760747648,901.7601099196596,442.3738978085165,3,3,218.07702311058853,680.0665672492598,-2.295037971942532,0,2,0,-1.3781572773741164,1.7845062497764024,3.419659912408826,-0.1883194197704438,-0.4377675441110659
3.6023795746807834,704.2423739394546,159.40906070286542,15,12,1849.753146688461,137.74705435823543,2.4108635250272723,1,0,1,-0.2268541357753393,0.0934013100416173,-1.0883541110041384,2.2663169481935665,0.3198230527539326
3.531372198542919,191.5752691777214,79.21717042044926,3,0,112.53844504368688,2017.8274576757065,1.503016052563095,3,1,4,-0.2157878156032262,-0.2713059671106937,-1.4414066396972267,2.5390033602140054,0.2716518134002612
2.3330500512779704,515.7464776997155,737.5082165011977,9,3,1603.6311324266144,442.4113303741185,5.046815666192866,2,1,1,2.822923939103052,2.646934244198964,-1.4794926752904616,0.5236751406742358,-0.8504962887213698
13.64152791665042,2176.232656495348,48.032803683158285,3,15,998.3227584958386,1955.6417690675291,4.908411133265654,2,1,0,-1.4263397094527286,0.4346943462411086,0.5258035833066893,-0.2999932249832535,0.0056382179576198
2.4157600574308185,2575.0287226548003,186.17232070701115,0,3,2977.8004393463607,3520.7545995864807,2.704244398091073,2,0,0,-3.449760624374086,4.172247879767077,-2.445683254156748,6.035427132254437,-1.0198234745665975
5.188157086552972,843.6001387635495,63.2274760758681,0,3,2852.2591567133472,250.6543055978716,0.3029359974703562,0,0,0,-1.7520820204346057,-3.251791416881204,-3.777414534650205,0.7833605368645074,1.0944402773661046
2.466451615840733,735.3315392221239,795.7968831492432,6,9,1453.9489870445384,31.713350435073107,0.5695916611999636,3,2,7,-0.8035574461048776,2.424313120595328,-0.6111963870928245,-0.6079950262275728,0.9819636390192044
2.3724749305503705,1245.0565303241128,83.54043214595319,3,9,1431.143291272149,1075.8276031350008,-0.1067466897654838,2,1,2,0.1836191607191406,-1.5129556133360822,-0.8717572753000666,-0.5003865218709219,0.7574773590246704
0.8423886132049546,1012.7174306312274,81.50274457346019,0,9,932.010078275773,429.2233184622656,-1.4022820560280669,0,2,0,-3.5769666387407195,-1.3289348438587327,2.60285147835772,1.109047940155237,-0.2135607076598725
0.5403544156988004,196.89225384977283,101.52172153575556,12,6,460.2976332982007,746.2637347875757,0.2910332171397644,2,1,1,-0.5335122162453365,-0.3982174923888213,2.7253067973586,3.7187180659837935,1.5974809335253832
2.1470109091418736,1656.119088118848,13.051229895294933,12,3,888.0784114609552,121.66556471796756,3.516948181584845,1,1,0,-1.1903074823189697,-1.379200458452363,2.516047559732276,0.1314293870382079,0.920402419932276
4.789200934298762,166.89129101804028,552.1968552852805,3,0,117.86501011119466,1501.6889995345646,0.6554658148594197,0,0,3,0.6268694028378219,2.587809466567876,-1.2740942576928618,2.117993016518229,0.1593532614626968
13.235182811478609,550.9385714657102,221.8718677288068,3,0,342.1626547073285,272.1847693021924,0.0464894398590334,2,1,0,-0.0526628127308455,0.9694146809661034,1.1383485155434458,0.6165942066888401,0.5224043864184853
12.603109683672216,700.9432348506829,1111.8384747910409,12,3,2387.894990376392,939.5547988822926,-1.3601991919636054,1,2,5,-1.5024712340295976,0.8965891706401972,4.629507572241767,2.498911002049553,-1.4881532727882516
5.401628196540465,1348.492204944994,14.833589019779716,6,3,1174.8188625475798,613.5711024630156,2.3559354150262437,0,0,1,-5.537841373479528,1.590712947325841,-1.5769362859380802,2.324650041677596,1.4444552256260337
12.59994562485584,598.9300319591754,309.620219317042,9,9,790.0453972907621,1870.0408693429729,-0.6733256393435445,0,0,0,-2.8548795165333862,0.6250124728375159,0.6486109562055237,-1.4205369398357697,-0.3837715584538778
1.547035608077644,1902.5887166844736,1064.6834331832183,3,12,1825.138545636437,1067.2772348870683,2.7830231419710625,2,0,2,-4.211391728975449,0.3209250940512576,2.659121050950666,-2.9773518889422657,-0.3884331596327484
12.37295030669464,1567.2821200566095,161.6064103989128,6,9,1138.451303967982,1194.743878986883,-1.6850186401516565,4,0,4,-0.8399768769555129,-0.7738226343857406,-0.6816046795676548,-1.151673207984565,-1.3534008259934998
7.576503559055327,1492.8530498730486,10.437749432998912,3,0,4064.004243021013,1530.4859860956735,-3.263726199358288,1,1,1,0.5535448836579444,-0.1307787542116096,0.569818413447114,3.0758648792011365,0.2578372259345521
3.3234199406217337,705.8121299105101,82.2421139798855,9,9,509.8702710968957,103.94382064779916,1.3596818001335704,3,0,5,-1.1989213186178431,1.4943932625026215,-2.149517744999555,-1.55954989450047,0.550243304002248
2.6292572506710856,1312.564519587219,171.319690059574,3,6,621.4144775296302,691.3578395019462,1.03927860033912,1,0,0,0.8826221323429537,-1.4286513815886586,0.8064761630192308,2.196577189917071,0.1278288152391502
3.227123439774957,589.451260492933,60.19151470193288,0,0,673.8363806522019,1454.6175337908808,0.9560712715896604,0,0,2,-0.9413291814998612,-1.39903503747574,0.2115827044699816,-3.0986754668111898,0.363131733066997
0.0380175657238624,1126.6413180989775,795.961675632831,3,6,2983.073543749519,245.7725666724436,0.3779400529874803,2,0,1,-2.7151773769346645,6.787808406867141,-2.886877259299492,-1.6897123645222876,0.3273299406452417
0.6789628488593862,1162.4354531451754,1165.9024464800148,12,6,878.6502188462808,797.4694960913539,-3.2412362636839926,5,0,4,-1.2882187120277535,0.0810475660995964,0.9304249751235074,-0.1087655277136754,-0.3077452947661149
6.385200475613631,471.4663184909741,346.3773071882088,0,12,3512.542524319945,609.7258731796509,2.8742967302284645,0,1,0,-1.3606978128657163,2.361752752409311,1.6484093960073702,-1.0485421654393194,1.2304340290974298
5.029148696700304,555.5601846656073,475.72633454955377,6,0,1384.5377862554878,157.97234024007273,-1.4244784300143654,1,0,2,-1.4290569811308989,0.5037694669668384,-0.371918641123838,-0.0331432033925744,-0.2101891612899275
6.722168824925316,641.1531086765025,446.5507485499458,0,6,682.1103750221796,971.406125881566,-1.2662279215318126,1,2,1,-2.127437928853184,2.4240465770213526,2.098769103977234,-1.664026615444986,-0.8713365141012853
2.530872347171721,791.5969317633783,299.168199026277,6,6,5281.966182392069,146.17405476966545,-2.196262904380102,3,2,3,-0.4915776647847706,7.997891620812035,3.541528379158996,-0.7566954194588664,0.2347546916906887
7.638501441107314,250.2278739191384,360.24497057881376,3,3,2087.585700549722,2362.1130420735026,2.931531893047365,0,0,0,-1.86448816185427,0.8016258868394841,-1.303705357500563,-3.662191228908167,-0.1553296869061509
1.1829775492410846,107.43132228324464,172.10063298397677,3,0,647.1194748454529,784.6805831257957,0.0935634131688258,1,1,2,-1.2624467140381097,2.812660427362769,0.600445772597779,-0.5505257668547341,0.8120907802062484
1.4391233336424667,1310.3860385875707,186.76283547670832,12,0,1551.073334990226,520.1147276059554,2.197852998026597,3,2,1,-0.972861018347692,1.4976498031466603,2.5913456492222933,0.2919432891471142,-0.4526269141974106
7.677530244355427,254.67041639733824,55.0636174309556,6,0,138.2302040688653,772.4260592790723,-0.7783942232851779,0,0,2,0.2318324398061633,1.4849973837526766,-0.2564219635981721,-1.1100422869744777,-2.732821327180432
2.3749044021949945,933.8048680193908,310.22427262268025,0,3,1538.5773207127352,501.6455647438017,-2.1506886502197338,1,2,2,-0.6226699725704143,0.5191143383859218,1.5210031738609793,-0.4844328423622225,-1.484592594864354
2.730996479608949,1516.3946334866448,361.6566692428878,12,0,2925.4760013102027,905.623424755353,-1.54706287288667,0,2,1,-2.0522925825556926,2.07132311024722,-0.6182727729128552,2.8437689811423827,0.2608263545420284
1.3419811316955734,1788.9257991054342,142.674222520728,6,0,468.4738386527354,145.02148605338704,1.5527850053884071,0,2,0,-2.2830912479069623,0.6377790677010227,-1.0194668148175388,-1.204889347750023,-0.5754042284861101
1.700613904358694,43.08511717761143,337.558525057564,3,9,80.76231063631167,1119.8296431913666,1.640062110695192,0,1,2,0.6531659764433344,-0.4154692570398866,1.0969219095962577,1.478652451413787,0.0450973122021113
3.557322446384452,137.10523484271485,348.5691422830458,3,6,3071.433919099837,1502.662002222576,-0.735595764186791,1,0,4,-0.9262069851532504,3.440813780994729,3.0563805619386777,-2.2870749205326266,1.1375888010153268
9.341187156655172,994.1442629949886,409.676176985735,3,6,2308.444389064045,1230.3991594181705,-3.5154868024921244,1,0,2,0.2719682549094924,1.173943526723588,7.01124526933841,-0.364780475659813,-1.6306564675949338
5.62116924364736,217.8227339478972,233.59028778501664,12,6,246.9196085587924,134.19994174196387,-2.60936060079312,4,1,6,-2.524927879720116,3.2084439218014245,-1.2262037149630818,-0.1814495458705856,-0.5319275220394707
10.334434865102445,470.92794204636766,1106.0917373620794,0,0,623.347717889388,1189.06703987098,3.0087981228602563,1,0,5,0.1110046762740752,-2.440659112433408,1.7043999369877545,2.480807813068563,-1.115861832703391
1.2392115465410167,78.7594571224044,264.4808056488854,9,0,1191.4984430719935,1687.0357695477303,-0.0398418610745754,0,1,2,-1.4644372546954914,4.670361042425969,3.411716634360465,1.940652658706172,0.48076543689955
1.692200153465522,333.3849746096825,868.9399067770547,6,3,1043.401319257054,1133.470314090221,0.7507756945264978,1,0,1,-0.1670971845141171,1.5713619025835857,-1.192385455467025,-1.7442269465208504,1.40317302316277
6.335302868990873,832.8301741223617,749.8044250210896,3,0,2206.6260802486945,1604.104338230627,-1.3197951658217209,2,0,2,-0.5566585158641223,-0.1604713180969712,-1.3435595644050424,3.7066045202852553,1.025333046813516
9.662122084727988,1332.4598045187963,600.0012060972687,0,0,153.32751693268304,561.2453329562803,2.6357159299608552,1,0,0,-0.6507751335517766,0.198373226518209,-2.877735465180381,-1.0187735751149525,-0.9958387655991536
6.5348969764463885,1167.7830815816294,406.4042562763663,9,3,2143.1872256887423,1224.287833519532,-2.899991903053332,0,0,1,-2.566411805345097,4.751937488926424,0.3782596605047401,0.6397213983404936,0.5359536548056301
1.939608573742512,1627.487254531488,511.3361227976216,0,6,1642.39057035069,381.7662294234465,1.9283376364957827,0,1,1,-2.563700861686127,-1.326153845552469,1.0455021876872088,1.949519617568641,1.0031080331718
4.049525643861063,330.50958087022,618.5614269040236,0,12,118.74067947331508,511.43797709244456,-2.147010463194017,0,1,0,-4.54155693067238,-2.744928094242068,5.762502184885721,4.077501818907434,-0.9813959023389316
4.274219558039463,483.6166154892831,372.6808200214591,3,12,902.8811676434404,1152.8824448315168,1.7504007417023482,1,2,4,0.9957519196480094,0.469555210680441,-0.9538077057343546,-0.5066104237312141,-1.1107233705891006
6.13699508931321,791.9559058022984,319.68147298985986,3,12,39.40749871279184,1423.632118047174,3.7979654620488335,1,0,1,-2.142157500908937,-0.0388672382251904,0.9291661754446332,1.4825332256064088,1.3216063069350608
0.3640481121849688,1296.745689014521,1000.098622795935,3,0,2093.906027122136,297.6904382865553,-0.8246037391630987,3,0,0,3.1100468805942905,-4.10130732681866,-1.152803237741589,-1.0570924888475528,0.6209084512101769
3.17616442091747,227.32383618839316,668.1206866204506,6,0,1505.308366454973,722.2236154769629,5.79279146926047,2,2,0,2.514924223536724,4.320676989687455,-1.2616291099858798,-0.5648560514217014,-1.1044936215453909
1.0440026488316845,865.6011434075949,616.2306933471543,6,0,3156.579375541133,2783.333088579708,0.0730739063840135,0,2,3,-0.1659884510829787,2.0630383779588954,-4.534892736153315,2.177711375537008,-1.0309226082884857
1.1644543858092404,672.1401953441646,313.3031627004599,6,6,1894.6464288186469,2082.5065639788418,0.2066040811602201,0,0,0,-1.7733790056636909,0.8342410344932957,2.404752878690867,-2.1661704543239257,1.9288096475034595
0.9279446963557908,685.6864362685475,265.52403995120784,3,3,723.4228278687257,1047.425936740124,-0.6228995772220158,1,0,0,-2.1740975739756507,0.7748676873112482,-0.939349550611258,-2.7786311637818666,0.9973857796408632
0.1314917463469042,1718.768428192854,436.41631444642553,0,12,2185.1198721853416,1999.1813499011475,-0.9683055546124064,0,2,4,-3.4502012186013733,3.048013113680245,0.7605724429123382,-0.4764592757060059,-0.6544786959555234
1.7371126374494663,49.78890865970265,530.7925551165167,3,0,510.2241867292257,1291.0951924571064,0.5920174834337377,0,1,3,-1.945451944719949,5.298884232692121,-1.0506202740596742,-0.0652525783777298,1.1752784023515188
3.227522505571071,74.1916085184302,634.4508538389182,3,0,682.4266003450803,2098.638294696815,5.334832760422404,1,0,3,5.409544027597392,1.6954229674111134,-2.009246178980719,-0.4476222837812065,1.6167262658427557
5.787783173026596,916.0684809367688,977.7406819435772,12,6,723.777368568287,1472.1035282715811,0.3508022182848493,1,1,4,1.1489382964404398,-0.0233236202833151,-0.221260026805355,-3.944865505027079,-0.6138032344929252
0.1909363177013532,1416.0852704568854,23.259508285231977,12,6,1693.3599315207982,1892.501961158452,4.214704359901263,0,0,7,-2.464285470302457,4.359867168557587,-0.98204948656627,1.1366850480776929,0.6253046007277039
0.6491014131841721,91.00610527939423,118.13049786847324,0,0,1362.3730618555064,438.51061598901896,4.522069924437677,1,0,3,-2.618302301024066,-4.831659615825711,1.8110027924981005,2.823746850035029,-0.7665871676381327
3.018066877070299,136.30855335274805,294.9554873472293,3,3,531.2397073237413,315.60464536168536,-0.8021983342752372,0,1,2,0.1365043387232285,1.3112312218069877,-1.0046569623229111,-0.1137228787754267,-0.1715978126247332
3.380443033612451,1390.127779316117,783.1924372925201,6,0,692.2482843628262,688.0501074341045,-1.9100626663661504,0,0,3,-0.3224981568163331,-1.1195356242910826,2.272432749551826,-1.365974808356894,0.5187045877055986
6.703855230890262,1047.457283417225,672.0985098311432,6,3,679.4171754335629,856.298800925296,-0.4000737059937966,1,1,2,-0.6696895875308059,-0.846843416496506,3.717630397109093,0.8156635864172399,-0.1021872785689341
0.9897979673662716,564.4504920238987,204.1885248916957,0,3,2555.116217281272,563.3474974296727,2.099955785359316,0,0,3,-3.754488583331272,4.993056599033594,-0.9582343089793112,-2.393138673407502,0.9932706395842348
4.984708513683788,954.0648992506332,351.75801598362926,3,0,2389.0624890053778,468.7609163097383,-0.8870077048205516,4,1,0,3.273125551810886,-4.1976580334469125,-2.177323452565115,-0.8549267169269296,-0.6865942063993902
4.20107494595663,741.4467117224053,183.3910618600519,0,9,276.13634858920034,916.6132414665614,-3.97317561295748,1,1,2,0.3841405361930694,-2.150947289323347,4.1907085615070345,0.0877965859901717,2.8479007406610632
3.833450222392997,477.9835713463471,629.6964959146269,0,0,61.05452265637875,577.9709977326096,1.550284601317809,0,0,2,-2.090148556887762,1.7375037456561016,-3.254926497918724,-0.220115025999223,0.8544780407702751
7.433023383608655,368.0095085640807,92.865708446684,0,0,725.8305829680585,193.24575240641988,-0.5417345047745483,1,1,1,-0.7822422697925482,-0.3196340481412498,-0.8860969999900872,0.1849083162190878,-0.8245715981886365
1.4731605874964333,127.19626254002748,656.7995147131634,0,6,809.3420321033925,1410.53547351247,-1.5787340443661826,1,2,5,-3.539374769083347,3.00531244133847,-1.3449208269668225,1.0853858920854005,0.0959868350501351
8.611625519281445,182.335980131896,555.2727394920481,9,3,2306.125179847276,681.4576519899384,0.0517080581299231,0,1,4,-3.004976760027194,3.9118487653122553,-0.3552194454658999,-1.45675931848523,-1.242811350759775
6.883978963855618,225.12140002233272,575.0319146739122,6,0,1064.152608427475,10.897431351090988,2.983190340500963,2,0,1,1.170492814878532,2.3117780188034063,-0.6448171884074254,0.3140148474534938,1.489982653039872
0.7776615835400701,1872.4177241198688,86.00096717161418,6,3,48.30381701317061,993.0802654140087,3.1450586137652827,1,1,1,-2.211914215232964,-0.5597727603512301,2.518276550751029,3.582548036129089,0.1080999289559267
10.10169332175689,682.5269483169473,676.16967123605,0,0,1437.730934689514,177.99137532023244,0.8645753049630678,0,0,1,3.352330117247152,-1.6060649825402082,-2.816941082826233,0.3399862102047553,-0.291386047526244
3.033065328502023,2600.2085898748232,253.2097313940006,18,9,4422.182373314114,457.2234790180847,-2.492548930093543,3,0,1,1.8924856138013344,-2.740021279471049,-6.052637116500983,-0.105452096157528,1.217725557302028
1.8220026374196383,1561.7859806766178,785.0068401265239,6,3,13.594054134650984,1904.6203120772527,-1.3642984053141405,0,2,2,0.1446995841592182,-2.2776175925464,1.8318874534457368,1.1821130368287909,-0.6669989048862695
3.7985803439880663,214.42878837874247,377.24812807645714,3,0,1951.9299640171057,570.9727840475884,0.0382693474832815,0,0,5,-1.6319187323209017,-2.407677614304463,2.370254019317295,2.5687870030418853,1.1274892170560105
6.393571571250077,118.90660114853048,632.188959913711,15,9,328.6363657740673,815.0258743286164,1.0748230490053172,0,0,0,-1.9632401478286523,1.7613327931019749,1.973133282126002,0.1865393576308918,-2.560845880342396
5.747774475234011,1282.315210855942,268.2520340359578,9,0,653.318563850147,2603.910323000261,3.318008150608131,1,1,6,5.474373295225305,0.0326081874278556,-3.5809462432695724,-1.4938429588722484,-0.19634471233802
4.586149073135713,1069.7027445331682,1148.8923346751585,0,0,1168.2200177108275,1244.138200600954,2.5684997538592174,1,1,4,-2.6705995454800693,-3.074595905114319,3.72982231350755,0.3984752862770203,-0.2196505690205974
3.2582465481216656,1024.6302425658537,837.157619908948,3,3,991.5257030662234,464.3740240978744,-4.697023616541219,0,2,1,-1.9872000763569333,2.2502518103519806,2.7462594656755632,-3.350435976580199,-0.2077713548178221
3.540556212509309,728.6417860422589,816.3377785258218,0,3,1848.231024381426,266.64278481447536,0.5204451455677979,0,0,1,-0.3107431655171671,0.4719853637906845,4.1761153232974255,2.3613582718133346,0.1164058110275798
1.1055026380029638,1408.7344905835337,1312.699350836311,3,3,1924.409174785745,1279.2662298907192,5.2204973441332,1,1,2,5.139673463925879,3.6380031582958985,-4.260296697725398,-1.283257942910469,0.6825233450127391
10.731178941625554,295.3943686219603,202.3412060913564,9,3,2238.9543875089794,1358.0709749578532,0.4210294964420489,0,2,5,0.4157034170442939,1.3426370489189097,3.895259763950378,2.986152913490063,-0.601938865832042
5.27693595844684,17.23068633655245,539.11315334627,6,6,2247.2478739158414,226.2108215993047,-2.130535590268411,5,0,4,3.4942045877158128,4.379428757748605,1.3261928870117108,-2.676124021530338,-1.1043348603875087
8.048865039384717,749.8996638165502,841.4255902500832,9,3,746.507092795442,171.30509692054713,-0.1641328043858416,5,0,1,-0.3460497716319808,-1.8989229030254968,-0.2860482295060447,-3.840049813942653,0.5300756934007657
8.712637984493657,1821.5519306717392,828.4408989289959,15,12,552.645177271057,1812.1931602394864,0.1099170305651038,1,1,7,2.4720746719658333,-0.1361700324925707,1.330036984876667,-5.13423940091857,1.024605136957478
8.637228449706239,794.4826954748377,381.37011839664575,9,0,2909.609961240272,850.0776491594413,3.0027572903936046,2,1,0,-2.027926483348881,3.0207793063632757,3.3030833044541046,-0.7990123938621987,0.459575260469284
13.832211376113566,152.3988981812552,474.49983954763,0,0,2069.407806833094,1103.9081474942714,-0.7420213890686452,1,0,1,-0.7204238827858586,1.3510950385891067,-3.1010900033410653,0.2928984380722521,0.7000535089790318
3.738403498756991,764.5590740248325,339.424689832153,3,0,1148.5304644140126,182.5712764494859,-2.476521973727442,2,0,2,1.1530577995624307,2.1554131141733905,3.261365663651066,-1.3241967624979738,-1.605396342270887
0.1852381109618643,710.4928482075866,88.76783232545083,3,3,162.33350898180638,1057.5472542381249,-0.3994089796230431,0,1,0,0.2664256768288168,-0.4343087797899561,0.8333937406242965,0.9480088746198932,0.8642012617097435
3.7650712699588778,1750.0516381103737,338.4355808595756,0,9,1044.2256217161737,363.14014065633376,2.2824550421950187,2,0,0,-3.4521619033041717,-1.0767410340930996,0.6858607596631128,2.0267086443107787,0.989229928494058
7.327844392945022,54.96746905028493,262.58182956964254,3,0,548.1869046448712,540.8707790504686,-0.2940511223342023,2,0,1,-0.8269925224121463,2.4224075542882835,-1.3459258977855566,-2.364592695662281,-0.6281265323697565
5.875526002674541,330.4955158910079,188.89135241006167,0,9,760.9899838010027,680.5809761279882,-0.5497515458508055,0,2,1,-4.133297617727775,2.6270074522190114,-0.8630379524750726,-1.2868266419286605,1.054015364158347
1.648553116669079,1270.3083909996926,470.2390890561858,0,3,110.6404104316562,1292.823419445547,3.0530683694439325,1,2,4,-2.8908485908770176,-1.4249850815527871,2.921462947198282,1.1330828415894303,-0.346715268190585
6.22562809335583,1102.5685190201243,555.7488246295559,9,12,373.85896821714965,293.4055106790265,2.8050273086074906,0,0,1,-2.3600115264017743,-0.9973946644520522,2.137858822541691,3.626081226794813,-0.3088488503338716
4.385675764628293,192.89662284993915,965.77361597943,3,3,844.9960480770004,691.0356332687317,1.014180838641293,0,0,2,1.811407650835584,0.5925894836222475,2.92269643305053,3.743895371673288,-1.0487864215626077
9.07242109238718,1268.0616042625754,398.941148554105,3,3,2514.736536575115,1236.7577503328482,-2.3943498846328173,0,2,2,-1.755410296420204,2.0810558509804045,-2.666391753801308,-1.3146460262205026,-0.4079209002831804
3.4908336085652354,641.1917241149407,148.40533507941257,0,6,82.95547906925027,706.8092550897277,-0.092884356420507,0,0,0,1.0461784418374154,-0.3575746324032878,0.0181911392700324,1.5775162784085008,-1.3715247835138644
4.280648744906946,480.5457551566989,513.3511618315472,0,18,37.224087796525765,2161.033559259169,0.9568957093469675,0,0,4,-1.342640798203852,0.2127527967586511,1.0203241653136506,0.6037911359392125,-1.0586624628711556
2.588780228573317,1422.8054238565323,698.8660739189138,9,3,689.3672960788107,437.229247922368,-0.208351227826248,3,0,2,0.697480778926314,-0.9854930025124632,0.5379147160938802,3.1726464723471066,-0.0614444020633937
1.4959081912573455,346.50842134988005,750.5978980860281,3,0,1659.4532539805243,1076.6174282248874,-3.369646690810735,3,0,2,0.0445929290557396,0.0194547614920901,-0.1505462812476259,-0.4028418922725724,2.0476619808842598
1.5509966485918258,1.9412490852478423,543.8778633305003,0,6,1222.4939386322726,205.30939595654405,-0.6931676591234948,1,0,2,0.0802067672729871,-1.1416463264828136,-1.926285830964084,1.1922505059626656,0.1805442916254101
4.00895366841604,253.9210499697832,247.77613302156325,3,0,50.848541339599606,677.9467662827791,-0.1857803104800606,1,0,1,0.0355864446935476,-2.918635523195604,0.4846957993855698,-2.046169682540949,-0.4271368470044214
7.787332998105488,202.18596758254444,65.23249828752735,3,6,741.4576245534195,855.4009193820566,1.7080576116358563,2,1,0,0.7517276515958762,0.6170634301617833,1.1739884960509317,1.0301537930003224,0.1769666488441416
10.032768241724945,16.37590709328829,62.42768677982336,3,6,507.8364912805787,1159.4767356596683,-1.4410164754002834,0,0,1,-0.963178722444778,1.3318111570772488,0.976737756502372,-0.6621035893663018,-0.5646726957527581
4.278257891377518,471.6261665170956,733.0329108120895,12,3,876.4428232188166,832.9613030074765,0.1044485589319887,2,0,3,2.197184843564446,2.09708033300443,2.0485701546486843,2.212499909338783,0.1102472993603474
1.3443689142798452,1418.119680606365,641.5786609404653,0,0,2550.1367755535603,1456.8297994280706,-0.524811290967397,0,0,0,-0.4256253780970839,0.2405363003948347,-1.8966418917225167,2.2536316430436454,0.1766065484768478
2.776647005120246,443.5450214758175,676.5671799359467,9,3,1480.5803166234732,148.47316291934465,0.3010433084224925,1,1,0,1.2665951857949074,-2.3308797127110963,-3.065573922435208,1.7655483251107509,0.9031011881925968
0.9475268772663809,152.96587565666326,534.9610654641563,9,0,1578.8692415676378,1281.45897234863,1.2541501349509077,0,0,4,1.623632731934017,2.6341716966325546,1.5268342703771605,2.438931479979115,0.5845254636204705
1.7077062785653474,688.9369757773156,332.88476899000506,0,9,18.62011979941648,2236.4434859681705,0.4329994171181905,0,1,2,-3.021735530413597,-1.297989207620924,2.262264180984117,-1.812468103011553,-0.6003282748516717
0.5680146962961106,569.6950189696094,913.0664660615456,0,3,1819.5963759249903,79.80942760104995,-0.2257459476234722,2,1,5,-1.1394975444170916,3.4202132699137966,0.3324198329912998,-0.97341260434484,-1.7761894602104735
3.107920463115636,937.4765477517212,530.8700482906689,6,18,3513.966975684216,40.15192044322167,4.335768223982302,0,0,4,0.5224619238832529,1.604152647669052,1.6136039335986812,-3.240538609103094,-1.8661083154647065
7.664424816393868,762.1044188777166,53.23290490864641,0,6,1607.916320278015,196.445068488439,-1.0985379049491226,0,2,0,-2.6534054663646582,-0.3080654762466317,-0.3811850456933541,0.9642008196427364,-0.9975611959288148
0.9910650857118548,679.6140009797913,337.2534394921606,9,0,689.1531931435312,1518.823917749937,-2.4743877518391546,2,0,4,-0.267555061127082,3.0272663885162654,1.5927207966212635,1.0269840516083395,0.5559643252821126
11.02755354532171,651.0975408837019,1130.508239493307,0,12,191.19145104727423,1439.8195271628276,-0.5293721022631903,3,2,1,-0.0004155591992218,-2.996019228667877,3.2413192895962064,2.070138021050557,0.663317505137066
3.8456047424688418,563.0725378061799,78.35836866909038,6,6,1648.5202032685663,161.52537127219645,1.9187090383641208,1,1,2,-1.509134300201605,2.19125171671185,1.589325753251256,3.2345589903976,-1.1312440316667352
6.70894155183248,1082.5285734619404,35.244072375186256,6,9,1972.8773159106784,1112.1454767185496,2.6864876395644166,1,0,2,0.523565140693427,2.3033461333891405,2.3095416311864074,1.89275838269937,-0.6631993620096783
5.487276137637085,1043.0520469181815,638.2920111446978,6,3,1824.234742102264,134.4022837035135,-1.22448674802362,0,0,0,-2.5611617579993333,-0.3581593088305703,-0.7871006446523277,1.0737205059259276,-0.4344736323477199
7.144647179066502,749.126594759854,572.3270720699621,3,0,1386.0111403714388,1166.492407674151,0.7515610446529091,0,1,0,-2.8383278692630443,2.4894750948373043,-1.969728721847022,1.773827600704729,-0.5788283245924991
7.188954254067217,1219.2310257392678,96.55936746232818,0,6,935.9241736225196,1022.4328182332996,1.6263115638805985,0,0,3,-1.407736851975334,-0.7383053024346867,0.1638725705680745,1.0763758277736268,3.3003780818218638
7.939718324415871,129.26815552952775,779.0676707765894,6,3,897.8140970236609,118.35186041819875,1.0756286180466292,1,0,1,-2.5453647216459783,0.0956330367889126,-1.9553055061852076,-0.9551729343213136,0.6017598192663622
1.23818497371561,361.53199451753625,329.73874964009553,3,9,347.8639013178792,1929.0348469128105,2.77910160429737,0,0,2,-1.055196196292848,-2.3400703596722003,2.3342882646997944,3.1515406621103565,0.1867777347846398
1.5957208859001328,450.0329787079076,73.43451751072345,0,3,85.89537312813202,472.2911425919457,0.861656347156661,4,2,2,-1.2839031971498105,0.7238537337890233,0.274295099609978,0.7524488920584433,-0.3859047942388579
4.352990512051955,1820.3649918878648,85.51964228430332,6,6,3429.413175649401,658.8517888151733,4.469709491607551,0,0,0,3.095371575733332,6.769326076088439,0.2868806109140551,-2.1875572456458388,1.1877238678474509
4.307698839482816,786.9412839101992,900.2680903446817,3,0,2110.776861533501,149.68803640896738,0.9878240439452274,0,0,0,-0.2182412609563084,0.6610289236894072,4.472458281260709,1.2559428750284591,-0.0264411851382746
2.268840562721693,692.2755049026308,70.50776199057681,0,3,2851.404053319199,848.1547252235566,-3.861245007807743,3,2,3,-0.957657364875288,-0.3475447228617276,-2.7498258915628275,-0.4835855366816028,0.3297214900351349
9.057323419635052,979.9890927533722,103.2598873899833,0,15,3679.3045438026143,60.68940438797112,1.907126630514275,2,2,3,0.939487453048714,1.772745937510804,-0.4647486947367959,2.203082370347045,-1.3306239736143508
1.2865291991765615,1633.1053718602493,503.5339625470113,6,3,3752.916217794906,1207.911611114425,-0.6018498386049755,0,1,7,0.6278175459109196,4.147540678360022,0.6104123902635035,-1.263615017315174,0.3162466131570972
1.978113258458818,2635.3102630375174,18.889616291671054,6,6,2272.457253689484,2296.412863940405,-1.978169796888968,2,0,0,-3.697637660286007,-3.3313999252267914,4.838214866736739,-0.1116637887109868,-0.8936462175727142
1.7920752979267327,1332.574367465415,794.2617307323417,3,6,1419.4913854971708,1729.270519448298,-1.9698161545383892,2,0,3,-3.727929565744031,1.7825062072151172,2.644042378778752,0.4282301569044162,0.4711131314792644
1.0129498719465155,793.8702900071194,290.2336261543501,12,0,493.8751300030319,261.75404023000465,-1.6104688746484634,4,0,0,-4.581952406405164,1.68049345216179,-0.538877375879258,-0.6428253357770135,0.0614335546843552
0.2453603392282905,176.86338403106177,328.91134358562704,3,0,1304.3757383969323,473.21941394250456,1.3083699676174498,2,0,2,-2.2434620495540383,0.263320128287736,2.19522774324205,1.3086149784413097,-1.0653746936780888
2.3955749045718804,386.07906452306537,412.350220049059,3,12,2163.1873787505365,1143.4773740870835,-0.8687530507402303,2,0,0,0.8332032286504052,-1.64697030130305,-0.2114577772721115,3.567701597320884,0.1456253752980318
6.676735322904575,59.108561892789794,851.6002369311678,3,0,226.5463462330084,311.29154046330746,0.4600480161573113,0,0,0,-2.680833764808038,0.759999064902174,-0.0961236623602579,0.920931435572062,-0.5202284521542112
6.994131099490821,811.3463504938736,271.39275309154226,6,0,749.3714279942141,1262.5998547657832,1.2323870342363186,0,0,0,-1.4906822324700884,1.2830785873386503,-0.1851172153278906,4.442810146537141,1.2090238247793226
1.5184236957856196,2575.9355270226124,495.4235571944564,0,3,5343.543166222407,1568.288155151547,-2.0949441545519107,4,1,2,1.228418804875648,-5.609530694753729,-3.0396949151917334,0.896813022799894,-0.0648920635941942
11.44275869219626,1694.5758242924232,354.3367980362607,0,0,1461.1876078131309,2164.5095833538767,2.2799044148319205,1,0,2,2.348778450510882,1.8222842920871665,-0.0099289675039038,-1.206619353482829,-0.9555049615851352
0.6335835058580526,147.48266089817685,1082.5798674201662,0,0,102.47293142858187,265.81695377343857,-0.4989383564858053,3,2,3,-0.102212471205294,2.731188924074586,-2.258613032075594,-2.74725229396513,-0.2351384771007068
0.992238080848438,516.0678490158434,72.8874497627571,3,6,92.39663477690404,993.2941244650474,0.5577975997116941,3,0,7,-0.9478451530959467,1.1046466655141411,-3.1222252694054378,0.034559405288548,-0.8123284658576061
3.874104826404317,393.6945058239276,50.865439044519874,9,3,1400.6255947003438,1868.6889615432776,2.336290424497837,1,1,0,0.9127213827314375,-0.0368950871462538,-1.1109942647600457,-1.2072544822399338,-0.4108635946579647
3.450224775144396,1119.0827492627232,564.960004726058,6,0,2508.8681934803426,1081.3189823492353,-1.3392168211274762,0,0,0,-1.2566597690596115,-0.2568827989081035,-0.9492468040284862,2.691536264156511,0.9128440130400018
1.1297350591554705,470.6451514581164,505.0911808506037,0,6,433.0524132537388,426.91900797841794,0.5975686327765901,1,1,4,-3.1533557617528203,3.568473640565763,-2.562982799790796,-0.4853300590697826,-0.7146920057566195
6.027022557641982,1182.7447604555523,157.69289606816284,6,0,4.975424540867097,378.9292205069495,-4.473640928610254,1,0,1,0.6678333414292759,1.2259243176455354,3.3460744987330164,0.031190932094403,-0.1878716194890798
1.2369118009681277,1964.5520545323063,29.34233556911425,0,6,4081.281381665302,1933.2093516878156,-2.1930009022568537,0,0,3,-0.2911569859757927,-0.873636247463432,-3.813524466666899,2.719020017640244,2.17595588475342
4.726410021495363,1003.9747947893818,252.49161161319512,3,3,125.13919920108252,1810.7787098311023,1.3933327604144905,0,1,4,4.506470893686371,-2.299170231625604,1.043027673716079,-3.768595172150953,-1.7400506974257477
0.485980710497812,692.0602765718284,39.76238789544972,9,3,3523.404706352538,565.9019820491305,3.3908801757834226,0,0,2,1.1217691938792096,1.3948225992342458,3.76381910176897,1.5181638438821794,0.2473750728597818
1.5521358826125535,187.43319905392897,344.57569459710027,0,3,1785.0660823029752,56.13793254144134,-1.461264154962125,1,2,0,-0.8369583101970687,-0.7309887474116215,-1.5214657803987248,-0.1538353749890582,0.9470524165760096
10.447985610409848,1386.2331323759142,176.317397840093,6,0,729.5394525848695,1231.283057501861,-1.6663073359858167,0,1,3,-0.3172037093403722,-1.75161896409149,2.8043337650968905,-0.570550827604986,0.7560334390509192
14.982793640038798,1522.6027328849343,525.1500321435279,3,0,2547.97734355022,1356.7905110349488,2.3064796702927177,1,0,0,0.9485310531085128,1.471438509826011,1.3342430561244405,-0.5420792050305236,0.1970948579270694
3.2155479118038994,2007.079876875008,447.888263190936,6,9,1397.3963299489142,640.1530602512676,-3.511023097781374,1,2,0,-4.451594883109356,0.8678796831198743,3.891175919133388,1.4258572909697202,-0.8614333657844341
9.2287188780596,0.4889162000557556,110.469154383223,9,0,3485.090499354351,2128.288071404822,0.9436839562055176,1,2,1,0.8851206912686467,2.8005404649232526,0.1516218553975767,-5.100628006391918,1.276029153322604
5.728783112002228,1400.615519408224,484.7602984940968,3,0,1003.6768545875168,325.4003942305653,-0.214533966643488,3,0,0,1.6044256864359494,2.495622919709718,-0.6266521316584568,-1.6897320472361266,-0.3226538189438171
0.4707724165370792,306.3602302315203,587.2682096866884,3,6,432.3404060082382,529.6849602456688,-3.545244858334792,0,0,1,0.1774926908808609,-0.3830399666210062,5.046916479656921,2.732984902904685,-0.0825652312899322
1.165738379791218,554.6207119706163,110.9058100754582,6,9,1708.993007439402,1149.6114784602917,-1.3231308761079226,3,0,4,-0.983579241974258,0.0493650545965491,1.315074737669888,-0.1917236390217045,0.3030895186463017
5.403880438224396,687.7963702957396,490.79055311241086,0,3,449.786779404689,2299.360026499223,-0.0319725368223797,1,0,5,-1.3920997419113763,-6.273712641993972,0.4992382956437292,-1.4382927201404685,-1.5802463931355653
3.339037699611889,520.4291873259272,94.26689570597108,0,9,1248.4180640858642,1069.4830844167143,1.0503584826572023,1,0,0,-0.2427374322546718,-0.6590440887287952,2.195181858609091,1.6901810954930914,0.8033312299488445
2.137988539194671,24.853128414768832,252.56444977277425,9,6,2547.002433561067,224.74052671039456,0.8363939425887512,0,1,3,0.3387348878388395,3.1121466617160314,5.805557765971526,2.859803357382213,0.8696818633075288
1.3813093090881372,807.3775841195043,152.4866031438274,6,6,65.97189436920597,2369.884945079535,1.392636280399271,1,1,0,2.238064111703136,-2.035739201586924,-1.7932245337870123,-2.5931008945428378,-0.1623145503939084
3.201868195287989,1413.1311731576902,690.1667834128566,0,3,2213.281649155674,135.5585578737219,1.6021131091907923,0,1,1,1.7782143135950714,-2.4331122601626496,-2.284929702583609,1.2458689411052335,-0.7384036902213801
4.86356625162779,661.9206025922243,1049.4249580045978,12,0,3179.838621567355,752.4756496150902,5.500711766931633,1,2,3,2.817062508793424,7.743733390422441,2.3145233108122456,1.329806219298443,-1.7181400166646854
4.037435267558813,781.7874310988078,153.8855080128832,0,0,2303.729368502159,2522.3779234562385,-0.1535198976814813,0,2,2,0.6518590340341848,3.332074139821516,-1.7011618306280178,3.9380088762218737,-0.4287813752913918
6.366707903386503,1366.8020376137456,132.92001829631934,3,3,519.4215387249137,806.1851421500661,-2.923439018931857,0,0,0,-0.6799754187325863,-0.9553301041057328,5.426909087440881,0.8694082817252131,-0.246341372893036
1.039218871063417,1408.098546767686,76.74040320569398,0,9,2373.731418897089,1080.0926416034802,-4.06273671060995,1,2,5,0.5416112259424617,1.7408805480599805,-1.861412143746812,-0.0654564075893806,-0.7897645825578724
10.794900846711997,323.49045432688393,96.17493195345702,0,6,598.2690311328427,121.6578880577498,-3.650649741763005,3,1,4,-1.3023270638592956,0.1682289715369409,-1.8967068295231333,-2.8544453363561457,-1.3415636938053976
3.526155811616128,240.2155318699981,905.7396644163524,6,6,122.53793026172475,447.1145592279573,-2.963346362185509,3,1,4,-0.966680080260302,0.6445943355902074,-0.3149750570212563,-0.5949022582681993,-0.3087667525642326
0.468884428825104,1707.6735055323793,169.41186926158196,0,3,1858.921562379703,455.14436677905417,-0.945203843813015,0,0,2,-0.2181356601918462,0.3739127170228232,2.85439109811207,1.5827504655487856,1.2098962923334446
1.4499145189512368,1072.3795115988644,100.93002824494476,3,6,3808.763672428507,1571.4742851118986,1.400744994662104,1,1,5,-3.903759283967805,-0.5255747950579752,-3.537867299706477,2.7814577265824463,2.096370795704963
2.2980477076858525,2257.8127140404918,775.0645017684142,9,15,3720.9488280300206,126.81202047035862,-1.0975999614336045,4,0,4,1.6395736083038044,-4.925649957883592,-4.850461641642518,2.085807465064849,-0.8314987904142243
9.099332001454378,673.3381957172012,297.6863608470089,9,3,2270.168150476943,808.6584883521346,-1.154836643581762,2,0,4,1.1900815288568145,-3.1987994042953223,-1.913808698174184,-1.4965346130345902,0.986568952705559
6.26104276159415,781.5789395132555,1008.2459152141632,0,0,327.192710462393,496.1882086747541,0.8235689895747519,1,0,2,-0.3294407763552851,-4.070895085416455,3.1030235042519827,2.086607523359035,0.2114127633617704
0.4082773715872791,172.81106093746433,496.5102354426485,6,0,2664.69187769938,1587.8739769305243,1.5837890254965152,1,0,2,-0.8875810508445188,4.430325110538111,-1.0617916003693473,-4.3403414708872186,0.6171248407723307
0.3799411855985191,33.17270713035969,22.93917530851132,6,9,1483.5488694216274,1934.671232319905,-1.9488672846235977,1,1,1,-0.9659422011466072,2.4075320958982616,2.3452039775174427,3.971521292800397,1.891869455408658
8.439968194939148,1204.8051567945556,192.2580988141638,3,3,1385.927004573171,1438.1990678553989,3.1633461589511267,1,1,6,-0.1514107925296386,0.9655920254521552,3.596428781600884,-0.1365614450909342,-1.579946537178622
3.1441277095729614,170.33348054632626,389.5579936817019,6,3,528.5960078518702,1110.189816898206,-0.2017984404714656,3,0,4,-0.8790861120257787,-0.4570353380630834,-1.7550650733348858,3.4036729518700133,1.4560065915718745
2.726993585470838,562.8212956750194,570.3985358230501,0,0,3964.993414200624,560.7698582058847,-3.374081589454499,1,0,1,-0.3866701120472667,-1.6691556920290531,-2.633684334043884,-0.7820135561915333,-0.4980477124566048
0.8386229524783502,1030.255292074239,152.9766235022499,3,3,2964.641458292899,863.9948224579598,-0.973631449417926,4,0,2,0.4418908758591735,6.673845182052614,-1.2139079697604107,-1.2256247156187337,-1.0523172029092285
2.819272312877442,1522.1369221095767,192.6921063322208,0,3,1575.1320945366376,1345.6207260280137,-0.7350837436723381,0,0,4,-2.8888517014258586,-1.643719525331594,1.9377328228455504,-1.3325320222593309,0.3452741809307535
0.0110754666218916,635.7597601151747,582.5676431412172,3,12,2406.037652305915,916.314704005444,-2.427397195416573,1,0,4,-1.6070336541754924,-0.6024172215415606,-0.1150665878566683,-1.7495624204176217,-0.8740025159529047
1.8676730410768616,241.56092294358436,520.8296455852293,6,3,741.1729964465832,1270.726523043019,-0.103401776429389,0,0,6,2.8591779934188004,2.423758788142861,-0.0918547855453013,2.7304245120787134,-0.2212388550785145
1.8673575797912445,2370.491812903264,204.76450520084583,0,0,5050.611113366802,2249.843889059445,-1.3107726662733563,2,2,2,-0.2860698376403209,0.2659876351471206,-2.842818450559435,3.3509714555787635,-0.0648168748366644
0.8275285693071399,1352.9407596118735,41.92251242164509,0,3,3181.197998255716,1087.3515265786396,-2.0981428680385865,0,1,0,0.5233304324337695,-1.4475094774386876,-1.60261803250009,1.783461233720718,-1.5930007112298754
1.0095900693938331,558.9656730032168,862.8695533373435,3,0,993.6418390155576,1339.2976021917518,2.3637879733940323,1,0,3,4.003440790024724,2.9500235881370385,1.6715725209627137,3.903137358241949,0.6113393591683678
1.3557862572285695,61.744079676014586,324.93424491518755,3,3,1306.637057202416,58.1070212796793,-0.9675050937658544,2,0,0,-2.118143008354381,-2.6415725105542203,-1.2641605098753514,0.985667551819911,1.307112890792987
2.6015168278203453,1020.8474076211608,162.63759807465448,3,3,1350.9116900843946,611.0140752388229,-0.9318490017277996,2,0,2,1.5653465261181725,-0.1672036022484238,-0.3380644495404161,-2.709815894868161,-0.9526557455209648
3.653523777082357,1200.2742893064014,687.2261455304892,0,0,1583.0411724169958,699.4286873006831,3.0274516600663945,0,0,0,3.2815574580407594,0.6695244611039092,0.1088138115464134,0.5671710200528942,-0.2914357877665727
7.880446840120356,814.8727862705183,679.0619934203138,3,6,2070.7828341507434,2321.391587105655,-1.72341108381556,2,2,1,0.8323948911840551,1.6997162770977878,4.012462242774886,-4.00436953342343,-0.3336466848887763
1.8275830055352051,152.60286087446363,19.76169863206081,3,9,861.0047653401205,14.54046721100842,2.066270351898622,1,1,2,0.9527555486660674,-1.2099049739144618,0.4768699333554331,-1.8385779775187163,-0.1430500235216328
11.026229385506408,494.71281088312,77.99511534902632,3,3,1659.4931090838866,1576.0324020838964,4.293272969015629,0,0,0,4.247246471591771,0.9397166805080585,-1.6781751492274797,0.160752764059969,-0.9699622968973138
10.538205932996751,272.7947551996253,144.62485868038888,15,6,463.5965403829412,1369.9188005261817,-0.1465734818141584,1,1,2,0.1141744956515002,-0.453607075053696,3.67461237607336,5.302843638145108,1.0345030893994545
8.067976855792029,2093.8464458427907,137.1508295241115,3,3,2177.7715174485684,497.1584603503039,-4.178249888425447,0,1,3,-0.9457153830766942,-3.074436956460626,4.90792410519984,1.1690789559528163,0.0778075928487114
7.582588165160523,599.6475084249724,838.7480602703436,12,6,2280.1468406240338,1604.315657571173,-0.0767630608785834,0,2,0,-0.1429078687949143,2.3342549872031797,1.5655806148497249,2.665521449954569,-1.0203558282686267
7.088128519760327,7.738708726577781,456.4822058992521,9,9,3007.416290428247,1097.7659141052343,3.4672553400527457,1,1,2,1.2119229971719323,-0.4746903756989488,1.3120783146718529,-5.58152613159994,-0.1626276686980258
0.8068811096300792,1420.0435433112505,29.128500421403977,0,0,82.93011223407221,1046.970488563816,-0.2988541653016487,3,1,2,-0.8441164466358213,2.383318579958525,0.6738813224989058,-0.4765917457595675,1.151968127955496
8.069929121104018,1110.8304821974225,359.7188857751038,6,0,928.2987357574968,146.19951718484313,-2.4760877541925086,1,0,0,-2.5269304839651685,1.1284950114650123,4.131184886089309,-2.170620046930864,0.2555994370907442
4.240728330173343,27.061871418334825,846.6473197331718,3,0,2406.933033720436,1192.1917913565967,4.749200185047117,1,0,0,3.0646566390814733,5.065050689014799,1.4206806969332466,-0.0600582198308967,-0.1322618884843268
3.773716732683011,1129.4315781092946,295.4151441728112,0,3,650.3850958897191,1423.4250030208625,-3.374665219985544,0,1,6,-0.2778458866752012,-4.8274431953473815,4.644952544957531,-0.9620430880888942,1.1555637865548258
0.2120228367998813,1587.319396765049,20.81113450815181,3,6,2584.793639503699,349.7507949429711,-0.6797324568947867,3,0,0,1.7758243867839452,3.623027942967663,0.7678567146942061,0.0913750227490244,-0.2383288333973624
2.510033559773856,947.5199752853606,178.10844835928523,6,0,600.0063290375524,192.2007378170252,-2.8133041895864466,1,1,0,0.5562149678223278,0.4904795168624201,3.700237568925348,0.2305094268055518,-0.0277365482570034
5.6362686527878,250.78097605351869,210.70790881805743,0,0,1588.441552923895,838.0932429184863,-0.8435438276040212,4,0,2,0.5985388905747251,0.433621158518893,-1.742148900206317,-0.7043366582266312,-1.3834031374867484
0.4592213986496167,395.7187850589249,296.83831027574126,6,3,2504.115063374982,331.4906573860214,-0.979768750501039,0,2,5,-2.54423061114258,4.453390114586616,0.8179315071002172,-0.0484835121268252,1.429870441110768
1.7386791934857515,1527.5464735910234,598.5851614481512,9,0,2893.763706943323,1047.7321579071938,-4.356565643524048,2,2,0,-3.89506931150236,1.4028340374841126,-1.0607594805193958,-0.2382646275870046,0.3150649824991578
5.980727523676687,2350.7082203925524,499.4942918970305,3,0,1068.7024214437072,1527.8045346526692,0.1481799797508032,4,0,2,-3.39235468014234,-1.4990073908607926,0.6395080633735332,0.977984617054709,-1.312819579244582
6.229490029950783,674.5236615043325,112.70566795011688,0,6,1000.8006224214782,512.9536977332177,0.3174752404893204,1,0,6,-2.028801123541159,2.8376267246071576,-1.6856135559409375,0.1802581150084994,-0.6131197613713085
10.43486867399596,2684.278842481293,552.3537862364655,9,9,3754.277306204237,835.5748239727012,0.1240088046478273,0,1,6,2.1917355169152097,-5.083011619881956,-0.5243256997695313,-1.0694627430826926,-0.2996750309692387
11.12785846164773,1233.667099481691,87.2685829278785,0,3,274.4842191865812,51.8961582976408,-0.7002861975921459,0,0,2,1.323381612002546,-0.8584610633157517,0.0444577232695828,1.7397642580111303,1.4558082299551338
8.964336126386353,97.92423885435188,178.0783574329837,3,12,83.93186902545595,377.7466646098,-0.3765974503581731,2,0,4,0.6878515275552723,-1.2061230542633028,0.1295345245266876,2.6070913735411505,0.6845558249649007
3.857630699752783,1562.287995970368,648.7366706719534,9,6,4.660010678878359,1230.364102240369,-3.712825293073143,0,0,0,-1.6104094253163517,0.067771462569488,3.770089119542072,-0.4409963187599014,0.5858470444394709
6.613950987100021,567.1010937114881,1218.8893140846142,6,9,1608.7922395476862,202.8356923668796,0.2309465745464533,3,2,0,1.3080934596850728,-1.246514147873685,0.0208070129403179,2.8984459244242107,-2.343157906420154
4.752643672674737,875.8842865796157,376.74793955097294,9,3,2223.1407620022983,713.1201376307171,-0.6242665021153231,3,0,0,1.3560823701247189,-2.9835083947832484,-4.068514687878553,-1.5164854638906513,0.9014151720872324
7.285823433626103,694.4249665710227,372.7664967381016,0,9,304.9818608742732,256.0665387977372,1.7774733763827042,0,1,2,-1.1548254898076944,0.0224557165912162,-1.0043803788436123,-2.34860292955271,-1.310853450768242
9.67579199729014,1165.459018370767,98.20351493239598,6,0,293.50529246651314,2734.281170575712,2.2274490866786945,1,2,7,3.664793004211704,-1.0708619326348632,1.8716452998614288,0.3882038458318815,0.9177469322909102
4.062041615369626,819.3582412170175,411.598538716181,0,3,739.1768136335365,1457.0721889241638,-1.8698530517338487,1,0,5,-0.7616524961279978,3.2353519715950547,-1.0863886896458512,1.1681805685178377,0.516087477531588
0.1286800501265081,506.60359126886055,465.07294810461485,3,9,1247.831933044895,1423.0310950314044,-1.5941735785772322,2,2,7,-0.9073950658581093,-1.2510984018003704,4.470485763302851,5.309890870868934,-0.8567833297663974
4.805594363273256,1647.8488504082484,480.9424176436605,0,0,2938.953785004287,527.5900948744193,0.1842937313454886,0,1,2,1.663498066145888,2.853227979670282,0.8640821835100538,-1.2049515551830907,0.8399313470900506
4.294949691615356,632.0729772200984,982.5575740083788,0,3,694.4801442190661,493.6750150675348,2.564654667170526,0,0,0,2.783099472260401,-0.2171519891186835,-0.9319067246612448,1.4583068120877625,1.6441355108324724
6.899783081125326,2256.5018743951227,29.949878528650665,9,12,3391.1692380201503,4637.952715220244,-0.5455901724234884,2,1,1,-1.0942948074305845,3.8989966657352646,-3.1363020564280597,1.100690632913725,-2.602931705682823
0.1842504113554738,1425.3696608876885,37.109372124841954,0,0,1133.3061023214975,2042.5616745498296,-4.229487001877573,1,1,0,3.472509533544623,0.412949891922867,1.4713826244977823,-5.414416893481152,1.282710917843583
10.023833600191123,374.62809439800304,124.25586156744862,3,9,3416.253497874254,1822.946679074676,0.8427834689868698,0,1,4,-4.256394747344356,2.9514779285243598,-3.922885077989692,0.8278521725601586,0.6513623814123903
12.235395001690865,895.751115948589,301.72734785871154,3,3,2193.945584200917,842.2359424098292,1.6444060040989334,2,2,0,2.7146126866267464,-0.5749309213502917,-0.3155426501450917,-1.915431001437356,0.2508921529030827
0.1307117176237142,570.4130295886382,620.7485316501845,3,3,1207.3869674249788,529.6413715665517,-4.235212366873064,1,0,5,-0.3326541116502461,2.6352922838567694,3.582520386918688,0.3868054713736077,1.352380370863813
3.136498592481443,501.01436964919645,192.36486301330916,6,6,1608.485730975155,415.4614919943231,2.057200532541269,0,2,1,-0.8576256882417701,1.1155612773528392,0.4807794587846241,-1.1417447497880149,-0.984307103438886
0.8889495328423969,358.24546274819585,532.4405503078818,0,0,697.0868665243731,622.3882759279012,-1.027452126113855,1,1,3,4.476011983296438,3.752248216326347,1.688043680332294,2.321024886421718,-0.1798929391365374
0.3375439175358193,2367.4833962232724,872.6358661466013,15,3,2465.061686073715,1163.3088047521203,-4.947552744798988,0,0,2,-1.8779762045221933,1.7929924698740036,2.863758728344722,1.8471323867015013,1.110538199536152
5.502176187296693,882.3049177278928,110.9564453524343,6,6,147.90778011999964,415.815949398452,1.3242793963120705,1,0,4,1.0926395207763997,-0.9526573218452812,-0.172528979080837,-0.2460839652897546,0.5638804533916993
4.735710725298445,401.46492375904216,221.9754947099776,6,12,2652.869523647159,234.52022279063215,-1.8808280850579608,1,0,6,2.2932347449773385,-3.005750164442781,-0.4499882877904611,-1.1416946173545066,0.1386818668785382
6.776626960012697,1057.0231375227504,733.9539144878993,3,3,2164.4305300525766,820.6866226346792,3.1334704183173048,1,0,0,3.709247771634168,3.713700817684104,2.576402509720519,1.1994781036941418,-1.4224385917506392
5.674402133786632,741.5301601240898,222.33359828402544,6,3,1513.765555315706,481.1688763650728,-3.1192487512964684,0,1,0,-0.2214702982481142,-1.0640400081604702,0.1948252552669909,1.0981836978632988,-0.6276363476096752
4.694281270528423,496.9396436958938,1368.9938217576223,6,0,392.2484783345559,378.8034385970331,-0.6236541293541522,0,0,2,0.8556389039277639,-1.9461573135062689,4.631678239845366,0.1733494320878676,-0.3917074713925264
7.0566530827433125,728.5393415076247,45.9210876908861,3,0,1205.4203129348705,247.56054187484943,-4.379543083259195,2,0,3,1.79078341576652,2.484581151559881,4.027019354731252,-0.8900279106956112,-1.2727829105616912
12.659263146513016,1333.685306623338,36.83690257542001,0,3,3521.6696364403388,102.2533732741974,1.1818963146683357,2,2,6,1.2675071098577813,1.5025267412396892,2.154752830913413,1.708725512564586,-0.6194834766114979
3.289122560317165,1177.0726446350182,924.5168875217736,3,6,346.2634620641221,444.8029068067623,1.5556648588730928,2,1,1,-1.2207009560705389,-1.157258426780716,2.1649632877495977,3.372540972582664,-0.6763905624817939
5.359992646332313,149.63904712080756,655.2108715616414,12,3,1177.8740733311945,719.4989852909887,0.363160425123508,3,0,3,0.9412279630969338,3.114363730114338,0.8502005274820681,0.7098743053363294,-0.2130768148564427
0.2436215037643558,1019.9479043253374,1403.9667199751443,0,3,1030.870933863987,1710.3668523760284,-1.1769431384183275,1,0,1,-0.0440921459596848,-1.5629164932696964,4.445280291238758,-1.8893007856731248,-0.081834666771397
3.34001292459104,1111.9427913770546,1262.3600823606798,0,3,174.7327587743837,579.2938359180959,1.5308571864563711,2,1,0,-1.879617266479288,-2.050821674849235,-1.8253390167957604,0.7092316114613821,1.9171613230934643
0.6185259507622805,51.43078911937382,180.0993690231029,0,0,442.802648059264,231.17020771692404,0.3890982767867271,1,2,1,-0.4510544047202758,1.1312389046292937,3.511854254895536,2.03840252971323,-0.3727076881656501
5.137573085678476,242.14807276649404,261.34689065862244,0,6,834.5048239700099,1882.0268902774164,1.818466473623658,0,2,5,-2.9463856101510517,-3.9570436831447457,1.7648258723915455,1.22250616715724,-0.4058938129765795
3.2014593334198445,509.3607029491475,331.5311749957475,12,6,534.0016323105889,494.3282758607255,-2.632323400007635,1,0,1,-2.141164205156354,-0.5751123579775239,-0.2700410917431358,0.0041171622403122,0.3438420425773208
2.820612788796788,762.9871572095971,470.60367461997765,12,0,536.143618494418,651.1675175794225,1.2911299561665406,2,0,1,0.6228791966387011,-2.3538364116285373,1.2946012325183476,1.2086193547471813,-0.3480362855064681
6.796712769695419,100.67131676182916,387.611105500506,3,3,201.0384777502583,493.87801589649615,-1.3532951023278292,1,1,2,-0.0896364787486745,1.743107182910011,2.05916116128697,2.4678871525883195,-1.734305507752881
1.714944407813719,27.03527665143879,684.5516158709453,3,9,380.99781157707486,314.5407166217299,-1.0674946035467163,0,1,4,-4.177840184435422,1.6761857019040456,0.7264662676964837,0.6802349050597156,-2.3887187324877885
1.9341322605013065,555.6615798649088,44.42746545661043,9,3,245.04800749247585,1562.9790065632506,-0.8977637046389157,2,0,5,2.357185607966761,2.8308719821507853,0.3888266488358782,2.408004997764313,0.1588493999923353
6.026810739238168,1507.4305345180458,316.09460830766886,6,3,521.5681999912198,1782.6765371533118,1.050336693158372,0,2,2,1.4852466320141011,-1.018256258379682,0.8617014822553835,1.2607518328486376,2.3247490564485447
0.5115758786855348,63.2057211583632,210.26573356844963,6,9,156.9060535342841,474.0449380457228,-0.7337054014486186,3,0,0,-1.6197094843000104,-1.295582933604878,1.8519714633800448,1.747426040652308,1.4087967978217424
5.489850277569776,806.2317123831666,51.52272471163536,0,3,1566.9234434080429,380.4240557883545,3.061051013482567,1,2,1,2.793008291410166,2.7260052967210617,1.6110285467820349,0.9524745394976872,-0.8204047104894873
1.3179795803765606,1115.2259638198184,153.71966670617206,0,3,972.342477760581,2979.188601422581,5.01224333843396,1,0,1,2.07409612888962,0.1618737828971268,2.547463151574921,-0.5591003580964449,0.0457914263857981
5.640562971560563,1133.062597229596,526.3816177403236,6,3,2088.9399599644844,334.1453364404569,0.7691636873341652,0,1,2,0.161668271086852,-1.933119204196359,-3.9894615772484574,-0.4777770801966017,0.5768009445365769
2.186607258324554,1195.2060253583898,936.058805647054,0,0,703.9324895311,308.8088086638612,5.627270847856711,1,1,3,-3.0492437373273247,-1.3405847623814964,-0.6872422610757611,0.4109790703529802,-0.5408684679586178
0.8591589644223883,1270.05814848579,366.4842890878873,9,3,932.7254971085551,2319.763701691843,3.108885407935354,3,1,5,-1.716967234970422,-0.3411179516413163,2.029051220985927,4.579027632088558,-0.5522136299598432
8.445273852952406,386.0809650034413,655.1955064109338,0,0,620.9429978465965,513.1065652258928,-1.568948793230808,2,2,2,-0.4567907146170958,2.412885032996054,-0.4079189809354655,-0.9813277842335232,-0.3713773761013886
2.065467174282809,311.3486917902693,299.43963666107487,6,12,865.8402248083171,935.3587540394808,-0.3883223713454651,0,1,7,0.7182903472479616,-1.0672599711367945,1.4971944426688333,4.719449721141586,-2.258324890657573
1.9532436525296493,1213.0819671950662,917.4912724565124,9,0,1918.563208247192,1655.480423676565,-1.8334824021967848,2,0,2,-2.548318072852083,1.942754115583913,-1.3555907342225568,2.559075632992804,-0.2221635998152893
1.8666750120353184,274.68774521052,672.8821317646087,6,0,719.7097660931751,1504.2920478241738,1.4057495822609092,2,0,5,-0.317473893202982,2.228610895551949,-0.890890139986986,0.7547203591882694,0.16306286829207
6.681862280474752,1676.4613431367184,98.03813468778348,0,6,1326.3041461919604,2117.1379663157118,-0.3665900414487191,1,2,6,-2.2244321001758927,-4.5614874692067655,3.573608098098079,-0.854782327540563,0.9345134999696796
2.5731387838991515,866.4527628393579,832.7825324180423,0,6,714.9616380422987,1355.4362880865358,-0.0614307294271148,0,0,4,0.7476977672622112,1.6352882658219765,-0.7282784891432634,2.9160153586542115,0.2653017063855943
11.165341833407595,2712.655046479861,375.1762628856607,0,0,2597.2648982156147,2233.038116193442,-0.963697315431342,1,0,1,-2.634815673168072,1.8946437915091936,-1.7403492114694423,2.654152386029935,0.3392347861951784
5.477538848303873,779.3774705484507,626.3926316476034,6,6,344.4938859770161,178.81199995153185,-1.721822639878051,3,1,0,0.8901001933718844,3.050771965657129,-0.4318796903041833,-3.256114105683837,0.038825050191536
0.5417892092751821,991.5077107682524,143.63792976332323,3,3,1310.8638166386872,251.62189545428384,-1.6097550968341423,0,2,0,-3.90892934031055,1.2505115257606847,0.5787195925070053,-0.291041134026864,0.903595816276456
7.525277844289756,872.1266001990165,446.5489660703678,0,3,58.86653156092443,51.77553730097992,-1.8464712221534247,0,0,2,-1.7722180103961056,0.2500741772609441,3.1174025940692047,-1.5447588605668132,-0.5619524140344992
7.111032706002315,1416.8866293657873,135.86469644854958,0,3,1418.1859796559445,755.975414815527,2.08935412737785,1,0,3,-1.7917936934798546,-3.069251456887567,2.2996343819593603,2.366541908803176,0.7069206282610124
1.53076169361954,209.1423465407517,195.77626702877103,12,0,984.3542650363494,635.270464330151,1.1807389542636113,2,2,0,-0.5036509319724034,-0.0318301426412395,-1.7091841613899936,-0.9155197374871704,0.3116963658254804
3.5754831692428124,931.5792912253952,722.9177215619264,3,6,378.0063489041918,263.4854510711039,-2.755774475551693,0,1,2,-2.05057734771045,1.5773446176224126,1.1313629234431697,-0.690380428695185,-0.4613467905800938
4.20395687527953,758.6774200866337,9.386805120616827,6,6,4432.322571387007,2433.109860615668,3.833339513020376,2,2,3,0.0789703047240923,1.5775215946668066,-1.2364558274739232,-3.5530271922306804,-0.3150757233358711
4.664962516224593,310.7530676328066,648.926909994689,3,3,135.87553089750483,407.6408062111863,1.6362908181618,1,0,0,3.1212343208242683,-1.682728161865542,-0.916476904193652,-0.1529330658479955,0.5559993748543522
7.4811976092248145,87.37420265091866,9.199238768482417,3,0,822.4845895827447,795.2810149122269,-1.200394513019065,0,0,1,-1.5156004683177395,1.5482621717739549,2.7515962970885983,1.299443230712434,-2.3930502548133945
3.884319357123003,2079.421222768385,1023.1884539211708,9,3,3961.926346128377,942.3601151666102,-2.811559828368546,2,0,2,3.350682306997561,-5.743044766719279,-2.283334295893364,-0.2858202155668672,2.34136275517499
7.822888266205913,784.1350840917183,0.4156300109400873,3,3,3855.163550311701,12.122030267848425,-0.5159858224180822,3,1,0,0.3934769712148254,5.968239671651811,0.6758163804701551,-1.7479220586168056,-0.3206675060846898
0.3375862706261685,336.750939906209,515.5977135814014,6,3,758.2538692413275,1339.7162331651666,-1.9573505432193583,1,0,2,-1.5940464919387591,2.9488265231087736,-2.6188330329442664,-0.465183268614186,0.0734937563027078
0.8777183889908969,823.7658770643021,919.3163848027048,3,6,1536.7088804003597,2958.2849672691086,-0.884393455787142,0,0,2,-0.7788875712595458,3.828258770379212,-0.9029400486721568,1.800469257348307,0.9488838309177324
6.61336694229878,198.15194556314515,722.5101485340366,9,3,1074.7772599756345,26.488972520959404,3.4618008593707463,3,2,2,2.5981177434023928,4.816144793339336,-1.6478191734250156,-0.0397894940906426,-0.2423873399123918
6.906166353224672,1432.2783276396365,438.28595467713495,3,0,1979.1252658285373,1312.9442920323263,-4.1697904001369785,1,1,0,-0.9750584470841376,1.444176261522768,1.867871549565248,-0.4076875168152847,0.315676461057345
12.554092227688187,78.32136919489064,379.33500207034535,6,0,1213.2747531035131,27.905053845219484,-0.3709897040165298,1,0,0,-2.264975251935756,-2.443169263358928,-0.585754275367896,1.6323621955854384,-1.9879730132923257
0.950979926940958,1200.336523748516,755.6724883812059,3,3,531.151577985548,434.8440010220471,1.0215589614054297,1,2,0,-1.1368516591449362,0.6924856109856848,1.0395233092902054,1.2754989352144863,0.6485804220227137
1.7440733908334312,2064.4675516451894,152.95645684459552,0,6,2627.365423378546,2698.016311882445,-0.2573649827015969,1,0,0,-2.8555632168710927,-4.382682209205064,3.071038936806522,-2.176348403652378,-0.0237484612126495
2.2412460981454103,717.7861063686692,465.4370897549879,3,9,1221.6641572970384,981.5509423421748,0.4488258213964702,1,1,1,2.064071587132287,0.8706446180489458,1.8187257118219684,3.602939049592057,0.3059080260763809
2.0865965201532397,1150.9235650729822,377.8167604129236,0,3,1682.2791451351704,242.59987005966715,1.982454418622997,2,2,2,2.711937368111757,-0.5724947059132769,-3.65436314863866,-3.0971674032938363,0.6138098901961888
1.2909999090552051,850.8835965224906,770.856859703634,3,0,1496.1203917082194,95.7069122569633,-0.2420618002284859,0,0,1,-2.694554319404171,-0.2637093573179092,-1.0116700154363072,0.5389975112819974,0.6934296148114152
1.100302779745847,2008.0237054955005,1181.9180006476552,0,0,1600.1373926630658,1448.3866992416206,1.1528044586080994,0,2,0,-0.7533908498109547,-0.8844685499140164,-2.344569900063778,1.4237318908052028,0.4728832622676862
6.668641837163047,931.2573663936132,302.5698920261645,0,9,2260.606840356276,441.2832941335583,2.946215180909994,2,0,3,1.940980880795795,0.7478275388808111,0.3336185640434725,-1.0969251304149974,0.8576114047383736
2.282785835281408,1415.39614854841,249.2559113853708,0,0,279.6448191396075,222.64445112172191,-1.8592468228435648,2,0,1,-1.2931255622488165,0.8159880717309052,2.866940007780351,-1.118459125638006,-0.761490609667229
3.035526007128217,806.4336069294445,117.83654466692576,0,0,772.7648248836506,87.73198186582572,-0.8140730230096708,2,0,0,-0.9762202718054548,0.9589297835628392,1.396844407989687,-0.7415611296673469,-0.4936301181599893
0.9737201513068297,646.0545795737398,80.02206632165138,0,3,1085.141074427696,199.60450588328885,0.3356129144365338,1,0,2,2.900554969342552,-2.4269132404804408,-0.7439899125017768,-0.5970627662032567,-0.1808958592662398
3.1735763503605567,364.7554215744425,498.05972105575927,3,0,1602.8044603760563,914.9409909305308,0.2596932021917628,1,2,0,-2.1113690423455957,1.2733035920628235,-2.24839454381057,1.3491542199565203,-1.3581496034907368
6.83993272894698,1412.642681910247,220.27626976396468,6,6,4535.748557275605,272.7889128061708,4.504145231750371,0,1,0,-1.964979537564476,3.722982304575299,0.4163055382555167,-0.0511774254678261,2.2953624605140908
6.846130042954535,325.7835453380017,568.1002967975635,0,3,1177.183532959517,233.4599792297309,1.5780153424369696,1,2,1,0.8167652581729696,-0.3280716188860269,-0.5341067730220841,1.9126867782118764,0.1894692538545955
2.8938792580388317,1374.6026936264686,3.1670027542926387,9,3,1278.2921897773276,1452.0145866011226,3.858390026657045,5,1,0,4.653702638956105,3.120635972173459,-4.466472669114013,-2.7771730363254656,2.12137317671652
2.172498510009996,674.3265304918799,680.0900078230072,6,0,874.1736624768487,2294.5932256214955,3.017499709758336,2,0,4,3.0948383183486228,2.992366364259598,-1.5081959616452087,-2.474522022821194,1.1860030141735634
4.19138977308313,1440.806754212605,210.3462435291972,0,6,1539.0043806827964,622.9659545491402,-1.1311421605900462,0,0,2,0.0341833888169285,0.8878976633906829,-0.6426078866031574,2.191290399314381,0.0564746763638525
1.561042909958919,1649.2472058569638,78.09610762116702,6,9,1235.2439772449177,1051.9911890309309,-5.8982110998681545,1,2,0,1.509561818641613,0.7456810102918356,0.967464676773772,-2.263379165488626,-1.3159766755451214
1.7325674240390432,597.1862842647888,520.7979733418811,3,0,1301.0256783812238,908.2489551334168,-0.9251207972418244,2,1,1,-1.0303767166397513,2.8672085337706936,1.0635453810601634,-3.398095811464546,0.8600273027461866
10.126248589580522,1720.34595798759,287.63026953762784,0,6,411.8658074277821,486.675058989137,-0.4590540466906888,2,0,1,-3.6781463898402578,-0.1553017533856184,3.4765954583944803,-2.034584651422842,-0.8126991651532989
2.94160582227714,177.0426107768126,776.2867564334149,6,0,835.9124214761916,60.90813059883157,-1.6798495729743657,3,0,3,2.4503343609227715,1.8840588154905524,-0.0029018825383528,-1.9497479755244929,-0.295048418284721
1.8680224760875088,1442.824968935054,140.51349361344208,0,6,3047.1467813049626,559.6436964052166,-4.816036048205469,0,1,1,0.4664091628796343,0.8960545269207328,1.603742045456593,1.708283968888063,-0.8291364097469182
8.289994615373711,1330.6098185118794,539.9402109221836,0,3,551.1030922606554,288.08340914139654,1.0879887831430302,1,2,1,3.1161586842307685,0.8547126803147572,-0.1650743397729719,2.157216627396293,-0.9648886701955136
2.9805186609182006,2126.1794270424866,31.964075396468907,3,3,162.29646832236034,597.1379898997897,2.2051629204526506,2,0,1,-1.4877981193146967,-1.728976778679995,0.3283192878676196,0.5453725111945659,-1.0458471522077322
2.7694729521859798,623.0928636210317,143.06970192800603,0,3,631.809609394533,712.7377097810371,-1.059455574230984,1,0,0,-0.3572397212101587,-0.7800083021141935,2.4028685421267584,-0.4764248800716535,0.1574880278611479
6.979748008896497,1529.966576380221,743.5045961122007,6,3,2406.9812408067123,1754.483731264974,0.3584401685268918,1,1,2,-3.3005650623924927,2.6589189873464454,-1.130255174596922,3.2017029278202367,-0.0663474718830321
7.279527836943109,213.34581594737844,62.64327359297784,3,0,1621.36484427269,443.54430439718345,2.048189091727976,0,0,3,3.066188022268196,3.764978966502492,0.6670055258901741,0.9340921827021952,-0.3257072615511298
3.834648320606147,2223.453621314228,169.96342547095594,0,9,1491.7080039145796,1869.1147310862257,1.999841192636351,2,1,3,1.610203046716981,0.1739930045945281,-0.7501515333579242,6.993976038478039,0.6656134369608395
0.4722796574574008,177.18221450811544,137.59199488219647,3,0,2228.1782448027902,1076.8182627573906,-1.1714213233298505,2,1,0,0.0149328826662877,-0.8610035276207151,-1.5273992031724848,2.6242011467664046,0.2225129747304312
10.654897346146546,1182.0041552063144,152.36546747795137,0,6,1220.9702512817728,1589.2226843649069,-2.0256079091630745,3,1,1,-0.7679108072521487,-1.8551647025281,4.973178351541403,2.7118478900625864,-1.8820248712862824
4.399930834037707,524.5845852412816,19.303351969601568,3,0,2170.070191005988,2644.5914449061484,0.808808763830988,0,0,1,-0.0960077868379087,-0.0367504720333196,2.2268193852113902,-4.266117259370235,-0.4536287801386972
5.104350757650028,1389.778242417039,543.5131662609125,0,0,765.9226406959998,584.0388048643899,-1.57258091540963,1,0,3,1.764463285197718,-0.2307941675379936,0.8598427300472606,2.103290261135176,-0.3020334463038052
8.700090414872252,275.9442754391475,373.54650198805393,3,9,1412.1411759622445,341.8381288091329,2.833629326335336,0,2,2,-1.1755558632385177,1.1446531166870468,0.2413614741131411,-0.3248326533863019,1.4392248622135084
4.230097785632332,278.60089118893484,12.07466774039786,0,0,18.931001352948137,144.8300887880544,-2.94239161343248,3,1,3,1.6949776592317816,1.440361298334076,0.5689929015311325,-2.134943489861157,-0.3158430440063894
7.13513664557013,534.4921554081262,574.9652458713318,9,3,2584.662333681606,1664.5588433791793,-3.88116918402942,3,1,0,-1.495488044443955,3.9150837089398447,-0.3922043212227267,0.749193355274689,-0.7920392974816293
2.2770614306072825,392.9601793733728,472.19639788910575,6,0,921.8493672751272,1389.609535361672,0.2509056962763751,3,1,3,-0.2672704142943032,-1.1194572395093323,-1.5586379485123578,1.6843456296032095,-0.1708143033619751
2.2965068507003776,91.132363745562,247.82758762385825,6,0,329.62291229973414,351.75979536652915,2.61762659183834,2,0,2,0.7618878324575604,0.9773763007427392,0.9016317153292744,1.7757093060295244,-0.529540269204882
3.62267747630405,1123.094481542627,422.7437286872672,0,6,912.7542942584104,248.09614122844027,1.8881075127907176,0,0,1,-2.365265696483559,-0.4951650840397509,2.012020805751894,2.4689025569548475,0.7496236127923436
0.6957630981949676,217.67029562929383,339.65756727912327,3,0,1166.8943846234977,1567.8128678609469,2.3753723988464444,1,1,3,0.388850269984399,-0.5842074962736146,3.4267572340780994,0.2106232200378088,-0.9744395831124444
0.2513238980269037,1915.3425770140195,230.19062132535444,6,6,2820.3365896769283,400.0441527128028,-2.8918216003105246,1,1,0,0.0721527292018235,-0.2956809021345792,-0.4004354190982326,1.7746924138998126,0.4824798004605383
3.803694330820556,689.3137215409901,577.0766683258407,3,0,4430.956539308528,841.4149809986103,5.449272467301633,1,0,0,-1.124372375168284,3.6771880357027777,0.0347945533002691,-0.7036010906018942,-0.3544814217905846
3.156950666594284,1934.3373295856888,887.9002397781936,0,0,2525.7559942864623,2350.299460674146,-1.9428298031283908,0,1,3,-0.6547270060272344,4.4276338622654885,-1.7077391276921716,1.8555409135111685,0.1140773471689023
0.6800108101766589,1357.218935818344,228.5741225273232,6,0,1659.1323347816683,1250.1122557120864,-0.0586697120510439,0,1,0,-2.551620461784196,3.002115122607525,-0.9785694436761252,2.984908058506281,-1.3016439954908727
6.356949380431276,203.1450451072817,722.0017642077964,12,0,2929.470774246987,3110.7332064500824,0.3584137944550158,1,1,2,0.0241627090178833,3.8399893634067377,2.313362750973191,3.809732034837297,1.5354078707474568
6.945018162138238,868.9984454429987,132.62888738831785,0,3,1532.4293884747867,106.05885125597288,2.112486235922896,2,2,1,-2.286921178294788,-2.697719986639331,0.4855201084468336,3.376225776231416,0.6681174218427852
2.725536944870594,1099.7685748101303,1127.5750461549926,0,0,733.7673381534314,464.3496421875664,0.9717262997460264,0,2,0,1.5483830602909765,1.8279109732589789,0.7044657386381662,1.0458953277685907,0.9519057041640896
2.629958937554674,118.03942811595692,803.6442764791909,6,3,1189.7358424173267,694.7073286533902,-1.1630760187862068,2,0,3,-0.1630355637874203,-0.1493917006274059,-1.0977400492792342,3.1675201245785094,0.8938853870220729
5.822709815736541,112.5798470897713,416.799177884571,6,0,264.29172338451514,1100.9753146838011,0.9939553279684732,0,0,4,0.2712077101174246,-2.441585854978602,5.30287315167826,1.3392336276759438,-2.579768833527555
10.93845948321032,242.09890878301988,184.69297344997625,0,3,1710.725556137658,1006.6856098323314,2.54030963030465,1,1,0,0.7702351536928005,-0.5324719056081074,-0.263512084500299,-3.0067896482961265,-1.2002190328706706
0.1858944499910275,53.43934607333001,354.98782100214964,6,3,2204.7973753321435,981.1021184463474,-0.3678125522290979,1,0,3,-1.557879222688482,3.072503620241608,1.4402243836038666,-1.635002886684863,-0.6182818669322357
3.0744235658200285,1018.3043280151488,91.25302940732618,6,0,796.6718425886871,216.06788075354672,1.9558277546570315,1,0,1,0.5814246520172883,-0.6399405124752184,-2.627308693155692,-1.063109377717825,0.2782443846203651
5.891989799857612,734.9658175044407,42.836006666250825,0,6,2900.664825862632,1337.162941674982,0.9404833922368574,1,1,5,3.0979089270682163,5.606626187330019,0.364382110952085,-0.6224521332515622,1.0642832803993
1.1285728095828351,776.1735459851509,82.17393998699193,0,3,2999.456522426727,1884.307316444592,-4.215362854650785,1,0,0,-0.7121671517514946,3.825465231675383,-1.722899438599658,-0.624497635785429,-0.2119948135658651
2.8249341037018256,1859.5754649733544,297.62517242483455,6,0,1842.3931070488777,2529.2651411694223,1.431573487359564,0,1,3,-1.4565355535259206,-1.5553036685358912,1.886602126065935,-0.6893221863850172,0.8461640630396504
3.463890366350068,1430.2377097484618,383.477294863157,3,6,3266.064803779635,2954.468700976063,0.188795032132907,1,2,1,-2.096593362044115,6.949239515600536,-2.3667218792592752,1.7845555009681182,0.886546891866122
2.60861576251511,1893.9173539594333,345.0994674616942,0,3,1451.130457312879,696.5767776050957,-3.912759559315576,0,1,2,-2.007798272412369,-1.7872045587167655,4.461313501629867,-0.2912084156277517,0.9022101415350704
3.291987176557834,601.8438785687904,302.81541646703187,9,12,829.3936157376385,470.093914707532,3.852856854592205,1,1,5,1.054704946421179,-0.230899054460875,0.9666421449141708,-1.6935666759389747,-0.227784787993753
6.745386799699253,1552.167309091847,379.4726804012037,0,9,1374.7359832203365,1336.3065162607345,-0.952648910837329,1,0,3,-4.270650538492427,-1.4916691410360656,2.8590320211947846,-0.1136508743048243,0.3761576718958088
2.664714154069979,664.205819551014,425.5956154203136,0,3,1383.7489463846243,753.2569675878498,-2.219321567883465,3,1,0,1.383694221127939,-0.8595977704066742,0.2995492525315547,-1.117826678409485,0.274392988506351
0.324087720796047,245.2223741279004,196.20882924791977,3,12,615.6374008311305,1630.829947773322,0.8978294277323535,0,0,0,-0.4947286517962462,-1.287888113716125,-0.1396556666394206,1.4147255978484068,-0.2379503538644915
4.532989434703921,1736.3915105541166,865.2006178495017,0,3,4153.204547762798,835.9073045144257,-0.9343712449660856,3,0,2,2.471556291163539,-5.508717691005805,-3.74272198260486,-1.1962271598440333,-0.5703603170307008
4.707681899095308,1187.741251231129,139.3269625465849,6,3,4573.862035013744,1215.355230246018,4.120433471849211,1,0,0,-1.1552602550436404,3.2524176133673253,1.7700170836655584,-1.026632454237875,0.859788254924904
5.30719549004366,774.5211184352369,1220.140688506098,0,9,194.4174625128195,48.0930842385615,-2.814194752660012,0,0,2,-3.0520980881236914,0.1977104006686125,2.8713055198966635,1.1977260904342215,-2.7399729958840746
1.0047643969304714,30.37278459876447,572.3887024750188,0,3,201.36895121127412,367.9220950701465,-0.9536712631874296,0,1,0,-0.9085158002366128,1.52406540632043,1.3492897495573084,-1.102839224376263,0.553773979381227
2.456193071346012,406.9566683099332,74.87506746120147,9,3,194.55756001068488,945.282385296082,2.738821848934779,0,1,3,-1.725267195260888,0.7087582878849921,-1.557691587952977,1.3788405573433804,-0.7073320942210547
9.402576327031756,432.23874230290704,214.7529249630896,3,0,1543.3988579819556,964.6122062038752,-1.2332429279819486,2,0,4,-0.1727583025470753,-3.1199732162074607,2.10581645263518,0.0386255897159475,0.8344479777630646
3.7286831145979016,259.1821020256974,345.9570736869728,3,3,748.9781729395985,352.6565217250066,-1.6168785969663508,1,0,2,-0.127360255357201,1.930620016279432,0.7408712325594047,-2.0497315252134647,1.1081339269455677
0.998710595168014,831.9794817732214,380.93954907315407,6,3,461.5801914455989,714.6010821840982,1.397937674749016,0,0,1,-2.4398574528443246,-1.745151566767949,1.023117255066294,2.263937548397403,-0.3099266809916232
4.366946703622931,1319.0640434003917,572.7535244663218,6,0,636.3612500163142,2458.5867070120644,1.3381054569705035,2,0,5,0.508219618584856,1.7747847088757025,0.1038156560784713,-2.349809275992728,-0.5190705704109911
1.4086090994153475,704.5851413743277,97.22528719337716,3,3,1653.0566692574394,3111.977300358082,1.4405080029713275,1,1,6,-2.6492608274090443,-4.25692638494644,5.960704543210674,0.681412052554854,0.0727714165008039
4.296275853741495,802.0128014025304,711.9129155726516,6,3,1495.2823612467864,98.985838202723,-2.8555570538930244,0,2,3,0.7534123559275612,-2.308143547582084,4.335486172179979,0.0843686273528667,-0.5408173400522244
1.998290814194985,1136.2987069424562,58.11064807166636,3,3,105.30117744564764,971.2266673296732,-2.314026393890307,2,0,0,-2.812745246308293,2.403708486267382,3.0498331176584523,-0.9445704076576328,-1.6763847430234382
6.742289380619911,724.4315977262528,1120.6449147838805,0,0,1897.0577027575864,317.49050949781275,-0.7810678105133495,0,0,6,-5.033576184825688,-3.8476621022965896,4.243089031800121,1.873600302235802,1.2326860842252747
10.030616877512353,2445.6384271165552,434.403038710841,3,3,5061.273342826552,69.8950476138251,-2.7200486745924204,3,1,0,3.714211377964846,-5.667312549368964,-6.197057493464208,-2.4387423953991645,-1.3377095974226747
1.1782008780967188,433.8462019319666,105.04966649071191,3,6,608.19939865177,1784.777567699919,1.0049313747580413,0,1,0,-2.15490637443155,-0.4712429010228651,0.7921555731753531,-1.1523434007640778,-0.5846001737390726
6.015964923466602,330.2597916036822,79.60125836925472,0,0,724.964751765742,440.4873337638002,-0.3707978471799433,0,2,2,0.5991789239329164,0.1783092407331308,4.982920810061571,0.4775677419552966,-1.7557862397522
3.219540478577533,46.485805800743016,323.7202242389154,6,0,2505.555449927991,1288.148683975275,3.6026155778544657,1,1,1,-0.689764246477188,2.1374107662084967,-1.4210470732353608,-1.8183628768187772,-1.4399447817802662
9.706741217610476,2205.7535362104304,231.3188016039865,9,3,1963.6395028076847,1628.5531717836457,3.886040261429393,1,0,4,-2.2240010276352304,0.5570949411943462,1.5978358627583575,2.14809441364422,-0.3423580454028687
5.928319118520742,528.0793700770811,9.80868612548166,6,6,1688.3242089290793,1016.967198952238,1.3742276641417244,4,1,2,1.312303664098481,-3.233988662833608,-2.616442240905675,0.9071529514508688,1.1574103660916455
4.201807072950095,433.4691381496348,357.3518084413161,3,3,1382.6192625259175,137.77665156991102,-3.2432762785389952,2,0,5,0.6073536036082554,2.599385000413764,2.330342543585839,-1.4850230886830238,-0.2018813547251157
3.3126233695289176,1228.8433083420375,26.49516038019529,9,0,688.0107958512438,3637.425749481045,5.051681629518655,1,2,0,5.058410900184989,1.678870805393888,-2.4666237283692998,-1.4835362125897995,0.7892437234466013
1.4664819750016531,2289.1071329778733,644.4572793082515,9,0,1430.311307023943,3079.9451215133954,0.4677299201779226,3,1,4,-3.542320305404409,3.2705447822382485,-0.6926738992303967,1.2073975873339868,-1.1881279184476488
1.1377334720422532,424.7311077287264,168.58169805771217,9,6,1470.1804619085951,1300.1098520982016,4.255070171850884,4,0,7,1.5458128737305077,0.4725408919446026,0.2053877086606028,3.641978958308506,-0.8836855681363804
3.7149661482956486,1361.3923372363358,1369.3489008212482,12,3,1473.54915630831,886.9510329038658,2.191793566731925,0,0,5,1.4691466016633754,1.2477697586822123,-0.7214198974339696,2.115069586880113,-0.251573268638234
1.6294531285787242,1771.7239909935493,176.5902109982869,6,3,184.71371770179067,1209.3280113210003,0.8934097939575245,2,0,1,-1.3669772053202431,3.1908828720293325,-0.240716204537013,-2.788746896466201,-0.6144607598701888
7.508994698608818,1616.8397190653598,138.59115527456888,12,6,1912.092470346036,681.8787740070013,-3.602710418910103,1,0,2,0.9473183021606236,0.5024844586166699,1.213816296500044,-0.1703894829335444,0.4903880676309527
6.141825824113548,805.7158977464945,779.1150662266283,15,6,985.9036810932248,1125.651842324162,-3.0890520236764347,5,0,1,-3.815712712929922,-2.5082587193405166,-2.5351251492316638,-1.740948619621425,-0.8129821059581911
11.445431671795909,83.75139818501931,580.304932631941,6,3,392.1688326883417,250.55235613330763,0.1819546853115576,0,0,1,-1.5181397691756973,2.3019410453779683,-0.0033875731899268,1.142088404832899,0.5149440916736227
1.6469535523328456,1667.557348365389,207.0900921551648,6,0,558.3551398277143,1725.8994753834943,-0.5450580012425279,5,1,5,3.3203799634290183,-0.1045096449150528,1.225512914418288,3.378943658661992,0.3086552135769619
2.399655449528196,1304.9642252599135,712.9393168774644,0,0,1092.245239065106,457.9344450890568,-2.3880987962529856,1,2,1,-0.3377863176146096,-0.850406222962121,2.6389331808984964,-1.148366605540635,1.1410082044133578
2.4023366230381558,1464.483881382724,292.2618680159133,0,3,2923.7258249615697,1227.9617356306517,-4.036651546206742,0,2,3,-0.3984999541213352,1.397505722395301,-2.2584489177921268,-1.167410439425525,0.8683399573463034
6.9143999960768285,641.6474956172937,227.32722765972136,9,6,2034.874169455148,765.093253866565,0.1365727648817427,1,0,3,-1.5165353325972064,2.6249074619785207,1.5490525393687362,1.2641438732182704,-0.7587800828011456
5.745907957450298,235.9994290474712,397.7380707321026,3,0,546.1098221465141,111.57839098138504,1.630353477057049,2,1,3,-2.489403434282768,-0.6012323652588973,1.24723368350186,1.3152298625498982,-0.2651232914137458
4.561461457405333,272.7159228155234,209.04203282767,3,3,600.8149996738944,334.92200934629545,0.6631798170031508,1,0,2,2.236979900300736,-0.2376374053704759,0.6707435698037568,2.5627330941860675,0.1772207307737026
1.899889949366663,770.3108708856566,801.8909294341394,12,9,4633.600608857534,1453.697658516778,4.619025945501499,1,2,5,-2.4234687801841046,4.443185007748252,4.119271281004182,-0.7107541841540046,-0.7317679220022947
5.3698764546964135,960.8768663069786,290.3529595317456,3,15,1175.205803220833,447.7445050714714,0.4229502147319183,0,1,1,2.445837659596686,-3.0080149584219558,3.3564753121524795,-2.0010679902571944,-0.1875696636485581
4.450956000975238,324.6419428711474,237.4766561441671,6,3,1791.2791738226083,689.1770688391819,-2.4138159226896114,0,2,5,-2.952195803608164,3.804869705891738,2.5357456831107283,1.3543504801589108,-0.9495216343906236
3.2481193311626178,358.92473577416774,787.7041868667649,0,15,2814.6518932894846,242.0675716506571,0.2657646816281009,3,0,3,-1.0114711208783358,3.376985122459768,-0.5535361292333809,0.7094701287923305,1.361259786725221
0.7923569615808126,787.3391776255799,20.942796868225845,6,0,2106.962479225782,592.74439176449,0.66364670441301,2,0,0,1.4037231877101397,2.746076220116548,3.344713055991238,-0.3362522538556924,0.0197313752873877
1.1229362545308534,280.2535104827087,322.0400555827778,6,0,1920.1573016555335,592.6682396398903,-1.2164133054334016,2,0,1,-1.815446674915438,-0.3554657534132301,3.0367279376253657,-4.229927452384271,-0.1233749342880666
11.277744072791622,246.85746138382612,641.5729806723249,6,0,1195.5473760219104,380.8677007884981,1.6285582272173045,3,0,2,-1.3228611057602369,0.3774881706231052,0.5643342312370802,-0.8966610296092192,0.4215764199753948
9.407942430560878,1182.713141490066,650.7484591001179,6,0,669.5479674188657,304.3514894566053,-2.517460441112356,2,1,0,0.5886128906816113,1.2092897186881264,2.030218806056925,-0.3398956458228219,0.782075867514793
4.0081656363518885,1477.5697077607908,530.1119603206839,3,3,2183.020650509763,264.83399715571136,0.5967884662192552,2,2,4,-0.6109116132325114,-2.704244439747593,-0.6344412686902658,-0.7926251947374847,0.6824331517788185
7.010025621348641,115.1915140470261,470.5224101792242,6,3,1209.259142998617,609.7081608184386,1.0741377947148938,1,2,1,3.493261295918516,1.6786765994574626,-1.124606889211943,2.7052292989379687,-1.44982803420397
1.0637073065054994,717.3309119678172,558.6847938518735,6,0,3531.584936933387,1014.4815831690532,-2.525617965105201,2,2,0,1.5919394134561322,-1.9706115196914056,-0.6650697271808838,3.924051019961812,-0.3868586283919339
4.886382354315927,1594.9941563517734,164.41090788067288,9,6,489.2597224593639,2.3314736978870734,1.3263459448518768,1,1,3,1.503397932369685,0.3254797066019803,-0.9034760152136988,2.3911323394750097,-0.297255111576067
0.1818636213120481,1123.6930207662886,275.17561774917885,3,3,1999.763756673441,533.8104126684538,1.027748713271183,1,1,0,1.7078466151426457,4.063970043392295,1.7069795661066425,-1.6030897472568422,-0.2739738111831616
0.3204601517095046,194.0247584981205,133.28502165994922,0,0,1478.043634415429,793.5296773549248,0.7381122669497597,1,2,3,0.4035303756826807,0.2836137467580768,0.8822422873826221,1.359923730229014,-0.3310046999787934
2.5333694293245763,1525.8290881628704,967.9702834383302,9,0,4362.978531669613,1444.052413205078,-3.231666188418491,0,1,1,-0.166553133370523,1.2428445019546424,-1.59544366064677,2.73576416246308,1.6549141946622898
0.153394466895416,1363.737954579644,346.290425673044,9,3,2457.435843723029,526.3181996060557,-1.7479423645124974,2,1,0,2.686783109823609,-5.0104261761894,-2.817959558974759,-0.1748188290588508,0.7241239561000877
7.548142897964036,1179.8032491856393,219.90940774699152,9,0,534.3529525500695,65.79112082311774,-3.7749206859149504,0,1,0,-0.6608890254069492,2.6195768295757347,3.041541182614508,-1.035006708755805,-1.6835693255668969
4.344789896588707,1064.084421637015,260.4307177798416,0,3,1613.882427824573,871.6609372270757,0.8372051035048076,2,2,4,0.124597862724664,-1.7546730893929612,-0.2695255341473508,-2.6114797386961213,-0.7172050399005746
1.792001318400299,458.1397101806165,135.02695232706537,9,0,2592.1587984851403,626.0666883415995,-1.2417555027409926,2,1,0,-0.4662370785379719,-1.615782758556778,-0.6346729259019663,3.904299791724741,-2.065503180653764
2.957209586785732,923.5723755936734,203.64684091381235,0,0,5.287494578472185,619.0624435916114,-0.5242630124187762,0,1,0,2.772862184616081,-0.0619940139526042,0.4811859879535153,0.909869058385996,0.0880099203859285
8.406806376333563,338.5993343509021,504.1135462907035,0,6,1327.9206161743855,795.1045875181918,2.141723908487014,0,1,3,1.8843800394440668,-0.6046105297328445,0.757734132563278,-1.2772640774876531,0.7617965769652872
3.112347973209712,1413.5028415827771,176.87875776451574,3,0,774.7889563272687,377.0839572627104,-2.594627205889149,0,0,2,-0.0262262478316537,-1.6797271926416426,3.5315414734571497,0.3048182384504698,0.1104914607358464
11.306931094856353,1113.3015769569358,128.99581403471532,9,12,685.4341027277517,485.5211333230352,-1.9617647039003905,1,1,5,-2.1988939709200594,1.4155029234049965,0.367526949508437,0.6064313159137971,-1.9019578643184272
2.131398309877744,637.987098330453,238.9677903650822,3,6,268.58685994725784,1020.5438659399084,-3.1726641913994764,0,0,5,-3.240108516047292,3.57663332551984,2.3157721457466955,2.0986930606282144,1.1633793991893664
15.303134436431495,871.8078037686395,14.777899590059016,6,3,2183.8614993175224,587.0529101928694,2.2034953235495527,0,0,6,1.898064350297108,3.962519799441214,-0.4395985750978781,1.3089344671775769,2.0292815062506997
1.0521678454010233,360.5564127667161,424.4603564430477,6,0,855.9390028536873,785.0232067487107,-3.579238195915216,0,1,1,0.51976769297908,1.7325382114012615,1.0422871042913018,-1.8695359109185248,0.106472133795544
3.126839261072607,1494.4874565242617,295.20565108428946,6,6,770.2368228044276,1360.5911190961322,0.1396095742081202,1,2,5,0.359019728770541,-0.3821925706585278,1.0889661656497882,-3.313933033124292,-1.4805870039769096
2.49341093210331,1124.9907118616527,365.8746634515078,3,0,1450.522364623186,1878.9380651858949,0.0252747229282117,0,0,2,0.1337289811306097,2.0494202201595453,-1.2325108113582703,2.219819335495377,2.262672074189692
1.2623687523066591,58.1735689561601,76.05668928080682,9,0,3198.25687779449,2962.947755277211,-0.0576748806368574,2,2,1,-0.539983641680859,3.079996189418286,3.1114497729077617,3.350350279305437,0.6420683360918569
7.506336262749899,1315.5875255223657,331.0343680631551,9,3,2164.150788740085,393.9426880567864,-1.855017036743053,1,1,1,0.1689457896952217,-0.6083228450685372,1.7846640829806983,-4.703637336239464,-0.875602868834727
6.965981857699882,820.4613094933803,337.8067302471372,0,3,252.27413619915012,114.52722789060468,-0.0959175384474726,0,1,1,-0.3507654902052886,1.8936843555845604,0.1632994849367257,-2.319126507510683,-1.05732103404474
4.3521367443459225,1277.0483683627388,649.4794637013973,0,0,52.908119804151454,134.84514714474898,-1.071249317013837,0,1,0,-0.8694754458603113,1.579776587892209,1.632669072725597,-1.4148774304342562,-0.4503301275426444
5.694733356375132,438.1371755738997,390.26699816829455,0,3,2607.6087917062564,982.0849268860896,-4.161611736558492,3,0,3,0.6627504731519989,0.503296266290719,-1.254537740436214,-0.3521541137634396,1.5280809769597012
0.6821890002303139,1364.2760057182627,19.12541235526109,9,0,1933.85034477004,376.8651410574244,-0.3770992797863304,0,0,4,-2.5820750316434244,-2.0161996725945714,4.0594418787870845,1.7849441527727876,0.0681501802592897
1.6180691086369854,290.1134130113988,44.41374313054583,9,6,1134.6149431771223,378.93595948057407,4.976572867202346,0,0,0,-0.2287065407555406,1.9739818322905245,0.9616105261651045,1.8105172652760797,-0.1708314023192234
0.8783519025962296,163.5124062071639,58.56479748210205,6,0,1764.0735467131772,2508.0249083500776,0.4802164076255804,2,0,7,2.681769671500084,5.197417525277652,1.8086233111528875,3.046959853970673,0.7154787236401217
4.59249207916849,85.25289992894014,240.70898027800925,3,3,1138.7739527707993,997.240582690116,-2.7778241190254205,4,2,4,1.5095267097472451,1.250604484297308,0.2532568185541153,2.243210977204009,0.8872130690975497
1.6373993161755511,416.9658956298636,109.76264571971156,3,3,758.9701381231839,200.70264253283705,0.90707735710668,2,0,1,2.381835662388877,-0.0842889636578361,3.0747369225747394,3.7339643014380206,1.3591217060723926
5.701153848152195,1998.6159100870395,33.70210362993237,9,6,2067.5411537488853,478.3484129504755,-0.0908227210872085,0,2,0,-4.452321463500959,-1.0163545478154086,4.241059723650381,2.6820919123131204,1.3102805162655646
1.8976021490223576,239.42247232976263,102.98029001674448,6,6,1252.0325042366535,1073.9766327592386,2.9987479273601565,5,0,2,-0.9302738679948408,-0.4018760696516374,-0.8607728312186202,-1.3341199261541363,-0.7281233486846067
1.0097386944475364,672.3115998302678,497.1689548381239,9,3,344.57636162356795,2167.851595123705,0.766920220157775,4,0,3,-2.832292112094997,0.2336804710717527,-0.4524805581283027,-0.4991782040073864,-0.6550339451685923
11.199384650427389,578.5970525728079,359.7162925073917,9,0,2732.3801833813977,772.333448755471,-0.9289403728389192,0,1,1,-0.5604571205668318,0.6348027582906995,-2.338955205521482,2.602472792567445,-1.6018109702486245
2.982063925925736,255.27326963664063,121.12521615784595,6,3,2021.4974364308837,1018.380666358048,-2.5461823775637784,2,1,3,4.0802196496698615,0.7909591781050613,-0.8569620376573684,1.6155905107367627,1.6763713983537765
3.005793366206034,115.53695982527572,571.5376233040051,3,9,1506.060432957296,1227.27022749575,1.706888023213179,0,0,1,-4.3808290535229535,2.3971233145157607,-0.5138673141174082,-1.0556149976826137,1.3287986540886854
6.465974551740374,793.3204001384852,372.6634656880331,6,3,188.39477176612564,737.7491601690502,0.0045205116406286,0,0,0,-3.1132107979982764,0.4980146534360967,0.376443719434544,-0.9237649075173768,-0.7475621976059461
0.2604766020910105,21.81320878078219,435.7075390587104,6,0,1867.2324121223876,456.0042488917715,-0.5319270892244554,1,0,2,-1.7139774333036404,4.209172999828631,0.5637018320913879,-1.6389354322449965,-0.0387962959046978
1.8483263320031167,290.68115492089447,412.4770728645613,0,6,1767.1711995467592,1209.5157769303628,0.2789888912275762,1,2,1,-1.8185677243438727,2.0048175676105924,2.6855387571661806,-1.7545845087896996,0.6268104234529174
7.853251063511365,201.2745154642446,398.4922372810603,3,0,121.1158326701826,447.5406334115556,-0.4149212759226103,4,2,2,-1.444599078092797,0.1456873783077645,0.3575436548743324,-1.170426939550845,0.5422393983196878
3.625853140249607,1081.4745940423154,167.29410574564866,3,0,1441.962158415679,214.9459451313947,0.984868849539912,2,0,0,1.0831198830099098,-2.4176844204297563,-4.236945047423294,-1.483954229213393,-0.2367394526660835
2.1684577413070985,1697.4982709550432,68.22437524876567,9,3,1174.9473484930431,476.8935522335892,-2.325390330436445,1,0,2,-4.393432123491384,0.8797308241341519,1.9007062830295145,0.4949150342277697,0.1568933474176844
9.18841019268971,270.910312563948,893.5989331081522,0,3,33.713144474392095,1128.5232168435462,1.3838321309010426,0,1,3,-1.9487984095719884,3.991513204469362,-1.1793222690106997,1.7958920458091816,-1.3620191790035627
0.5265624343735862,1583.757928640057,279.0119935739101,6,6,248.2572726831364,79.3587346432942,3.2587235026261547,1,0,0,-2.2973395685999902,-3.440665297792978,1.780325605342567,2.580002890370925,1.5765331011927566
0.8527671796242762,514.8253260901546,1014.3026455818888,0,0,4075.7753787205033,751.5941692360027,-0.3679760051052558,1,1,2,-0.7416271061170142,-4.742434638452407,-3.785521556999619,2.18350271908527,0.2447376192246971
1.6719870991824417,493.0947277403242,197.07094753987903,0,0,464.36086379342936,194.23362895723,-1.2512776477788925,0,1,0,0.8142077494365403,0.5866222584016547,1.6260904340280442,0.9646283528777106,-1.7109211233913817
0.7717062848309391,281.584636003592,492.6214651132522,0,6,577.8332331543529,886.805530477071,-0.6822164202690132,2,1,3,-0.2329486916192201,0.6879483314998845,-1.085955009404181,-1.8279991702421603,0.2941971110835383
5.41764256189047,2607.222105342016,110.61208221642154,6,3,2745.0707496910445,34.195532004448694,-0.4683100478802842,2,0,1,0.1320175835088657,-3.5045657856836554,-0.6446262729422475,1.3481291644649425,1.6138850290563866
1.081594545229022,1194.579241442687,1028.5085175869986,3,6,1398.977409620006,722.2400543081051,2.162822843301778,0,1,1,3.199272487100094,-1.192457008732042,-1.4506065869500635,-3.1744550659007773,-0.3811943860828942
2.199042289158616,261.46904488142604,794.7403362629126,3,9,447.7621093164637,375.2363894476566,3.493565840562315,1,1,2,-0.5416152639207946,-0.3318699025162666,-1.6316913846018262,1.310308598051836,-0.5698607889947737
1.5104785043853963,948.0247484954738,490.4354860870828,0,3,65.61434907551026,2057.050479375092,3.944329910067636,1,1,4,2.7380513348383992,-0.5047136588017174,-0.7037407747607103,0.777997365313047,-0.3746033080319929
8.997714590041898,20.25906842023717,128.84985588580722,0,6,2280.8051014163657,2134.655025155191,-1.3306851800734625,2,1,0,-1.4033305693962117,3.2987171851003607,-1.5787456158582982,1.0318219364956274,1.2234191659928078
3.901898983925877,673.6656375386476,75.20309832166204,0,6,1767.8588161593575,35.00255202019255,2.9025106158532896,1,0,2,0.1937009877224884,1.0379128195437473,0.2321455742597267,-1.775822326557574,-1.428085624918997
4.733478763124025,1216.2356238278944,62.59560012337892,3,6,998.1204688423696,924.5024026741564,-1.44489319718336,1,2,6,0.355328546673461,2.2100828698623958,-2.212068793242466,0.1825257216667222,-0.6624072541952383
0.559327768514811,1205.6496558532376,70.74201244812058,3,0,946.5339287092004,2144.486437613402,-0.0345489258319751,0,2,3,-1.2996373177489091,0.1103058000286745,4.056972499912096,-2.6760901329354367,0.3022396386667996
3.887612111884576,15.24049363296176,211.83442154612624,0,0,206.96796355321703,289.2327615267571,-1.3802265134951206,3,2,3,0.6156473109622529,2.000973550676436,-1.0660879567920276,-1.8709365974106769,-0.4983745997157688
1.0562879493813702,392.91251597652376,245.51090869171043,3,9,363.0976961908589,67.67812445308307,-1.1569416081382862,3,0,4,0.7084337080287315,-2.3715357485973376,-1.39427841460631,1.8883794074519815,0.0195491885150216
3.777562763641682,466.5309516578212,261.1945555542108,3,9,781.2176554771399,312.32651096112284,-2.291766966179642,0,0,3,-4.181368552372687,2.7289044984371627,2.3693164143945813,0.6707264268552884,0.4234754107270019
5.006395134682517,203.5818526778336,480.7765756075165,0,0,640.6832383007866,86.29325887569595,-0.2834910335623227,2,0,1,0.0337902138833314,1.0996695586548142,0.0013199460140027,-1.5859146045023749,1.4324949105848288
2.6432987761705737,1261.809014389434,260.092182216645,6,0,4281.629186185444,2200.530338239168,-3.032454803615269,3,2,1,-1.6213978926336718,0.4782894651414586,-3.633372216628299,2.132863272670525,0.8212695997108276
1.46526533983108,1095.0677389863854,548.0067568941554,0,0,694.37176537285,986.845164711984,1.9164724006823903,2,1,2,1.3751571676740777,3.4750191902911585,0.1851578958095256,-0.4076475683952441,1.211918767813725
6.164882848540325,710.2267441618869,279.3282005693165,15,3,386.5547722037658,1.9718253150491691,-0.6959225380232368,2,1,1,-3.899084966511735,2.9531251065042508,1.0564077438857389,0.945614386051888,-0.513574654784738
9.508624406988028,225.89986545958624,535.9042324066747,6,6,1409.7765758351843,806.1772629926758,1.6682943880625147,3,2,1,2.4299279309210817,-2.263188543329307,-2.447781945484864,2.3307270065066232,-0.266471051600762
9.775473412664676,1403.6411933592467,711.265523595019,0,21,1234.1614408730882,1605.1256153066895,-1.3425833691260616,5,1,2,2.777292416394549,-6.059453831236963,-1.1016519726178298,0.820657676753268,-0.1237677383788434
3.0326058958967144,1101.4446776228106,516.2383541999658,0,6,1401.6906979933003,2440.0532746926306,2.3455709674485323,3,0,4,0.3806553323236666,-2.5531310208968314,-2.9442288471851654,-0.409147567258685,-0.9723070466157916
1.0310113808258858,800.5544954736711,648.5781757178315,6,9,1063.070922750256,1992.1897827938544,-4.320878545621173,4,0,0,0.24262408934191,4.597810625501913,0.8489820231015865,-0.0291016546002353,1.3324367512858004
2.3807687717102715,2.898630176754735,263.54240039966965,6,9,323.7350029840547,0.6772605832064702,2.3686128786617955,2,1,3,3.288555800655147,1.375277918176173,-2.35966964442344,2.1111599401634558,-1.0835551990387573
2.807916597845484,81.27905224181575,532.1395068469616,3,3,713.489962283086,798.3345548928397,0.3274473891031126,0,0,1,2.626124169600176,-1.3079086059140546,0.0326697857414302,1.889593753724835,2.26858516186144
7.165387202336319,2524.4762230907004,742.2584556123437,9,0,2953.4084370795804,1564.484799555775,-2.2914878170421136,1,1,0,-1.3864498058439108,2.0862844508569007,0.4833826888447172,3.503482783029212,-0.6630626879815642
0.7854718286702018,2653.4979266902283,420.77924137958286,6,0,337.4655014710548,321.8396606156029,1.3980647850189822,1,0,0,1.3114694826382167,-1.2889007024319736,-3.184976472664858,0.0346868323622926,0.627270910316191
2.32023678531372,2821.665252203146,723.1495020320739,0,6,366.75813297969154,291.1885838347845,-0.8218277132566145,3,1,4,-0.2776753889965303,1.3215492128052433,1.113549066401575,-1.482886866296434,0.5777733917696455
1.500264176995184,1184.028838479651,224.3963141179533,3,0,1468.1871865491837,1373.5020212450645,1.0515934155122613,2,1,0,2.8667079486082514,1.5896639881988148,0.293289314705884,-1.5077450394596366,-1.5515002645188585
8.494133132035204,273.68354601473163,271.0567613038445,9,0,3.859032384661344,349.21354317531154,-0.6610967178086977,1,0,0,-0.8770165909611152,-2.2528091967601984,1.3597669488472457,-2.189244148181825,1.762851498837439
6.670618123389854,243.1377898250225,79.98648819282253,9,0,875.2637339218488,327.21497889646594,0.63157909950898,0,1,1,-0.3177751074847641,-1.4011964704616742,-2.177220467149936,2.2760908395890924,-1.116062825510848
4.018319895305747,1174.7461601043117,132.50324756466964,0,3,1713.253034279447,132.36848717849423,-0.0953214712322449,1,1,5,-1.25694544093482,-3.1147500071785608,2.2654059117442635,0.6808382360480482,0.0810438465481764
1.6075003910420402,1443.082180396947,5.39185636565187,9,6,516.8604959423297,3481.801012423626,4.479505547540422,1,0,5,1.744918181012347,-1.3241996987028666,-1.8221564054048816,-0.6342319113702237,0.1418001011879413
9.08649239091508,514.2218315833144,123.2783652913582,0,0,1458.601461969619,2399.4885039430205,-1.35284857176497,0,2,3,-0.9670353995820924,4.099061412912341,-0.2412989446813809,3.411997156275121,-0.26203570217898
2.191159135723706,1099.3393409686764,73.92038575970699,3,6,1053.6781284021993,9.933977458624907,-1.1114828354795565,2,2,0,-6.327411853229256,2.063556918657936,0.8332356336696156,1.174037871658305,-2.3575758787642638
1.6275555479461752,667.3179027092576,356.1100696848453,3,9,110.05983918616104,540.8106855825347,-0.045369153620788,1,1,5,-0.3580146416062749,-0.5022535876106307,-0.9938064356567058,2.936505506716955,-0.1290897221609727
1.7743221644198306,776.9262653977755,353.0457468613111,6,9,1015.7015028910384,804.3094321446962,1.2355446106647785,3,1,0,-0.0511815804774475,-1.8146665466033451,-1.5200997017978264,1.7680943386300758,0.5437799714605659
5.904400668040273,666.99606764829,46.75154195652981,6,0,914.9950052771388,1231.4702299021744,-0.3394625954532611,0,0,1,-1.1805909641471308,0.0817014089270171,1.5819918316427812,-1.7978888215659057,1.6125201458229252
4.35517439539056,581.155000636404,306.33540966260665,3,0,245.1671270776392,368.1523129120828,-2.937369762003009,0,0,1,-1.71975737777443,2.988859511229725,2.4977996455260243,-2.238287562914317,-0.4933361120797231
3.0533598530638923,445.8888920941554,731.9515454738578,12,6,2456.8110000311203,203.4349905849292,-3.4506984392994555,3,2,2,-0.3172391434378484,-0.6041956891119453,-1.18458329890291,1.7210068252974973,1.090567056783833
0.0046999757054531,482.8894655743334,1229.55223280137,0,6,727.6397292053329,438.1430425294512,3.9684531938767273,1,2,2,-0.9144042752065804,0.7282977013501448,-0.3850186353314517,1.6263149081625847,-1.060531470379258
2.1296248785023515,562.4981314911747,642.1843099819798,0,3,2636.5583243125297,1172.5560933342515,-4.326962192018318,2,0,3,2.5531901548272806,0.7768031072336044,-0.9389882114819128,0.6123280890390038,1.1380102454786492
3.131008992042569,1047.017619749762,380.79268574404136,6,0,904.080665924355,274.6763160259344,-2.774517959936621,0,0,0,-1.9393178211644535,2.908767273702449,3.192663919294996,-1.0546548197091314,0.8117785290580493
2.9109074717506407,1709.231934010567,591.5742484757727,3,3,263.6279668418839,1220.3838491872193,-2.666969816731935,0,0,4,-1.433568124517365,4.380291713290711,1.075247806023602,0.9874842067499734,-0.0654020534314942
1.951255379407744,832.3573157674123,326.2406165390904,3,3,953.9535058996167,812.0443311644111,-4.108586062012135,2,1,1,2.7914392069030685,-2.141034182848421,5.2969421152078,-0.012725059317717,-0.70365011211192
2.5112359691518704,776.9374919567888,340.4176641959477,0,9,3275.6870495363223,351.55061366937514,-2.108964833182261,2,0,1,-0.2614106948747794,4.38340851663487,1.552147263168303,-0.829979911944867,0.5952206959540817
4.37312228739691,816.8638548722595,549.9765309589305,6,0,2074.9489898805946,997.6040238022656,-1.8057325205274448,1,0,5,-0.1370093661566014,3.691225717116711,2.6668237426928787,0.4720863093109717,1.4440884118614647
2.39669745137035,250.18564333160188,301.6313028264257,3,0,1747.8368084285912,199.64450984877453,2.3819365859652266,0,2,0,1.1710366992480412,2.5785038658059696,5.016880246990459,2.4659102277854608,1.054695048735961
1.0565139292800567,797.982726600538,538.4029854613258,9,6,1650.2825586528627,35.96551771647799,1.1307773239547996,0,1,2,-0.7513350108309116,0.802557197762171,4.7554903359151055,1.7063758921161618,0.9876939719511008
2.0936346225036453,404.9427502819579,834.3430058975512,3,0,2239.641296664985,1776.7671850919285,-0.3713725354800636,1,0,1,0.2019810437198308,1.9475219619596995,-1.5099896504519668,1.9956678291616825,-0.616235946377372
5.706999624091242,313.4051675209092,337.94320932205005,3,6,3111.0756496007616,971.4733005862184,-2.072161170010321,0,2,1,-1.933249433194021,-0.3946593224369523,-3.8243100684450297,-1.5262904128956916,0.1827513323389738
10.027455560142675,690.7223591705853,785.9524006803268,0,0,624.6329278667783,142.40303172990863,-0.601889383442783,1,2,0,-1.7775663844920104,-2.9534895742781755,-0.906684333001077,-0.7546952779505991,1.2358956754006831
3.323073172232276,169.86976997988012,447.86412570660656,0,9,135.92876538629278,996.044738632874,-3.731649543476164,3,0,4,0.4678425328638915,-1.519175868460968,0.5482875593350527,-1.5875034268374606,-1.1728737336681068
1.611127891367869,522.2523014175878,426.18892219389534,3,3,231.0062968489989,1070.38169439814,0.0518588357338085,0,1,1,-1.6504306500622343,0.2782570795546359,0.0003292523832225,-0.953518889486514,-0.5163072882408837
0.4040110390257723,1534.6060037499503,245.35342737482435,0,3,1009.7633149968408,1830.6216845922236,1.1630456487975882,0,1,6,-2.169643924538826,-5.460594641064073,3.1250305328709764,0.0115251249407275,0.5787879662273053
1.656623593142773,83.42913941682217,286.1413857656965,0,0,777.3281108932268,546.8405985426373,2.237862631507305,1,0,0,-0.7670243084945252,0.0483639208673236,-1.2034899962061678,-1.473333239661193,0.1389830791058456
2.813248176056964,94.93731470551236,848.2343177363409,0,3,801.9998172540558,326.3381855743832,1.0600499726109092,1,0,2,0.8864511214116837,0.7384122420619078,2.5530040141812185,3.4683356325596177,-0.6615970739103254
8.24786997609233,249.2767459001618,83.50167757665089,3,0,578.6901845957002,655.0003912456663,-0.642968761073515,1,1,2,0.4437027903986998,1.1397996814789566,-0.3476068905871721,2.296460377820238,-0.1199754811364876
3.925458058417484,69.47315007711063,11.641108066758695,12,0,685.9868784658532,492.3305143531623,3.3663071879815014,3,1,1,3.403837658525874,5.856569434896066,0.0296135973966471,1.0095267091921856,-1.6905451397295006
2.4920836658627907,1867.3694816242275,10.119857310022525,0,0,3092.0695733951943,2184.7154264176866,-1.9738065436365613,3,2,2,-0.6783591514648706,-0.1560152861529389,-4.643379923039412,3.083358646191668,-1.2349812800934483
5.383359751996869,1076.61368846008,167.60239667019732,0,0,2377.2849714137565,1878.1315478741344,-1.2157863607467407,0,0,2,-2.7225014271899157,1.6753710004673148,-3.687029172674084,-0.0947176485705043,-0.0229366940912926
3.4531594872974885,2010.576241710893,366.77412099360447,0,3,3158.5945965117407,2264.687871720475,-3.053882175107134,1,2,4,-0.6814699053636051,2.687543416874673,-2.287586527707812,1.803857114666119,-2.0672615284261675
5.213755572598238,116.4777877391916,561.9773320696554,6,0,4158.871056796327,1065.2753827154036,0.151214054611684,1,0,4,-1.2616303151468748,6.536933952475012,2.3400310649097418,-3.035688069843493,1.3444031435034625
0.7061599947801185,626.5401293109071,665.7332819102709,12,3,2077.961852891416,1354.7913680741678,0.4189579938895598,2,0,3,-4.105623448099911,2.9209567524801043,1.5481929003712036,-3.6129341792928544,-1.343383727933725
9.950507749038271,1201.473940519315,303.5102220414584,6,0,2222.576202771992,2045.4160856312012,-0.8654022383267952,1,1,1,-3.033943424424081,3.0068132984147278,-2.009820528212066,2.449308118726239,-0.5825369949422742
2.7382845540827265,799.4359197214862,84.93103454150754,9,9,2636.479255189995,1092.9706888858805,3.969418987826683,3,0,2,0.1707232182197955,1.316713906001664,0.632711611978441,0.3683740752611696,-1.4175046636438726
9.084323545675716,1485.018048534489,516.2928106299295,3,6,1832.763430216245,1146.905937834286,-0.791394594810056,1,2,4,-3.488242923231395,-3.606764914739984,2.742107495851635,0.1100477732009042,-0.7610673875673375
1.6528347205280938,1450.2203770838998,911.7385073194667,3,3,2772.5008660115595,138.93264747065987,-1.607912793931486,0,2,4,-0.0539173310775351,-0.0631410277264228,3.989691290516788,1.4307876691135184,0.4410893268143669
1.5918578946981063,416.50968703481874,98.7060825279647,0,0,2373.397809586302,1625.6771684509413,2.9846546129977014,0,1,0,1.1284507326998583,-0.0163241012027623,-1.3971789135839174,-4.207134617195765,0.2344572589194637
1.117348547693391,1202.189338084036,476.1296461397388,3,0,666.2702421790814,614.6733502080267,0.4579034073496808,2,0,1,-1.2995528973089514,1.2468270040294591,0.9962005161435448,-1.8244112840313096,-0.365636808867035
3.162018353773553,92.56933762981288,86.75663651489383,3,0,761.0627853212096,2615.480406417796,5.008496622043164,1,2,5,3.0326674811117567,1.5656520535993297,1.1934799256309374,0.4227275814399008,0.2325025757446845
1.530274817214457,407.238584157592,621.8647872175377,6,0,3809.324844003547,622.5686460472245,0.1426680532277329,2,0,3,0.4721966373499247,2.775232145309015,2.87591272071376,-2.166025144039067,-0.1247800623101819
7.063382905434677,1482.564227500259,625.9133092206021,0,9,597.0575364221644,137.56551076312056,0.5619564788060376,0,2,3,1.8970342706445795,-0.924142718173954,1.5839733714585895,-2.5096516801244624,-0.6619458589365633
10.975354917165657,979.0367271370563,389.564268804101,0,3,1254.862452796884,374.32602111988456,-2.68482047027517,2,2,3,-0.6611956252277124,-0.6697651399736135,1.843200715992004,-2.9003917639129027,-0.3300637725864791
0.6063756518195363,1012.1509739347536,498.0502888627004,9,3,1010.456931414169,1012.0594607324184,-0.8451097411616285,0,1,1,-0.0887653887839934,1.0627853790097923,1.751442489779386,-2.2477243087832486,-0.4740526088771464
4.351818032454404,315.04616261994005,364.32696180109895,0,3,306.5407162874537,1079.845235141967,0.7059658115340832,1,0,2,3.8904105898810686,-2.006247878923588,-0.8644543032329718,-3.383699658141132,0.3288767417116628
7.350886738641071,521.1597557551311,33.30739878063034,0,6,523.7209584589158,1391.7896670977077,3.1832724166462345,0,1,2,-2.34008567190618,0.7502084962509932,-0.6419361001944934,0.3813463464597149,0.0514489453525163
4.427340209785112,395.6587820515284,33.359730552385855,6,3,1195.6893164036107,1383.2240505486195,2.3423459188766653,3,2,6,-0.1433612353618174,-1.7530992736839786,2.720306861678925,2.1373148387661245,-0.4057790282231824
10.380703489917028,1687.4116510216747,93.36943970280014,0,12,3435.5301589998853,2092.2322493907704,0.1550897810850868,3,2,6,-6.007025305990286,-4.290958555357852,0.0017071801479238,-0.5045328536492063,-1.030395401884537
2.753295585698924,7.927797327701103,113.82953975532048,9,6,71.35753854878568,575.6389052140972,1.186392804994603,1,0,1,1.3671053146605876,-1.1122431209496089,1.2371119995594626,0.1959116459722998,2.306382848996245
6.628296541038584,1048.3551193759413,356.0496657288891,0,0,1013.4694412699948,11.163618081073876,-0.7315543544578627,0,0,0,-0.9054551239916444,1.0844139229715244,2.777881570908112,-1.4455550988630772,-0.5826322810981761
4.217853049375711,198.63847658458627,216.07045064291012,3,12,263.49841476003496,393.4139632609217,-2.964931486432503,2,1,7,1.2087304544661743,0.961938010365164,-0.2062169626051621,-1.459297619159637,-0.3348260251834346
1.5539791409047572,1064.8709419397296,926.1322220093316,0,0,463.0518584389574,829.9812295860041,-1.105297570255359,2,2,2,0.8510338747599218,0.1481127844179059,0.6439074031373256,0.1969197952643688,-0.6169931497263524
1.6691541451563068,799.2859701878322,127.1965135145455,0,3,3447.088989656272,1897.614171833654,4.645000125120588,1,0,1,-1.3487846807758113,2.0866944287098783,-1.053690112726961,-3.592962865107401,1.1641808289922386
5.391223087229654,1088.81697332823,376.1790014799434,0,6,1677.915042632474,1323.176774954831,-0.7557678992121784,1,2,0,1.2045654488568245,2.498390527469404,-0.9836813558616416,2.2115590649895003,-0.4956225949805173
6.553251012450229,683.4856428054574,654.1791077978322,0,9,521.6919305278016,1771.059714389307,1.7241113471417064,0,1,1,-4.143524972035529,0.8781242424241165,1.6310435243098311,-1.3735347002644889,-1.8154437861686412
2.5607202592986846,1099.550454055649,341.49966777312574,3,3,26.503083983926523,1570.3312893000464,-0.8060623794131998,0,1,2,-0.5421634925199645,-1.1309872775863832,2.214737057560465,-1.643056801518078,-1.4185113507054643
5.056343505654906,2410.20056869056,84.76283673314444,6,0,5299.859877820235,1295.1797466026098,6.169573346693431,0,1,2,-2.335860204472283,3.955375838038413,-2.621505523539704,-1.797276466422001,0.1021303837157974
0.0352069695189032,747.7563881016976,20.63022995171565,0,3,31.626098001253467,545.757669699778,0.0460330210051782,0,1,0,0.6547386024737211,-0.4490821236835267,0.5652085611811913,1.1113070959283158,1.0027167799165535
0.5656110214293604,531.8421778737622,415.86026714518334,3,0,1572.7264191555753,476.0934120048625,1.4808479075080367,2,0,3,-1.192706865445064,3.6618740041917386,-2.441459418812201,-2.7501697466830137,-0.1983421674336054
3.2712738686705807,956.30624658207,337.9840943537251,3,0,1052.4980468516053,906.9274672310528,-0.3694450860884807,0,0,0,-0.6736291128794574,1.6924219080824263,0.3253073962560568,3.0519464858655327,-0.0787581682527456
10.314426487235547,221.84155741585664,44.116450218399606,0,6,490.5277217226012,493.8857873190721,-2.281433941825885,1,0,6,-1.6943347092120318,3.822314355539009,-0.9883573838192544,-0.7018439903977642,-0.4767095732891307
0.4924401159731308,1130.8655789271952,787.4406512612669,3,6,1057.4880921133192,215.1355875602129,-3.041082036548606,0,1,1,-3.014650814223697,0.796447207313455,2.4048047943774584,1.7974946907974405,-0.210385234678796
6.3688026555055615,384.3542761680996,64.82523893158452,15,6,3146.1747885972363,2074.736001843805,-1.0386000416859371,0,1,1,-0.9980502675734232,1.2189581448629043,4.707136293967812,3.8846064506511055,-0.8999060987963798
0.7357461437787656,557.2498176203873,719.1048499870669,9,0,843.5135226682619,934.7513292576564,0.9083472412892044,1,0,2,1.3659847894493768,2.7687101316533544,0.2784097389484063,1.0685073933824754,0.0130223443333765
5.354418849532223,503.41172556788496,433.51242214781007,6,18,1269.617861373918,2419.4117382258914,-1.36397005113558,0,0,5,-1.7422584744063037,5.018461867440927,0.3373477301409916,-1.1784967334968397,0.8597288032551338
1.5316165436267182,1032.328619819685,280.4841583864958,0,6,2776.611436720218,297.4165630058607,-2.89104140977787,1,1,1,-0.9556788340290904,-1.3300508743382335,-2.451183360148085,-0.3057411721272869,-0.8169164733750265
5.521967204642499,99.52494980547068,541.658575900492,0,12,831.4708388836616,7.295378131512603,-2.7074942907880857,1,1,6,-2.7019167718095574,2.333376135993442,1.9668813378582215,1.1884206994668345,0.8189706702820598
8.908042049555768,1792.0309408324613,354.5657328592962,6,0,478.8883593763736,1677.9710144292928,4.426926466843544,3,0,1,-5.0758091691944704,5.672340091107111,1.258233290165461,5.010865955814335,2.0530705792852544
2.828295334398987,251.26203701809936,92.1114471760762,0,0,876.4064740807966,753.3586530043963,-1.0133799420682803,2,0,5,-0.6863238982874658,2.133256271055292,-0.2541862648684327,-0.0522825485517834,1.2564574698274218
0.135523785486153,505.57406892294256,487.8240088931751,0,3,2900.2450117178787,375.68624839408346,-0.9262182603790584,2,2,3,3.6007232934309705,-4.588198876290448,-2.2879777569884867,-1.4252347686310936,-0.3578735514643
1.5067121525839755,1280.9076677874507,47.36711779307198,9,6,967.70563574732,364.6347202365615,0.7204789878329851,3,1,2,0.2077666561884885,-2.139394560711404,-4.578004791507236,-1.1332918541602333,0.4131368504906163
4.741799651963749,211.10409117936229,3.8582981639074263,0,9,746.9274773628681,782.8693420777737,3.1146820072058983,0,1,0,-1.527087122028953,-1.7020933605211526,-2.0740404400090355,1.375307733646747,0.7151092416136893
2.7323142755416763,2388.3548549870093,458.8312008333287,9,9,1124.1637441030812,214.77613803439004,4.829345609829673,1,0,3,-1.215932781961233,-0.3295528839200534,0.1238437200386841,0.4371632925813529,-0.588654563599412
8.449185493808175,435.40536115035536,366.35924788274485,3,0,510.9756961401639,909.3643382170486,0.0791990083498235,0,1,1,-1.832947398149325,-0.0887171381522378,-1.1710731593581185,-1.875842339319092,-0.3071899161582374
3.0891089894021637,588.2450900219409,64.64956173811522,3,0,3123.9308409303,237.18004637272796,1.2882253900369964,0,0,2,1.6910622033072733,3.846433725239722,4.615455739718923,1.1512478013277807,0.0229448255617925
0.8751117259431201,627.6344344795525,249.6763274076258,0,6,793.6349229266801,1979.2982243895967,-0.0085864286558912,0,0,0,-2.468950780129978,1.3616508907482443,1.9414702794934504,-2.730396012168879,-0.5469869958236913
2.423198760585436,70.82587591089884,335.1237733458629,18,3,3839.5671867533806,1864.32914322305,-0.6095122661171992,1,1,7,-4.868464071509527,1.638880914167859,6.9862206353307466,2.786602285965861,0.4762086598391273
0.0100491472355689,66.19482932932641,348.0678096302567,6,3,3256.6041055987994,2151.6647855264755,1.1290172599887127,0,1,0,-1.952717890819704,2.4006373148848623,1.4277902896551615,-3.662566864592908,-0.3456495420233609
3.2726721492627964,651.9741850039276,674.7704573622294,0,0,445.8867950627941,882.4987855285999,-0.9790519008986808,2,2,1,0.5186327419653509,-1.053854815993595,1.7207977094161633,-1.648846988917688,-1.7321766560644418
6.443570684854861,999.1758715952752,394.4013358168005,9,0,772.406553657335,982.5122972847169,0.1277347280941285,4,0,3,-2.720037060665322,-1.0637562450488172,2.0983492613865407,-0.6682401874366509,1.5344598036011976
0.201309738668713,629.2551424755096,582.5443069020329,6,9,455.41076323235,945.7208581654228,-4.380936048256498,2,0,3,-2.628337285917204,0.035446842718682,-0.0659578072828839,-2.850840161324656,0.7918865964847626
1.665317134624564,838.1534331190086,270.9624726242616,6,3,228.19550411566647,58.42773572289936,-1.868492717474884,1,0,0,0.7530853048484449,0.6422147524512286,0.8700300831955385,-1.3580903253998702,-0.5699825271763458
3.002968857382509,2084.467234375415,99.08218985076888,3,0,1022.6287274503446,82.9434061802234,-1.9297133978603191,0,1,1,0.2798772475836996,2.248245569559491,1.093171829446406,-0.3674683456993108,1.898112487281755
4.350622639454219,996.6277987952914,423.8296280933984,0,3,1252.0789476506843,98.9920416225083,2.3508965388033074,5,1,3,-0.0681504306056506,0.4626436575950892,0.1636203859350082,-0.8274755420601747,-0.6952093549397577
1.6525640783434148,166.74113735003849,538.7263836416414,3,0,1170.5155448744845,735.4713952030985,0.7902608435060039,0,0,3,2.414809006953782,2.4909802980260984,1.4583235947946682,2.1445830122603238,-1.1652397109873207
1.9912302415031344,93.66595814604727,86.76179557470796,12,9,341.9156537391504,258.3740618326596,-4.447713993736311,5,0,7,-3.591466177386282,2.008745012191786,-0.8500515967111474,-2.3842222576033363,-0.019422033919793
2.1077701702871128,1318.5111090483947,880.4985939406274,6,0,1733.3302943226574,867.2506242564365,0.8726608509337914,0,0,1,-1.2456888351864726,-0.6671009814629204,-1.491892948354646,1.7787213420247745,1.364505781955188
11.0361387342407,1108.5412167314582,11.02103555870169,0,12,481.6478081105675,786.854360208679,-0.1000371564374094,0,0,4,-1.7284593799353174,2.5422673400229105,1.2285560901194374,-1.384676690117112,1.7351372516593204
9.116389525178803,1124.3907183547913,290.76437437630574,0,0,4872.294321715011,1975.1698932393049,-4.18194673110795,2,1,0,1.2481458079200023,-0.2022871417720304,-2.253507563364403,1.4659039937393248,-1.7592995125411828
2.634481654942024,1206.0634419128332,329.2042107292113,0,0,2689.757322067852,1255.8489217011952,1.6959432156551015,0,2,1,-1.5085083194162057,1.0496950399718512,5.472262881774727,1.1947556866151483,-0.9186611780556784
5.10249188427416,853.9070207089643,32.43132273580286,0,3,2705.6518645521937,94.35670264327626,-1.506309029000996,1,1,3,-1.7681632610720894,1.0738155748747922,5.034465758189859,1.672574506845639,0.89425243389315
4.008686142818872,587.9174151203615,614.7188057572993,3,0,992.7579214781624,96.03432793113872,-0.3302915507325001,2,0,0,-1.7667301880176272,-0.8074346818026672,2.815114194257605,-1.890848866285769,1.7488568851756037
2.5692866586724072,680.8553443924748,208.173673648666,0,3,1319.899414567313,214.00326605154157,-0.5262592455010708,0,0,2,2.3534939847066654,0.3788021916368828,2.184968613325525,1.7302153166155052,-1.6487522205038847
1.2438550738826928,183.80021076230523,216.25330177384075,12,0,3552.1811628823984,135.13277607535895,4.006814545778024,1,2,5,-3.4695494217364,4.224538474657908,-3.4729421019229,-0.8695680566302306,0.0699599385802906
2.419811470912532,671.1800360145104,775.7880289641837,12,9,2753.7814862459054,112.35535992215353,1.959680228174113,4,0,6,-0.3471299486840093,5.913502808905007,-0.810570612905422,-0.936581013923868,0.6738364073278565
6.113408528990208,219.1339713115622,114.3957061774134,12,9,1470.4440157294523,2304.1751678297314,-2.08199672492118,0,2,1,-2.153294715641445,2.6524410701869816,2.153871934415675,3.535433677276973,2.02106157222852
3.710578197258559,202.0624369840155,235.62198884294963,6,3,160.307300550291,1703.0715438329328,-1.9905365033928049,0,0,3,0.2442769333838921,-0.3016473991459392,3.002263997952374,4.162567730431987,0.9478608003461076
1.949249079393759,1647.6637690501325,166.8729775330722,3,6,534.0911418754325,948.6131723349872,-1.0471357460953912,2,1,0,-0.794733855120343,2.1336141443283805,0.0736601680751074,-3.488478166570083,-0.1462489304106867
0.8828721285350917,1364.0810272509298,303.61601843048584,3,9,1798.9512057962284,1329.1840529292042,-4.712580351197395,2,0,6,0.3033216021397935,3.093962461954913,0.46723609231852,0.141213499747806,-1.4541147436727997
2.140080163727397,373.5484185240082,126.7710697708459,12,6,251.7096943998637,1726.2608789897552,1.1366575656355749,0,0,5,4.494043479555281,0.7818355836365478,1.0886662766892754,5.090713421954503,-1.865121527386625
4.218127207793654,927.586644594207,639.3529061175433,0,3,1573.4997849198087,744.3944588501361,-3.616057845741244,2,0,2,-0.5550783394401763,0.622105048560281,2.479118625306011,1.493998686330687,-0.0996580352486369
3.0785271596247488,967.2174119032514,159.02587958428524,6,3,348.3888124079524,702.7730702991087,2.437634513269833,2,1,0,1.315430985321572,0.4941133233836754,-1.5190793438424457,0.1186751705791768,0.2034245461138953
6.725818242962439,2429.537807612425,446.4201888244835,0,3,3263.7116477203945,951.1684635450318,-0.811174215081848,0,0,2,2.2720480953703954,-3.270454992444132,-2.2625572296084577,0.0518197213651556,0.1664882225984145
0.9511618440070778,1594.8215170638928,435.4720257890715,0,0,2141.4342799926,919.048662982479,-1.4065828181696125,0,1,5,-0.8882490212913975,-2.2196362801833063,2.9933061268315764,-1.1696921809152858,-0.8617951050131745
1.2395659941642532,892.4956425766192,242.8696059652512,0,6,2160.682041629156,883.2693121616409,2.4344617095201238,0,2,2,0.9703178929466012,-0.1812737762861354,-0.0570460923870626,-2.7424924918492994,-0.936604202444045
7.682619239140342,1256.8714473547543,507.641183529943,0,9,2943.600311428404,1410.3614011571635,-1.9692498601216093,1,0,4,-0.6819374049850546,1.594723506541042,-0.1880720438159002,-0.6401480556613321,-1.44358769031686
3.0618192832198856,663.4233456661477,45.29984798897369,0,6,138.49261438508276,537.9194322447988,1.9848219652422507,2,0,3,-0.3057989904565301,-1.0403543680539469,-0.3836426180661345,-2.6462710667927487,0.2737117894931752
8.44091463758362,297.82243484084387,83.57861310934042,0,12,150.37662066979777,803.3870349550313,-0.1540191375525896,0,0,2,-4.771578556889667,1.0177368293168731,0.7584588205172468,0.2929492048623754,0.4227090672283248
6.581820737264055,700.5709985595017,921.0766410013388,6,3,961.2861034055334,313.8526351636341,2.434823740273563,1,1,2,2.96622287063744,2.82875707086769,1.1321140224305,2.069252103063773,-0.7309939405411472
2.0917280952615096,443.4445419825882,74.0446435481593,3,3,330.8093264317407,146.21391762921175,-2.0841777367754704,2,0,3,-0.566615605256335,0.5857268879923251,-0.0274476108616978,-0.3444787127862094,-1.8894852870959715
1.0197949451411907,685.4213276486515,909.2780133658736,0,9,16.21698454193085,279.5291482687294,-0.4442716087611036,0,1,3,-3.117805295232662,2.6611864955356346,1.2358790420228654,-3.7433955629353486,-1.7021550071328384
5.683110281818516,691.2235734983507,318.40456351993265,9,0,2429.561014115642,783.2157551923643,-1.6397836955134162,2,1,2,-0.2893103232881635,6.402845188873247,2.881543126542293,-3.81770733851792,-1.539315213050748
4.262785422708635,800.2363428593394,113.1156182703519,0,3,1848.366027218224,579.9743807042983,2.669650818738221,0,2,1,1.552864128777464,1.5634894127434336,-3.791616687400967,-3.492952804375352,-0.8385738462733533
3.034987668060606,481.0274077987905,327.2401596920708,0,0,497.7264238551765,131.99674960480849,1.3768009855554797,0,0,2,-0.8953863899503971,-0.8329009089739268,3.6504339907743466,3.135446696008928,-1.3542239856882867
1.7775497642665552,866.2467626456938,451.867858815581,3,0,4066.828001562395,1640.3304157777818,0.9458701534515764,2,2,0,-2.6299216134657826,0.0652100977708907,4.419807627379818,-5.878249570418819,-1.9167507370306944
6.360706992627616,807.0956246811551,316.0419312426393,9,0,715.7345520629863,85.18366965445479,-3.321225756593312,1,1,2,-0.0274620722257039,2.287933547643176,2.0102591861177768,-0.586250665905944,0.1376286333707751
10.92425004796592,620.946554213795,142.0569839952309,0,3,1161.5981928227789,1151.759517387938,1.0840979364083545,0,0,1,-2.500410478950198,0.2063010210556997,2.06643616610235,-1.5203081868619337,-0.1806728899826488
2.946745260216179,184.36671763311708,82.34733904001658,0,6,525.4195983349856,2537.8787670069905,1.7295648456223762,0,1,4,0.9670045567254536,-3.534780841962533,5.426628086160508,1.5128295696777048,1.0099964919619162
0.7681305209834443,136.1903191526207,607.716247599088,15,12,920.287244566501,2296.9885250539623,-0.1241327600309349,0,1,1,0.525917582016153,-0.7812663332379675,5.339033334840692,2.1425442497523752,0.5766250459583977
8.782955462071548,966.471834159654,220.40698631868645,0,6,365.20804074798144,119.70774849714256,1.1278732290869409,1,1,2,0.9077266089378956,-1.6640036797141708,-0.5521778837868703,-0.9565877897912018,0.6606084624924292
1.4960953855125003,107.26278788536902,66.13838867520883,15,0,2953.257357095541,1165.132008577911,2.698040145362233,4,2,6,1.7670241079299958,6.085497311403144,-0.5875939157945596,-0.7605683936224314,1.0374883874532288
2.9224106405641628,824.7770194377855,378.75377862075,3,9,885.4223480008148,1310.788932970317,-0.8437965144977071,0,0,1,-3.843717024000912,1.2574669283002051,1.9842274740917487,-1.1271254689535857,-0.0041781507575384
5.418024177027694,71.21930106793361,119.34238071999002,3,3,2671.7206461106,1435.6301496747983,-0.0052123286386636,2,1,2,-0.7461674702196972,-1.6443347624187952,3.394658530434868,-2.9786081334273,-1.1802658968523811
5.174081898581305,60.98227853431671,114.80191709053412,3,3,2118.102976717287,54.33789682120312,-0.0557149797029314,4,0,1,-0.5018726030917949,-4.68650060126555,-3.5037042099434705,0.8735340950476301,0.1677355050670008
3.7552478551874495,1246.487395565767,105.0070543646675,6,0,1457.3136246834376,987.8222015889623,-2.774888551221552,0,0,1,0.5708062901393829,1.156920248513093,-0.4434969006797151,1.0745947728565708,-0.9260711055554042
2.385679759651044,1569.0546873636158,27.72562000777216,12,9,391.8681857187361,2588.1939032820555,1.4532337152094816,1,1,1,-1.7393203362781398,2.746776824997391,-0.3959353081594978,-1.8029037378982284,1.0032180621969564
1.2744600055902873,178.07180209053004,454.17579529453934,3,9,1969.013682919346,151.8622745164828,-0.5268657767031678,0,0,7,-0.6956242469147476,3.521032061739973,0.1219401040950316,-0.770176390601409,-0.5273987841019128
5.94973122334838,1239.969276960095,18.08141971276873,6,12,2172.531324049213,2155.614023538288,-1.517136155020915,0,2,3,-3.818789383329624,2.2459531431977373,-0.0361445279523415,-2.1554397459065298,-0.0377774199997584
3.500432511027962,63.45459629246708,65.60720901253022,0,9,360.1570087774677,331.5275432739335,-0.8841364539762331,1,0,3,-2.1599471673755284,1.1041411862723731,-0.6004402826793824,-0.5367496848573081,-0.0368032675081911
1.179308536330469,921.941092543272,346.9681112154951,3,0,1336.090348149739,1092.744716164177,1.7263507013836876,2,2,2,3.691267294705399,-2.548940225256957,-2.016554716962505,-3.041376115924751,0.8175172518822437
5.004500358097469,255.5812304943813,304.2879002576839,3,6,962.5083103209928,506.04767314827546,0.6147661560873992,3,0,7,1.7623085143075896,1.816427448082484,-0.8961627910937893,0.274594928187978,-0.2768088702876024
1.935737554227834,1324.886214295136,437.5612543056724,9,3,283.89918002839585,2211.453833099277,3.034920612217363,2,0,4,-2.8862361065620536,0.6360919822217042,-0.8280094604201877,2.9640072527842536,-0.3261602270000442
8.39988772783149,1696.6436326200198,492.0649378046344,6,3,112.0071860957558,530.3205079377318,-2.6587941364909624,3,0,1,0.9121088989777462,2.905267303393458,4.26698175009081,-2.0247753847901926,1.1546888777633235
0.884915065419094,1039.5250267423949,1084.0996013215076,9,9,1102.5180634329856,1497.1220200778862,-1.4235414279116427,2,0,0,-5.0696773177067325,1.1777023392582926,3.567032736350934,0.2424381117699994,1.7159046693813964
5.0853587144425925,1114.693030231959,760.0988232055504,9,0,3253.342573764849,1372.2443667096466,0.700892573058609,0,0,1,3.410938133784291,5.213316144750076,-1.111375900374488,-0.1987705899067708,-1.2149691129125757
7.188630042470962,581.2057362256397,350.0452812511874,0,0,1858.0633250820688,655.0172468207398,-1.660103984793764,2,0,4,0.9728700058542116,1.852325824758404,4.407844804292975,2.601876308674285,0.5217113090957555
1.3643612022312832,842.3572991845397,165.4431039221645,3,0,2599.480654115172,409.420344082416,1.6990325827852752,1,0,1,-1.095760335637039,2.14332856163309,2.909949847426785,0.3289047744072702,-0.4734265254378658
1.1779308391856966,141.5574144538218,757.5400954108171,6,0,1564.7131355575727,171.06226833865287,3.8033423189618594,2,2,0,2.1153922419065774,4.483920229369959,0.9964418369839116,-0.1362426979476743,0.2889405269523476
1.9537195790166435,1735.0662868689292,244.9271153807768,3,6,1810.4518565843875,1952.3082939860465,-1.627735480873472,1,2,0,-2.3325587936998184,2.1959778163051897,0.689827469705017,-0.4844864419596644,0.859464029046915
2.630871378008555,1671.5566801703685,725.3922900446195,6,3,2264.891375122458,516.6748956516352,0.5804108434098167,0,2,0,-2.307151983564931,3.146285647398735,2.4780093864646577,-3.718670801548385,-0.1084067793612853
3.3232036589104377,743.7567225037614,147.7788580901175,0,0,1300.0640121636022,1038.9240088142178,-1.6830783426288929,1,0,4,0.2268588256972489,1.503856631709075,-0.1757892880896425,0.3098237028403992,1.1971516911717948
5.061713311623276,1300.3213435823332,111.98193581456528,0,0,3515.3896373684997,402.2353266195195,0.1775804282561672,2,1,5,2.775921003217025,2.9059930488104717,3.138908066418725,1.287276786376851,0.6748857321303328
0.995441546192789,1177.2992419488028,245.1559775602156,3,0,2791.5359497664053,1621.6666808790906,-1.6466079363212387,0,1,1,-1.3777706773599947,1.870064814207001,-2.334378134035269,1.7111992724607092,-1.220946916912112
3.3601983946162832,1242.716786868793,409.146452005021,3,3,1197.4234620268646,306.3528344887464,-3.729321039840692,1,1,0,-0.0300604217623654,-0.4580274041614487,2.5157895779669595,-0.2734475228737428,-0.317002166442948
1.3758451880377354,925.0333016507924,572.5474035520366,12,0,1378.536930255835,1075.795777056778,0.565454502879329,3,2,0,0.1193661693655707,0.3300190907630915,-0.7627003932241267,-2.6731584506166293,0.4104536270885019
1.314464537722876,307.25638587759096,971.1321841300164,6,6,1145.7331396921802,113.45378858544306,1.100017273247571,1,2,1,-1.3279039437372948,0.30304756741234,1.0765999816404046,-0.2606867828373134,-1.2969964630477966
0.0913840737232021,1067.4645701058346,194.46720754534667,0,9,1928.224683098777,1658.4174196212518,-0.0051085183074057,2,2,4,-2.1869775189259237,-4.891486338077409,-0.1471792805289906,1.9839813373501007,0.1289553026667745
4.944686886583698,663.400801560301,683.5887184947848,3,0,831.7781234666307,1125.295116848392,-0.6735468530681559,1,2,0,-0.5634774482521943,1.787896403491356,2.1209067222421485,-2.1892489782900184,0.3459849871370446
3.2116681067709374,539.8553824793619,707.6238558593087,0,0,914.7067075056366,1009.8214305379694,1.6992619507399922,1,2,1,1.031286567131728,1.509743446033787,1.1253770841643822,0.0708529660665304,0.9829976786871464
1.6783120936736249,73.79382433399606,892.3058311779547,9,6,766.5681549654934,920.3805505238248,0.1945057848732099,1,2,0,-0.0215396945708357,-0.1986654517789725,2.870241496247048,4.345095085857384,-1.2055745712353192
0.8773408285416482,591.3313334917772,294.44930953849496,0,0,1326.2210682205753,255.65143232936697,-3.2182833239490787,2,0,3,0.4631348375120672,2.687174259101616,4.217154271136936,-1.0222162462089683,-1.4082063296208127
3.7825763758327686,1387.5076265219834,379.62509970390494,0,12,178.28385032430467,461.4111175251456,-4.425917989473158,0,2,2,-3.530902622541124,0.3354873968645518,6.911436473540259,1.8600288597283587,-1.2438552616352632
3.2836096595935045,733.5782862537309,203.52004460995192,6,3,252.00648884517489,279.4084435024456,1.7413443773841402,2,1,3,4.103757558376201,2.7658395980844555,-2.8036263787625773,0.7483844243962203,0.0700898676579096
1.1989069686598293,652.4885764231348,489.2238352286682,0,3,1459.32380488043,1390.8999390025704,2.7418319575397625,1,1,0,2.5015653010954617,1.1798212040446976,0.8254673773152995,0.1752929124665403,1.6315058446596284
1.144632018096243,1233.599193582537,550.6528258511852,9,3,1706.7853343834145,1765.432361404355,-2.1352467505362305,0,0,1,-1.58909043282788,1.5594585979941296,5.279145517467011,-1.688901126349784,0.1497640484469928
0.2745244985980751,1654.3527758210707,1515.9173778142165,3,3,304.383036275596,4157.957993833848,3.980767153047019,2,1,2,-0.408780418073329,-0.8111290524613353,2.01249786368724,-1.2973910042325227,-0.4580901754015377
8.39142456271421,820.6935099825255,22.87359423321301,6,12,810.0753280814196,85.2198642435651,-0.2339710266803827,1,0,4,1.6086351423409686,-0.787932030756304,-0.223269886771726,-1.8971214290470044,-1.649761915339447
7.879705675385141,687.0807607960043,1138.846610417758,0,0,2159.579301738535,225.50528547215868,1.222018637164034,2,1,4,-0.879038624396262,3.462444896590544,-2.14742403708999,-2.45548990626009,-1.0646083857004212
1.7038598548329376,428.7830235822781,155.421831142853,6,12,363.5510325068177,100.77360672162035,1.6055197338139264,1,2,2,2.1787572018449293,-0.5545239445821668,1.9682117262538796,5.014586110371129,-0.3177012506449559
6.12239757559705,993.370375871045,443.03331529953954,6,0,259.7774998081396,25.69436392292106,-0.2869979063445164,5,2,2,-0.4663327911243556,-1.3685529892745485,-0.1791662703230443,-1.911221427001351,1.866422090659658
7.323460348076665,401.7891250067513,1187.0197026934738,15,3,485.8412545761662,1150.7702240439353,2.0508342834392588,4,1,5,3.597394723690932,3.505206594105661,-4.454927762012732,-0.2741661074766894,0.6790185158412374
3.439414423490214,87.31390745498268,120.0441071914132,0,6,1087.973578901957,612.7207751751255,-0.8858015093684997,1,1,6,-2.781378803035736,4.276406507192724,0.5784501251322497,0.3433981800820205,0.5283903268606014
3.851399841697158,470.6320269750285,55.10779902122712,0,0,1226.7697654874073,256.87593867165265,0.1410957147604161,3,0,4,0.8565121695157172,1.8097096514334103,-2.2197446930630877,-3.016970137495634,0.3622659756996466
13.962507064592778,1530.250919678974,1199.92419241524,12,12,1411.920626641689,1190.195233249307,-3.74169054799998,3,0,1,1.9342353843572888,2.664352592923356,0.8725968707863108,-1.3245002054400097,-0.5887904558571568
5.253234426701265,289.72345373274675,35.05120452718289,6,6,769.989041746833,293.2116898039644,-3.32831900060855,5,0,0,-1.9649174020625368,2.6915978572862462,-0.5811078459311809,-0.8996963794753661,0.2800075680140185
4.518548325643596,765.9007548956411,1090.9730054127242,12,3,731.1148910518993,777.3107769454342,0.9629715807083,1,1,5,-0.6736595406381329,1.9918129170863768,-2.357351753780982,-1.5436926620109863,-1.3763498251349324
1.7690671216167608,378.289302212834,104.95591590976152,0,3,1494.673154280675,433.0080600389413,-0.4132068270355067,4,1,4,2.045141107723926,4.204607300517215,-0.752437887998433,-3.2340433092107945,-0.2591833845563545
2.0351351728791784,1683.1112988166074,1151.6826282056093,6,3,950.2468558690636,1603.3343124536475,0.1090791595259286,0,2,5,-1.6702955993525583,5.275386819764441,1.256760591230184,4.138244088398682,0.388492766694918
2.588744449415584,1267.2492357864585,410.4075289382937,6,6,697.1754819140738,563.2661654178887,-4.63031360786148,1,2,1,-0.6231685964631414,1.481707781855799,3.60625156862004,-0.2960907345019365,0.9117870360933392
3.172014933877374,307.9758432143395,782.2682830035367,6,3,1257.4414681331502,462.95515698115634,2.139902915684409,2,0,1,2.069181696937341,1.9142539032091288,0.6481974157776327,0.9663237953097386,0.3693352567485435
0.0749393242396717,466.6619880783633,4.703811304648007,0,0,2306.34764108746,846.1820274657251,-0.7153810015587698,3,1,1,3.998334309530488,-5.029200138824271,-2.508347441807657,-1.595049442570298,0.3193556735164664
2.267598076762073,1765.8851108878628,240.32828825354184,6,6,1451.8033932772153,570.6884751816638,-2.5662723859486407,1,0,4,1.5962146611282304,-2.1199772609992884,3.000212986328685,-1.1761405926960846,0.3105899707043556
6.36552780124859,700.534680136282,887.2710332748665,6,3,501.85046541592976,274.5482168836443,-0.1789857090726485,1,0,1,-0.0339829237920192,0.0013768216858629,1.3761300951467503,1.55531270693811,0.2598441235044552
11.789582869774042,486.7047847677604,1061.57308232159,9,6,906.9164930860566,1549.3097138594676,-3.0398644152327483,0,1,5,-2.944681437221368,-1.8463594102700045,5.732457292113755,5.192916743865226,0.8951086704394314
3.099354800967526,1221.2722420422415,367.8052218228712,3,3,1066.458317464406,110.9299832091234,-0.216244074407959,3,2,2,-1.5375003120883606,-0.960806723740886,-3.257757052472929,0.2665737576594893,1.8903245513243656
0.7123315081581214,728.075236782368,129.3968667557268,0,3,981.9506458746076,41.21622802310873,-4.224153678982808,1,2,0,1.9174398185814228,3.2590408478498816,0.0985206060211343,-2.157050109425718,-0.119882228572285
1.824480182180967,1550.8608426752294,182.9412263889964,3,3,255.2641358531376,1042.8277069755632,-0.2156819701180128,0,0,0,3.043255729151406,-2.119334958205144,-0.2911544962015577,1.9999526614406933,1.127547388331144
1.9505303606976137,672.3510712365505,729.3973398628749,3,3,516.9322250172889,924.4004765632792,0.7682106775921855,1,0,2,0.5952352273600889,-0.3776761142063738,0.3836772329546695,-2.8334896976574537,-0.7064309511702778
0.4329057895557589,1093.1253338040071,397.2097505572608,12,0,280.6273129543605,903.0573115693248,-0.1932426407313747,2,2,0,0.4021421807903275,-1.1131632767878,-2.1874792204997817,-3.159582476218344,1.855596865989388
4.962685542413681,2394.454266624705,429.2521270433612,0,0,1446.128099519232,822.7628258956388,1.3441541148404264,0,0,3,-4.38219718736986,-0.9212019795176264,1.889493657936384,1.661563524257081,0.2829955932433622
1.8030047265877944,626.0087042433132,285.3599700781659,0,6,924.8944313245946,713.2774738125671,1.018815579700224,1,0,4,-1.763653419063085,1.836993993724345,-3.5400442609020333,-2.335028974061766,-0.7887277528322005
0.960377047835886,892.4805958006715,465.4400756962391,6,0,467.31799207402594,1338.1659416836114,-2.898050287152517,1,0,2,-0.3723363091742426,2.9399867993298576,1.4495299292301802,-0.3651332065721863,-0.5994457232714001
0.5926882396967054,24.60787958162769,747.8626295942398,9,3,2159.2222214210665,260.2709076836396,-0.4514374187408851,2,0,4,-1.134322112448103,-0.7681123094948683,2.452237325812213,-2.366481889266453,-1.398128301891165
8.520545378168862,106.90666533114828,168.58732053248252,3,3,2421.688688590535,68.42513681774071,3.115331749474072,1,2,0,2.6135999630347206,2.8100017456108706,5.47875689434172,2.332564032000929,-0.5748350437569701
6.116159254473778,189.77801152977972,101.64492281339628,3,0,2796.0583113859057,1394.6910937928342,-0.98633318470613,2,0,2,-1.3666444835708484,0.7150570100289815,-4.06007191698814,-0.0994503697689128,-0.2488227708213101
0.8060510406783282,816.2475658393561,199.5867456753268,15,9,969.897886453786,577.2981640917003,2.3835462532208305,0,0,1,0.5291914153581199,-0.7795592488874157,2.6044370381120974,2.0195110978152684,-1.4239894946430711
2.9827703635465808,448.8526676620621,509.8183725719308,0,6,17.95736776202161,309.9562769595224,-0.8615057625930727,1,0,1,-0.2020152919144235,-0.6527726905622004,0.611382700688802,1.5275492557820858,0.5124712606709401
0.4723571914733924,654.5908655985456,180.8988983690546,6,6,1084.9097847079788,864.4143069713778,1.3987771661757973,4,0,0,-1.6075234788763724,-0.5793371627240351,0.2230412548591847,-1.7463384974661391,0.787448272868935
1.6046860046449845,184.01366336188264,27.61637672489721,15,3,2597.717225520912,723.5229346087503,3.370934454296064,2,0,4,1.4387473194650924,3.43952230590899,1.577654271170525,1.1286772933519946,0.0759733620093063
1.9533757650810928,1972.204928658245,5.049285019552171,3,0,1723.6882585135518,2116.716208288225,3.136602245938805,0,2,0,2.546326494579584,2.4545332443366723,-2.388602330016738,-2.0775758160344147,0.4808524338698176
6.75750440187133,1728.2124922818807,422.54283776169086,12,3,138.59301861324283,1466.175470229675,-1.3663809866912424,1,0,3,-3.002486557936466,-0.2816597559311333,3.6313108361025694,0.0731071977251773,-1.704269064421908
4.15228079517127,1239.3954827796488,452.76308515816726,9,6,1844.8586736725715,1270.8246891607005,0.3776426866454884,0,2,7,1.1075389244709133,1.9033152331370764,-0.8789359432603125,1.9806512229270543,0.5204782691428308
2.0489664921241766,2350.0906248791425,213.95135903261257,0,6,5803.586878083201,1702.6044788454112,6.099409572173115,1,0,0,1.3718679872845527,3.4607367818002546,0.4257280625942068,-2.4098137112361497,-1.3464056929645347
0.7960853097120547,491.8183849425584,58.716648681292135,3,9,321.3708180063772,78.87427967623326,-0.6448040638323418,0,2,5,1.391423319155298,-1.40482700085318,-1.8701435003681148,2.2497140764018955,1.6268397483545194
6.813896944441241,37.80027272803665,589.052666366017,3,6,355.26397278646147,781.3356707605508,1.8176111529344257,2,0,6,1.3246919336271503,0.2832022826999567,-2.422426379014886,1.785253032725002,-0.753258690323145
7.09528224704764,1043.123619866637,537.6231246852915,3,12,562.6325872732225,1061.6836094097357,0.4266434860661567,1,0,1,-2.879966591416979,2.561770790380412,0.9026920711100058,-3.517023577697956,1.3371930484919785
1.4644354990288804,198.94204792241,122.12359689299052,3,3,96.23747405878396,690.2255549847099,3.939933251163634,2,0,1,1.8538619561248109,2.6792135659145924,-1.0948633583805545,0.263487949539078,0.078109952179804
1.1443691671252538,2426.505607402014,418.251957943034,6,0,204.31207576458675,720.6478310895313,0.6775517505961237,1,0,0,-2.8818767677465047,-0.0980648600391489,2.6155018396729446,-1.0432693783218687,1.9386482576232125
0.6997486480370495,181.8400388210598,1167.312494893759,6,0,1524.6682842300895,317.877265311117,-1.847932477705653,0,0,2,-0.9141465120216492,1.398910754223597,2.104803448910852,-3.213578098699661,-1.7355122702974373
0.1434373631092078,1122.5997574780845,44.15086832209216,12,6,3535.705917104885,516.2912498830204,1.2496744153703891,0,2,5,-2.9861620749969333,0.4806288478047354,4.594772033738076,2.5642715083322343,0.3499685275090076
4.485611327393302,1169.633591877198,406.1215755412106,6,3,912.2145252067072,1321.194771185317,-2.7068660684705,2,2,3,-2.163531451958081,1.8137583560390536,1.712390524225924,-0.0779372123028945,1.5025864798903297
5.132819546347157,1735.0896085142722,1151.9746292240968,0,0,2838.419383156083,558.39131359743,-1.222975162147829,1,1,5,1.3403434943643384,2.3808994753451382,2.427300020707594,1.080038353017161,-0.3663809912589322
2.6507655042702654,786.3934975905555,304.9359535494001,0,6,741.0700003532365,1121.0211366624771,-4.022259888496767,0,0,3,-2.6183243913869445,0.7136439883370244,3.3374664788308754,2.992464635534657,0.1683698815481756
3.5828741834862816,3833.8602910804034,715.3164381430012,3,0,3819.996710319678,530.8147416934221,-3.410811632417873,3,0,4,1.6783649423091396,-5.670746073303972,0.3975302198918937,-3.3052790975922406,-0.5033938606287817
1.1532765862149716,40.636895084686046,348.44016401829214,0,9,468.8490734141536,354.73637111653693,-1.4461501539791215,2,0,5,-1.1269257120481673,2.77102766535988,-0.4825024532677577,0.3669475971578293,0.7996711466413745
9.4819801020412,758.651574793773,176.20786470499016,6,3,522.3274506606854,1074.172246551714,0.9975080782227872,1,0,2,1.7738666264910623,-0.3170978114936182,-0.6889915402040909,-3.519144404011687,1.7955129606592195
5.096084616761761,3062.698175424008,686.5684909452223,6,3,3140.3764233171264,2306.308561069904,-0.3239963965574162,3,2,2,-2.829670600539234,5.311815250742038,0.3092535661942819,3.760337207802184,0.5434833461433234
4.584980094791275,1793.1144179297464,654.715785510114,6,3,3025.575100790169,1909.66679969105,0.6298266258896783,1,2,1,-0.7743168862940862,1.2717051966024024,-3.3259241826456,2.1991783379443506,-0.6958148462150469
0.6478270711338505,93.85079554913524,544.1085616770596,0,0,497.64942046700094,1476.423221137146,1.2652106305089246,1,0,2,-0.2593300926948038,1.3111785668605425,-0.924418859979989,4.098581646009818,0.6934842259644215
9.614964103276977,471.6188438284664,764.5866854538065,0,0,1706.2795108926107,785.9079809136742,2.294961869956325,1,0,0,2.2133056232373303,0.2285600512520413,0.3870873899379845,-2.034447557487588,0.2538440673668882
6.479887748325509,245.9254199456391,88.83320158959046,0,3,270.871137380855,604.5326417714613,0.4679166829511791,1,0,1,-2.882870523506779,3.4090513517653083,-0.944250294125624,-2.1084859748575786,-1.1799659197804986
7.715602885286119,176.0003815705884,679.0900658311577,0,9,1055.7135034356877,326.37469124750413,3.0030931316755147,0,1,0,-4.231486289343087,0.344908136734916,-1.437322993116264,2.388427516629791,-1.47529380694528
2.967095156054861,293.724766442388,318.4873893883292,3,3,237.26609993890932,105.95448475003178,1.713329961094718,0,0,1,0.2482344988557565,1.2966504359871478,-0.0704555314066308,3.1496442352533025,-0.0677236223957163
1.6499945580791882,1038.454141054522,212.1843441740142,6,0,2079.7711248382875,390.1319616520401,0.9920451244771412,1,0,0,-2.2375491313196063,1.0264875996931484,2.693038392061256,0.4221498372782494,-0.0597605431618616
1.4100392870363594,1800.97977420971,165.56997796517967,0,0,1406.1030132640794,1062.74932389872,-1.3248072181090047,1,0,1,1.6832999668005966,1.6783062323017253,0.1622451628522618,-1.1472538294873484,0.0707922212492036
4.177886326885411,317.02546522754085,906.7061930424708,6,15,324.68191954294696,801.7317113333481,0.756455573413833,1,0,1,-6.268177040813209,0.8154552775830601,2.110097860770142,0.8834432309153553,0.241485525783022
8.49084206556702,779.8028846245479,31.04089211868259,0,3,465.220791539918,732.0104905213293,-1.7036762395611122,0,2,4,0.38347598326023,-0.8045416253392286,-0.0988705057688938,1.8598291845671149,2.1347259838002444
1.395379400020581,1955.0181644995787,242.7030253695611,3,3,1925.3597966741695,829.9634566598639,-3.940937304678017,0,0,4,-0.5819538464350859,-2.4320892780023025,0.6658073418861795,-0.8024328578303932,0.1588521271182965
8.792721459122273,1444.3260413216717,353.20969726695847,3,3,3029.9143146921315,1234.433873787647,-2.266410902159857,0,0,1,-0.5563500161611691,-1.166216445056809,-1.8133077370770057,2.0044768051594377,0.9371815835537596
2.7838873706636886,1404.7470062453256,189.4532305467616,3,9,514.642760744128,502.91178611237217,4.595337414450438,0,0,1,-2.812719924675407,-0.7672169595314795,-1.9269137447543907,0.3897179539034842,-1.370200015404385
4.188932514670165,1035.247979862867,235.9574979503715,0,6,1836.393844475167,894.4917013179319,1.5546720106941228,0,0,2,2.4839628872796364,0.421470296377967,0.337207754273394,0.8885171042800188,2.400489054775591
1.8042618192069733,1371.8155667150547,311.8265988907145,3,0,2109.1290701935586,1049.5359064965448,-0.3023397689853845,0,0,0,-2.9968390847341246,0.6149230231843206,-1.522289288483747,1.6575720641293596,-0.632980070254902
1.004204858645756,1520.8865195398805,928.0058756521296,0,0,1758.8635863942186,1950.173729975514,3.0942053310943542,0,1,1,2.6581526866210115,0.390127089151194,-0.4145260664035222,-0.6752016682575153,-0.2238227052286197
3.354255176501428,960.3481622395564,674.0241291877353,3,0,758.991501402257,2779.386498735589,4.061782400515829,5,0,6,0.7918297955471437,0.7270015644842707,-0.5789213380492395,-2.2931279162202403,-0.1527885135565326
0.0859981202983591,147.50901720473996,524.7244241042861,6,3,1759.7834258790897,198.50347061400265,-3.455417995051092,3,1,1,-2.028560299163693,-1.102368419622464,-1.514068240728459,-1.3246182775799753,-1.0922364766517
5.759950526180839,799.7336796916744,143.19842348503482,0,9,701.4683730374695,384.2843543682128,-2.112841407207847,0,0,4,-0.6805484252425219,0.5206006003704381,-1.5724622145789957,-0.4995428176072829,0.4021737618547671
6.063944988074102,955.5361041077954,36.08114611759288,3,0,2609.082173361268,1494.7832295053297,-0.4943820991845795,0,0,0,-1.8682591856689004,-0.0046687753409657,-2.251797990586245,2.8430474545935303,0.2457125725479234
5.543807409842854,1358.8020200965234,471.7519345151686,0,9,2446.052631167908,267.1847286259268,1.2774435379647529,4,1,0,-2.51935299324463,-0.2516406102264736,-1.6299908996486685,-0.2081307842607851,-1.122665626724995
9.497077967120712,513.0436451659099,36.30468327938077,3,0,194.63979260944328,260.5672750303329,-1.0933356445244906,0,1,2,-1.6755563724943316,-1.2272325040909462,2.1831368514047345,-0.9190467199622414,-0.6540425734191999
3.5060988192231517,186.09239215097256,124.12098588946306,0,0,673.9431462287818,1484.9620287287114,1.17235091375949,2,1,1,0.8074476215195625,0.0358316037206183,-0.7589690321703388,-4.259054493761747,-2.03581952350358
5.5950262464489695,542.4061349358972,579.0834283544224,0,0,1395.2734700848348,1740.9539551588005,0.4022763606491617,0,0,3,-2.20833626928314,0.7281757413874819,-3.393396943999626,1.217580721179382,0.3990495337534601
8.205607932846803,996.5236007049804,402.5431120537226,0,9,1076.064045826966,342.9347902426441,3.793967766396964,2,2,1,-0.6702327700094033,-2.40719601621213,-2.889733396951333,4.929194456821294,0.6060621698433715
2.4467802686856004,1706.620936098897,105.03553828492905,6,3,624.7207082240773,1855.758572448562,0.0561201576170302,0,1,1,2.0659193654630954,-1.9596130654633837,0.6828252735031162,0.7282107875481331,-0.8823221418329963
4.384417423807935,483.5110434475706,286.6027269371847,6,3,390.57309190148624,1158.1784355744237,0.7417002937251791,2,0,1,-2.482300867595758,-0.3821721400688846,1.164258144526279,-0.4936885428126031,-0.1795626851707172
4.2688732304656325,1682.2368670111164,56.07996736766404,0,0,1112.8678309493228,2085.4490992128067,0.2494510165846819,2,0,2,-2.4304423916725844,4.436029626727156,-2.264636629486051,1.6973985402031977,0.4881091784859327
1.8244334596357332,218.02862222519855,461.8106432638672,9,9,1530.6889336106703,1345.840153293977,-0.1392169911825134,0,1,0,-0.0712236557794299,-0.6058831196707473,5.263010750846695,1.2701290726434602,0.4665523788452888
8.006456921184279,460.593250370856,353.22349016501124,3,6,2095.9825461544265,94.935956323611,-0.0682087498065697,0,0,6,-3.19168016640752,4.828141819919068,0.0301101350526289,0.2218819074952425,0.2406339846092967
2.6347461275055744,1603.3814383372714,417.9525719047065,3,0,1772.2056990800293,546.2801404221659,-2.7854588730491767,0,0,3,-1.0273540537330006,0.2869372762676222,2.295882926606206,-1.3352533568381235,1.46581463719769
5.613106583472312,446.22316716324167,186.6175809583169,0,6,446.02388379023256,153.91515041442224,-0.1164749508066189,0,0,2,-1.2635133814081836,-0.0569259737207419,-0.8256192065979613,1.186973770489602,-1.0941371184607225
12.02063835867852,1487.427140219574,627.6115334011025,6,0,1175.970999982185,216.5201654694654,-0.0014978057838357,1,2,0,1.6586324325717046,-1.9738847538152,-2.174271996612338,-0.0609947336489025,0.6341075251578617
3.3019625318768093,2582.152272288868,361.048438527586,3,3,3295.603728761401,2810.19817563167,0.7855721474226665,2,2,1,-3.0150253307394266,4.129017000407079,-1.7855737902370263,4.14914829337867,-0.2530664758870736
5.968632240161163,1069.5707446192564,63.39447789228037,3,3,2137.319350898257,1249.7957533152269,0.3684477931774281,1,1,2,-2.4232188349701973,1.6414509717875785,-1.2601635293114155,2.0657999786557717,0.8330482728893965
2.3757431520719323,1597.5229247878792,367.6080916963912,0,6,2953.328923960431,1943.067677484164,2.881750354974256,0,1,2,3.3111017161163083,0.6142296625150756,-1.1325687783915173,-0.7698309440224773,-0.7860230356501449
1.0505812372264776,1076.2288529990176,35.78933217751167,0,6,532.0817692088237,1548.8183189415415,2.389562074997646,1,0,0,4.89245537693378,-0.6180417109386207,-2.5334452193228785,0.7434551881271605,-1.0713434542133784
6.908097421584671,2519.5056932838866,102.40409822076394,6,0,3300.6230091716616,2607.5092469809524,1.489783627215955,1,1,1,1.0404281062693677,-0.3298314778838633,3.8437333698210336,-0.2261177295622063,-0.266052373358497
3.403962921083684,789.0762485482817,283.6491649606296,9,3,1808.288687358152,1624.3521412419518,0.1633511729700127,0,0,0,-3.68241911655196,2.680602852106846,1.7347187196755764,-2.311524888303447,-0.7479079443343275
3.0652557416171806,2963.2620907268333,643.9536848670118,6,0,3714.485024200743,2367.216661150109,-2.8177159146636117,0,1,1,0.0997763685746337,3.152030651127518,-0.4673497287565945,4.436108388908825,0.1272244030109436
0.1441584718479734,607.218578670765,346.21633031244727,12,0,429.98864483350224,42.98552336926731,-1.4202731641492674,3,1,1,-3.259204266296837,2.803445215560857,0.430254479200165,0.3431097688179753,-0.0935232353413154
0.4762408673541963,735.0031879725536,827.3235012345173,0,6,1513.5241036582186,743.4055192073992,0.0343718223392439,1,0,2,5.083319115925262,-4.063610299086972,-3.963762881534638,-0.8404768387326955,-0.9551154984511728
2.03766215634911,2262.2421150651376,783.1277425368125,3,0,2700.597780367017,1372.2553439649153,0.5575731807957875,3,1,0,-2.2525309079251663,1.5516997025635355,-2.176449590181144,1.5100745906072064,-0.0680279498619339
3.4072932916235086,807.37517928841,32.32061727268237,3,3,453.76021753313626,289.39017245705764,-0.94315461563419,0,0,1,-0.2480420764420468,-0.4887706791438528,2.2712113108718546,-0.1476136318080305,0.3307234088349693
4.963079011650171,221.36596163512323,374.7934370229588,3,3,577.7323921747404,695.186100634933,-0.5747809876252934,1,0,1,-0.842559798024855,0.5208175890979551,2.4264933784421965,-1.250755354579004,-0.3871904457036474
1.1318516860500023,244.5139679055403,46.50787815021079,6,3,421.5859141330213,199.47666427690027,0.6036586548895059,0,0,1,-1.8456027155148105,-0.7204437146446464,0.0059422689710793,-0.726759954819264,1.208084997348525
6.082177065808294,599.1876419132116,470.19792113618985,0,0,1669.6920175848022,349.4851975010762,-0.3595584092305353,2,0,1,-1.2072049585155606,-4.277607511000758,-0.9234806979865848,-0.1355071748555778,0.7907228471259534
2.627336751102759,542.6734250889315,970.1778606429403,6,0,1991.256533878572,899.162858932162,0.0141838367511697,0,1,1,-1.5948539815926304,0.3950842160550131,-0.9431451511960908,3.0041750278398283,1.008804818453068
7.042254279018792,1677.6973904829977,565.7534410313644,3,6,2788.224485862541,1373.3758890762435,-1.345001499133735,0,0,2,-0.3172383482402298,-0.3130893132828953,-2.060388806945485,3.493188699588739,1.1910512242669724
0.8974535822857184,976.221694023934,139.0580730752325,0,0,744.3339794586363,2267.5727994952,3.4478427136779706,2,2,5,3.2841029404839635,1.1063489573162482,2.222334276966883,0.2695959581786589,-1.03678707831987
2.4725472438361304,65.55218716081568,633.5541423858931,9,3,2215.5400632619003,783.075799352556,5.046742307393711,0,2,0,2.0009127484651863,-0.1569108402745063,4.608019515018015,3.5047788960742343,0.6127059348694845
8.816424436013337,479.5674012967069,601.9492636154549,3,3,1278.8456934366272,974.5949657718776,0.8812844617167592,3,2,1,0.9201609627410632,0.5841637919448703,-4.565853441231407,-1.9165849323354425,0.2047242463793604
4.323891279427083,1866.444142599324,82.30335289597465,3,9,3258.638405781053,2986.688950444457,-1.5201734668610358,0,0,1,-2.922561027891617,3.141861357446804,-0.8523109531979924,0.3501830508273607,-0.6774236916290813
7.940419270473598,581.7758671873281,134.19999171085706,0,3,321.974502314917,1323.6689279802638,3.5687051864797708,0,1,2,1.52103759646493,-3.082345854933074,0.358799122204879,2.1491551908595024,-0.0006152070689859
5.6910121762945565,1565.457343434017,545.3520415872133,3,3,2955.825576037207,2.7263617880913,-1.926960231092992,1,0,2,3.0520148536452103,-4.333250263557458,-2.5133141266081305,-1.296146322349684,-0.517286269427762
0.379057053108116,748.2181972397289,206.45028347546503,6,9,125.50178680739164,380.8329031332796,-1.642102121205496,1,1,3,-0.4547080935106165,0.6411869671590942,1.7909211686388455,2.9632366158835675,0.1615674079374097
0.1992969873183784,1307.7112803982825,94.801846526275,0,3,1695.2992554232576,798.8341476176507,-2.455297615176624,0,2,1,-1.017421164165483,1.607710074267068,1.429122076029416,-0.5061801318166423,0.0346574467282006
2.116703744868212,844.698487535566,45.636808096918735,6,9,767.9126339616221,727.2751979853874,0.9705702328228698,0,1,0,-0.7642127744271394,-1.602223649893148,1.1917050120219936,2.6990322498714905,-0.2001670658114673
0.2779630834442371,754.6863990079435,62.5929883373945,6,3,1570.2844495671088,455.3451761412541,1.920084738704752,0,2,0,0.4235579055098193,0.3731135905073419,-0.8091029318394724,-0.4418610425084033,1.253227764473524
1.2306676305111235,683.889063164095,390.3257841954884,0,9,326.0560082825721,194.60821786367407,-3.588520548882327,2,0,4,-0.7941256603411038,2.5122998416965427,3.702109566330039,-0.6323808364695944,-0.7007585871577692
2.012951070963415,998.367358559949,854.0591770986089,6,3,830.3401190104436,480.7271054379915,0.0852768950678513,2,0,1,2.255065480630465,-1.0071430261157477,-1.284127396804324,-1.34411480377261,0.0872790689381217
4.327530486821872,1304.8579862484285,850.7882638560577,3,0,932.0902796611142,1079.170611953146,-3.4120485411441965,3,2,3,-2.4510032358724003,0.8910646154812241,2.44067945578346,-0.8051253015935205,-1.9581831614348335
0.7446064228416018,2547.579148878077,118.37171678852964,9,6,3167.8476057848643,3673.971308018195,3.564494181576801,3,0,2,-1.6474469990629592,4.713180839141944,-1.369586083093072,9.655121866306525,-0.4998093605108776
3.362057073430744,1751.010401741285,721.963922963728,6,0,782.8352332312869,2470.892009103543,1.950979697232528,0,2,6,-0.1014925488685332,-0.6704311940211807,3.5731159826067582,0.4795698739860176,-0.5047576726739966
6.014371140992281,1826.255440515712,141.1108718980233,0,3,1177.6687952708369,2723.6005661090185,2.726247272348753,2,1,2,2.4503892004,-0.3357193346099965,-1.5717249856105096,-1.6499990926788122,1.719397747870032
10.005129420955454,1828.2329325130324,137.85149108828097,9,3,2009.807892618794,1763.8841696606808,-0.5337746075226758,3,0,1,-3.952132546228638,0.5360888313692974,-0.3398375725743895,-2.728510058053299,1.3880438662032395
0.9741408270266354,1908.2439618773576,594.7928683453595,6,3,2894.889439103529,827.692647367788,-1.4482652625755943,2,2,2,-0.5744404120693467,-3.4813971064710207,-2.7239631448964685,-0.5086523780539816,0.5804872801565264
5.908913819657832,1182.8849528018593,87.53671530537466,3,0,2271.4821365711628,1297.4413142518508,-0.9528863500252406,0,2,1,-2.439906343951221,2.7490232061186237,-0.7993569961158934,1.3872022725298452,0.4401412689165941
12.737646187440095,673.4952951002848,251.242938183366,3,9,469.2026923564945,857.7387632798453,-0.8828752178637334,3,1,3,1.090304118082882,-2.103595470229417,1.1772459260936812,-4.454347182457531,0.0460148086368209
2.507753785575295,688.0786562138788,796.976054830926,0,3,1400.629790599499,110.03310834699298,-0.5384827911846513,1,0,0,0.8178607487906564,0.0721626377020279,0.8744821096466237,1.2971837780350706,-0.6833133193035404
7.438796768786187,1049.2407518851574,99.49845693072578,3,15,163.35754780716593,1299.2482406827442,1.7958994546528564,0,1,2,0.063639393934465,1.5354736274141183,0.709648846068537,0.3212090078148936,1.996182437905006
2.798588700377349,430.23335977261024,57.1341426998626,3,12,1076.664750938918,2067.9770663543627,1.871586749187985,0,1,2,-3.860029232800912,-2.8233119033344307,-0.4813414028020475,-1.842812466485639,-0.7990044315307474
5.430999967613795,312.50038193907807,450.3591361022576,12,0,1512.953154177229,2125.1505759172223,-1.8166786252030784,0,2,5,-0.868619751004245,1.051791055539303,3.711173657784464,3.2414929213527595,1.7422295208544925
6.874594508227875,120.7304574592879,266.7219398646242,0,3,185.2839148929885,317.48676613066,1.1533700230149584,1,0,0,-0.4931263201327988,0.0960532877203754,-1.0462019380018186,-0.7626816665671503,0.4763189105111873
2.868487783025425,296.8356397486174,613.218419363395,9,12,489.66632858055146,828.0303482456112,-3.376569468488727,5,0,5,0.2956662756781971,-2.889001567876573,-0.3712712957673583,0.8598199543618181,-1.2684598002951877
3.610215925481274,148.4197279322675,193.69521928145423,3,0,820.4406923646455,744.1317455842235,1.2723809946849165,2,0,1,1.926584292783858,0.6810225661752572,1.7703705507984866,0.3323020518576771,-0.6147073982880853
5.63185431993995,867.0628639660503,741.3272588189452,9,6,3217.988112060068,1063.6213268124773,-1.496720526314728,3,1,0,3.05526568701334,-4.423481789010291,-5.18880167780024,-1.2258063593164603,-1.9930367601867836
1.8059173232665653,299.7973848888162,167.79858529893218,6,6,870.4831513297987,362.9589156361424,-2.4293028772907963,4,2,5,-2.278250682302021,3.04119088957566,0.261693590679956,-1.314607404339356,0.8593336125040087
0.4095911153511234,103.56913187321626,272.6926088904628,0,6,625.4373855876418,343.19863436947014,-0.2491996497965266,1,1,3,-2.292125853400197,1.1505977641636371,-0.1302089950502389,-0.5656930598141351,1.162569927550822
0.6445144889162958,1301.4840397093467,471.3686749505712,0,3,134.5325055477146,1405.7624914796477,-1.408456005794174,3,1,3,-3.1671579680867525,-0.0228635663001839,1.512387098369034,-0.5886153964256058,0.9055470490708664
3.59126579133737,480.5373903477352,65.47258808500602,0,9,2285.9085668091534,315.57081090136506,3.454771601863338,1,2,2,0.7902130710822445,0.9709092750524112,0.3031633203331862,-1.0125555347425197,0.6389426001852025
4.266178358923851,1855.4697239126367,504.3043965446076,9,6,996.5689598419908,1022.0903247516324,-2.441991941946408,1,0,5,-0.0676554879094057,1.623904458016584,0.5214166660573394,3.32069648057681,0.6825911842059922
4.280805292548875,2069.539027194154,638.8712762800315,3,3,2944.1742609869,199.2300000267097,-1.6391844877855426,2,1,2,1.097996591188767,-3.8789307908792496,-4.544187456923366,-4.2485963728230525,0.0507974695481518
4.364383434609491,436.16834368070295,747.0345593068943,0,3,1205.3506352246802,579.1713609345223,-1.5446970935820732,1,2,1,-1.5704749845055903,0.0932005163223743,0.3585603039356992,0.7023441548245171,-2.741019926547528
1.5412858164859742,896.2899888275543,275.308004697756,9,6,314.2748105082324,436.9008345564304,3.756349065793386,3,0,1,0.5291860117576381,0.4882885552196087,1.208634443780312,2.5797507882477984,-0.3953314633498864
2.2160588115486988,453.1846749134872,391.7734463349948,3,3,1024.584256151803,598.5988966035402,-0.8242868004699301,1,0,1,-1.203582754441282,-0.9903607812473558,2.083786139781246,-3.025062055046039,1.0000221636197748
4.705929079084745,1233.5627092351156,261.18197949434267,3,3,160.8545073158915,2530.846202387491,-0.6502319811581755,0,2,3,-0.3153702057664106,-1.7694953660320654,3.198761652083437,-3.184464617429249,-0.4342593343808437
1.331144895172559,580.74280075537,232.31447400738685,3,3,211.59977911109985,1129.0608113375993,-1.2703800125621625,1,0,1,-0.8372532362064249,-2.331274006112785,0.8675872105128881,0.6113232064546709,0.5682971012784883
1.032224945994822,742.2749052971044,105.3385388379433,3,9,495.890936486936,238.82437255111424,2.5492804315897133,0,1,2,0.5998133276773192,-0.698027020877843,-1.8074576428416549,-1.5362627962376971,-1.4313680922075158
14.111069719363496,799.3030519754192,170.5262159552276,3,3,323.3256532861326,258.2106740790581,-2.210045366890178,1,0,1,-0.5291998133631004,-0.4178582229524483,1.790505671967929,0.5015586287235068,-1.1597714665148835
6.1511427400602425,179.86687346396818,798.4269780413541,0,3,645.6362950294805,450.235037604371,1.6756232882001183,2,0,1,1.6888601671410417,0.4551042170320828,-4.207184205205242,-0.0984512635559453,-0.4005352119490994
8.703219057691543,203.00224182250847,1166.379998197656,6,3,1178.5593519376823,1267.284317557171,-0.4936310626571194,0,2,1,1.881145067897017,5.640160221993636,3.8560838067832135,1.356201367945309,-0.9302458346180216
1.4212656151361536,312.69378344453816,234.7410257197153,3,15,1076.0527397031688,2208.5005727873663,1.1205756606105943,1,0,1,-0.1482086933664264,0.4889634658073944,0.381239350200855,1.2540833415255022,-1.092479103083265
5.083915078862706,96.86495317696163,314.87559105820304,0,0,1170.549322037372,20.424538219836048,0.7242894930356214,1,1,2,-1.9498989362790469,-2.6779746647135507,0.3910822711179462,1.1216388733188585,0.726429128448609
0.6508846377753158,531.6161574268549,908.2862298148556,9,0,280.4368893358093,352.3190298689242,-1.2043236499367345,1,0,1,-0.4288594142958469,1.4425799997307365,-0.1568467043323385,-0.6633902000517335,2.0006092293393127
5.148855677657168,10.81750749203092,55.057178574760336,6,6,11.453297724215195,424.314152722369,-0.0670528582920464,1,0,4,1.4826053287688843,-2.754906885572082,2.8757003604559035,1.1492378704630968,0.4930413318845604
4.052038989866891,232.18239352174365,484.4632143194296,0,0,939.4600717459664,53.15122507480721,1.0303456685292756,0,1,1,1.3137245359876069,2.478185919516381,1.3397484960591803,1.5946616510432186,0.4850966672536361
4.943171235771906,1293.2925039116394,548.5139645829804,3,0,2175.434712370713,160.65023989626806,-0.9416715492680784,1,1,2,-0.5218256765325049,1.9980761332098056,1.8702249985377224,-0.6598010289310128,-0.6693654782194827
9.32259416864527,727.356435431248,469.9109501260131,0,3,2931.354412698523,364.1867525994832,0.2434939282065134,0,1,0,0.593809404776142,4.261184351652704,5.112317513772488,-0.1677292688343956,0.832584712303145
4.803624843140442,1526.1780556111137,473.5827780671802,3,3,1193.135788790298,628.2260991741073,3.702383537735705,2,0,0,-2.1904044136675367,1.8195036027072824,-1.3343106295146894,-2.2690705893806777,-0.0413523263374064
9.592498958697965,180.42237911563203,27.63136892133939,3,9,1486.2155550827852,505.7959262846125,-0.5449216205201339,2,0,4,-1.4374837957509463,1.0038252919294508,0.0480402781987407,-1.459129600595867,-0.5488601157366728
0.8380448074282016,1638.19024659559,1120.2931366386404,3,12,816.5036426757039,379.0500741759489,-0.4300692838871096,3,1,3,2.963885184858741,-2.926246473597291,0.0866017094640723,-4.610639708182558,0.3455091456310739
5.926561692322809,121.63950618104784,618.8811617519415,0,0,1467.4744272486214,811.9709134070677,0.4077518032054186,0,0,0,-1.295498130997634,0.067913170722202,2.75303656294114,-0.940155020922461,-1.399510583114966
3.454544925823683,1203.9662412235612,687.6061039546638,0,0,1268.9575842251795,44.728350509967655,-1.9727190493431952,1,2,0,-1.863251108098939,0.4261120054855214,1.1539973871506173,-0.7002120754604664,-0.0581285868851328
3.3944304279233646,313.8874358082909,1172.6639923604484,6,0,881.4995552305044,358.3594117182708,-1.756379263479657,0,0,2,0.1467560422219929,0.6120378050970969,1.3707354547194268,-2.598980768811418,-0.2772190698319638
4.411781125215658,380.844068627333,257.46300049383126,0,0,208.73728588081727,1825.610721654014,3.929499295834255,2,2,6,1.5365975915205372,0.8657276711665591,2.174120604268423,0.4766744222298006,1.458416452775511
5.650033925873665,826.4677913325154,535.2372437395486,6,3,411.9608283947226,1611.7027222799904,-1.136580705977493,2,0,2,3.2736223014195582,-0.5602974537944132,1.335151354906553,-4.256997620465972,-0.5220143979016819
4.246497047373484,1611.0668144027325,537.9880712637641,0,0,967.4327623971822,56.26135751258713,0.3917352668071867,1,1,2,-3.756453002371935,-1.8450516325902109,1.9690189980012485,0.5022964931598758,1.2970846640700415
1.2920319063476868,853.9863126608351,498.4311110664111,9,6,1747.1093618007685,469.6360545158424,2.2378567796032494,1,1,2,2.11457450036687,1.4615741117242371,1.375663649446606,1.9002899840741072,1.137384635520459
0.8316862776478663,433.0939174900482,82.82110101899887,9,6,1045.7735870850097,91.7940454953498,-0.748987146713304,3,0,5,-0.6189251710379673,1.0433480953296947,0.6942579596126714,2.598462267367717,0.0407970966618981
7.82396828756844,131.6834746749247,160.50039347665938,3,0,130.90743748380189,52.6619931754709,-3.345120027943452,0,1,1,0.9276810260238756,2.112920079502496,1.1148239805323612,-2.7161795718535604,-0.1774140153611902
2.197313748575864,1142.6260456351874,268.82828800406315,0,0,2435.947070138493,2193.1955108122847,4.208935554092593,1,2,3,2.048674870598253,1.7763156840780163,1.4501401599593169,-0.8237199372526101,1.1271179867458805
4.716951963844803,201.68671746810395,74.04422546566015,0,3,580.8243415762075,676.1916450792708,-3.34941740144242,3,2,2,-1.669313648158111,-1.4132508612580754,2.1963940412768794,-3.726781694156328,-0.0536484742099885
8.119237398162944,899.9373137712112,824.6020485777127,9,3,601.8519964811607,800.4413443196904,1.5904628829154013,0,2,2,-0.6469293850095761,0.1855262775226058,-0.9684706170245132,-2.042008347596466,0.812746958961298
6.2940846861698185,130.46042558931416,115.08109230439904,0,0,741.4308763180964,917.9339705359045,4.068685052275184,0,1,2,2.579657328186766,-1.3916970673538371,1.906770176617833,2.63108540624886,-0.6737278294105072
3.6444479602729314,656.2947190570095,894.6455612339644,12,0,938.950026532188,1635.60580879511,2.7449721368659183,3,1,1,3.066462800330548,-0.5457101897097576,0.7502301490709046,1.8579989409851887,1.0133154899095638
4.070159679282195,445.4115640411868,541.7990661822378,0,0,387.75973597477787,1218.878768911815,1.7859423831386685,0,2,3,0.524181007428017,-1.0131785103011437,2.1350304754019565,1.5089404091657257,-0.1908508386494408
0.1169278021105373,2993.753201705992,54.34641840939289,9,3,6005.479315266515,2943.038667109333,-1.5908207462276676,1,2,3,-1.3090993707951537,0.6406319802288641,-3.052823456188039,5.380976327764762,-0.4812872906384636
1.5733859681664428,1470.45154311292,453.6017450797884,0,3,603.9768550051626,481.6169505255367,1.893832827495462,2,2,0,-1.0167689922922918,-1.4934783578533062,1.005438195967954,1.1343589658781794,-0.349774698448012
7.442184543431224,777.7524470617209,167.8506741562613,0,0,1229.3863446861155,1009.0676760143244,2.5285866159916406,0,1,0,2.1443491880349894,1.3162711368293998,0.3775862479894278,0.9996480839451152,-2.1792737132831568
6.503209476012097,2213.740716268544,161.64900219225686,6,3,410.506735782666,1103.0738763935296,-0.1885674359816103,2,0,5,-1.6097250566809351,2.985777064903889,0.6520147569912311,-1.439526645185631,-1.1167090818108365
3.408765530503213,710.0808529111473,145.77042719474852,0,0,376.6219395978141,767.2112069109548,0.5229944596529781,0,1,2,-1.0241747961662069,0.6150643812333471,1.4906088538443465,-1.9324317740677317,0.9048926962193624
0.4416372514503691,1037.9235382999725,172.79347635621622,0,3,2465.761698288499,1351.0582684764497,-0.3945868014821918,0,0,1,0.7792234451481437,-0.7799331688338307,-1.781164706381556,3.169146646213495,-1.1672787353448262
4.351830621658569,855.1453403236037,571.9564227750716,3,12,2043.2405484882845,638.9098240823365,-0.2579290881503465,1,0,0,-2.7818875897492896,3.113713892431476,0.1601607705840366,1.5679245728920084,1.477198487887369
1.5888127893422566,894.4684411182236,731.4988949012079,12,0,776.3243227216603,713.0888217311333,-3.154125751866805,5,2,3,-4.932052768792365,3.052560642613154,0.1533382256326563,-2.9927755939208005,0.0069211613527308
3.103144516928187,1630.3963648844228,374.7897949739715,0,3,1572.018344498294,1975.4786660948605,-1.8612917992736469,1,0,5,-0.8547295691659376,2.788247512299632,-1.3352814892006797,2.032255242168372,-1.5149500890698355
11.475299425685462,37.81791633014087,33.87943213306369,9,6,403.9584344874413,945.0611232892908,1.739135396661447,1,2,0,-4.035503693751051,0.2276559770903332,-3.668456055078418,-1.0480754432520816,1.4635049172968273
6.832764391055925,1393.5793795733584,1185.359010523781,0,6,1824.4413484601164,188.46045793453325,-1.0417413755016296,2,0,0,-2.9611528982643014,-4.921812182443397,1.3102312685009263,1.2723669164091065,0.8087912751755852
7.406025789490068,1742.4427200013452,572.6446182014453,0,9,5533.947490748063,1680.3122098364036,5.329889605207908,0,2,2,1.1457254659771496,3.4161282863093767,1.8710519292407253,-4.515957844880295,-1.2899929400828145
1.9888716844558072,2673.263264234341,669.038140958292,6,9,1062.599446931178,561.1284685975904,2.639240874926154,2,0,5,-0.7205239016045264,1.7409149482415798,1.597995654990494,0.9806561518153996,0.9467337202188668
1.1834235981620664,459.1866577098583,865.7432603001886,6,3,969.7971405873068,2260.7069936069265,3.332161259596785,1,0,3,-4.366541306187808,0.0936608211071519,-0.8756230345596074,-2.531096128071105,0.479268116646928
2.679584712486041,780.6395399899404,1184.6388124895484,15,0,1438.3132001453564,457.8526232330598,-3.094991588821065,0,2,2,-0.2370368877291911,3.646494832689057,1.330224332496551,-1.1479982281907,-1.3341852023424152
0.6380283896056178,1548.6800665696032,208.51618583986067,9,0,1091.9967765599051,677.5103129329831,-4.847884920105427,1,0,1,-1.1623314607353588,2.103056572888125,2.570641827086469,0.2101392413906597,-0.4102440890837056
4.433201908842129,585.9540546072968,238.11147564147117,0,3,347.81642555226307,1217.1918502672545,4.198991871111191,0,2,1,4.22653944886139,-1.2397057558392417,-0.5653832561908714,2.59055523602822,0.0749893108334612
12.621143895891546,592.8326699840516,26.520682346311823,0,3,1348.0253857224102,278.98990155251744,-2.2737413416268626,1,1,4,-2.462741625952316,4.260679954783268,3.0454860298646738,-0.5099510843880677,-0.2477196800176421
4.580817921641186,238.9407498921248,328.20757015943616,0,9,1325.0467666048114,1253.7156014879274,0.3071255302728539,0,2,0,-1.1939811590408689,0.3049914833732909,-0.6458878095414864,-0.1785251376167325,2.064515923683258
0.8280889503870406,349.6222648099851,140.04582166783433,0,0,1564.1164197246612,2052.528272536895,-3.3729305583471154,0,0,1,0.5615028522182135,-0.3468022879474244,4.100282117360137,-5.011232393324593,-0.5558796485974653
8.44228363406338,608.747652048604,457.9607337403106,12,3,222.94180786534983,1015.5828298322314,2.4596534982653244,2,1,3,4.0208178868146565,2.946105236386412,-0.739457381618053,1.8979255902499383,1.9077381602759296
2.7611121212783485,1225.9303223598288,128.9395061640246,3,3,2437.691605768429,1249.138372308816,-1.0128465403573377,1,0,3,-0.3145178496941618,4.734831609700503,3.493916161810165,0.7612972602475652,-0.1817473124044302
6.372356441608603,938.3787512912464,400.65202048548537,3,0,2659.11482066259,807.8543647919677,-1.532663193792531,0,0,0,-0.7546207735537505,0.6305488101058242,-1.0089733460728787,1.6140803877139005,-0.0981426291801832
9.161345912256696,510.5103883149612,189.8507086136464,3,3,3689.816181921111,786.904533991656,2.0570565304030834,2,2,0,-2.421093913596261,0.70339154487767,3.2557962781902665,-4.048836315986876,0.7383047963621535
8.329913116580594,801.0421844002897,711.4056186170895,3,6,3282.284164212496,1736.574247341624,2.944263120079404,0,1,3,-2.4322814057011386,2.570112289933068,-1.523733892417369,-2.9439807256456043,-0.4510823308096927
2.7179231655993306,227.85064915215435,511.9822068589884,6,9,2375.1603765540262,367.0802705889204,0.9551001530186116,3,1,1,-2.103733955565928,0.0132305489172483,1.5400590320627354,-5.510596028823577,-0.5028830540503383
0.7484496236171225,49.93958566316248,283.03577123135653,6,6,152.22530421818536,922.2228519496774,-2.021524499961086,4,0,7,-0.968014238873302,2.8557081450962363,-0.924291286166295,1.347703989530089,0.8119771216042804
0.8194597985996088,1547.148685148202,393.25127269906153,0,3,2629.2592419318903,822.5490848698012,-3.090764808061526,0,1,1,-2.5314725303170675,-1.590752301536953,2.370455312676701,2.6401003895700086,0.2557466238585126
1.2381290825194702,1042.778555321806,560.2253519849263,3,0,2296.440341715378,16.544568543878928,3.301352881330337,0,0,2,1.3199057261028408,0.7983321024530134,-0.9070022309427644,-2.4938019084927845,-0.8390207680741295
1.7937937639934074,531.7016553249827,137.96861183720685,3,9,319.3268614926605,1999.3947353647072,2.711319104476813,0,2,2,-1.254836149209518,-1.449058495252963,-1.0260957416083458,-0.5391378306531927,-0.3654944712370895
8.839983351054437,787.6030454870593,830.9996910947026,0,3,999.210021829962,1.3095906626806102,0.3887900392673948,1,0,1,3.185959593802112,-2.3532595804987637,-1.8270297369283768,-2.0550845196823864,0.721190185422239
5.052924239584392,34.592277794319614,376.98687007992737,0,9,812.7151040719076,461.42947297683054,1.8977462360403727,2,1,3,2.050506359271868,-0.4492013665243723,1.2592495365112035,3.2701077142344754,-0.0544710986017927
1.0778949483857512,1367.820731227364,290.40358146189743,0,3,1532.528766839197,1376.88183495966,-2.7357895424519008,1,0,4,-1.386573871786618,1.6604132262961044,-1.334727592962355,0.402776649906159,-0.6212569181528893
1.2436064778307472,526.0397217296918,287.0887138261124,3,3,632.3716842124451,811.4146240233285,-0.8366502406879458,1,1,1,0.7183140913339128,1.490626517150645,0.5548772905050896,-2.505456345180319,1.7397242750490178
1.12374582969781,726.9763892359915,713.0185070934123,0,3,639.8788756358302,1552.7638495440067,0.15392631038874,0,1,2,-1.9329315247959844,-0.2334971835319292,0.7554586240494835,-2.8190766994140555,-0.4970199281911683
1.1338285924552232,1028.9507472355533,628.8163972778739,3,0,2161.5436521435554,1435.725197631167,-0.6999217198551025,0,1,0,-0.9302769482451748,1.5375919572698238,-0.7361726505619093,2.65322852258999,-0.9146510224050164
0.0717439874506903,1164.290237870771,306.9037441374756,0,0,1978.215540767552,604.1013460904727,0.7084621028868279,0,1,0,1.7763424368356746,-2.976386101437825,-2.470715521593249,1.6929937979841017,2.0532640971784017
3.062115667177387,147.11619036775298,198.32724775268412,0,3,293.169130303061,1292.8083557768275,5.661574240190411,0,2,2,4.465372556463182,-1.9712713309803984,-0.5962006942475728,2.6550518820922964,0.0012959761150394
5.759026603920219,1971.2135343762309,33.878082093071754,6,3,2109.1419481666576,980.3014028135572,-2.009514154745569,0,1,0,-0.9299536992947632,2.3946590890044925,0.8343170114212499,2.962890817139452,-0.7579566329116376
0.8459660547342454,669.8063029886423,795.4529980035306,6,0,1720.4692973833453,183.12546019871604,-1.728809924987405,2,2,0,-1.0248741662752037,0.1361228797013773,4.754763407021928,-0.0383463381752253,-0.5220713370207364
9.934905716143753,1207.1450414391998,349.5356127392738,0,0,188.9049256569392,313.1494550273586,0.4243763350663566,1,2,1,-1.3216242632689263,0.1193923670355081,-0.7072935955980784,1.3390009482682632,1.482405991013503
6.004667192827103,1182.846089099045,380.2682749026456,3,0,756.8824627661255,1246.6411234346017,0.9446177289033983,1,1,1,-2.141576404700458,-0.8067966493204382,-1.1282801753649183,0.8040119710963343,0.3133806391456477
3.121228687663804,874.997700225027,804.9551369620951,3,3,3490.578292752086,1369.9659632074251,3.289574200627431,1,2,0,0.0828110215464577,1.3635667776963083,-0.2197047987897747,-3.1455078284282623,-1.2630321447255166
8.415369398163804,576.0448117327172,667.9218233629105,0,3,1616.3108832831333,337.41928800446647,-1.1554593559680844,0,0,0,-2.4964047882383387,-1.110919464364179,-2.610477445276603,-1.1726898132985764,-0.4816221595678988
4.748271366290703,503.3787512097898,11.13621902363699,9,0,3230.577989678928,183.74006643647485,-2.84166284345084,1,2,3,-1.3242452264871614,-1.3103007481087257,-0.7663378917915462,0.9032972879250574,-0.1412170993627791
7.838684572902487,932.0511662273854,12.74892069562074,6,6,422.6688823166326,542.7883359172539,-1.54948276904255,0,0,0,-2.546831596104587,2.350529301400038,1.5022754125785152,-0.1516343069490207,-0.5931049447823961
2.3866369521675628,686.1666564912933,922.5883452186108,3,0,1324.7038806081982,1329.169502273804,-1.094863796878189,1,1,3,-1.364835754300833,1.9676118128414444,-1.155184689324534,1.8167908410785167,-0.0665651615209299
5.308082167307717,995.0230144099324,642.000066283234,3,0,220.72534920406235,6.47291845617938,0.9057642122092552,3,1,0,2.3897219824943683,-2.353241756483957,-2.209568075585869,-2.715533360994465,-0.5740601169186239
2.1419976569986554,589.7393881768127,753.5270050503564,9,15,1638.522823750708,250.87623956694875,-1.389103680375366,3,0,3,0.5503366297196158,-2.880416281688301,-1.0209349845560851,3.979115985837418,-0.3922831114526846
2.209607816175706,650.095554758187,320.9626131752873,12,3,3065.370963813255,1674.6973739297573,2.0475661823025715,0,1,5,2.062528026726527,5.387174085561065,0.9986325779098582,0.3556024224345269,-1.136031227446487
9.811604009202608,788.0943042282935,232.58103480988137,3,0,253.59290774988025,215.90672210474543,1.3075898186336532,1,2,0,3.2494647800152565,1.000686434043006,0.6612260298610688,1.3701976581174973,0.168764869473093
6.382255378645549,100.59155827847492,467.47822309412106,0,0,1871.582904504714,497.6443069897632,-0.05008807759092,1,0,1,-1.258110937845234,0.8975269024562498,2.360991378084164,-1.1242961352800978,-0.3783754178046896
2.27554326653464,328.21901880921683,227.6920030617176,3,6,1115.7005343132007,334.8746058249615,-1.9532653429115323,0,0,4,-1.7376395983182658,2.7277466297738338,1.3853287354651618,-0.5157387332840734,-1.1438948801942317
1.742207475194223,1379.4519869684757,631.831141507633,3,0,1159.0932153941535,1429.0957183936755,-2.3515936465974896,1,2,3,1.3565824218973777,-2.0063880259901605,2.584765766063503,-2.5407829687088075,-0.6392558331255347
0.4161158607927074,620.2976188626956,305.7795542309775,3,6,978.0211019441292,1096.0945365533908,0.3472232552472643,1,0,0,1.3723923713915085,-2.667839000551312,-1.6928096830382933,1.774916611657806,-0.299123779681755
2.3884065822334493,1084.5838041471677,1352.9550526803575,3,3,2692.0220869031077,2066.1043122683386,-0.8317105218349127,0,0,1,-2.061918977442723,3.3667716888291164,-1.2439003925290364,2.188717433239919,-0.6908322969331687
9.236106276164223,72.57682398274645,495.7787972654197,0,12,727.0606628046971,1531.5856904243055,-2.5916704452795125,0,1,1,-0.8190171962183947,-0.0272460504605493,-0.6112101005453279,3.056950076250414,-0.98029088043289
0.6087286590770399,394.0175955729669,160.06163556553588,3,9,1415.1042904004585,911.4962709766309,3.489816410890411,0,2,2,0.5769741721782616,0.491789694649269,0.1347193518809513,0.4480827222035224,-2.1168958039545283
0.7885716691660625,1352.4663166160574,294.87564683861723,3,0,578.9969258292182,51.46461970589559,-4.490542707241118,1,2,0,0.0911191393334693,1.225384271756464,4.104857635661571,-0.9663154944146416,2.230970831492949
9.08849709899198,912.8921405806864,691.4971962569199,9,3,5480.615561285684,498.2345093889702,0.262836571547592,1,1,0,-0.8437554372540307,6.569234403862359,1.149401437916042,-2.0286226974998,-1.0664042938436114
0.2651591572398508,396.711615444274,101.74852213909448,0,0,1423.9180573607623,448.9099115467623,1.8919002060071133,3,1,1,2.15578785361104,-1.0616737981870528,-1.2348309485487283,-1.2407459279139428,-0.3652643982447837
1.6173454954777815,530.30748639472,124.27112879795186,0,0,1174.444605125073,488.120265801396,0.7514614493546483,1,2,0,-1.5716181280705797,0.1827482901612422,-2.187665794252624,-1.7669766884306526,3.0604456147788963
5.431730504268215,248.84760139705392,441.1808896594964,3,3,796.1965306595026,392.37503977977497,1.0775002696924647,2,2,1,3.417931194199016,3.795007268456064,0.1175999416994115,0.2001800988457126,-0.4040681862262121
11.366155740689363,4.28778527993412,142.57919753285194,6,6,30.59671019200934,2067.1210729088843,1.9690856622314123,2,1,2,-1.7621598618630534,2.7606026098708574,-1.8786087501973248,-0.1156162904870594,-0.5470890529205705
0.5972070003110296,993.3716217023116,367.6922290133587,3,3,1172.279214453934,34.00193582768989,0.5123185693091983,3,0,4,-0.4655770649715024,1.0830045289217396,0.3389964903609188,1.7684736329468138,-0.0315226139412847
6.602830464136364,546.1723862975531,129.17999769689294,3,3,4079.90608771602,2188.1928848392845,3.927239854417145,1,1,3,1.603246831258247,1.500299429754813,2.959944914487691,-2.6122579334972125,-0.5309023324883945
2.356131627408299,918.1282854306456,253.5814506451823,0,3,877.8567201866274,569.852927869512,-0.9481316787447136,0,0,2,2.405823757003428,2.6599379395709253,0.6700608845398348,0.7870161946287937,-1.6677599814969253
1.9509911028699392,2746.277701407977,58.67096688054556,6,3,2934.551530905987,18.78993366537313,-5.671737768467898,1,1,4,1.525897724580242,-2.49769526457548,5.129320760564638,0.4047054788712625,1.5112410696116343
5.449599735643085,32.898593405049525,96.93950548543064,3,3,1674.3357953328043,728.4242823924219,2.5948341612736048,1,1,1,0.1126508722945403,0.6757930470490843,-0.7423949298931207,-2.594207831955788,-1.7083996792113183
3.566288448124872,702.21708611391,269.45886915650254,0,0,3310.2647051730314,1540.0992749534016,0.5534062198506913,0,1,0,-0.1039380050279208,-1.8497836225765367,-3.5638061739362925,3.082179026120306,1.5949067809712427
5.638703306595057,1102.5344396871892,580.3820495322354,3,3,1693.7862429803986,1656.799894776167,4.204804511581194,2,2,0,1.3234511424234787,1.4385667215079088,-0.3661803663106118,-0.1294739060837386,0.3500614498680828
5.59332368349963,951.6476995410889,712.2352468234025,0,0,858.7435934384783,832.7041040926641,0.099204159073553,2,0,1,-2.1130117255843905,-0.4971510382221039,4.3442721136291285,3.684134923566949,1.2180442396407467
0.2700135449142562,817.3000219827145,225.22242598955324,6,6,90.65676899994888,124.98849930519124,2.197339369065106,0,0,1,-2.5280155892076808,1.1443730093287077,1.85642290058171,2.249961987960071,1.2793447772261233
4.99025044294084,1064.1177950488927,817.3719118458009,9,6,1394.0169398664002,137.15724733388325,-4.855037315897752,3,0,3,-1.6805566689050622,-0.1613945519594297,0.2489374380155489,-0.3877365691973944,0.9691223080426806
4.661835671334464,74.0350715713134,258.5424708642896,12,6,596.9550449206563,2526.3133177458967,0.8252862881275769,2,0,0,3.1071671763633715,-1.4672912623326937,-3.587598775038152,-3.519014771810654,-1.1571813837533746
1.204254865368627,641.8168986415824,180.3738901638477,9,0,9.955341035710852,2042.5195451443049,-0.393188660513504,2,0,4,-2.044812356547154,0.5126324823907231,1.3596192840975772,2.156701094753267,0.3224646980702949
1.989083539627424,398.4598687643872,499.2896526910683,0,6,1364.0396990188272,1708.502052850043,0.2552989948975288,0,0,0,-1.4565264640334998,-0.5459315830555558,1.8863860458661457,-1.7376787202607842,1.0297488346827954
0.6297775472258036,653.1439127959114,445.3180791725877,3,6,1098.332716207846,275.83320055875055,-0.991029980144014,1,0,4,2.6882959419445207,-2.6793518420496936,0.2577760100329049,-1.5724583929053644,-0.6987366388885659
9.104428864372576,190.57935579067853,288.4767295966684,0,9,474.44138724611,545.2809687295727,-0.1039753885523615,0,0,3,-2.203815938948724,-0.5101822192872518,-0.2179483264935662,-0.0365263970742661,0.6322140974742761
2.418687784542513,950.9343794350416,25.727542812322405,6,3,203.7055148482811,789.6407197062963,-0.0857118909509471,1,2,1,0.9020761650346752,-1.2712856439404632,-1.2653384921791484,-3.520860879468123,-1.5181290590912526
4.595535448351281,1133.795579909483,730.6150671661247,0,3,1179.1062628387235,1250.081346722349,-1.12016682870396,0,1,3,0.5107989633277705,3.094527008616341,0.0230001907480543,3.0098710279476,0.7412227338869813
4.161862826335567,2040.4707607449084,463.1282486802587,6,3,1495.6227591644822,129.6789951226917,3.508419225446291,1,0,0,0.4056203332501018,-1.463761793198947,5.995269427154974,3.62324878956604,-1.3193772329700937
6.852904585576461,179.95445794254604,329.5040827677721,3,0,307.20069640885856,2200.5912258154563,1.2923720776147527,1,2,3,-2.784629447817826,0.6153548929559334,-2.9538751893071256,1.0682238589184303,0.58803960248274
7.765377066142017,870.3492173861277,316.6431278569636,6,12,1079.270023381313,1315.2800368360915,-0.8412795283708405,2,1,3,-0.3658856626715189,2.9380345157372245,-1.3707515075111354,0.485743694564844,-0.1913275730152183
7.40940046098949,429.3034550202656,74.28041041355935,6,9,27.817500493989755,195.0721735616425,-0.0191554493018102,1,0,5,1.7005527386131505,1.1583964512779743,-1.5786164832411431,0.7630346938598077,-0.2749384629037016
1.496350178529896,1295.2929424552274,250.20764700532536,0,6,1129.76323299683,166.88695347463647,-4.104161516265115,0,1,0,-2.952904151263691,-0.7709657860974994,3.217391671634505,0.3968324462247674,0.8331113776726924
2.779977313456218,825.3473072872356,628.1258016751221,6,3,724.1594228778424,685.7764137526273,-4.015762562617399,2,1,2,2.2332212144167105,0.3966690632885084,0.7996040891277585,-0.1144696935035167,0.4383279379218099
3.3435196078689327,169.09338464600282,142.29202699201164,6,0,3505.572239624438,339.47882914781366,3.194925791621354,0,1,4,1.0466891160764344,4.446889681400348,1.692950479359783,0.39912918970473,-0.0104045134770597
9.176027325139016,13.835942489883625,483.7090261347542,6,6,924.8201563256443,428.8716995550472,0.3374134776355246,2,0,2,0.2685372440835216,-1.7107142468690502,-1.0022578760687968,4.45830838933636,-0.512007783162998
0.1091955333276309,1010.884071622158,9.55641270470665,0,3,760.2952144064072,67.2621428534246,-1.5301170799129464,1,0,2,0.7875620014444669,-1.1667363089790752,1.9339792270168417,-0.7581160505707645,-1.2165472365786318
2.571204109642492,667.4207909231764,331.9872936468061,6,0,1019.2779433866908,407.4477042595298,-1.5156276750362938,0,0,0,-1.139819630599681,0.5890192149792319,-1.168885998451996,0.3069699036165443,-0.8569673061652364
1.8499229324435664,1638.1605908528818,512.5275433878268,3,6,5603.6558894076325,1499.0755377535736,2.764973035685694,1,1,0,-1.630814938293454,6.4969452875368425,-1.6857321127899343,-4.482611545034911,-0.6401389235482687
3.810685676786026,309.7591016292468,162.53583697973218,3,3,138.51778435649206,1687.5325131521545,1.688525271782114,3,1,5,-0.1082774984307417,0.0681622314570944,4.682413741367353,1.3176521794742098,0.4792570484827786
8.842984487692664,180.66790111727903,307.3229201284612,0,0,336.50942774314944,1100.2064344565104,-0.3232363703582979,2,0,4,-2.056994438802028,1.7475526533338317,-2.930720797482912,0.3040740865525244,1.5556000206776188
0.5145017209767297,322.7801582138587,650.597534801455,6,9,1024.444591235887,425.94524440566914,0.6672656288045938,1,0,5,1.1147388594251908,0.708581798755829,1.8237502343485912,3.4547766921350584,0.2811173001045007
7.115642859950668,233.3818692523162,26.67385126147455,0,0,1024.556262333298,698.2769297118914,-3.860689334106077,4,2,3,-1.836008826978984,4.223841815753199,-0.4528338685518401,-2.3654324898377617,0.4068236828125396
5.4602704520730025,367.2065268743334,450.5813113481676,12,9,1112.265870015852,615.7695943446665,2.011815439250892,1,1,2,-0.7422969547033405,1.6273047483813008,-1.0044179854355413,-2.692647722134182,-0.8170107680436983
5.966898932148289,113.7079057543996,309.75376490862044,0,6,364.699383947908,1813.2441043210251,3.4528536423951657,3,1,1,5.673450422699151,1.75950050388147,-2.187487818394011,0.6390115341230358,-0.5204775281560118
4.679983563136581,349.08341623791046,211.16784669191384,6,6,1723.081302512659,1684.3375411620034,-1.8915185509353376,0,1,2,-1.7990428384227393,0.6848383628043908,1.6000847840407024,-2.034448295542097,1.057076848884467
0.8779272890556583,2451.276491419057,240.5269365004171,3,0,491.7780961672687,242.9760828485493,1.812007872374151,1,2,2,-1.6624113289132452,-1.1174867120932264,4.914419303781902,2.475029442929233,-1.7070288239634563
2.17497357606934,1282.5541153417453,177.43694252141617,3,3,1767.022416589169,568.2675133471629,-0.4912046159639125,3,0,0,1.6717920807255182,-4.695401787431957,-0.8361182033684027,0.1917597159694331,0.7573941874277609
8.24448311589608,1226.2496293556717,505.0000350893304,9,3,196.34779265325196,978.3615908929116,-2.119321499871798,4,0,5,-2.0680690810276268,-0.9902116866720004,2.395570463323481,-0.9655887060898622,-0.8409965651683928
7.089209012783998,1522.014327356591,551.2264559415655,0,9,1595.6942109970814,873.2452598669865,-2.0794036277001395,1,0,5,-0.7126607067642003,0.3558291111399942,-1.334729063546328,1.518739124396449,1.979628038885096
0.2817895191663876,1395.689812074569,524.388360226233,6,6,1265.7202829616483,2297.8109333979187,0.1608820925628384,1,1,0,-2.778093233666172,2.3873678984830207,-0.3374356478388032,-0.4809671381598644,1.1766903575622198
1.159052426694716,1181.9561328466789,361.0393749722381,0,0,367.3814608590554,315.5236333468047,-3.728989369763517,2,0,1,-0.1139346479907039,-0.3785863441483865,1.501451543840062,-1.115815465009668,0.402604340609731
5.7499280092804845,250.53631107849384,409.1702684212038,9,3,1538.6150581983527,1489.6183454174295,-0.4249767834401758,2,2,2,-1.163298778645716,-2.4321927017469918,0.8915871976533669,3.3709990157157,-0.5155771462377274
5.847702312140118,834.6269870268413,8.906598897502178,6,9,498.86651592739406,522.1035288919658,-0.6524540741600398,1,0,3,0.6945737556552427,-2.343041895899015,-0.3325039159473844,3.728380152610024,-0.3051060644300105
0.1427164705093178,688.0324427676073,185.45834604561892,6,0,764.3430881872983,848.4484413789424,0.3031080272724129,5,0,3,-1.7758178970530576,0.7407663213568577,0.3455596018671855,-2.515217203299582,0.9440531193874164
3.231244958965465,1234.6098788593065,196.4002613972592,0,3,1752.169034370772,531.5670487305505,2.192760282628921,0,2,0,1.4567975324052085,-0.6312916093426125,-0.9178873874361286,-0.879600003777246,-1.7083736644957752
1.0442299392717411,973.1803213145852,779.9015865679143,3,0,2037.5283134895892,775.0355291047656,-0.897928198051317,0,1,0,-3.287716415203766,0.9725671735317752,-2.865467993426268,-1.5893644402442193,-1.720707876764238
1.3831603232037395,1278.611620786527,271.53991600036414,12,3,48.83069484943846,647.2259003697922,-1.604916119112571,1,0,1,-0.5229575308053173,2.374127436525109,0.5432839475318788,-2.4009053270615635,0.4393686050116805
2.136940703761174,178.43587797742555,669.2821386188082,6,0,321.3660411292337,422.8141096874994,0.6839621542398429,0,0,0,-2.299705073299648,1.6416322837125794,-0.0485943930213428,2.0033225792063463,0.894436308351914
7.813922824285431,906.5551631360534,864.3947754130448,6,0,768.6227457982554,533.030139234336,0.4939100106867886,2,2,1,2.4481440185011563,-1.5185576580235742,-2.5252016577224654,0.9012932812165866,0.5789179703118081
3.974154408434993,1840.9030182868464,221.4207196783087,3,0,5039.028795493793,2100.2145257073025,-3.821959730411402,2,1,1,-1.6798229329379042,0.93737510133355,-1.9380502521923115,1.366946234712744,-1.181115016903152
2.6918659978955817,445.6474607236941,148.68855377463245,9,3,936.7204960392512,653.4671918121463,0.0308640213779352,1,0,4,1.4337529057842928,0.6742735168613521,-0.4860522344609137,-0.4809102537962495,-0.7909955733407278
6.393793420211554,676.7026543029117,1217.0875841875709,3,0,3138.195026466168,682.2338805034493,-1.5844587415587736,3,0,1,-0.8839915249848052,8.13470351149205,-0.1386406502584343,-2.521520718121411,1.076786800101182
3.839387978907556,737.478160675275,582.4809709665474,6,6,362.8577025166037,1440.7551942736811,2.5743874101406323,3,2,3,0.0779949276430407,-1.3935958152523205,1.3800774535145377,1.1254694249748802,-0.214354470719237
5.785758211552982,1388.3024754884414,674.5353290249662,3,9,1131.7296988979815,4423.771440570165,5.3965337395177535,4,1,7,0.6483056104915852,-1.6506758597221942,-0.5344276002603852,-1.6482027939904358,-0.3768224933527049
8.777824691013558,131.00359622560453,509.74627407300886,0,0,441.6631060175173,968.1104340195354,-0.2596887472421525,0,0,1,1.1107201040846462,-0.9830772873816992,2.499955683984034,-0.513174653153228,-1.4095223667308396
7.308973882063995,1176.3138770587177,1213.5988404364623,0,6,704.1835301053582,1208.3096987752804,1.0631566962503394,1,2,0,-0.8209857322701695,-0.8512597378837674,2.0621309223565154,2.1721746349580786,-1.0915504546810704
2.353565972235226,161.50404556363335,459.52389466176567,9,3,636.3757810100968,549.4420731171649,0.4017675364107801,3,1,2,-0.1701574049071559,4.0445945126061735,0.7183857317555853,0.730192629714882,-0.2831574653932195
6.4312470026844215,873.6012966770561,6.801763026028609,3,0,1367.025647696252,1017.2795403502244,-0.7042844221947082,0,2,1,-2.568437588546553,2.9549989793980345,-1.2083829024648285,0.7338256252106542,-1.3071229984304946
2.243388569754294,1152.8442378161026,200.41093432310876,6,0,709.5645377116824,1092.9351174726894,-2.2309186140353825,0,0,1,-0.6815744852648755,0.1717471641084258,3.478263456215778,-1.1939041818855132,-0.0480000737801804
4.370561716688269,805.5548656246525,327.94914851084127,9,0,313.32285862593227,463.08732745117095,-0.4173042201215495,1,1,0,-1.5301727093372262,3.1216915553762847,-0.078978578021267,-2.175307768460228,0.1094539873422667
5.727283414796895,806.5085376655151,209.66679057293317,0,9,2205.790843782863,145.84091490166117,2.8500463240692504,0,1,2,0.7187773236421566,0.8888192667905572,0.8896709318121434,-1.0171821639905003,0.5210038436841407
0.3149927055197326,215.9517933272393,1027.2563664282338,12,3,2650.673352546188,542.5305439554712,1.67581773965679,1,0,4,0.1748435294948918,4.902900901916308,2.942322760822962,1.2188535531132636,-0.8194602169926839
3.797825010222926,463.99125448468175,39.15233586792922,0,6,364.10959001716543,791.4818843094056,1.5740273133398766,4,0,3,-2.081822097389839,0.7627340970534031,-0.0333982582888163,-4.699638679888944,-0.0964719591053712
5.641360135044813,129.3938302901042,755.4094459864787,0,6,1155.3342418572124,1298.0462759586028,0.5208066011998044,3,0,3,0.4635520857970834,-0.1652497524755207,0.7094334604085548,1.202025723049762,0.4300978171846871
15.690563485432955,1405.5453536991788,140.88439682412323,3,3,700.7905244563691,650.9583844514369,1.7420080688723023,0,0,1,4.435115037207996,1.638698122170579,-1.6881083529122145,1.0168956547017134,-0.3648296939862822
2.907065682073926,523.163250324591,570.2699550951656,3,9,721.294731817854,535.5315391656275,0.1236416858009468,2,1,3,0.6896445492483709,-1.8780410735679025,0.1314317394727007,2.4609969094376023,1.6572246639160793
7.210234377350902,1478.4479415017572,545.4211718919179,0,6,1404.807906726504,1615.358230820859,-0.2617063250545584,0,0,4,0.2905391146808718,2.2598943898083377,-1.357161023600668,3.409191345217396,-0.8292847146300723
2.432337280686176,66.5574110305025,364.96188953568895,3,0,1169.0199036675892,841.8563935737515,0.7311244044988503,0,0,0,-0.6646221909984913,1.2174971205083387,-0.6051437914361848,-2.345304173020049,-1.2453188156901438
6.901119705009333,2854.7124127500915,116.58815598833674,0,9,8199.4128455039,482.4316714494272,7.529550102864843,2,2,1,-2.29814345627109,7.055705772758951,3.0495871971813555,-0.5349220518969021,0.7811295261504682
0.5108593164748712,1059.3948530399032,223.33587576058784,6,6,792.1258090809265,293.02714577790607,2.0695975850341397,1,1,0,-2.599132173007745,1.2987221672840412,2.8271415615159663,1.4349816392481405,0.9156720324613864
5.809775694613906,729.7913654195179,356.9634758912461,9,3,859.9887159620124,1946.3229911640024,1.8085481853282703,3,2,0,-0.5054529470478109,0.8666221993017331,-2.4264804911300413,1.1664314048849225,1.6174295428521492
6.876304498330833,641.3916712165554,624.0581281156279,9,6,794.6442132498437,1851.6758243785207,-1.422213670725286,1,0,0,-2.3652803426837483,1.0347260842216583,0.7342401337879256,-1.44115368107984,-0.0147369708639082
2.9851787394848097,1629.141256693309,386.9102683987494,3,0,1023.8760669512246,1780.5227821131584,0.3631261251315474,1,2,3,0.9553953877302784,1.116136310728833,1.709184562490509,-0.9024422919217534,0.9244177950347596
2.1456156411174048,596.9156674147325,741.3116644562759,0,0,361.9235325455236,1160.3004656754404,1.1507091060503951,1,0,1,-0.7790350183146688,-0.4890418568832739,-0.2673503811421691,-3.08733814574526,-0.1446911781821033
12.571044396305464,886.7343984826687,327.07731669311875,6,3,1604.2350009674371,66.91950851769751,-2.578971694137975,4,0,6,-0.183488829503966,3.2027050374920387,1.1055367944138828,-0.2415257602982972,0.8544648692184541
5.214068293600728,293.93012440592446,156.6935551509128,3,3,926.455720644696,320.2725423340429,0.365390404593467,2,0,1,-0.8704687685802219,1.7563844399289936,-0.3870325007644275,-0.4695427815201164,-0.1239190827730672
4.221157325080488,1543.3444052941331,75.27019068584927,6,0,3500.9413269893444,1009.3890418710984,-2.467182716715901,4,1,1,4.295932642916621,-5.156028862840989,-3.1494272043218654,-2.223288066446495,0.6162090206767163
3.38997193200238,965.298628017749,625.0482115010119,6,12,388.4734693840836,541.4328268596382,0.7905541339086153,1,0,4,-2.322096072846998,-1.35235396950869,1.046426530548521,-2.097521988302005,-0.3700165367767895
7.422862274584975,339.5510432658123,363.5714767412402,0,21,684.3880077884322,2455.841550667172,2.615867582161874,2,1,4,-0.8856010950907678,1.0824516088108795,0.6196900598211865,2.310767480703353,0.2267716386398315
2.171539229004668,301.0515497591745,447.3952105969343,0,3,773.3757760381645,244.74635094405323,2.266771764332121,0,1,0,-1.5005671579137252,0.1296537398333381,-0.8123216648817446,-0.0742436980105742,1.842385218588832
9.090749478625552,238.95410976170527,301.45213314481407,0,3,556.3128782963079,35.36733090023168,2.0965101399671857,1,0,0,0.7740215004346593,-0.687368227408163,-2.148088924117896,-2.0249857010626644,0.1951314723983334
2.048877816377776,991.9774893900976,538.6107121727171,0,0,1801.995524965564,767.4393919675591,-0.460307357742604,0,2,1,0.379706897211072,1.9652993215239825,-1.1827295191233709,-1.8429050322751843,0.0744405806813206
3.5141487885640963,445.5741782600883,193.00694211443724,3,0,1419.9790827626505,544.9511613704832,0.0410446811679827,0,2,2,-1.2800956335352531,0.8724251558834482,6.167657440676244,1.6655545024800376,-0.3833237442433236
2.688492689742038,958.3944190015204,861.2892287618271,9,6,1457.1474633716484,587.5975532049505,-4.283361341963755,3,0,4,-1.2394883945013515,0.6855826910502891,-0.3354355214170925,0.4667926929510871,0.1736815928348467
4.417998788959246,902.6795650772226,771.6474279002366,3,6,10.977152340270154,425.68500095966175,-0.930125548099078,1,0,0,-5.653167649637721,3.6238083022973857,1.6998999966968371,-0.1576193834007857,0.9423047136006332
0.9278456366547992,718.0546519948547,554.7762474539747,3,3,744.1233185503248,516.5399961753913,-0.374688181783142,1,0,0,-0.6761546021191033,-2.381712475118979,-1.8348212958150556,0.1696368541733093,0.2213248869022862
1.937284822829072,808.3899350626792,66.86982452570713,0,9,1218.9716188585776,264.8024265371752,0.8314297237012191,0,1,6,-4.800354532572609,4.001351192643946,-2.2853214346805286,-0.315906069079207,-1.3636365454916628
5.256951022774442,594.786249188222,194.92463906138192,12,3,1698.818991371694,820.0329015221118,3.767917070208857,5,2,0,2.371191110217,5.141970424762762,-1.8208093471051592,-2.100440259991915,-0.7984811090768666
3.468727400369216,340.6820160741961,1067.2615649379452,3,6,3791.44379460756,1368.404862790946,1.2444890449152917,1,1,6,3.934052835859599,7.197446786814318,2.455199746057991,0.2217244856247775,0.3867010453652169
11.081655740549188,360.6256221727974,224.73850646102537,6,6,2966.2748659523745,498.9866478110324,3.6361235465196993,0,2,1,0.4929701846613746,0.2815862058736704,1.8589051119309317,-3.2113424984589463,-1.1746112601629952
1.886259159144972,8.745326625087424,999.0747621826235,9,3,1082.034954077317,771.4133127375469,2.6400961125996023,0,1,1,-1.2047418499053415,-1.1797224888870692,2.3937375955519578,0.3600719517046132,0.2665176717565931
4.200283555740601,1004.6522976044396,7.600199232984095,3,6,389.4851083957488,432.7892379043345,-0.8998575937039667,2,0,4,-1.6165918824608745,-0.2647369737381306,-2.8037014678249808,-2.756127795328103,-0.3459126574455022
2.884094684901295,626.7541187882723,33.98565733905364,0,6,262.1087378443991,2925.339105369749,3.4014938600866147,3,0,5,0.4447350916460975,-0.8086838249200687,0.0363016012682708,-0.772162917412273,-0.0960600628267174
0.553604601068619,969.381596122581,260.651725309626,3,6,506.9637777164396,145.4755916939044,-1.0788801847545146,2,0,2,1.0990936688444066,-0.4070826775392167,1.542761087966355,-1.758392024097429,3.405264532838137
4.003607445029073,1148.7756031521333,318.8456164305142,6,0,3579.3808922516923,1541.8992922348727,-0.6962390659904046,0,1,1,-0.7508077579864775,-0.2057093789737782,-2.311959740082238,4.02024377795805,1.1950166774415345
3.6105960331338176,380.0356372398724,183.00413065183164,0,0,919.5277987379042,1128.0035550669224,1.0472907597583598,3,0,1,0.9331588774493048,1.5002050117994092,-1.559076389537698,-4.661681271366409,0.7318274576044375
3.2341018663642345,929.7934393461616,698.1661990865847,9,0,716.5996818121664,240.13947460838048,-2.8138139678624543,1,0,3,-1.4848097864792138,4.280561562431311,1.906406552798889,-0.0830870139052706,0.426647067261112
1.0703946344375015,2049.4792029989835,778.0675022773729,0,0,4294.56625921209,1561.453146541437,-4.526050305873669,0,0,0,-1.5330691983442115,0.9086042213844768,-2.054649979205194,-0.2140927924335882,-0.1578753809629744
0.2252837357104488,1382.8320944862146,230.6938641839484,6,0,582.1011063300625,59.018470089874455,-4.465399550623214,2,2,0,1.804730324668861,2.252497248446258,3.555953076014535,-1.0988863596760732,-1.4072254696920556
4.838536197459848,572.0681129200382,980.4847167251876,0,0,4011.910128555636,858.8461337398176,0.9469484123227396,2,0,6,3.112097569842478,5.8525867736538295,3.9387586750484873,1.408441160933479,0.4325162598231717
8.643734746281288,686.7175218856236,466.52180620853966,6,0,1036.1739959579345,2054.5702680789404,2.5151735153660395,0,2,5,-3.324988192284525,-1.1711746577039206,-2.725200871614886,-3.3633443057324515,1.655563368242564
3.1264582998731565,1407.427055699652,196.82202065815892,9,0,2428.462558076777,92.40323219514326,2.1135502323529565,1,0,1,-0.604404248704282,2.348759866925404,1.0155093810353844,-0.1942621295620519,0.2547945114805392
6.522297512134952,215.65276936449152,332.6023771283545,0,0,773.189268433416,1104.857971980562,2.808870218558039,3,0,4,-0.2344476146653202,0.46754209112924,-0.0107318372443783,0.4623502492208005,-0.3480191187264284
1.3054874643298158,743.8664708751295,494.16015624495975,12,3,287.2979145538431,670.3137302339932,0.5573628176974263,2,2,0,-2.453059875051945,-0.6328781381141753,-2.077308282972259,0.3982245081665043,1.8721212310963011
1.056227395895748,1388.7539682637612,215.97191938144948,0,9,563.0219139138613,1311.4800978092885,2.0710087904400547,3,2,2,3.35114711314015,2.6874621635865443,-4.1035679315361735,-0.3055587577843623,0.3013079189864453
7.820568996595747,60.88116061928695,57.05601523302976,0,0,777.8054359797203,52.56394655801871,0.1027175465161758,0,1,0,0.2483229961602564,0.997816289498808,3.6688256634460616,2.2778525397773386,-0.5326617146420133
4.571723112219943,1081.9347903553094,187.79170236255655,0,6,795.9248013753842,1464.7892119294015,0.3309482613433863,4,2,0,1.3999042005249045,0.8777331605651333,-3.1938519395588187,-0.9463837167064943,-0.494500455155443
0.2381474675634122,1586.1094155444869,16.81165969468188,0,0,810.614409293041,517.6354845386957,0.5178630264091373,1,0,0,1.7605351044781692,1.1822378811301502,-1.827859278366566,-0.9331635190260268,-1.1946240700350377
2.8359723378895896,1196.0156684476642,439.6927842296851,6,0,383.2435325669204,871.160196167765,4.952549216469433,1,0,0,-1.8031115172519507,-0.4360352882828721,0.3331974209291032,2.2306597594153192,-0.0298753705465521
0.6572210337529096,575.9603371575535,159.93640166013685,3,9,1565.3073692140615,546.1387157569085,-0.6874720948530206,0,0,0,-4.460327668725257,1.1521613604259695,0.4550408570392186,-0.4300679517380451,-0.5159768379591179
1.4895828979790189,332.2880145748571,673.644794370911,9,6,1221.1336205363823,1813.894580016093,0.9854974971691616,0,0,0,-2.53338110726822,1.3184344315849854,-0.5456793058496547,-2.2724569568581714,-1.429162591168474
5.470621926009466,1434.2013539372358,177.46021326882305,3,6,290.9013473686617,1438.8972105311273,0.292435713212422,0,1,0,-1.0090946991892191,2.3912802445970573,1.0975587451628126,-0.5301921762759403,-0.1163310739305844
6.051348853695135,587.1962485821205,671.4656532103329,0,3,1533.2896395830917,389.0353838958743,1.2860693182441625,1,0,2,-2.029284753751952,-2.460493799420705,0.7502118483119872,2.3922633222492777,1.0867640945092587
4.889868088208086,94.56052946460048,250.3494814487101,6,3,1352.9156084576537,1002.7340886579996,-4.614677169039722,0,1,2,-0.514656258462128,0.2535091203303412,2.4194054222143846,1.2102448429925856,1.3211451375863008
2.4997724033555397,1309.3109137818492,349.02781978082646,6,3,1477.0687581165218,1183.1156282639824,-0.2735062799376162,1,2,4,-4.13671113584859,-1.022359038284823,0.9400742590414372,-0.1048126888480265,-0.5264251263397507
0.414285595579047,1787.134710525046,42.08790841464681,9,3,1005.1537814443774,1271.1152427540546,1.0596204307102823,3,1,5,1.7410382293630915,1.0960046025628405,0.1147625992367378,3.031707772907369,0.1596521610987791
2.938213996009782,733.3847866221668,132.28610939263547,12,3,4537.516462286691,2582.21580703701,1.670913700693658,1,1,2,3.1594695692667174,6.658792958791024,0.6930814876532493,0.4329237397492584,0.8584315630914606
2.2692732460249845,331.6850196115164,271.23638936097177,0,0,123.29589849670852,121.8402421809391,0.1002625032430226,0,0,0,-0.3442067354058657,-2.147693383545873,0.640081183870616,0.9691977810600724,0.908764372218391
3.955085525356873,430.1679246681041,420.92540471093,3,9,436.5520698232149,339.2522315151228,2.3821326389587143,3,1,4,-0.7533343458204267,-0.5282347058914145,0.3202610765042897,2.4895184365050302,0.7717519071138566
2.3361456454864307,841.8143099809296,595.5104692750903,0,12,1563.2032958624095,824.2041406331876,2.378736638420862,0,0,4,-3.657162343592238,1.136387272089332,-2.4104393941003632,-0.8319913304807677,0.1700410695448291
3.5219141644805725,79.94209801765196,131.02347929667985,0,3,798.461773849633,237.400238938268,-2.25686485580157,2,2,1,-0.6567598747234356,0.5485051195758706,0.6031161850942557,-2.6411794431885744,1.111746043254494
0.208530065012698,244.2481005659372,709.737586197335,3,3,469.8218036475903,855.4986484969971,2.534779043359585,0,1,1,-1.6590943476056166,0.5172765413855669,-2.1371643634297506,1.5699068836329262,1.8499337183457476
4.2910750729610365,932.7289480021882,31.23630880175521,3,3,2034.2138518038232,1663.334056469789,-1.508634203313793,2,0,1,-4.69177194327327,-1.871184235210074,2.0552954992539325,3.1552395941886795,-1.3067809528045986
1.7823553506462058,1501.6496962261433,287.30243943898734,6,0,501.5554552244366,642.1404597896674,-3.127517802001435,0,0,1,-0.3332224530743056,-0.3796889937598879,2.6496585141445568,-1.642396540484964,0.0194926889033092
5.179767951808156,1550.242449123528,337.410420254241,0,0,1816.640534275965,612.3269145532648,3.4615816061700846,0,1,0,2.6485134573225704,1.363212262818881,0.5128012638383466,0.924437501609475,-0.2219978125918257
2.578897891934862,756.7465688427583,319.8376490175629,3,3,67.883961122767,666.5985357015014,-1.2692463151279785,0,0,0,-1.8192903512110532,-1.5791893557998062,1.925003305281801,0.0367482048358209,0.6630755396211412
7.934425899061583,619.7396908287734,501.7524201014184,6,6,595.4813206710742,317.99742058144346,-1.1379739610038857,4,1,5,-0.1090074055043246,1.994986230950408,0.1990326629693293,1.994720511227004,-0.3891270201865884
3.876210548195021,1972.3880901469145,178.29036946383218,15,3,2147.8864988611176,857.3955469748386,-1.6673908468866732,1,0,3,-3.274692227308032,1.4961803718058468,0.8099330670517013,2.6695756908805395,0.045366566920415
6.565931521567242,665.4705948582665,214.8818322819397,0,0,1433.7046059143563,1460.0832512662475,-0.9436340723587536,2,0,0,2.1248289461411165,-1.3161640178689982,3.3444048379108766,-2.874628574025216,-0.0790206129392269
2.0634013467100645,1169.4082768636165,129.3771756169935,3,9,1231.1542814716731,968.6140025927544,-1.2478150446263063,2,2,2,0.8890913697644518,-1.985652773986073,-0.6196135216121119,0.4381748711430853,0.3734974398757106
6.897355302855937,1094.2333937662097,189.9584793668753,3,9,1152.241414956694,304.5914709408933,-3.413182128966109,0,0,2,-2.7614149135533106,1.1698700094495664,3.100914440048001,0.7028189611322655,1.169714753321332
4.750221143174152,346.1348405996929,881.9903067954859,9,0,1921.034912378272,195.27930042575528,-0.4856655317029392,0,0,2,-1.5894769523790364,4.994728023024318,3.630711548486724,2.3518254573909374,-0.7496529510346586
4.361615355600449,860.267421097284,1305.1963035602062,6,0,2720.1535763652814,428.144892082797,-1.9603550963126264,2,2,3,-1.497378128488935,7.924378758530328,3.918229811670037,-3.049910611635246,0.8207451282025985
2.2375748850795305,683.614010822207,261.6160847106051,3,0,432.7590202536428,944.217657039149,2.2824058596019325,3,1,1,2.948710304040297,1.3915665332201268,-0.9710873306672628,-0.2705885613895891,0.1905448113219687
11.183969750303396,860.611034358932,118.39856490107672,6,3,345.519432052285,1061.2957351726943,-2.463481196336049,1,1,4,-2.41375213486014,1.4416038121015733,4.664582189936881,-1.9535714343012416,1.8168859280285825
4.370922529977423,749.3517374183982,1059.3221673020553,0,6,507.62100563930767,1475.7249435498316,-0.1080738556732117,1,1,0,-2.434964023602647,-0.0118984088769713,-0.5315046105989034,-0.371858318407849,1.9331568430229709
3.1439149790476506,821.8700126025526,328.8927276541783,3,3,574.9880628892123,1229.4656500892054,3.5941405899833727,2,1,3,2.642980522750679,-0.3574284966911445,-1.0846838903217983,1.1873912488481868,0.7455773654225135
1.77260671757012,1524.3649021405872,317.31975957858225,0,3,1401.5150765182195,2281.316932217184,0.7669315501763714,2,1,2,-0.4805282170263585,-0.120028303987129,1.3197205989497396,-1.2007877215234892,0.1595994009408833
2.6861011183977106,1940.1168582952264,248.10186801190025,6,3,3865.578471572083,908.4381798904468,-4.631582030421386,1,2,0,-2.352266388907327,-0.1360873891541258,-1.7214261919615998,-0.2165145788940226,-1.3339213057473889
0.2036601009104911,1001.3972409225104,752.4633219454535,9,3,353.6866636603527,391.5217322265804,0.2745504609634881,1,2,2,-1.6887042555485885,2.50730927627178,-0.0967343601134378,-1.5447810692495394,-0.0823963999329022
5.621848395886567,852.2626484526199,687.1652175918077,3,6,98.4633412655802,1820.4993558862784,2.803846911119341,3,0,4,-0.5410452567199895,-2.1980671234049547,1.502045723696196,1.527204446703929,-2.12446206345592
0.3348004731637244,2729.7956710885605,167.65992397611342,0,3,729.9098731862038,988.0984910475778,0.1788585789639001,0,1,0,-1.7752907466131107,3.88578946504067,0.7501165029171417,-1.447969061307988,1.2674023545776265
4.285350256058043,44.19662806101243,929.7932109056468,3,12,3156.29334518786,781.2656614452188,2.606817005770645,1,2,1,-1.947054503183223,2.403819255938963,2.247314936385692,0.1616259767757029,0.0788689720987832
6.610354162297352,740.9541803652802,481.4167373582391,3,3,69.67351146104403,284.2591905152537,-1.3036692150001656,0,1,0,-2.6312329497074707,1.5386304893533476,1.6187320191846133,-0.4757791869247554,-1.9323868492236576
2.830173012777162,131.91516008216476,734.7852882445441,3,3,1487.3391621810376,1470.1033083421182,2.882677775698486,2,0,0,0.3013006774698444,-1.0056524780155902,-1.239031249059801,-1.7486835155758669,1.5081586538827954
1.8908142589511956,13.073455902794295,302.683935595794,0,12,1820.851178953861,413.7347977232098,1.9898282567689856,0,0,1,0.0893947158701469,1.626477350825169,-0.2831717609419022,-2.15904268074568,-0.0132569382289858
0.807681157673247,1661.3037004679234,636.0631897560312,3,6,2580.016336611016,1020.2385411225604,3.3677834323149893,0,0,0,4.109293371918468,3.830205339570771,-1.2565565981589322,-2.161432859490628,-1.1399778294988392
5.864141644384135,199.4595593292251,8.547239726557022,3,9,2287.124037969491,2172.907670519244,3.820528055946309,1,1,3,1.2292368848487023,-0.4152949325715223,-3.2533269385971,-2.704462535834588,0.9250381271043092
3.232776447131912,947.5420213477354,526.2460781351828,9,6,1034.1846764977777,88.09000236759054,0.593012062136506,2,0,0,-0.0693637342711579,0.0657109372969779,0.0370083317856662,-1.621351356549789,1.0835444724207923
1.8551396735512184,755.2623365525579,898.3153501815331,3,0,1288.31837351709,1867.246805824885,1.8817417565307797,1,0,0,-1.2901006792447518,3.362611794305548,-1.2825835522624185,4.63681854849095,-1.265999676335016
2.9755026512293115,902.3967636581546,685.9952219683744,0,0,925.961013552718,1153.9191413350568,-2.4410130640701526,2,0,0,2.010203120780014,-0.6308686030878805,4.169467813708771,-2.559271672099751,-0.0972426199223847
8.855122889458132,728.9953574655644,297.13105263175703,3,6,1238.0747791752174,664.4538829098063,-2.766624313050931,2,1,4,0.7291732148234606,1.0294292536059082,-0.1901802807809611,1.411884036754144,0.3729348723315535
4.191812771355717,1181.628386391893,576.7427245938542,9,0,1653.8782593879716,604.8252390748794,-0.6631569790401958,0,0,0,-4.339632850558114,-0.5536152513346817,-1.4422102648904354,1.393821776284791,0.9871256808733035
12.705217735833958,511.7887505473397,195.08446962937413,3,3,1878.6141056403544,1396.3396622879222,3.787808822444009,2,0,0,1.253080855631768,-0.3621708507438342,-3.311808534653905,-5.675390931341502,-0.3031436243623739
2.886858838395096,117.27266900158229,74.28041641363177,3,9,1519.6542735846435,71.88529249537638,1.7974289622245496,1,1,5,-0.6888829628233016,1.668015484868674,-0.9029578658992624,0.7836051446979002,0.8400474369475215
1.7018942974706328,2260.5421083169244,245.19502148720184,0,3,2311.021151888256,2237.0568785296905,-2.6240839113946954,0,0,4,1.1884974281569207,3.1816916321063458,-0.3638349450994391,3.3756883967313245,-0.1935133507826041
5.115661605180206,1196.6835171667217,759.2774839361623,9,0,775.547685352729,1447.8584148653945,-0.9843321318109264,0,0,4,-0.7245335241429931,2.875345645026808,1.4328869622240832,-0.4904299318797638,1.5771583541529284
0.3673509217857171,496.9740042254653,114.52147910524155,9,12,2442.7735397602296,252.8975355859496,-1.1002386531989778,3,0,3,0.773972125928839,3.11510586957016,-0.284118553289307,-1.4474773684564275,1.2901827534148222
0.9550433112018925,292.0328084665788,382.3423585981765,3,0,1037.2449285473078,720.4510327784182,-1.6856969424413488,1,0,0,0.0310095603306641,-1.9781519469434112,-0.3978873504341607,-0.6245994763241869,-1.0472664487584384
5.758319597062296,461.9983583294398,821.2618140568838,21,6,2680.1399270523475,2575.9163453291385,2.549772871991989,0,2,3,1.5589215613493523,5.022534882444573,-0.8229515363201474,2.716529486691104,0.5829827162229674
4.021461340135551,973.1785088256466,533.758499252772,9,6,89.1788885938856,248.7148167542534,1.2618124600486549,0,1,3,-1.3802456231207427,0.7456864487593553,-0.7035649507788837,-1.0100463788930747,0.5001507816326239
4.104450327497339,246.88933308499395,507.3391605783538,0,3,1014.1627023215792,208.4670562725106,-1.7996497722584028,4,2,3,-1.7164359311497122,1.256763106200888,2.246693510752652,-1.3482693593076256,0.3233034139029833
4.289234439569006,48.02741724926673,417.8449022917745,12,12,407.1596886365686,1604.7098419310094,0.2622996944565452,0,0,2,-3.416280880088149,0.2420570265736201,0.4993060972362318,-1.8482669543877173,-0.2296470886978602
10.737137955386242,1030.0635410816158,50.27284814262354,0,6,1188.40445774503,527.1622815937347,-1.1099077751889843,1,0,3,0.7721672190052649,3.000905508736732,-0.3081146102659451,-0.1724776627628856,1.170540478334584
2.302081420760613,545.6625449347417,142.41193239822118,0,6,1859.7485990684136,87.3231842245072,-0.4224221943254487,0,0,0,-3.952945696271241,0.8933705461955711,-1.689909238770778,0.1482753971729549,-0.5479064147287608
6.782688270605176,208.2553129777956,420.7786325944551,3,3,2420.6716614606034,15.785658572904936,5.500306881859522,0,1,2,6.236931236662535,5.829213105696157,-1.75687633496473,-0.3310716965167559,-0.0499098138149352
1.3220424173342102,133.00304145756337,1.0953193530074412,9,0,577.9276678473349,109.82474084900564,-2.150672813376622,2,1,0,-2.317678293973126,1.4474351537005936,0.4114609409167622,-0.0555940795046665,0.0082162183861446
9.447353178534588,1372.7076545678938,180.428801661184,6,6,1061.6327613373394,1483.7600560977012,-1.1433453907857871,1,0,5,0.5293145784988258,2.746057232540322,-2.1600331044555023,0.3424871597279765,0.1616269763962342
7.610039716382696,1851.69053813544,173.6213083435965,3,0,431.256447444316,1504.1579334806008,-3.3972742363494604,1,0,3,0.5839404914381296,0.2237025837444827,5.571672399443932,-2.125543823286017,0.6213157855095334
2.20307122415684,1119.5559529067868,287.37024073771386,3,0,2169.6688275906304,396.22807271357647,-0.7373403968190293,2,0,1,0.4938694045650729,-3.647079983956309,-1.0482333880179953,0.9023219136686642,-1.4540559918198488
0.7957958686314331,912.915054010984,218.39195846317207,6,3,196.2228138838012,975.0508410199732,-0.1523582970655159,2,1,6,1.6339785248053234,1.6489270896870036,-1.582141011027216,0.6588782776364683,-0.5586422509134581
6.632562201405343,842.3285991779715,129.41149665085717,0,6,218.6389630661628,339.3813507254784,1.7226110799965573,1,0,1,-2.947442240404288,1.888116295006899,-1.082369295733341,1.2007430918331496,-0.5863984259628515
5.233142771702566,1149.9134462387756,545.5190302197623,3,0,3052.304014945554,679.1328313539219,2.7267436132278515,2,2,1,-2.2606011799452244,-0.8791207205216869,3.161599049201114,-2.0139425381945197,1.3740373013060854
2.256416814531451,710.3523163969802,411.4780669134872,0,6,2834.084058816989,1822.1754368831696,3.980240436173197,0,0,1,-3.4033421930111736,1.9537298778548111,-1.0557643868349642,-2.571121847901215,-0.3813766246083239
2.460644573093372,902.5680675044256,394.16203538854256,12,0,827.0078552843913,2403.6747282432084,2.5308926380004038,1,0,5,-1.7467967578228525,0.8373361718843848,-4.475782118163848,0.3350463648194459,-1.057000416585615
0.8265265666124215,219.452494936624,652.7907672722597,0,12,1020.2828811986976,494.70886841759614,0.3790561689423348,1,1,5,-3.0724520113492813,0.8198808662832174,1.9564363492558512,-4.515578020143357,2.197926578150508
3.3789950841363074,1004.151259222167,40.8968164225689,3,9,820.7583830096418,1415.173433466746,-0.627202463758064,1,0,2,-0.8880870447275349,-1.4630789639570758,2.4219139194865296,0.4130467038949477,0.5102416418821579
0.1560135910329354,775.9725006643199,179.25416766490858,0,9,499.1952462106168,2445.0790156821377,3.08597287026257,3,2,2,0.8847106756585832,-1.0921096019460104,-0.6646659859337261,-0.2802796031346939,-0.2226274375594816
11.533185808638573,1054.3295047656627,977.3598130742348,9,0,954.6873644695544,1069.7752833914117,-2.7606716706605186,1,0,1,-0.6935316676524272,-1.671173495131094,2.09055720557875,-0.5173293721792994,-2.1026163072572173
7.226380780312071,221.91363302176185,403.7272328767119,3,0,756.7891789120977,2198.248221700148,1.464368606847638,0,1,3,2.916070213966883,-1.2142907244262968,0.3165121593029543,-2.4755134796577405,0.3205068945553053
1.255427463208152,96.19824672826316,17.081518305626435,0,3,2751.0937872978966,1081.5373292657202,-2.992386448595961,1,0,1,-1.3400393904486043,1.0258305292565215,-1.87337858784288,-0.9963307194117046,0.4725149084750014
1.698563752044744,1127.782975014482,635.6173081608983,12,3,562.6791835489208,736.0545675162758,1.956988759952974,3,1,0,-4.221709874686936,2.6123957247642533,-0.3754600988618841,3.0053304083752392,0.0292287510233454
8.01019101277095,397.34653550638745,713.4925619752938,6,3,524.7133724918659,2569.5530873700013,4.127351590430764,0,1,4,3.857069517640837,-1.2387454643121478,2.3635054041379724,2.589858666574484,0.5575559881792829
4.481084238714606,943.8490113935312,809.9986753199976,3,0,1587.9175849556016,566.5451524072968,1.7589827361312185,2,0,0,1.818432514372866,-3.077543612620886,-2.301616252003467,-0.3009951325932315,4.206519594075567
3.409273359158041,341.1075100961908,421.5109125673553,3,3,1903.951691371768,1475.726968306907,-2.9765210518828216,0,2,0,-0.5628209305668802,2.0389600435909703,0.2064816903549637,0.0029871080142576,0.0145941267608848
6.196833386453548,373.91650333941095,29.66647228879088,0,6,460.9325459776232,1448.3921171204524,2.703606878791315,0,0,3,-1.1847216759669257,-1.6964246010323054,2.914766013977236,2.114223151803189,1.8395965197605757
1.174194202668524,1092.3015539102114,6.787916989934489,0,0,77.07813700566723,533.3496069093165,-0.9912793563532512,0,2,1,-0.9302170347538634,1.461090939720333,1.9388002345823525,-2.9357558179881096,-0.7412716324760071
7.648080907938509,2099.240341910549,408.8848895657538,3,3,3656.241482826884,1369.2730269707172,-2.38913824272718,1,2,3,-2.1251722612343684,2.0503070020737546,0.3606037194476518,0.2586245858385043,-0.4361707679910882
1.6585316483358654,914.1246239235988,132.35120184313047,3,3,2583.359563276374,879.0624122137887,-4.06812928169781,1,0,1,0.0233383311239652,2.423323167284132,0.7175185287225122,-0.4242289176783799,0.0389217754455338
2.3808264603629,2024.051438275905,318.50430281974496,0,6,2365.940373853064,1602.046983288813,0.3563582626696417,0,2,2,-0.1627941461055155,-2.116570999631267,-2.2238954373244413,-0.070182715777082,-0.6570168120072537
7.873399758073932,599.382053823595,101.51518605409706,0,0,359.1655780640264,239.4947262533042,-0.7650125476003036,0,0,0,0.0309030401802001,-0.7826825622687061,2.873707104922368,2.558458954302086,-0.646374777022857
3.9946362840503697,392.2381245185847,387.8969521640302,0,0,29.748851668123933,2733.443322111165,5.1583906221650935,2,0,1,2.553932761410233,-1.22104292856407,2.234568882823986,0.9324342147300664,0.2685361175670359
7.783007625305705,602.0713827605965,891.097932310474,0,3,202.31114398139644,1006.5514033708986,0.6736047417587181,0,0,3,0.0640866002320179,1.566893599986786,-0.6917742285412511,2.498320491071855,0.4759434816995371
3.394061054788128,268.8106461236559,962.036959290732,0,0,1112.8025635691429,225.604778467707,-0.3471598562570437,1,1,3,1.583868100605113,2.2712433753635795,-0.6712721400392876,-0.4294798368296992,0.1830761890164981
8.31624504801107,1402.132276411967,142.6804869976588,3,3,1057.0456366880612,1024.227749117618,1.053032189862226,1,1,0,0.977446382676276,-0.0440315265268655,-2.5708070251907387,0.1653679520717821,1.1427848169240713
3.153950021135372,379.49436778829215,195.4706813256396,3,0,1096.0438433671864,2113.179245938112,4.466993742086778,0,2,4,3.351117897290459,0.2246353267244729,0.523821486133048,-0.0864994025845364,0.0575622274645748
2.2423935073117023,615.0044425923963,349.9664934088644,3,3,2841.583103218494,216.97162060068692,0.7417384012916686,0,0,1,1.183212572887163,3.400566285984598,3.9181277945044775,0.5288386011335467,1.4519577845935503
3.2774424478653748,478.59330658493286,383.9987222792346,3,0,1166.4459999588153,1481.509433043425,0.8470903442412638,0,2,5,0.1594406621547104,-3.4973742485582218,0.7907476563791175,1.2739669471338084,-0.2559724209169451
2.345780836587497,1961.458366853344,927.9965449247376,0,0,3790.339025459855,2526.751836323521,-0.9576503858822378,0,0,0,0.2700706281459542,3.004063251052876,-1.9865422170595863,4.202782377308743,1.1137207008426335
5.290941978999678,1089.7388877959916,815.3475440211229,3,0,2150.2230792568403,763.6940094511715,2.109093304253532,1,1,1,2.828742236837703,0.9971303594307684,-0.4192792660022724,-0.1375525350311903,-2.3175884691906834
1.3927728592914632,2027.4411110792228,239.7713973294444,3,6,2933.5618267376703,1875.573306938482,-2.434646591005741,0,1,5,-0.8950520441349916,1.160428144434754,-3.207757163113516,0.6544586482816388,-0.8612465878128824
1.400287883918888,1596.6133939130862,67.73633009087956,0,3,1983.4382778009235,372.7698924881122,0.5076972852842077,0,0,0,1.764660324001642,-3.2232929637864407,-2.698766804960512,-0.6468865130011362,1.721872340513103
1.538713928531584,469.1327920598597,195.65698996133668,0,3,1840.973345197874,1461.1434231058952,-2.798891799807201,2,2,3,-1.0554972386935877,1.9916653910602533,-0.8235610074655291,1.059137156916053,-0.4122220199590819
9.13665674543164,618.4256062019641,123.18272813845276,9,3,594.8175752875153,43.64618665587406,-0.4319160497945532,1,0,2,-2.6028329747622783,1.167004048867024,1.2436694483512218,1.924793527954172,-0.2331993147569533
0.4396390274308595,146.75134914630956,70.03548794754435,9,12,1538.7240303490212,1461.0450396865836,5.475702414080636,1,2,2,0.442826113058224,1.0037182342860833,-1.488151590765536,-0.3481457667472396,-0.4690375076932345
7.116626125406663,261.1083174391917,758.9181955365694,0,6,1315.8096460248,770.5280890042135,0.3363740828892281,0,0,0,-0.2376782894454421,-1.0962244174154427,-1.9806964643288187,-1.2396546400441364,0.0377348899420737
2.22231701844198,123.36766418867832,538.849904519371,3,0,1235.268262024597,855.9173118122667,-2.1664079996947585,2,2,3,-2.791103673192068,1.999305913404052,-3.1742081800919566,-2.7707081651949963,-0.9339730655485488
1.701549313278938,38.91894879684588,1236.2121462869063,0,0,8.253069875552182,1134.7411976226665,1.6853527004440263,0,0,5,-0.3507482440604976,-0.3793173450081557,3.207226945647938,1.4083880917778184,-0.099029492760114
5.187333076934814,1149.5411253310883,393.3671418631561,0,6,1588.9558380890408,330.59166761494777,-1.2673778370980564,4,1,0,-1.1431123750498444,3.525839988401808,-1.3009079764413165,-1.8383499766089373,0.5731626845357256
2.015452043930753,1197.362676039358,436.9215689058347,6,3,292.22799885008874,1209.3158626235647,-0.0989308730468094,1,0,2,-3.4449262047737506,0.2686606041686915,2.3349524726874056,-0.5707196388854123,1.0667457610197433
8.247541488590706,19.504835238435604,120.84985470873052,9,3,1326.3633901269452,667.1026943280307,-1.4311219774376225,2,2,4,-0.0918586538777996,3.4044311560278158,-0.8816617370097746,-1.0796926954721353,-0.5597470554830029
1.1079632007194498,187.5063868158262,269.5509838644866,0,6,651.8368552959291,352.4236524201415,0.9813087883363776,1,1,1,3.348307384694679,-0.0339950931543979,-1.6095134770010764,1.63022903361789,-0.572470736794557
1.2925135274084152,1185.978615836326,49.504301716769405,0,0,5899.846691561332,1425.9680976949555,-2.0923260577132927,0,1,3,-2.192584102451989,-1.3237109685306232,-5.5722885694399125,-0.2855080681753652,0.0982811750187411
1.6464547027821803,454.9180042564414,271.8824569893769,6,3,448.5661778563334,1797.906774134585,-0.0488231037841504,0,1,0,-2.009478618755342,1.2364023369757131,-0.9498913772529608,-3.387994135014462,0.1497186742125577
2.3120105002960227,694.4774939361997,253.40611034391847,0,6,56.00735186445983,2281.847303624365,0.2217991350340311,3,0,0,5.943657515763325,-5.078718826193563,-1.7135208028286502,-4.07510965397048,0.2275761624790611
7.678999680513395,1412.6110591447132,355.2353920668013,3,0,383.981879921499,289.0855163955821,-0.861864490330633,1,0,0,1.3090393930604194,-2.4814761229779307,0.7794943435651562,-0.4896573301548141,-1.1624635456407753
2.9933051293458943,115.02359528071072,148.1753548358863,9,12,2570.79500467302,1482.0631041935546,3.374299469660894,1,0,5,1.540038234529255,-1.2089871239028285,-0.37453970777347,-1.1299495482913928,1.2170525504294722
1.6880584362610909,1637.512665653442,188.74550693094716,6,9,159.70298300596647,200.57751383785703,4.632633491622365,0,2,0,-3.0842932826246976,-1.340033595777448,1.1584456446430926,3.0208441628309046,0.7416217264548235
0.6310493216901174,403.6094408217063,608.0682695993364,6,9,496.6237944629757,556.5155089060627,-1.035155303211484,1,0,5,1.0272973655626456,0.045026870342411,-0.8878106985174408,3.8392373289574193,0.2886361661646481
4.7234916037119525,2438.7410999725457,434.6588201358738,3,6,2306.1072863138697,1621.6263750616022,0.0210717565396136,1,2,1,-2.211332515547676,-1.2642775158580015,-3.098476844838105,-0.519306893864796,0.0830796598534088
5.478748183070162,864.2217630816307,307.894100678799,6,3,1783.630363925507,454.2361874647372,-2.965885450078998,0,0,3,-1.7250393868943954,3.9541901342510695,3.7126287375492826,-1.251618637282795,2.4489378200830743
9.679358429690378,256.18439310003475,132.21387325004756,12,0,2130.9579137663627,36.14492672703789,-2.7592457087008238,3,0,4,1.149531159550085,6.392564927869025,0.8503111926074169,-3.0775103178192627,0.862993835081827
2.8190914247729397,932.8951306154522,212.5465667704915,0,12,1237.6121001173344,689.4719379230846,-1.0941985077608,1,2,0,-4.909890057819784,-0.6888863805838485,1.683949122255097,2.0309637067730577,0.2309129009742283
2.8597599893496413,757.894477662919,240.66085045503655,3,3,423.1826752861055,862.0710876483239,-0.6057324352912157,0,0,0,-1.8131253375865908,0.7291368131500668,0.9608561518986763,-1.4753515883781665,-0.0333966724827497
3.6837334897071,1648.335127826777,197.45281555428855,3,3,4164.980357843295,3000.6542654781947,-2.6268076070304227,0,2,1,-0.6911448146936267,3.916956220159215,-2.529736269495924,0.9650162931572094,0.8326024627480696
6.324360879431278,1140.505473839257,570.7983838616495,0,3,749.9060380978585,249.26443802110356,1.3207944362084854,2,0,1,0.8367267916754286,-2.505876383664671,0.6875079541386973,-0.0941505450129169,-0.5251037684083327
0.1680668652665252,2494.089946204315,569.5285103913858,0,3,147.77615711290545,1116.5636984649962,0.1853478690070877,0,0,2,-4.006779828604149,-2.164228934701101,3.8181347077724,-0.8336322252393187,0.5786750928168285
2.915806295936094,908.6505557411527,732.2280143676934,0,9,2486.18871319526,422.1153315044829,-0.6113517002086362,0,0,6,2.22416814920583,-3.645703721048477,0.5335283881626702,0.7360241357359181,0.5658314640544776
6.245318153307719,403.0844157695508,224.2138651019631,3,6,957.4495857735332,1350.1117371229618,-0.0823911890733322,0,0,0,-2.2382670246296232,-0.0348286454586275,0.8528192317081503,-1.6010447375378596,0.2465075869160577
0.6539439034261019,976.3061965082696,455.1373714911453,0,3,1670.2818844619014,134.81113056137798,1.852377468695637,2,2,0,0.7048027891047968,1.4493660066636571,3.331272481915242,2.0315848442378748,-0.4343558858797952
0.8805212879634214,497.3562160737094,241.40212423266016,6,0,429.4446680195647,1254.1686270850068,1.6853740570712683,2,0,5,-1.8832621282690445,-1.5990020036347736,5.143487955290249,2.071062300432099,-0.1313852229599569
5.914975022779875,759.0885407783272,103.61863114204974,3,3,582.7871741971965,1276.8180407237185,1.628591490019071,0,1,3,0.481561483561681,-0.9988977785671284,-1.875957186972041,-4.623873895334428,0.480029856198661
6.714043399169119,572.8966936571317,133.36405127712936,0,6,113.4232027806558,26.443593377126646,-0.8346673802625062,1,1,3,-1.2776188138541726,0.2597332198435401,1.079831941721262,-1.968453646281179,0.4215321637199058
7.295188021678797,1459.909083824935,342.9818546462115,3,6,1276.7382386540714,564.2550104067066,-0.1787077982408735,1,1,2,-0.5516303742000552,-1.0573675650750072,0.241559913302927,0.8182109045331851,-1.5982835634832318
2.423120197490884,66.30806366751585,101.70641966088805,0,6,807.886924049045,52.50733134110599,0.0846300985452801,0,1,2,1.9067807644487949,2.133142211259976,1.9765253145525208,2.352934849565783,0.5792409840240028
2.894340747579698,323.99431252593274,202.27063649895555,3,9,141.70338460215854,1418.7628613469367,2.757636929702601,0,2,2,-3.1864705983939468,-2.503410987190212,2.568818548405729,2.0171022485098677,2.147789360439249
3.128169781900139,2089.920303351404,550.4793191991399,3,15,2857.8360379658475,1760.2011344691164,-0.4116849767716344,0,0,5,0.8563329392590316,-2.3531145966760656,-0.2540412205138772,-0.5626723677566289,-0.7394037245240466
5.765201781741584,636.2712993642544,317.2937371753913,0,0,1061.4827099884903,329.9590101535856,-0.8077284739164363,0,0,0,-3.176723344987902,0.1954358226899368,-1.6123283731443734,-1.0564247569142584,0.0345295137244263
8.451259982425885,755.5278664168951,850.6685685260903,6,3,1534.0426097197387,165.08994045216775,-2.651482469846238,0,1,0,2.141123943193347,0.4202860041163992,1.1822679576014703,2.4715933564900707,0.4536704778306596
7.4892850641734,81.38153869814869,242.18722916037316,3,9,372.6150667244136,563.7583107057757,-0.9176028561700388,4,1,0,-1.8217946781607064,0.6821065428629157,0.8309058933190911,0.7934309345175157,-0.6779495340542308
0.222962702297191,1113.2106963055537,214.8618349320052,6,6,1604.803002477346,115.33904737661769,1.4184944529381858,3,2,0,1.0653620229668548,0.7190745369893853,-0.8021062041486131,2.077237165468944,0.2671255151088147
0.816654213941223,411.6134056689832,626.3576385582534,3,9,1277.9115337971014,269.5922742212932,2.4769479581746827,2,0,1,-3.565412000285912,-2.0209175327241176,-1.1177475721733152,2.2155795759333463,-1.1640648462539842
0.2048149799810507,257.2747764477993,787.267339658033,9,3,1322.9016558944547,102.72073976852325,-2.1406400330845896,3,2,1,-0.6277438040735713,-0.6557967515892931,-0.1251499970194651,1.5701547945212655,-0.7924674682095854
6.187170889138481,810.2569015038127,179.64593051907207,3,6,2011.9522008452395,421.3836122949136,1.5879653497501158,1,1,1,2.9030946417874564,3.6408868092273474,1.7166035066068352,0.0233916087211734,0.7470245933275843
4.491303015640625,12.876599608535155,5.744866106850001,9,3,3329.328451866834,1753.3814315785023,0.0107483624135844,1,0,2,-0.8379423400877759,4.312804263012483,1.685307161413098,-3.6477292596839472,-0.6497612912893032
1.3291604035313602,1441.4910823400053,1054.2416027803172,3,6,523.1394878328701,10.863407120049494,0.9447442911138496,1,1,2,0.6971898156485964,-1.781541042134196,-0.059482341835261,-0.9966982191358428,2.3700776104854646
0.5187738411009133,551.4438483133297,291.7041471735695,6,0,737.5105986833279,476.30502893659104,3.0989296111756497,1,1,2,0.9741002822765092,0.2822216479291778,0.5637506432963127,0.4772951776861487,-0.8450159833801018
3.3712453380757146,2502.5866055590104,124.36732341614491,12,0,985.8898824695208,1906.503821651178,-2.4559811525952444,1,1,6,-2.800396549006247,0.07270060621651,3.5470205181160583,-2.5752019475573453,1.696784323576289
5.052683675931081,1670.908351364036,22.71744564537319,3,15,3043.7268462458464,1369.206908750909,-0.4136566118036755,4,0,0,-0.5627602522365818,0.609860055121062,-0.0140411644125748,-0.8377377984647822,-1.728319796118846
1.4964179294925697,418.3354456735179,401.54451766714266,3,3,1181.339543558129,503.1807486305248,3.094518758747273,2,0,0,2.0927517535912625,4.795658474922265,0.8463410974111844,0.7267850397493398,-0.6368851802245836
0.6350808298607526,443.10797933817815,461.8074405140857,0,9,368.59931235315054,655.3155404248063,0.9247193769634828,1,0,3,2.6577309791074417,-0.8171782200546911,-0.0350030611402627,-2.1567848386127024,0.7330615996806141
5.3407294271012695,1343.573991279778,889.2871611266155,3,12,1331.585203146702,589.0271550976469,-1.715452036334213,3,0,5,-1.2044447735536865,-0.6380250116182096,4.008604848503697,-0.4570656511912438,0.5071632710341584
3.02167267952629,1894.629216693844,559.9510431724495,0,6,3175.2559847053644,185.7917655318731,-0.7527052681661708,2,1,6,1.145218614907196,-4.4782466592203365,-0.2417711227724914,-1.5315257649914318,0.5091367769025249
9.587130915625728,1034.2289237650718,106.26470675070536,0,15,3834.990880027461,3139.420633410524,-1.701553546505742,0,0,3,-1.036110595335172,3.6827639421570666,-1.7357407854777935,1.305855504165206,0.8515572644439636
1.8361951760679736,1349.0001143581806,1331.4540530920326,6,6,2035.9342504395424,1942.8335751852885,-0.1795349046535692,1,1,4,1.5281452619786402,1.907546320271218,-2.5465072239470468,2.7555829751400034,1.1859489714641684
0.8812685079104056,224.92071818498027,98.0655021816571,15,3,1659.6848570819393,927.893013408392,0.9402395565393356,2,0,2,-2.01070755499716,1.5359970019032314,2.8537165312802246,1.4514362736071047,-0.4044529017896384
2.2379290342188,44.63967940260183,858.0361850198395,0,3,247.2097920748421,274.38529662137904,-0.661907663252206,0,0,1,-2.6445085585473587,0.5499651987806555,-1.622599831534128,-1.307780267287212,-0.499019782394285
2.4679948836127443,223.0080511229995,364.7214600556212,0,12,1454.174437180663,1511.5274288993626,-1.719733070958231,1,2,3,-3.410249524486309,2.0397348631448717,0.8344618113472548,-1.5647200637672671,2.0329320371183406
0.2635567541126992,699.3196547606111,226.2678587070324,0,3,1843.002888944753,483.2904640252012,0.3233749247576886,0,0,3,1.4029032086101527,-2.9859271109149885,-1.097963694972035,0.0449774881181435,-0.4355188227402174
5.475242276226783,176.98075199727992,664.0248825495778,3,6,2540.0825333913604,180.468615188333,-0.6911896079840472,0,0,1,1.527565693926727,-2.703317733215979,-2.8485912326784697,2.9258331135640083,0.4835742383872713
8.106290590974867,1175.8679204223838,275.6110469960332,9,0,498.6543109841888,153.984990787447,-0.1426062915791295,1,1,0,0.6141396188627029,-1.2916275555538694,2.452289740750262,1.8056699332066029,-1.9450765758411364
3.6487448091532846,921.1590006086544,72.8191370190581,6,0,1190.2272270616984,1491.138364001511,0.0509503418600143,0,0,1,-1.623262011635418,0.4938429068215272,2.485596793666653,-1.7907888565742571,0.9862136744610518
13.321538493000132,2123.6768769461783,54.128345373506434,6,0,1905.521086601227,490.79466238633216,-5.171361276790004,0,2,2,-0.2610147588497443,-0.8549966144304288,4.964600491940055,0.2780721930462788,0.4768015496018529
3.973956240042309,148.6082815506793,720.7727382138359,6,6,1281.2768200014996,560.8808826158283,0.225382011333953,0,0,3,-2.93939191853493,3.5830647090301904,-0.0957021298805012,-0.6911562377655245,-0.7772367837899803
1.980805242030876,36.95979024208518,244.71818402806275,0,6,1525.8672621371131,860.1603908408467,-0.3886212586655282,1,1,3,-1.3305785763056963,2.5741470041015093,0.6554744144239615,-2.037060851122573,0.5268310126250916
3.295993477798873,269.4415158513116,711.2495803335191,0,0,574.3690106220033,17.936988373813925,-0.6239867679441291,1,2,0,1.2567263857395203,1.523084831584716,0.9720934228572442,1.4920930294044568,2.519514492297902
0.8696967663248195,1940.387979595264,208.2527142511798,9,3,1734.6298554218056,2531.349979260367,-1.6897849772445122,2,0,5,-2.29237512961548,3.4034658327315768,-1.5397665347069416,4.426839408604945,0.2773537550032304
2.448466787716372,1565.2826120591271,1122.173431066769,3,6,1131.7589653097964,48.24487554326896,1.1161525154793652,3,0,0,-1.6600873662448845,-3.1824109108400918,0.3189165131062603,2.307453502975902,-0.3706673544108721
0.8200123101354242,360.9786472003054,490.6458943958058,0,0,2531.8973894538863,225.95829133793933,-0.9645439991702804,0,0,0,-1.42945911265943,0.9132754803406422,7.760844357967847,2.166546232264665,-0.4229988976932338
6.233731012004458,121.61241978315884,608.6873255067372,3,6,893.8694040737324,106.17677147863692,-2.14084387315941,1,0,6,-1.1758237302233208,3.2790554954952373,-0.6743378374887186,-0.9497917479049596,-0.3641699384531223
4.575975607735709,1051.2212293178245,526.3941980298372,0,0,957.2865184097892,1851.6709441610783,2.8768814270310323,1,1,3,3.793425052999537,1.470076920768049,1.4886165628545085,0.4838140713974788,0.8598623785842213
1.8359548329255344,1391.4028604838068,301.96914226217984,3,0,353.17107394761547,15.580555578481198,-3.819909788927277,0,0,0,-2.0852289744681776,1.0287750070254147,3.441827121579128,-0.2764556346256199,-0.7040422244145456
5.190228637922361,253.956854540304,530.033785081461,15,3,663.3898744597066,696.5164929482772,2.1994002887576416,3,0,2,0.1254399568919428,1.1910538927740804,-0.5956606778813767,0.6465595435018546,-0.3423358726830874
6.707642728912538,104.34975027703796,560.9384801704606,0,3,1368.0915094006116,852.7744097715422,5.62141063557869,2,1,2,5.635586754208924,4.74530393450829,-4.386369204624087,-0.8749663838118378,0.4600350136027407
3.9694782940413553,1591.1043712010044,263.29309282168435,0,3,1985.34323143236,132.81290125888654,-1.2897475432321166,2,0,2,3.150209538090121,-3.6112268928285616,-0.894649092728909,-1.6162905725366823,0.2779118059916731
3.4985557901706548,146.58090508960032,351.2966563602633,0,3,2082.1806889519344,544.2457878255774,-1.4406293091438356,2,1,0,-1.9785129500395149,-0.2327195428016994,-0.304877577312211,1.836307447379984,-2.17702737200109
3.643655589067332,313.8659026045865,147.9283400691388,9,6,365.2088377217668,575.342613261767,-1.0886316473001854,3,0,2,-1.475058552050066,-2.541736233401912,-0.4106958538859132,1.8985339177161045,1.319283510099113
2.957971661308931,148.24713586777716,451.9860463803013,3,0,1433.756032043415,228.08582690709764,-1.9525105272645744,2,0,5,-0.6691266435507592,4.130113575655576,-0.5607369838746652,-1.9099075268319237,-1.1727317292690134
3.4072430248578653,2129.262530840977,213.5412802520858,0,3,880.2054956157996,326.4230399694099,2.678953874868525,1,0,6,-5.171398925707329,-1.6883949348540306,3.374900711499932,2.1799590775510818,-0.6098095500440013
2.4596692961728106,1430.1815212181525,284.9904539227924,0,0,2402.3606879394506,2322.5216346587044,-0.7106266998861349,0,1,2,-0.2433079662996967,2.892816777728357,-1.5139341741685892,3.691081421981561,-0.5085278013482109
7.030633516575142,2195.1371439067902,131.0689342508894,6,9,2125.814015152693,431.0678708067913,-3.6275592738544136,2,2,2,-4.510729825192368,-1.4678839921918765,4.857722002851315,2.804394785593633,3.411880510684409
3.1818393896644137,285.9682329240847,167.80335832079095,6,6,1289.9681066461662,950.3961499651836,2.4037975269268923,0,2,1,-3.6674264172782376,-1.1565507867045894,-0.7285961132737953,1.3527086777648978,0.5475855692899493
4.2861682837942165,281.02784642327634,222.8627014730613,0,0,240.4822903866084,264.56236655254054,2.3403639980905853,2,2,0,3.1651764947539305,3.3914136051344945,-2.1082178888000174,-0.2897210729094377,-0.6515741197351299
1.772864960278857,888.7852416852454,389.7297919724069,12,0,1905.8816770450544,323.737166964946,2.4352188785731324,2,1,0,0.7949000342599268,2.475023352515029,0.5658756957151555,-1.0696849022828296,-0.3433449542778726
6.311847578287032,2447.6072887889795,393.3132522742509,0,3,3404.6325862350377,1168.2324418258545,-0.7351260058232854,4,2,5,-2.487737984955316,2.265340420732393,-0.3328237900576747,1.3741283283201655,-0.4646589687130311
9.12267057798358,213.46419801589457,425.621497648419,6,6,838.7090106563566,2062.428608867796,-1.8212382329890475,0,0,0,-2.548673551516477,1.4486986773613448,1.1890570597517462,0.8535363642468299,0.2741910985933728
3.0147603581030835,849.759898398406,686.6525876432211,9,9,1026.7676203923495,400.21703960060336,-3.711394697970913,3,1,4,-4.333355736925428,-0.4053185620506996,3.835154682475264,1.6572353435317884,-1.3150477462733725
2.9626054340390917,14.296913375446252,442.8035560808717,12,0,2951.583066951473,133.0904595649309,0.9935317199023432,5,2,4,-1.8224634670324191,-1.2080265099756229,1.5834109738416442,-4.256528521858068,1.922759785071426
13.275505542373452,746.2024004986312,617.2891550741391,0,0,945.8684359063049,344.1015408331108,-1.4180235524305294,2,0,3,-2.95344989191278,-2.5688386964643546,4.778921240406682,1.0288811907394428,-0.9067905165917703
1.596438720054503,2775.1029902853656,10.809062159878582,6,0,3280.904092592305,1234.9207444308363,-1.8425641613840096,2,1,1,-1.029898075012757,1.6502545540359546,0.3378836884168372,3.100552637742493,-0.1185932284830429
2.5355591946010083,444.0965301707793,885.921928097423,6,9,977.1765848690552,1556.959497959395,1.9792248817442308,1,1,0,1.0620895210581496,-0.6578556120035499,1.768402158456267,2.920937684745728,0.5605453713245415
4.601953916327283,423.2346131926802,567.0667511341732,9,0,2998.8029658977007,711.1020308125402,3.0048239916617456,2,2,3,-1.8008651805948062,0.7561485302192117,0.8356515153331536,-1.1652848035666532,0.2043517114124341
6.967333454697695,492.70003128521,483.42027705321664,0,6,1050.96544971009,235.7237573467564,0.4815048743569334,0,0,1,-1.563237545453886,-0.8472783432554742,-1.9382538942160736,1.59583949333953,-2.275223334703472
4.069590179098785,115.8959764322206,435.39386096366206,3,9,727.2459746804232,849.2604805658516,0.5775223495612472,1,2,2,-1.5844973416247436,0.2692930737804963,0.565829936044658,-0.5848256027003184,-0.2968772251447982
0.7968993353545641,230.4342925070172,543.0666551248015,0,6,1223.295413439065,261.1688108442219,3.3430002040996927,0,1,2,3.7487762031646303,2.6642464776887733,1.747145270268922,0.5729146585754141,-0.3222987339773681
8.574215845623085,43.418417843770655,943.4369911941518,6,6,1292.695908708245,757.9430273823259,0.8117969129522338,0,1,1,-3.1129883155443823,0.4815716979690499,0.0597432647538938,0.0661950372895443,-0.999900435067862
1.6116838612355855,2288.3696574123805,454.9499117079069,12,6,232.70389131363768,2843.4467026550005,1.916631529839042,0,2,1,-3.342235462567297,1.4987137518371425,1.035147961141901,0.0755418514521431,1.3380071040641517
1.3320540915744696,882.2876145371831,287.4042995455246,0,6,1948.8692095494328,406.2665444037238,1.2998375649515757,1,1,5,-2.900433233387443,3.462975187913264,-1.9746041280313336,-2.3195460454272605,-0.1653738228593373
5.764436854972457,817.4961497900638,289.6594320718765,0,3,781.6126217501833,118.99326182739728,-2.004221166274932,3,2,2,-0.9941609039461254,0.1195195969191849,-2.1631771394065784,-1.548353051620823,-1.7200573061795497
0.873104417833509,217.6188882489486,224.0686487485549,6,3,2045.5503008603623,348.5386086220088,-2.4559654806700406,1,1,6,-2.0307592303243074,4.807274188639687,1.2159609469082169,-0.736673528449167,-0.0638555075432031
1.0919522086342264,321.5401513239996,359.8084712873713,0,6,2954.256057723564,1250.554189360115,-3.7502474310487943,0,1,2,-0.3225439993090507,0.9151718641908496,-0.49606065960846,-1.0071784002756274,0.3544927936692875
0.4009648253775672,1679.2979107432427,485.3811755290869,3,9,1301.6252331031928,1293.9839345406317,-0.3517261937364571,2,2,7,2.1573369079726072,-2.7863570112577136,2.594514461489095,-3.279510659714612,0.5483851395307614
0.1777012042734879,471.3682812871189,292.75501603290263,0,3,907.5403286273586,247.8172179756848,-2.137871772647582,2,0,3,0.6856909773669702,-0.3194353760299198,3.554380656636342,0.3316574968762495,0.7653478563626701
5.681176632368745,1454.7480516248413,433.8696983857672,6,12,3908.865861189851,3983.66389963372,-1.8000734946381898,3,0,0,-2.473345930675282,3.222295298576725,-2.38159026004516,0.5978014876837414,1.0712004071221004
5.132884746635079,157.43167567344742,395.5325294313134,3,3,865.2268518326742,923.8080230424578,-1.4013056264086907,2,0,4,-0.4917101510805086,0.3230296293384672,-2.047336953701574,1.6357394302202328,-1.4350506930394296
1.4169392052624246,557.0931722376478,536.2506561164481,3,3,3971.236729996912,396.693489147451,-2.3011839011051016,0,2,4,-3.6840747581059112,-1.6983365629233538,-3.609601839645444,-1.8185589823194024,-2.075240179065032
1.384932710969187,717.1634025993475,129.2134918942756,3,0,347.3172332327091,736.8545017220731,0.0854067158837403,3,0,1,-2.031108303511432,-2.2068282266885424,1.4921766293371983,0.8387964320705046,-0.5557696474339923
0.4209981863921611,1672.6775006255234,113.80027956177436,6,3,1117.7192946519228,1126.9345818587092,0.0595159061903995,1,1,1,-2.651876424557258,1.3401309441645937,-1.1526649890652223,2.911036076362879,0.6652922861233914
2.4479583543322745,636.7085486293636,450.513259186884,3,0,1079.8465726627956,319.0945795659291,-0.2870206525926644,2,1,1,1.3001312823742974,0.0533373371907648,3.9071619988536783,3.121587509646405,2.539982510090439
5.38092945434148,1406.771296314707,252.62716579410883,6,12,1473.3448546465456,25.97270393236902,2.433565560232203,3,0,5,0.6219124172180808,-1.7344999668365193,2.370464918409036,2.457359703084788,0.5442943765693001
0.8039089649955999,741.2977962722043,615.3301763207123,9,6,389.0980466957839,1257.1423936757922,-0.7049806680277659,3,0,5,-2.938782386403755,2.7140631690859163,-1.7091567045841811,2.6151703116566267,0.1515741027914743
4.898092133244659,374.0269292785828,355.4330240534315,9,3,893.1147723742457,338.65043460820505,3.0383942259133407,3,0,1,0.5879236643891869,1.3223655972555686,-1.5181751808663646,0.0779025519626253,1.7890268310825093
2.1126842612357195,105.73642410845314,381.3593986924311,12,0,1973.3053745722195,388.0574140366289,-2.6846064137779724,2,0,3,1.281971242407937,3.4028824338924077,-0.2307781839344391,-2.9828322689818205,0.3062671844640993
0.9879765788641336,1006.1434732245698,326.1854806326044,6,3,1456.66846852526,46.36709237114395,-0.92779734440297,1,0,1,-0.5479512827343931,1.4607745402564976,3.035101285305396,1.0982590431080628,0.1656631144869299
8.647938787086048,505.6308574682016,103.00091071388093,0,0,1410.8381362089615,31.74000126325593,-0.476854381203168,1,2,0,-1.272919905083527,-0.4350852632689299,-1.4092195060507111,-1.0123370306929471,1.4564897039781974
2.959973470074506,456.8961700345437,91.2966896647664,3,3,1286.7288792214486,398.0951929800827,0.1947008410268733,2,0,0,0.5615618689641202,1.1127526120190316,1.1096876844449528,-1.8792649046827017,0.0732218925063631
0.921188668808772,1603.0014313144177,410.5854661845468,0,6,1127.774050561918,1761.2768714070426,-2.2915615655564743,0,2,4,-1.7963648488281962,-3.6261593203287648,4.5225145352025615,-0.622092921895152,-0.9351791887541984
6.77473813583755,823.8099310826698,589.955988639708,9,9,593.3531594291807,19.499624872965317,-1.9749812005091267,3,0,0,1.9631769627168547,3.2904988226906218,0.4510965809553727,-3.575398075873567,-1.7439291890188335
4.556650156147823,869.0959366500491,319.21155516324524,6,0,1597.2881764074352,1684.0154567963104,1.5194640294123698,0,0,0,-1.580237393929596,1.3833687358749065,-1.8064416252391788,4.711495881019732,1.2763780415411057
1.997427316937608,1095.1692383816098,192.52139601297765,0,3,318.6814947864638,527.0344931044798,0.1347121647809461,1,2,1,-0.7129363182788095,-2.627070685885284,4.146784295181052,2.158986625491793,0.5511931068308686
1.676297279114939,655.1125537146745,64.04084485467779,9,0,127.21282108761145,537.548998720013,0.5678078373245,1,0,1,1.398452987219827,0.8226212120556587,0.0782422484707052,1.5750997098929438,0.9902949954472072
3.119568490793192,21.599020904113697,114.01794352701984,6,3,150.55376074145278,2239.62532092497,3.794077043306285,0,1,4,3.095485324258389,-1.0032058491346156,0.6735382457152309,1.9193204406539937,1.610569226281892
4.130899667727672,1064.9798590103169,298.32608622555324,6,3,817.3166442557842,2071.717212673125,2.393402852806487,0,0,5,3.739020828795435,0.574293869807502,1.5161335295863905,-0.2000975850671695,-0.8382021011253191
4.133747030481257,1875.2662646204285,81.94230044393866,0,3,900.6979309942582,1809.680773890464,-2.657372532014479,3,1,2,0.6132512567553183,-3.696322527932258,2.387246081681289,-4.7513086033613146,-1.272618353455654
10.726909255556166,606.224484542314,356.29213879750444,3,0,1719.6055745373303,640.8454864682811,1.4313376179901105,0,0,4,3.5174466759915424,2.4927286050270414,0.2431132411065221,1.9945163703080104,0.4069370995351506
6.728230701393761,1986.0276862305857,670.2847531731629,3,3,3466.4628717940354,2307.431608682892,2.212920802677451,4,1,4,-0.1340225927022291,1.992774744544108,-1.2546209237939197,6.917033908326757,0.515527665309819
6.148502997031487,915.330024234921,648.7471295379328,0,9,523.0585230283934,890.8489122511291,0.6089846162918149,2,1,2,1.0355292707210075,1.382699528943336,-1.2707501221520252,0.4769179807098049,-0.7360314956018948
0.927462823294921,117.44270723803508,73.7283549926203,3,3,95.5187973155626,1136.7233710736557,-1.4092744160952486,1,1,4,2.08893960509614,1.772434596750454,-0.7765913081285023,1.8132388547007767,-0.9709732017087273
6.8946687431259255,21.302159301330725,909.204996598657,0,3,2275.011628777831,596.5488603204958,-0.7180166135724563,2,0,3,0.2439446789774215,2.4163995800961224,2.4489107535357486,-1.4508267603065186,-1.9760340937922285
1.9258919320391956,1914.999755365066,238.39596241566656,0,9,624.7153356868648,1260.2663361932784,-1.0902069975752993,2,0,0,-2.014008444150119,-1.7443651712892063,-0.3707016024740208,-0.2069482870293078,-1.4372720099549054
7.2765937606395,578.4817731106308,137.41299923009558,0,3,1058.762672036998,149.5472578967128,-0.156899727595414,0,0,2,0.4989022235486288,1.340276929959391,0.8688701738859981,1.3522977403547491,-0.9696414435946348
0.9082017074616386,771.1541370968554,406.72191800506505,0,0,3614.857447747721,952.8496981194198,-3.755728707419255,2,2,0,1.2788204021323264,-1.418740217962305,-1.4919520595164897,1.169516917112422,0.0069538527450894
5.010767872804697,119.89833942947364,72.90212523877882,0,6,391.7799589207422,388.6368380314935,3.0907844898199044,1,0,1,0.1355578404411099,-1.2999407193429051,-0.8562787679997867,2.4175954333563885,-0.4372781047653612
0.8762640263963175,1924.3343258400928,33.147880476188675,3,3,3187.7063624853376,2824.508357489018,-2.9766813288397245,0,2,1,0.1108532004530129,3.159305959580053,-0.6024533394100084,2.1057612295768227,0.0657668962332583
2.767775933967547,646.1766018923294,1071.0923847498873,6,0,336.3863066522924,433.0234307471632,2.167082677882982,0,0,1,-1.3469515342786125,0.5875385643966411,-3.3819856599709155,0.2740407205199773,-0.2889156454020443
4.930056406875659,99.26749228468768,472.8152142743785,0,3,256.22585155634056,822.0151709418585,-0.2180137215746286,2,2,4,-2.08258343469889,3.6325066750715393,-0.5849872196167991,0.3802561207164052,0.0447467861158179
1.621251516376584,235.3631474567859,128.37940451216818,0,0,1077.1201605578035,1952.1490869098616,3.6077610914082983,1,0,2,-2.0313792764312044,1.3938734872630054,-0.7877539010462431,-3.5972940015924517,1.186610492302075
7.900898512675983,1372.13525139873,400.9430668692035,9,6,1596.0016173272606,488.2757032483252,3.4185961362760207,1,1,1,0.7985389873075652,-0.4428120074302115,0.7788047740060832,2.10086277629945,1.0662002462278553
1.2822472314100606,131.06445217014596,111.99916885009648,3,9,512.7226613923599,1310.1324036842784,-0.2606964630618308,0,0,1,-0.0752128572944288,-0.1767410148582902,1.0397592695286977,0.9420499800574736,0.1702870813372317
3.044871808656464,921.087027820235,17.09336089645761,3,6,8.805614697482648,462.0026702295421,2.4897496009999167,1,1,2,-1.8758674299827556,-0.1047457402362761,-0.7960201293875673,-0.2537518040139923,1.017239285212676
2.3015424688037887,1649.5319472171725,159.43433867919146,9,6,1066.2036552889865,917.844085739572,3.566313118694934,2,1,6,0.4078622727992942,2.55667922549036,0.3841341307346188,1.860151998139952,-0.5657054864824435
6.331501838182762,567.481420772834,182.901391778223,9,3,777.498336233804,458.5939761017457,-2.683268751122922,2,1,0,2.555043638691984,1.0583676476786448,1.1826219193549652,-2.415545377255561,-0.2490596098536483
3.168281793738962,2026.7810650461972,350.37036710930414,3,0,3424.019245548393,1787.470218007018,-0.6942578908558604,1,0,0,-2.984976362453347,-0.4699769785368928,-3.118468990558865,2.152790979609778,0.1118315592445671
0.56581388488253,782.7943501129762,214.3336459782427,3,9,723.6112985254637,1574.7647477161647,-1.2884779230647585,0,2,0,-1.4284545533796622,-0.748005898743314,3.962974503063543,-1.6621663953925716,1.0149225233832369
3.997054330772512,1802.6628399379324,242.54449156116945,9,0,720.1280797309539,1164.135941614982,-2.98863716891492,0,0,3,-0.1505989376399743,-0.3125981485310176,3.284120880548893,-1.884439329997333,0.4000791655269912
8.687497635494172,920.5164163744504,259.0754622677077,18,12,156.58756082299416,2680.483211489176,-1.5665443701929225,2,2,0,-1.2837894599621154,-0.4432374211110355,2.2742811247009738,5.783612541842224,-0.4699043716490094
3.20204400507402,1186.7174103685852,511.7475176345353,9,9,3310.309695408523,1947.142179767316,0.5643919219633249,0,1,7,5.456267171561463,7.39140104971978,-0.0568779841281454,-0.7549830982262358,-0.2871194563658648
0.2085929350615766,1550.7246750654504,289.2759590136461,3,0,980.6342674987764,1413.8115186644882,0.271862621246551,0,2,0,0.5563632829930693,1.70209483995413,3.016121598571552,3.985297113363108,-0.0554126204370729
0.8175572956966239,269.30160310467403,436.61628539568665,6,3,88.72172523114983,724.8079564458976,0.4272670652097816,0,0,3,-0.4676995789150144,1.20358461734308,-1.1408108606943512,0.3997529438358568,0.8597069549693562
3.235165042491229,1618.3062895968264,1147.5724557683516,6,3,3454.365930413004,1990.579639321338,0.9785037461094424,1,0,3,-1.5075129751122334,0.252006579171087,-1.9146146750341135,4.853634884607073,0.7525804227664759
12.045206976384064,2884.337331383932,521.1058441122705,3,3,1739.451158325264,47.45208707658563,3.137734042618689,0,0,4,-6.205463570922261,0.0109406955473272,2.5776568831126863,3.251359673509092,0.7452948296500271
5.051390952316346,388.8769078560624,297.17878003581444,6,12,281.72112465400977,304.9835779386399,-1.7628523784622332,4,1,6,0.1359091732673047,-1.7366043827362427,-0.9429026019800684,1.5246153765728665,0.0127031741168531
2.5717589352630776,1326.2031315733389,727.3466767723805,9,0,1901.6603866240828,1465.11788738694,2.15159161479218,1,1,1,-2.0099470152094523,2.273013287898083,-0.5285630141924517,5.865023045684913,0.116077564248161
0.0929456774272546,473.9186301252062,391.0300375066663,6,3,1817.289039410426,1048.148253685111,2.9897751219731745,1,0,2,-0.9403265643811676,-2.612626949193828,4.833936925509812,1.5577304967084629,-0.67058257981099
1.0791293054030855,1784.6345372225935,244.42776952144757,0,6,463.2083785487961,1197.899659393546,-0.1261774017898957,1,0,2,-1.950359031906293,-2.923128819021021,5.542338412365984,1.7005878148276103,0.0868690041234039
5.925536131350054,932.2784860757092,152.96228384718336,3,0,205.2105517188731,266.6212420239546,-2.5653937849328603,1,1,1,-1.558984857260875,2.019330943043735,2.432893371412153,0.4202143991136016,0.886024058545717
1.1291628028069949,883.2938834126239,401.86562185189433,0,6,25.875746709100344,162.77350675167386,2.2283644678062773,1,1,4,-2.640601690602071,2.0260503019781178,-5.899171183418543,-2.061333171540308,1.3320787424578877
0.2159146875562794,759.7136658169148,1349.1482210480658,3,3,36.7136875546071,1364.5277980439057,-1.4771270125628602,0,0,1,-1.7843879246406948,3.9724596999614654,0.6468649737803768,-1.8867684504946047,0.5669906716852141
7.068691582176863,2083.5476569922607,462.444424109798,12,3,4356.852619111213,613.0091754741879,-2.8240516718842663,4,0,0,1.434941499247946,-3.915792724730778,-3.842727968861853,1.3706593729316303,-0.4408469794412112
1.2122927666071397,394.4610830562254,338.60576931637866,6,0,756.7106868095374,1318.5343781417753,-1.727174356994411,3,1,3,0.2775357274176619,0.39610658056154,-0.4526780541124964,-1.3106364122448355,1.8893581969694844
3.424752496397565,971.033698596848,479.936342926453,0,3,1611.2031094525207,4.645133637769026,-2.72156880926374,3,1,3,0.3128704424463051,-1.6954761830172729,-3.0704122969477337,-0.841017146593882,1.7947315089298483
8.843071238215096,599.6055406699991,266.9308062142178,3,0,581.7520147421503,441.8057047390242,-2.0535329748367563,1,0,3,-1.5970515354655874,2.900768866903732,1.451545544990935,-0.5319431790613263,-1.2419579227646853
4.841507678856539,854.9675857855967,26.19837152030193,6,0,348.6957395679777,1238.3529951133216,1.4706460247641011,2,0,3,-0.1124163744051207,1.5747670663323066,0.1300384833330239,0.8569236903359541,-0.6843937323907828
7.151823377292019,1330.6129225570555,6.272144444571424,0,3,766.8839654338769,464.1430798484849,-0.6517322096849061,4,1,3,-0.6658679616479298,1.5855039558426314,1.6235684045428442,-1.652550235957022,-0.1723904373738602
4.431298921101851,375.0701898656255,916.486036735172,3,3,1763.9115606076132,827.2879525901749,-3.2464540325554863,3,1,3,0.6767106090404309,-0.0025750111390909,-0.9202818089106533,1.4199358818855736,1.262378723185631
5.653328825053622,616.4561558522446,406.0181800850029,0,3,115.4586090667164,598.6120022816742,0.8123656864022515,1,0,1,-3.90866420836606,-0.1334317091408443,0.4043281165419233,-0.3114371618330925,-0.6900395458487134
11.0122870929546,899.764736023045,246.38703303622316,0,3,1299.4779282900786,1373.336619562824,4.127117257149953,0,2,4,4.230573596522888,3.084149446884555,2.045340169834207,0.6326745631085806,0.6262138291015488
0.9879682200014692,825.7533997961115,101.82826289849972,9,3,1707.3083968363965,1490.9429381909974,-3.6250479454914952,1,0,2,-0.2821131834074161,2.635735133875707,4.313091074998386,-1.9715769855602705,0.9911748288765416
8.537576285882494,1304.3982026836866,523.9303349736975,6,3,436.4900769220199,464.3096151788268,-3.686199439301321,0,2,1,-1.2950804292588636,2.3078259209400427,3.4093223629437244,-0.0798024200695117,0.3407154033838392
0.2835851261711331,1543.805256000375,80.75785590632383,6,0,3039.410835680712,1167.9066002876143,-2.181264264372083,0,0,1,-2.846492462777608,2.124048293339109,-0.8825978022489508,1.1525070528757584,-0.7832979729574695
7.304873038160772,828.9640534676366,336.0565438977497,0,3,1979.0123319742088,2395.8735798511525,1.934870312016281,3,1,3,-0.1103441850494799,0.2248430123786537,2.2764076276438905,-1.1702111269248765,-0.552777185848818
5.78358160415505,730.239333295341,292.01687376229074,3,0,1678.0345890566298,876.8618076276517,3.563535228091559,0,1,0,4.227379980059307,4.256150931753513,1.1199850253709775,0.3045537148681784,0.956807281730099
2.977437666008256,441.238411326378,602.740314520014,0,3,1179.133463545074,155.83024750188957,-2.0962271779383173,1,0,2,-1.5523599909951535,-0.7639451627227467,-1.2115818771994928,-0.5215002727436315,0.3696583657680527
0.5038200756968539,522.8723284179414,348.56657503103315,6,3,1344.6233852369364,338.80515314930545,1.9275811437010424,2,0,0,1.5340376273687286,0.5351318062409868,0.8757274657460831,0.7667268104026632,-2.1019169187915385
0.5669893361270766,1705.2821466566108,40.24864640712799,0,0,1947.5485267758315,912.8156717421328,-2.8433560674778944,1,0,4,1.774771203178122,-5.391385406035362,3.629452857336978,-0.3795605878706041,-1.7134129196308314
0.3162820690707019,469.1746336729271,800.5273131048427,21,9,505.1135508680957,2032.0456265263988,-0.1618973800950209,5,1,6,1.9940559449925763,4.792122244053665,-1.1068232609243267,1.9697440417711876,0.2493626413208871
5.445024853338822,1136.054665351492,313.8162427375491,6,0,1913.7881913850656,62.33444411657246,-0.0308703156292118,1,2,3,-3.0328872583564754,-1.4994372419388489,0.4058002967651369,1.1029844190427296,0.8430658887730718
11.453797530256104,676.3749264923691,187.41663813221876,6,9,1597.0879916615245,459.44779952231016,-1.004643956099507,1,0,2,-1.2030193419009387,-0.5271519522501649,4.075671469212105,2.3016122817220133,3.3034358897908045
6.104035084977007,1034.461573591176,623.3758169578059,0,12,1228.4195027752037,2001.3986671835617,3.6147920982460295,1,0,1,1.7632217330671085,-2.2918393030403283,1.2484563525668348,1.3752364112450035,0.2801608946626088
10.522070778726198,1591.3760703999635,1070.648805362464,3,3,2660.2400930895337,121.70768652075895,-1.9415530620484025,0,2,2,-1.8282853298285011,-1.885628218464219,0.8583122799661822,0.6847272457072684,-0.901763580236786
1.901160080797618,841.6817839531918,17.819058115702994,9,3,1018.581033810444,664.1797718948396,-0.2759535863768059,1,0,0,0.2019259134459106,2.3245362337648228,0.7942452722967901,-2.1548527608765387,0.1916874571674305
3.866504930021134,1296.4156239611468,1076.4305078106136,15,6,2490.510226652249,1752.2799642810216,-1.4553210649500938,0,2,2,-3.1398775704688995,4.399180744817936,0.113116605156105,3.5670430865909437,-0.8496355788904711
0.6715946607671062,1107.6320947735214,75.71656930613165,0,6,2326.396214536711,1188.8161221056582,-3.24830856635202,2,2,4,0.3317669491669146,1.3826181270871445,-1.6028027847390027,1.0110469607605754,1.5897189138032388
2.392819558836369,108.96872604612972,213.45202579132743,0,0,390.2920526297403,190.5583357888252,0.5529259043741575,1,0,1,-1.74724268835612,1.750747365467201,-0.9290350561904656,-1.961224074902668,1.465105647889407
0.6698666944556315,1025.7011160286177,715.1643747780118,18,6,2548.156906256257,477.5336357289178,1.0242385843695847,1,1,0,-2.168140648528019,2.3675432113607533,-0.231227390814958,-1.4358107119980663,-1.2728947438798373
9.882044960949854,806.3846811810758,45.44529451510908,0,6,3515.3178085680424,607.0633792230333,1.0483443955189828,1,1,6,-1.1107081385610615,3.0831511078085025,0.7282835951580666,-1.2761625585149177,-0.4482588064217544
0.5455085547455016,283.0190811311451,843.973172788297,0,6,11.824666868555925,888.0871138267827,-3.159128358957543,0,1,4,-2.459029235604109,0.2816879532300206,1.486059480140577,1.5536848049022536,1.382312819883858
1.204268185888541,1300.4650257600065,119.15626994757775,6,0,879.2031096648155,1645.0474516291963,1.091516117601067,0,2,2,0.8217696781898223,-0.0840142937009873,1.1379789684284214,0.7098582794945683,-0.7969851929546624
6.5195948259799685,1203.5096811183705,468.4242495840955,0,0,2108.764805327193,1070.86534490328,-0.5369094642521196,1,0,0,0.879392347716027,0.3154968453799174,-0.533369433856164,3.1414880080033534,0.2545156468985401
0.0823969845147131,1524.778721084883,407.48844430462566,9,3,1802.423533443609,1560.8774258208853,-1.5931446560547868,1,0,2,-2.24245552074207,2.457148850047353,-0.9281991772053112,3.0067537480440727,0.1958406784452742
4.517631264675725,519.9348040101496,701.8329027098264,0,0,111.6065474183723,1374.6674359023064,-0.7779354469447302,2,0,4,0.1610709381523323,-0.0548015960307626,4.459046607639511,1.144924010122572,-0.914852762795966
7.762724288116737,1417.896853804499,32.46104407834677,0,0,1915.4514143168392,2462.87569653562,-1.555810899625247,0,1,3,-0.0957989335537992,4.139516322436355,-0.981865335155404,2.7324523889346217,-0.7881783707959913
1.7940578150118696,727.0226902933042,399.0814036061463,12,0,3805.011028467906,340.2354469744035,-1.3125275491645427,2,1,0,-1.166208898853433,9.308114225897857,-1.0993797747307814,-3.2191051760821683,-0.25201704079513
5.957260364694054,26.48099839204976,178.7053195452776,0,0,1446.7713173392956,1531.4370222750026,5.230601446025573,0,1,4,2.766768619733001,1.4552360565443745,2.923036098856366,1.3185834443999584,-1.1325739459632025
1.731734086750675,674.045933378507,423.4736691561918,6,6,1228.5859684275692,2056.458869499588,-0.0504862490108202,0,0,0,-0.9719768065132476,-0.6069113150948391,1.9108801582268715,-2.061857488048967,-1.394259556374679
2.6367253332888145,811.8896352288515,998.475224916125,0,0,3929.067837867437,1113.077998616997,-4.353392003149281,2,0,0,0.8922490734789073,1.6598970827196646,-1.3710140528038088,-0.6168508773847912,0.2071945726958499
2.300198915220569,182.39682482212083,193.16191690964467,3,0,1824.677314777748,1260.3084101996192,2.891904383410405,0,1,1,2.434604151018568,0.6038617910676614,-2.494118528011544,-2.4401834821831745,-0.3347685912864543
4.673384211683941,179.92557367321731,351.03719073556016,3,6,365.3601416299499,641.0863217047062,-1.36183601924503,0,0,2,-1.3910151255673666,-0.5108045857657397,0.8984338140306147,0.5220412798078118,0.4127214550035501
8.853599177305785,353.71851578435707,363.71599778510193,3,9,1192.1016192491795,696.076133993363,-1.1992083061407484,2,0,4,-2.081618871013778,0.6718394825359313,-0.3863078365568533,-1.0522150274811086,-0.2693598626059418
9.748409588909173,205.1059319844657,764.6974744719771,9,0,2524.018668026491,1895.5072296640828,0.5526788441045829,2,0,1,0.7256743013786024,2.8635219224447166,0.7812961108091829,-3.3523894706073003,1.2465602551543862
5.7969635375771045,317.4735464511067,454.8971719311243,3,0,660.9237189907611,388.3124682341337,-0.1297201946519059,0,2,2,-1.335798882591727,-2.5743793180803487,4.891090880972175,4.173086235920647,-0.8970085592220921
3.7063910733788896,1346.600598442605,433.4070849896461,6,0,1801.1123974070306,34.192519287915694,2.19591763325506,1,1,1,2.39759557397535,3.1542965106904264,0.4282023669357619,0.2846933821861931,-0.5762266365293819
2.03513820861828,1571.7423901737804,268.25366997746187,0,3,2103.4567488030243,1277.945166983371,-2.9621701372245437,0,2,2,-0.2584483109013263,2.7396761876185485,-0.8915328617080339,-0.1628051821636962,1.028739819649538
8.888411044455648,148.35528439915225,80.47545548563298,0,6,1054.624636145965,1322.4650462943175,0.1390993824884738,2,2,0,-0.1578132048923595,1.8288731357540493,-1.3156831904369246,2.535839998287897,0.2287072224516215
3.40415848274195,1530.977134161987,780.5005011403748,9,3,515.7502316812071,11.64739177956733,-0.3442079077076994,3,0,2,-0.219081434645854,1.6385776218256702,-1.1576574662765513,-0.257983233172246,-1.3194453055720206
11.007175057104826,1081.9638135549958,472.8755938499173,3,3,885.1016811221083,3492.2688113148524,4.265168128901535,4,0,2,3.040927627337311,1.730772845607321,-3.4359378258120685,-4.296587070152009,0.4874677347941873
5.17404454225634,524.6895508472204,162.36517573143252,6,0,393.9276649739088,645.2213452067132,2.619108564998082,0,0,0,-3.730010508272117,1.0512387552136764,-1.4104802833227006,2.9431268803905235,-0.4084502938806356
0.0313445624491431,2379.114975693331,498.8155597332698,6,3,3074.211235041032,476.5963230729511,-2.049284606516695,0,2,7,-0.3425230360283177,-3.32975389782452,2.584872125640608,0.1678199840308041,-1.0614458648457334
1.1425624286162757,1937.2460774214867,51.48508641311835,18,9,326.40712651421467,2020.8571678275655,-0.8060674299266002,0,0,7,2.1671611116285003,-0.2460358820889288,2.423681693853935,-3.936336079242849,0.793257662190377
0.1116523108367238,497.45285272521807,184.38798322462583,0,3,1079.146374662824,759.0816479439558,-1.1265640882322463,1,2,0,-1.188523358909847,-0.6558355521554957,-1.1944520085415065,-1.7801154536397932,0.1204958931644646
3.359618362463785,421.69113340049626,398.5635020261152,3,6,1158.6742289383824,515.3168438617324,-3.368197159877565,2,1,4,-0.4046961882200377,1.703890919661442,-1.4348075920418213,-0.716468338876483,2.488261377063319
6.372754280944729,364.8045243627258,489.73107060459023,3,0,82.9665437259346,484.2613232511345,-2.4642776580552126,0,1,1,-0.3027737858674911,0.627400196250813,3.2138428895007243,-0.0819598487348995,-0.4316771317450657
3.476593956706962,708.5718060305129,133.37195679391948,0,15,767.8966053784677,497.07630181861975,-0.2493648479989908,0,1,0,-6.42637446849277,4.796081951999024,-2.487186641695716,1.248786964379048,-0.4878629762012966
7.528214306679693,1379.63864081388,178.95163362144146,0,3,1630.4969959680368,776.0952525965067,0.0177928689405535,0,2,0,-0.765512125352334,0.6635580397983324,4.007854502098175,1.7376361771300886,0.8003710758049619
6.047822485479458,83.33815251047294,222.0172001171264,0,12,2249.720771291544,672.0643324821816,2.5652770667470444,1,2,5,1.4785463438720738,0.3033947638857268,2.344389743533452,-2.487453552006447,0.0531385919742923
0.4157425914657786,832.342088829658,182.223749810702,0,9,1026.0601614543252,1375.2239146407337,0.6706485710440816,3,2,0,0.4874307898766643,-0.993520998422323,-1.49740984736398,1.3776811066700752,1.6182696573489626
2.6612045979501198,23.466279370063624,363.7657197296125,0,0,2163.122512479113,2306.3327383499927,-1.0600250323394058,3,1,0,-0.7816459338204177,-0.0342236101066262,3.207396886148243,-5.141487499813411,0.5633516565579932
4.251277740937901,644.2963527076982,604.1778910617443,9,3,647.7160161752779,1616.6005227717242,0.4288977673390892,0,1,0,-3.0835450635926174,1.3699581300271806,2.0152107576259453,0.3184683296306203,-1.393358991806533
1.2207040748478126,1179.363698423988,241.3560704618036,6,9,1623.083170720905,512.6970510886149,3.744350265887185,2,0,6,-0.9859443077305848,1.5774376286801255,-0.7057575792230146,1.0216085214551565,0.4636411538341408
2.433930242416385,1738.3347566114855,41.76972502588891,0,0,656.2493449705172,1841.9315487273775,-0.4345075204791389,2,2,3,-0.091613754493754,-0.4180188881679252,1.610435801696659,-0.8166184228319351,-0.4962037928875557
0.4676284887265951,1133.2024505757454,419.6485569934395,6,6,335.8468090156229,388.09272279008246,-0.0854154454394326,0,1,4,-2.2920680317384976,1.7190012047071102,-0.7312625816365432,1.4792216898217347,0.3455485845223025
4.561188223474901,32.226351386393844,212.37860730221036,0,0,1177.631871897798,5.2032750380443495,0.390183131220063,1,1,2,-2.138637867407459,3.889901197098648,-0.4263715285462834,-1.7319100830376,1.2968971338821949
7.305336925752607,848.4225629656592,159.91832008200385,6,9,905.1179108586092,253.516790782427,-0.763974316114113,1,0,2,0.6575192254660249,-1.2584528181153225,0.1822492869322638,1.4882706994014432,0.3013816749992171
0.4441799049229776,660.2268826015975,127.0348747851814,6,0,375.6508206542225,806.193021581744,-0.2172190448123221,0,0,2,-0.3452654915617912,-0.6435707080835105,0.052674970744484,0.4790957414765223,-0.1494721749676006
4.178701836001045,1143.5818688776235,746.8358659792145,6,3,4053.207483786329,1282.3105242634203,-1.5163320017915956,0,0,2,-3.068419718583403,1.2749620120089848,-3.307667276540662,0.6664609845742814,-0.5319995482388028
1.4074501882426047,986.5304806134016,624.4324103764596,0,3,231.27312837509768,1051.0310550869972,-1.4222623744640803,5,1,5,0.1157281996665497,0.1210562923952858,-1.1506192710681256,0.7918343223527176,0.1441030779505086
3.575345787965924,1055.0731470491012,189.78492393636563,3,0,1268.1792522037006,312.90344300808835,2.8875810524360963,3,0,2,-1.9516224629045655,0.438107262061203,-1.373980773925464,3.5180932033757264,-0.1466513268991905
1.5211295805003908,282.53934137042205,525.1447138958935,3,0,341.9271977698483,440.7230689372071,-0.0124718556205543,1,0,2,-4.590047642524599,3.244470572749659,-1.0218921799009766,-0.7487395113952549,0.3410875133086848
0.1847495322493025,1315.4705878270688,210.86519798456263,3,0,2563.845753709529,1115.144104228361,3.711367520373278,0,1,0,2.9116471304340426,-0.0532109720504658,-1.227093875229487,-1.3917817546661462,0.6732015170766988
4.326414043234362,48.48214966280062,782.1079196192935,0,6,560.8624639619387,484.3052507396624,-3.0685676339526724,2,1,6,-0.7634462754372562,3.013068121690317,0.8553743006590764,-0.5418001163276583,0.1304918077653022
4.286768354786088,957.7967501473768,152.63455300953103,0,3,101.21112608175238,501.2844653574482,0.5148099639348505,3,1,3,0.2728285916819284,-0.129388365247157,-1.270187392027067,2.4019239947353794,-0.220416781836934
5.470020854028612,387.141308247082,91.16080472796295,3,6,1670.5360724213112,997.3321911021231,-1.8589111499805344,3,0,4,-1.0003086469210822,-0.4004131312397951,-2.543500341174912,1.7195049426831328,-0.1550248890433069
0.4388157441214962,652.8627882522044,187.1068649738132,3,6,2012.204496040323,669.1608027799416,3.007681030986464,0,2,2,0.9326335402020292,-0.6530614921598533,1.1323725594183025,-3.39211861212281,0.7032024272076263
4.1912672851852735,105.09087419489305,685.7263158575765,9,3,3615.022475209728,1504.0371175691257,3.140250662160476,1,0,2,-0.4311769112468537,0.9893164496699504,0.0364767588859737,-1.333869514328912,0.2904021031145798
8.74786241741377,968.9117024412265,138.23050695430675,0,0,3150.778560382384,1142.1678487620088,2.217707855294763,0,1,0,1.4562150880165328,3.141597207336176,3.9144376829515855,0.0257039977786122,-1.636960334911444
2.865597383879484,157.5405097661321,119.03830791151115,3,0,588.8725212009242,1475.5729440986163,3.7767203820321553,1,2,4,3.688378690752829,3.044731638056178,-1.3425392850925435,0.1428797130150654,-0.537364347983335
18.64933162468455,204.79698633657665,414.25147643957126,3,0,791.3962080402393,1595.6406746610498,0.107022924537047,1,1,2,-1.876640057781454,2.848791852914004,-1.6017511584571384,0.4493904677774305,-0.6178892642413873
0.1458211240465478,327.1158631142641,525.7977446243992,0,3,56.29430666499511,549.8572838884793,2.4927663185443305,1,0,1,-1.816985594873794,-2.1797275704628576,0.922218247881733,2.2754232905364447,-0.4972524494649494
2.661328696127537,1447.336413174378,99.78977292025044,0,0,2558.7527907286285,2327.2962878365856,0.115799309341845,0,0,1,0.6542253625295211,1.3891038239212317,-1.7827073860774847,4.986866954369111,-1.425635800726858
3.981306656096772,1376.2956544619055,290.9854463814954,6,0,441.149417997757,1351.1321387280436,-0.2737309014471273,0,1,4,-1.3919231313133538,-0.8090483524871608,2.229382900839787,-1.321354888504653,1.9028910170948008
9.655468545158012,100.60457280673523,76.81553982557026,0,6,1094.219439927619,1837.4781197721,1.6401622177395028,0,0,0,-3.3953164552919253,2.3716322384557635,-0.4547879490570286,-3.646684673452639,0.4025431395701643
4.626153145607327,167.8500966973263,36.19430406071214,6,9,465.0147520877583,334.2360767431372,-0.1964614971150526,3,0,0,-0.8817342159196284,-1.0568857898231283,0.3727908188709308,1.7481973269230064,-1.5787661312090089
1.5849892469499074,1352.825517169131,127.5845432631184,9,0,172.94695277163748,197.59268817695312,-3.1807306309365755,0,1,0,-2.3529879633723065,1.0270658378848982,3.5725190808439384,0.6596689519774801,0.1122018164731668
5.363932582307921,900.852320024697,176.8120217345757,3,0,1508.510859987688,1259.350252482895,-1.7526875196654434,0,0,0,-2.3281579018360903,4.534456432845235,-0.6134449380251884,0.2103520541286693,0.7768732152485482
6.31892908473318,187.46307370949503,245.48793447553945,3,6,875.9016792887589,317.6144983883225,0.02985247900141,1,0,2,-0.3145337247136328,1.3026706511475763,2.038204500816862,2.3075001154667056,-1.420123278309876
3.6262857455030457,1091.1577481173044,1045.6373643234888,3,0,352.4906099938617,2249.8224717454154,3.299920530916123,0,1,6,1.7604271516880938,0.5422150429173082,0.5546536001451805,-0.3337825544416639,0.8718664951580573
2.273818210559587,341.9758632197042,34.98621424308135,3,3,1042.029537517548,198.24147710825844,2.551151556300716,1,1,0,3.0447745579589345,5.144760354482729,-1.5261293128628244,-1.1976213240804408,-0.0807526628704961
0.3873382053540618,1011.415949605587,126.8716054222343,9,6,2093.5602430799827,1039.0781169191373,-1.547311723670372,0,1,1,-0.5827566508108721,-1.920728157901112,2.848236726211262,-5.123946997599024,0.3654857103093501
5.938011776414599,667.849159007666,1289.257972633062,0,0,1293.278765957136,325.91646840046,-2.769281399411032,2,2,4,-1.229441978113036,6.001256410316654,2.879299061164124,-1.75383025668138,0.5746586849167635
5.985127040549529,1298.6044800517318,211.27276134425517,0,3,1089.014609038285,252.9660371135885,-4.918438825859545,3,2,0,-0.5252471188166836,2.573253533138776,3.756493887689567,-0.3424922784055577,0.8044137139809128
1.8387605256383068,78.46432059040187,502.2893336067888,0,6,1168.654169945709,506.0290516542313,-0.712101731857137,2,1,3,-0.5056025685095693,0.7184191048716939,1.7489073789292402,-0.3873272799359113,-0.2459985307249843
1.955875234552677,1230.090289913811,471.9638641318568,0,6,384.977126410541,787.4192929196417,-5.113705530068649,2,1,0,-1.329668502140022,-2.358985426998168,5.233687207795136,-1.829447198614642,0.7014210103426487
12.464479930076326,467.23743167006,926.1893058871186,6,3,2290.458636735675,637.3176864709376,1.5513353320348673,0,0,1,-0.1261020666905519,0.8367121295665407,0.9820289255968102,-0.5184944879264612,-0.4436022065994074
3.9228652787262095,238.58348863952168,762.3056950613365,3,9,2297.1964864046863,1895.042598332062,1.120300870884493,0,1,1,-4.161076790237441,3.0293436633403497,1.677320770672494,-2.171932983311515,-1.2988713844804836
10.915858570961042,297.0790075546388,716.539876718739,0,6,1987.302827240296,973.1533988374564,2.088954184537604,2,1,2,1.7527625622726,-0.4335827157717918,0.8532565349938326,-2.9916323266235723,-0.1614037318977958
1.683592833909572,687.4223504653593,763.3219940587493,3,0,1109.9119592194552,779.1194987745024,-0.9559794057156502,2,0,5,0.0206677811261735,2.753153011764158,0.0857184740844936,-0.1194195375666125,-0.3325534059519467
11.650390262884397,342.0094071964488,1427.5028199693436,0,0,1062.9454509574489,714.9608036321218,-0.0919646202119703,0,0,1,-0.943194620266963,0.2620503709608383,3.888868907615128,2.9080585237612437,-0.5030196951265669
6.82393698090363,1326.902600130197,869.2583435246241,3,0,865.7929712352571,1162.9194356047528,-0.2874129415050049,1,2,4,-0.0805714132613144,-0.97833956511259,1.065548914746259,-2.837627519342813,0.98611646993368
2.733291433310045,1476.907486951585,418.65876290800566,0,0,373.7699936046556,179.27613775711276,-2.713005719227837,4,2,2,1.7043331620258917,-0.7776034520000314,-0.4085780585235057,-1.50043038647249,-0.0058388810288538
4.089296006212809,651.0611254347114,595.9915249653366,6,9,1223.276077654161,842.137171364073,1.5609547517999252,2,0,0,-0.9568933766814298,-2.200023277933246,3.630357576945129,2.970851900091028,0.517806918815699
2.2123142948497763,761.0927712652084,531.3244466894954,0,6,1390.39966231391,647.2344248517737,0.336708010041029,1,1,2,1.6337703444225515,-2.1811258866010497,-1.605243798997912,-0.3434862678753581,0.7894091623706954
6.942789746515196,966.83573337924,76.54595746272152,3,12,1885.5808753859883,914.2416033924314,3.1751019577415818,0,2,2,-2.157095069361201,2.675674836855244,1.61830398965452,-0.5418830115246378,-0.1469113983900132
5.391019561483716,818.2483514263679,230.8278386462464,3,9,256.561361992748,1446.5592675425944,-1.8710096349299603,0,2,0,-1.8217237539408395,0.5126895794816437,2.357292613173424,-1.2239712824198796,-0.998772349777814
12.374920287033056,405.3743431652673,253.3400130415864,3,6,1768.9728237188635,871.2432099629843,-0.1369107549353272,0,0,3,-1.3272319081970945,1.387773863598253,0.3320364714379571,-0.4352938988981003,-1.3057825063787434
1.8821464799795364,266.6542376185862,137.87484644188848,0,0,1021.0346062941716,442.4730526199415,0.6812146827074333,0,0,2,2.642415752037245,3.2341095505440816,1.2333904284847903,1.7535060933589828,0.5117214648331266
2.1871405091878318,410.61030313274426,634.453049389445,9,0,1226.024613435707,1876.2461015308056,0.2144056879501202,1,1,5,1.953243421504505,2.701635131314404,1.2270577587116556,2.308901596075589,-0.2213506172084292
6.045887938324711,865.1142313824233,179.2778126189488,0,6,2175.036968785956,1336.4162060484775,-1.1746030305703394,4,0,0,-1.265920656839561,0.9947694102894888,-0.9273306955539428,-0.9377766995966516,-2.109201311113972
7.712763794363504,164.18021512136087,152.4398867250415,3,6,238.39284029811,2711.1749782283323,2.890413947530985,1,2,6,0.7606750286961536,-1.838602830946155,3.4681665511955506,2.383739675684641,-0.268984212574461
1.4490235950159078,817.7966102633085,634.5440586487445,3,3,1139.9959590802496,1239.1165072624424,-3.685158721824996,3,2,2,2.0732033740164786,2.7935077554817567,0.9926883672347496,-0.2288564989258206,-1.4233849974395
5.885212220292515,910.3708503596864,916.9134031039204,6,0,1680.44300966854,244.09724333910836,-0.5791965342805475,0,1,1,-0.5080864747402457,0.8058412957351093,2.6779662764948684,-2.6805539885246468,-0.4686722976973635
4.243445905566013,83.2352223858509,792.0478971230099,3,0,946.6969721708292,734.2593364341958,0.4881127475318183,0,1,1,-0.5266178784877256,1.5872262972681432,-0.9086516641229584,3.00719807776807,0.7162685325555659
0.9318806663977766,496.4628109813655,325.983660212254,0,3,2890.583221297896,758.6545206717032,-1.3491269084238315,2,0,1,-1.6203045208291424,-4.4305525499034095,-4.271999262322507,-0.9709259278050963,0.4096879731539476
0.8825434097434517,793.8348259480703,18.324049457681404,0,3,835.9376734919235,636.32593741733,-1.4266936758663749,0,0,0,-1.4052746238566731,0.3399640490134887,1.7121735316444002,-0.5337757714119796,-0.6365025727157829
4.702554841993049,199.70320948299317,445.5843257254388,0,0,2117.6455945525536,886.3760243237582,-1.2765190113837384,2,0,0,-0.9564117046869786,0.5085394494837114,-1.4743303654009698,0.4742481579385237,1.0745712511857148
1.5075127543971247,975.179216144244,414.2190383058066,6,3,586.9195378730363,188.2913065221555,-1.805671696743901,0,1,1,-2.823469751032813,3.354284071224121,2.3081991941104336,-0.6248380625462713,-0.294723241655426
4.85763863048463,301.04865346104685,55.325393692781326,0,0,629.4730937358219,33.92308629077009,1.867727271228837,0,1,0,0.9108322468415064,1.3817002439581256,0.9612900327205764,1.811020828216512,-1.0311928364403613
11.727319490283064,912.7038305385712,504.1685489258558,0,6,130.06905770266948,1276.0248170680643,-1.0904326936750073,0,1,0,-1.004044964944338,-0.7064675048945848,3.2028362159258768,-0.3755436686184228,-0.4075844241052616
4.5088747551437445,1183.7554575863314,60.48875264111679,0,6,3147.526259531065,914.2667306551668,-2.407983967854957,1,1,2,0.3471987873980204,-1.023991449299453,-2.803909991978601,1.1310936046559512,-0.5293336900393373
7.366779593402542,985.9610043117488,180.2522689727139,0,3,2710.509761734708,2262.47968953832,-0.5394947621608364,0,2,0,0.4304296885878609,2.113861337081881,-0.759243822673694,3.898217820158592,-2.107929120226781
3.276841039598055,699.0925687573065,409.0780152768948,6,0,1437.08423231564,2205.507862703068,0.9754381586598228,0,0,3,0.2997410546335473,-0.7329115595897495,1.038212269374724,-4.713835541231284,0.1225236682196528
4.522500454626145,1205.5309639311524,453.4850779684418,3,6,1045.336746715091,1325.6515351092696,-0.4589364354907032,1,0,2,-4.140967680612931,-0.3273160756319786,1.5230415984894083,-0.4249104058895093,-1.3867141811482318
1.584095126464635,168.21513333694625,242.34084152654117,3,0,3364.957421745119,929.9989397119444,3.183651082806912,2,0,4,4.60688185424427,4.976997025254783,3.1694505405815105,2.5688591119196142,1.1007233570760344
10.273449596496974,612.5824337972598,405.9249292400063,3,0,1193.6600428953714,645.7396066656094,-0.814067472856179,2,0,0,-1.1819062553452562,-1.179532831918954,1.8695350149587904,-2.7690726397670447,0.0821357977823471
5.009769828298039,2337.680708973477,308.0683314498244,3,12,836.9735342095734,120.09825045982612,1.1511637145380482,4,0,4,-1.4697056837440243,-3.063059846232072,0.4266975125538338,1.4381732389935162,0.1366289722226837
6.665279410697292,1777.4847310858895,49.28361125021279,6,3,2417.003480062493,889.9735613177377,-3.788206109823944,0,1,1,-0.1401885433446565,1.3938612994468107,0.7489757491118629,1.7578280250745753,-0.2302698359904741
5.434644229422965,1625.1263759409014,242.01709752354185,6,0,267.65733481649016,251.09787018947836,-3.4558619769361734,1,0,0,0.2925419638901942,0.8132503629289625,5.1005265603153225,-0.2451693005616947,-0.4107727773016135
6.748886826432674,2196.5648977139404,89.47576916053387,3,6,1855.6802694052951,465.651647793865,-4.483296109530477,0,0,1,-3.020275280723852,0.075929761585507,4.720697053356664,0.4926391169936652,-0.9672695092324411
0.8238388633523263,562.6438430946396,231.20535102288957,6,3,2049.790833178103,718.1394972564826,3.1937480256252204,2,0,1,1.3264045891024157,2.973291913917749,-0.4928394285084541,-0.7814833054504908,-0.4739410426918985
0.4207994060925684,755.5028285240394,271.7507456711336,12,9,547.9714566593221,749.8941431358495,0.2373095678501159,0,2,0,-1.3988284687520829,-1.5591563267377442,4.02728809160385,0.0702204210814925,0.0075489364337538
12.619180319911846,554.4409083884633,180.64745152283444,6,6,1996.088183862848,952.0590748801404,1.9667692531695449,0,1,1,-0.6416577053815445,2.107972613613585,-0.0538687509417941,-1.5078959547850426,-1.5880864136868598
3.4949624276551146,2314.7183449516715,305.3228040006954,3,12,2419.4452697323677,1323.523780788917,-4.544767948051216,1,1,2,0.9348724941255652,0.6852123988760015,0.1835308512536604,-3.087410808490123,0.4719893876140251
3.7665510492170817,1.204178682170154,189.2080861462169,6,0,401.7695138995393,905.8755290830816,3.097553752140416,1,0,3,0.6454300979748968,0.2371858492992506,-2.5669398686040354,0.8524559952661144,-0.5233944539116129
0.4770920885075441,897.5278531507947,228.8773112918948,6,6,1359.3692308247896,401.51450894720045,-1.818919942878432,3,1,1,-1.514479799596118,-2.4034483290414963,0.8935197250609668,1.3244463252640497,-0.5264409917247548
5.711608284854442,985.8672291258086,224.82023053632764,3,3,2962.302138420544,1043.0249492444416,-1.3206261927507106,0,0,0,0.9459786728724436,0.0470308270541868,-1.898389004087336,1.38336931552027,-0.0667824422163314
3.192994039624028,222.52809302520072,597.6183202319171,3,6,450.7973593686776,437.7918689104613,-3.5205015658677574,3,1,4,0.4661148350767794,-0.0803709623448201,0.0261332232996556,-0.7288406269205305,-0.5106802692583733
4.3492566630422775,296.0317630123984,543.9311386546335,6,6,1103.4329986131347,1357.8435559454283,-3.1702734592615944,5,2,7,-1.0777757041230411,2.0990742878579507,-1.2143808074517255,1.4366437100681673,-0.5952348534633946
5.632357851273929,255.2496263563445,157.84714158468472,3,0,1016.6999493363218,1425.911004675454,2.602525323274944,1,1,0,-0.1829078871477822,0.1360154576581398,-3.8927189703013054,-4.075038623210187,-1.9389657340587
7.4760828243418755,528.5214256031066,94.91525178921177,0,6,1938.6468459217745,173.5715023165745,1.3299479452113794,0,1,2,0.3529531172200116,0.0315664348053332,3.7505350269826874,2.846436075614448,0.6259055017198685
1.4358623561694572,2501.335353770333,316.50363773717186,0,0,3206.297953605541,188.31830301470416,-0.5827642816912875,1,0,2,3.0231746080735338,-3.19400596606492,-2.576669651831282,-1.9157670578299677,1.1185412296800368
8.101863286341473,1087.1060060784166,194.9540964767174,0,3,3778.494808167172,2115.100858700711,-2.663669052969748,0,1,0,-2.172057340761853,3.8264073168027855,-3.96211344878602,-1.256405905834587,-0.5228548804551229
3.5347753998503064,647.026724116926,516.1525046183418,3,6,1231.163937394052,379.033363898485,-0.2772131728063496,2,1,6,-1.188993979014324,3.054581877580665,-0.2106117949308361,0.0581223682208924,1.826286681278635
0.909711495322284,609.2587813246303,117.20485080151386,0,3,1234.2499983221724,2375.285480632941,4.749658122144843,1,0,4,1.9873835687505097,-0.2809564104127813,0.8654687170472728,0.0114838071247076,0.8485328233447902
8.291396964514007,1689.7883908050492,203.5585323000107,3,0,5165.671606881922,1982.6008265970315,4.309977966970091,0,0,2,1.5973193797144944,2.08017656558798,-0.48542862133536,-2.6529139247263185,-0.2146469915522409
2.7452710889823573,499.3342139001397,876.7141753695477,0,0,1808.739521208461,437.5682820099023,0.0630724569977745,2,0,5,-1.401704559020129,4.232422149321387,-0.7541331769275004,-1.5172242298994758,-0.9963008342536586
3.6652782464016456,517.7446090059863,528.5681916269762,0,3,711.3316866604738,478.9957153332962,-0.7788417989062293,3,1,3,-0.1975053114537783,-0.8253713167121957,0.0490640325343134,1.6228826609158096,-0.3836463854109821
0.4697297622514106,1511.6172723458087,657.2578513694509,15,6,331.1693003796849,1126.5599659714248,-1.7313403674615715,1,0,2,0.7812762544285605,1.999433001737347,1.235561306411301,-3.556739991505156,-0.9774611156811632
12.906271402848867,127.259577494429,439.8694097964445,3,3,757.9720234173398,77.73277470844673,-0.7470268395070008,1,2,1,-0.627919807992715,-0.339063543178415,-0.0449525245746109,-0.262979222472154,0.6255276756915777
4.836283969730564,1074.292043542962,411.0132244924814,9,0,1488.5485132736426,2862.1596585059256,0.3493236724319242,0,1,4,-1.2918489792190406,0.1695278078360822,3.0337233000241355,-4.064441560631665,-0.6746583164996938
4.157095084639128,2486.88312470979,1077.7992922549615,12,3,530.3899199442615,2801.404841880122,0.4914996080216522,0,2,4,-2.77321830537501,3.630793303970705,1.286431306922053,0.1460464906724463,0.3764759405712057
6.776865541401,456.0690658919045,128.70790187807472,6,6,1297.7318954369807,396.69284198366273,3.791774138111984,1,1,3,2.145721982388729,4.131879504071553,2.0808731519517005,-0.2379951882298727,1.3615045668443944
2.560418105668941,1677.3718267356226,767.8125462501611,6,0,2580.4269010629773,236.88958942561132,0.2686295280628121,2,1,0,2.4198216790990967,-4.247564519021887,-1.682497121866671,-0.2532293451019961,1.226557426365853
1.830905518893308,443.28336007928806,1041.5628906047318,0,12,1104.7618859920658,1206.2550288155508,0.874906442706785,1,2,1,-0.2761485597239166,0.0023219965303471,3.1825773096510472,2.7018090997440614,-0.8314940654651977
2.992234492423397,1831.4272745107155,1041.77839192132,6,3,2900.6230682178884,1457.2412170728535,1.5039524168610467,2,0,1,-2.535147010149138,0.3663041355183434,1.48285025602134,-0.1189315191699897,0.4894952591600001
2.568305386647162,548.408333593799,48.94404306072222,3,3,291.4598723171547,697.7488112609981,1.53502762319872,2,2,0,3.0095795879223166,1.1987689304574136,-2.017777928845772,0.1058832746712366,-0.3119805494632369
2.967884834764746,1348.484135354902,1494.444655400852,0,3,523.7334311847226,906.8664210757286,2.120206279200724,1,1,0,-4.248510871882243,-1.6664019358553182,3.735491897078126,4.866364220464764,0.4608909297279531
1.2273868994646402,1356.6774376946173,153.8810716530919,3,0,1095.956451288012,1978.2768979154632,-0.7998421536379765,1,0,4,-1.750806380523584,4.11569947458554,-0.7585961276759445,3.163614284196276,0.4778090461511596
3.8846783400201,1902.2477873043624,308.9510722785685,12,0,2410.809748207267,2023.9559547019603,-0.8646365243215711,1,1,0,-0.7527003815488669,4.079184183732006,-0.23608635275898,5.183055298913197,1.1359525815290734
5.150056395377255,37.02926816500385,146.75815115942845,0,0,666.4901439491426,1284.418360059016,2.061413330919017,0,0,1,-1.3223550873911525,-1.2181970643064022,-0.4563197050111518,-2.2083691230068148,-0.7663895503449952
8.199444706917221,1437.0252547719576,1023.95607702925,0,9,4151.479843251045,382.7367251015937,0.2260125163549065,3,1,2,-0.2135955480582916,4.67844221870972,-0.2838831561178003,-1.5771345365506089,-1.756598643794121
8.05485252533564,151.71051050709073,105.85549199652544,3,15,1779.8928685141752,2691.7900962570466,0.6490738808412047,0,2,2,-1.8722127655441525,3.6806507937602193,-2.125011069519701,0.0577853555208549,0.3247453912690058
6.293165217349705,591.2784277076652,247.764174000212,0,6,30.955534245764326,1557.8360532676645,0.4719917766186003,1,0,0,0.3092211091956254,-2.458710400276209,-0.2224986153189481,-1.50031054842554,0.827982374466173
1.1097803765623084,836.1889008500409,875.6751706030004,3,3,18.8149364900247,1395.9136869897084,1.215997270757743,2,0,1,1.769071323758256,-1.7879007081320262,-2.8263528510526643,-3.174339435696827,-0.993552213376326
4.81510440622726,144.5739331188153,182.88435723936905,6,0,1125.925497154889,504.80248817367465,-1.4980456571884315,2,1,5,0.5783420959634493,3.070051633779035,-1.2402746456986502,-1.0095653695574895,0.197520493221156
1.8383348112734876,259.5548920164736,561.4944937436645,9,6,1100.6354569168143,403.7620671681321,1.6100661946469867,2,2,0,-2.6849891275102493,0.9549044437051182,-1.2573213618638237,-0.6549564230463988,0.4230768570378771
3.610669277181474,500.6603570515942,270.0327641851598,6,3,567.4245042722681,943.5304872513348,-2.1504503000985844,1,0,4,1.1634145184710254,3.54706255695292,1.594340599508338,1.647302787426836,-0.1218641280957204
4.957073038157332,147.30260493127943,302.64678727941566,3,6,87.4396397595355,581.2738564137238,0.590658296063055,3,2,0,0.018973120054857,2.490250426742389,0.4982974125789855,0.462517506290064,-0.1416569372446634
3.699993274632902,571.664009145047,223.85813594491836,6,0,484.4683190580342,4388.856153235709,5.958341887346973,4,0,3,2.083596540574169,-1.175901082190775,-1.1497792751302816,-2.121225026572757,-0.4564780233975701
2.1719286482270697,1138.1853005017613,283.2467302423571,6,3,438.3060563316535,2080.205295727031,-3.30034645223592,2,0,3,3.193520725902223,-1.4866499134328997,1.1566829402428824,-3.5149860165265983,1.4384623387246362
6.852463082913011,1048.4364875837985,558.7712259902191,3,12,739.793811751805,125.7488519238905,0.4682334843847104,0,1,5,2.8776017245529077,-2.678809902244509,0.0948776309711669,-3.085054637243436,-1.0265968596970212
2.546287694996954,405.2540290495213,22.603587103009648,6,0,97.62265609867748,1344.004729941678,3.038597109517553,0,0,2,-0.7421166841430817,0.9863110966921208,-0.907577023422,2.0377022244472345,-0.0037147863192634
6.485017675656522,383.6899653685274,307.7902816549212,3,3,1008.436326813045,202.10460198757275,-4.438274221899994,4,0,6,2.079905515411456,2.8370023738702868,2.3042149071146216,-1.4060242038124362,-0.3132948451520848
3.3872440258475467,637.077373029613,400.5649890447553,0,6,3184.753727486918,1806.4639182572312,1.581571826266532,1,0,4,-1.2156834950782556,1.9578522461330443,0.2937402821112473,-3.872287372721716,0.437653221194648
2.595428085854567,134.78676230670317,779.3871672456238,12,0,1467.9201840400476,1002.5788664665184,3.097681663602954,1,0,3,3.357115791249125,3.2948668240742904,1.202481368366352,2.900037410989808,-1.958162211816154
3.5885744020301757,365.8283061726212,630.2438600239196,6,6,722.1629410768594,106.68792159557373,0.1130846022636726,0,0,1,-1.8517113969196235,-1.464761145447676,-1.3674972945104984,1.985998842003332,0.7526278019611629
0.1750311578206967,543.5313000191541,123.43286510451824,3,3,2110.327493704954,1074.1020972874946,2.6231873658548293,3,2,5,1.335164661535542,-1.547947487180618,0.2568419800452366,2.0945716449953764,-0.2306901603205787
3.268692919969852,2011.190454929971,276.20328349022526,6,3,3241.169301283293,2443.692403552061,0.6740761961081556,1,1,1,-3.4981461922738104,2.3651940278844044,-2.145385631714766,4.172662343607978,1.5865031205466755
13.681203408793188,123.70264999495146,417.1404651395957,6,0,1312.673075245277,104.74756642779522,2.0001421899061333,0,0,1,0.8493222596085461,1.5044121146854847,-2.409804648079516,-0.2283846434842917,-0.336259249226656
8.497439187259978,1402.7763355492436,964.384479157986,0,3,2575.641601757058,59.82963063353933,-1.0749381455817295,1,0,1,-1.752545264338217,1.9615530128630123,0.7330961250624104,0.8654106503904354,1.2867361185078108
2.891526648802466,390.2845520672975,33.60591038139669,9,6,1489.5924775539836,344.5877000502847,-2.312332203667631,1,2,1,0.6457508163343397,-0.2669740516926147,-0.0141274142709537,1.9405801165647265,-0.7654263049923937
3.959978415883633,148.27472526998852,466.408548800523,3,0,1064.928993004077,1198.0948196155423,-2.024506895256199,1,2,2,-0.1427050361889639,2.3020406202994934,-0.3461627024035294,-0.1212470469253015,-0.4672895948598389
4.4468198662846365,1324.0152185525549,827.2670929815998,6,6,688.0322735948284,1527.2926226576096,-0.1195610741007107,1,0,1,-1.3785890074257332,3.344629607266937,-0.2474723974874719,-1.7629160631296048,2.261715105927385
5.737929925404414,1510.8937386103642,464.2616054005106,6,0,3300.4989239999823,1783.8776837028042,-0.9280445758332948,0,0,0,-2.9250537872222,-1.0565801229978733,-2.251618509668744,3.364578763992535,-0.470584188741956
6.5860123120128256,802.4102803051777,198.29889798666264,6,6,21.76801243749601,1537.9250040349,-0.2164794742417335,0,2,1,0.2781281892536618,-2.518219239557252,2.730714861729238,2.882183222583171,1.095221300535837
5.848535602464564,384.3781897199301,583.187008896602,3,3,1114.2015614942604,526.2712094542229,1.8559054511887407,0,0,2,-3.379444121388609,0.4534593368358198,-3.0282515529618506,-0.6271108997754122,0.6888336036992873
2.31231385536376,2125.833185001845,246.71824530064347,3,9,1410.1764143009264,453.6977008331986,2.4998953474286214,1,0,0,-4.142351933529276,0.0140411695638646,-0.4057122182018084,1.6832988527270514,0.8218933834546126
0.9835741628136246,801.7605873763039,756.3098715878871,0,0,169.88794970613657,613.1513290821981,-3.333967376890912,2,1,2,-0.01695753179842,2.157123165463396,3.2427068464059854,-0.916586841410355,-0.7550067464635981
1.5437039714109588,770.5590378352177,889.7007445074718,3,9,608.1619141715654,453.3263495456266,-1.326934007809652,1,0,0,-4.074365452354678,-1.1831057839705377,1.1202905144096138,1.9477952862525807,0.8129894182874825
0.3871886985351686,1368.6332584109127,747.7779206694646,3,6,1252.494644007572,333.5371276664243,0.646109106771547,2,1,4,1.0690347820386847,1.3342559218123844,-2.498761243857123,-0.2905892645992147,-1.421216832217482
3.426449315092013,1266.8991312418186,5.741364072802094,6,6,1520.8975499534135,1078.9522556283634,0.3376462027587018,2,0,0,-2.0541597114413808,-1.5468206629467092,2.8297158569551337,0.6602229968621713,1.1653863461368652
12.014860711154489,482.0852441280802,399.2518122081775,0,0,1121.935787646695,522.9064806478639,0.4369929729738224,1,0,2,2.6513312400379947,1.8265063314723955,1.3300753543784525,2.272487096881153,0.665985502340015
3.657376706834805,352.67365647543824,130.69528983162434,6,3,1341.769125266242,1802.5033763025983,1.587160491573105,1,1,4,2.3790623278853253,-0.070754735855506,-1.2289938670885376,1.043826497943303,-0.7016835603993509
2.4990182330559056,161.31242610380437,115.21672153778589,3,0,1242.4363364796798,239.59806160798567,-2.4908563401549517,0,1,1,-0.7823357348937887,-0.5842140825354266,-1.3938871566427335,-2.006334815327836,-0.1803027507527983
6.837872159556118,498.6643400648604,545.3975385232792,6,0,1044.2120239762933,7.924111694064856,-1.1782261114329675,2,2,0,0.6481525586774954,-2.141487209118864,1.1266196968432152,-0.5755510102155819,0.8231204567319957
0.4529398153839249,2428.354921550471,1027.7673403988065,3,9,1867.4231123188672,1638.9175392799543,0.369250067051041,1,0,4,1.063353601465303,1.516749005638973,-1.0290613809278064,5.934675573908842,-1.4956752236722588
0.4352041747519725,22.769613282643817,423.4154051913578,6,0,1117.2225666288334,1175.0950771536554,1.2178075537547424,0,0,0,-0.2057258727654037,1.757704635131639,-1.6122641189736022,4.404738874128306,-1.385052163030842
3.3807966203428097,650.9872784278946,92.48287384184172,0,3,2455.470065218944,1355.2403095625525,2.752220950437631,1,0,1,-1.2586903404742984,1.8286558119452665,-1.2226208019018434,-2.7028681842426945,2.677083319017938
6.99686759949596,850.025041307399,136.29346177623506,0,0,251.261735598667,1576.057355694724,2.777469389353006,1,1,3,2.2942044232619008,-1.261808318446527,-1.637492139792378,-1.547690694433166,-0.4332272644486328
2.001902248569721,1152.32642281806,575.0444998756584,0,15,2032.8359688393248,1635.008922102068,-1.8457235890922312,1,0,2,2.4749962928006246,6.428684925558772,1.6678165214308367,-1.1979436690967658,-2.3855196283944915
0.3572806497884161,2015.165658471316,110.612547571753,0,6,1819.0871650871568,2613.488540685799,-2.118390267249892,0,1,6,-0.7911889874990745,-4.954208169747112,4.66824026113425,-1.529641794580649,-0.5923384548687356
0.9834604728220352,180.63823500338492,252.5376854123724,0,3,14.30579992440914,882.3313282823184,0.6365764198460631,0,0,2,1.641265128561759,1.254238631817168,0.8659416366088093,3.468418879828377,-0.4526582933845117
2.446589435701875,1220.8760999369467,415.725468854712,6,0,3064.052330300869,532.7604709937086,3.5820474900982893,1,1,1,2.8590223742362246,5.267846166046694,0.3278388491884252,-1.1296283268610956,-1.3797596656464486
2.574636558952082,1292.7749688351523,814.6441865544383,0,0,3045.2398430120857,67.13116685848229,0.0325739052673474,0,1,2,2.328276216050493,-3.153675895982258,-3.815911261613402,-1.576187035712779,1.113261819092983
2.04456589502507,1667.3591053668408,423.0382033216591,9,6,2168.976693506376,543.6127613451855,0.0702307003119269,2,0,0,0.639448413231346,-2.343162769210428,-2.737903843244597,0.8426740840770182,-0.6511907579810442
3.5553732973037584,372.2534939374281,587.0033433295165,0,3,631.2953696334419,1438.7620040072752,0.8996498710542817,3,0,1,5.68569247444634,-3.1123688790410933,-4.517767005840441,-3.750060738091661,-0.2157871621670284
0.1970792788648791,325.53465998978726,234.1577790396313,0,3,125.9783996857802,1617.8776589322872,3.385850055394979,1,2,4,1.5655900787351675,-1.3967026182043345,0.284166869779624,1.467497217675523,-0.9282979604365912
4.024261728268263,569.6580134149253,513.0800102847438,6,0,1208.1895544602223,324.5954123785875,1.121066715708345,0,1,0,1.0448875667632649,-0.3419466271198339,-3.4262446813627427,0.784226002301472,-1.972689978030913
8.928590863045843,902.9052457319972,158.45931688900248,6,0,2358.225645409273,65.70137640758732,2.2397273049496373,1,0,2,1.9606492863250784,3.7122989673756273,-0.4300164445739987,-1.1982094925599582,-1.9437174807162616
4.866522090062208,1250.1554429062996,627.7321844592853,0,12,2463.079504348107,969.5790570380668,-1.3691111707025658,0,2,5,-0.9693455764774797,0.3914941512000176,-0.0776083595396484,-2.4388038501053515,0.517964798799325
2.90433324245218,597.8584276887299,539.0445086715312,3,6,292.99151814676907,485.4550314439936,-3.729354919674279,4,1,5,-2.661316117652782,0.3160828687589743,-0.8855524088357831,-3.2981522194759645,-1.3208739576253876
0.6640959919352628,707.7489822349937,786.1085500676612,3,12,47.66448950099409,1652.9234855336786,1.1545718728533056,0,0,2,-0.3118746643783536,0.4847137667555801,0.1007158514909665,1.2854762315078423,-0.392600541013927
4.772824047642809,2.0799988859359075,250.84334632994936,9,6,2404.6253043263832,1145.171788552506,3.438886465564116,4,0,0,-0.6496579611986957,0.9885818980434192,2.821185028443556,0.5369457376741831,0.379564519713527
0.0215274257951101,1570.8997813219862,219.41492091782573,3,3,3362.855074863959,134.9081304584977,-0.2228667633176122,4,1,0,2.798525386911161,-5.234003582006292,-3.782272197861244,-0.7453156884622968,1.2104212469286455
9.20665754878873,712.4439016525107,255.98026372443135,6,9,1930.4991792944656,1713.1432146006134,-2.1702762770877144,1,0,2,-0.762252255623521,2.340289618270397,3.365824927753825,-1.916304940056964,-0.8505181596077966
1.2504715578264392,550.41108520374,712.5534781844286,12,3,2010.6363913518967,698.1095681146035,1.3133159447944396,3,2,6,-0.2329438451208216,-0.8310614909251715,0.3852253865446349,-1.8409060006827804,-0.1849536525545469
7.016921162149212,915.9779035608652,684.1000144938595,0,0,1560.9886131334938,1141.0395907562588,2.8801689555722305,0,1,0,2.9310877709151817,-0.9447769409492756,-2.3821124987221127,-2.1540441943465467,-0.6430771235545786
2.9316155634769303,778.4077807608305,546.0809469991235,0,6,149.7878768481548,1212.2870448303468,1.389570342221125,1,0,4,-2.4571970769767315,2.634628123101094,-1.1328014287784312,1.9881306925444555,1.4923132960656815
1.8967125450779936,945.9281354760956,512.6644429441328,0,6,816.6891774013869,154.42137938898227,-1.806012706790471,4,1,6,-0.8313546607348906,1.5322817098659525,-0.83869662889743,-1.2064002302246524,-0.2327025820130517
4.912677905846583,1635.708527524822,376.2297379296751,3,6,287.5544190853085,328.3347198452965,4.370978372195957,0,0,2,-3.4498888554157388,3.6728472843614375,-2.2373724995590285,0.9047045755618452,1.3975930878773242
3.7380007580059953,853.0815801859231,347.86459267042727,0,3,664.4675624823451,33.894947927463704,-1.3138291099210584,2,0,1,1.7500563188566207,-1.7953109930701496,0.8358939067112408,-1.302687744874869,0.1582762311910794
3.640932519478216,359.4962764513715,42.22352966216615,3,0,1067.9746021779276,987.3913345100856,0.141996668359956,1,1,2,-1.060354739790035,0.4659155314866445,-1.013817230190926,1.2115477617799308,-0.0927974921075377
2.864420543818322,62.94457826696876,374.4092878998737,6,0,447.146271055641,1121.906687597679,-2.4060193371950622,3,1,5,0.7090121356914023,3.272465871262031,-1.7824261458204174,-1.1028073885978755,1.7026068400462238
5.662733000045038,345.28852594465934,1148.028895893628,3,3,2307.539244695211,1873.6480333847069,1.1113485867606607,0,0,0,-1.4983773039794073,1.0729345523497011,2.530367433514037,-2.2675275836139006,-0.4272350767589992
0.2638974162035875,495.5624289207815,473.2270837997117,0,6,124.47990452905408,1384.5185549547623,1.11291487306771,3,0,0,2.0150062995316262,1.95165145158761,-0.6657856566977702,0.1785884871044767,0.1073011227395921
3.5946980133945483,1234.7754878842902,620.8851319751743,3,12,1015.0892751907542,1057.1429146681323,-3.524129127663641,5,2,7,0.8144467187686784,0.2705296555183901,0.4392132696894952,-1.542470837307467,1.066918182330733
4.672319784011015,615.6137424225459,540.7733677979318,0,3,398.9371178682284,638.121380999904,-0.7886328769563454,3,2,3,-2.379917304578361,-0.6700911985777562,2.237379663211473,-2.3394424157842444,1.5018709313309642
3.723829510448046,1787.711112372243,655.3044793526368,3,0,2939.531929044989,1297.45614492974,-2.41570456914359,0,1,0,-1.8877210042541652,1.4890420440592131,-1.977190655951909,0.7307257521499027,0.0683308464485709
4.387735830737467,14.27488630225171,288.2797108741075,3,9,1508.848566505141,1725.2986616062765,0.5320372991479392,1,0,1,-3.52633747956353,0.224144583663032,-0.186574042525716,-1.635047641393834,-0.7314201245662175
2.1114686564801746,2370.8287635854763,1244.0055510910402,9,6,1061.9355085958,1211.6755517366191,-2.963211396267413,0,1,3,-0.8940590387083793,3.079229611024385,0.4917397519633519,2.490721018424763,0.8760434518762191
2.9863036355062778,256.13326554171607,1025.910350508606,6,6,684.849630810597,126.50632048990968,-0.0375359494699181,2,0,3,1.915399247738517,2.647437784866848,0.0951431625515728,1.417234201355241,1.1426163402578384
0.661612179061877,151.90959139490957,684.2040120436261,0,0,912.6577024537122,387.22476251995306,0.4718644076792013,0,2,3,-1.6711115536838173,-1.575817004758493,1.520411488065327,0.9603981047552488,1.4015816644261765
0.7857118402970513,725.2613521103663,41.71623566576278,3,9,71.56859688406466,389.78348724526313,-1.7901658122312505,4,1,0,0.6643784286805157,-0.4350903557374819,-2.605713997589756,-0.6868431524037157,-0.7101679121382104
9.977264072896626,2160.409674803572,728.479630311849,3,12,3127.2560419968654,2077.1301675962613,-2.9029007324661364,5,1,1,-2.1376851444170986,1.239169554891661,-1.111510513689605,-7.207999920420158,-0.3719548792320105
0.2294253563095546,708.781971305354,457.9112829919726,3,3,3614.4515146001418,2390.325887513556,-2.6131089408957715,4,1,1,-0.8631936858119229,0.0170226796026007,-1.3881096907206836,1.313301200036283,-0.5556660947758872
4.690161007994045,698.5769678282646,251.9142103518436,6,3,648.1473792491802,1429.1354246253131,-0.9499981984945488,0,0,0,-2.1532909194693626,1.7502038975574088,1.8424700487558636,0.5530590043400152,0.2709946146179599
6.07211214141946,785.8747005700384,327.9907667116565,3,0,1487.7619337883093,681.4115036489497,0.4424669031967738,1,2,0,0.6867648221646975,-2.16111435236354,-3.1798830266034663,0.6283205663361564,0.2720634864776641
0.1460988486759373,1630.3401178001216,52.412097184123446,3,3,3044.9038344832347,2409.380662409677,-2.4329757697154903,1,2,4,0.5702187149189626,2.251349199460463,-2.778748459309713,1.515399296455121,-0.2157350530995853
7.961325869564195,770.3463516621754,1239.5941688242629,0,3,152.30157418756855,450.6856735216516,0.2971936356032505,0,0,4,3.0580834031060826,1.71350413627493,-2.277199412157376,1.5642126785586232,1.2047423158064885
4.952407952726998,1171.8838899935924,98.68507309246874,6,3,2075.184132623192,724.9253841145554,-1.916178441027556,0,0,1,1.1525420511127653,0.6564912999892022,-0.8636294588196587,2.8865520878372006,0.4443802470488123
5.312028570437043,990.8465560013332,441.0721406580754,3,0,751.2837734765255,885.2350655268026,-0.7725474524313649,1,1,2,0.2419247211257695,-1.8600865384717344,1.419870188676,-0.8868497707687962,1.24398008552294
1.8481154434897056,2076.196039674064,353.77170824089035,3,6,122.8075760164363,1188.1073077863873,0.4316995833363686,1,0,0,-2.8007749842511247,2.7128250491542105,1.2832380123783145,-2.2113353223525576,-0.6041301860577659
1.4338082720924414,262.87983197404185,165.59287298599364,0,0,1861.5509405577077,1707.6075684026946,-0.3286276818812743,3,0,2,0.7928562357888755,-1.0553782308706825,-1.9758856531141007,2.681407085002585,-0.2775390708419166
7.961595799833675,1591.56845953769,172.69480032592554,0,9,1043.3891606068328,1008.4780769129376,4.738253484620041,1,1,0,-2.060796524694703,0.6619220620454396,0.8929649562360976,1.2468968191026986,1.1129878186217386
1.1301362079230317,383.6089646832749,429.4769440759964,3,0,1269.8247542016427,1052.2873593009783,3.959669660080752,2,1,2,1.3521777494410787,1.43841420519011,-0.0281285799869752,-0.4872900518340539,-0.044534176919529
5.726137236825761,1129.664050982394,615.3768705551008,0,3,1075.6809108542618,1272.9596223174667,-2.1891726062333223,2,1,1,0.2686223344506164,0.1636900609135925,1.205588434698769,-2.9571971718902805,-0.0402445651092153
4.021399252830901,902.0094350599,6.579528221599039,9,3,1885.971511102392,269.0489907419227,-1.2521815434089956,0,1,1,-1.3696441440783462,-0.4588828813475334,-0.0351364890722243,1.6643263882533883,0.6080557220846421
2.4113756077647253,1573.8206954623895,165.07482489584146,6,0,3656.844657403672,1848.3136192734828,-3.72854040914253,1,0,2,0.3629829079969331,2.6990748815460783,-1.6824476442023824,2.3631998032714083,1.3760182164687291
3.4141960584884905,1204.6627239422749,374.3426286123072,6,3,1289.0598243382926,1623.287685827254,2.654356078850626,0,2,2,4.311410742592296,2.030087239186205,-0.7005917619697883,-0.8792365445787171,-0.4833486574778151
6.277447476020946,2734.977366804733,393.0960354658504,0,0,4957.339618472395,282.8396256514278,-4.772918265639943,0,2,6,-1.506870231519824,-3.3181680772781945,4.169237638307469,1.071595447247634,-0.6881454364940768
2.097154720097757,3142.8192499278216,15.245587157781276,3,0,606.3822945956314,2459.1722041328303,0.8055876975274516,2,0,4,-2.7574806618517123,4.02109767178203,0.3500307027636533,0.7255786928740515,-0.3638657645154839
0.4523496405655174,404.86085331470247,859.9846907521907,12,0,1016.8712091010576,1497.739700354256,-0.4919473390992885,0,0,4,1.0872304910214108,2.6218293189648594,2.797089491785528,2.73920098681834,1.4505477386775756
2.6487863722612666,249.4920494707764,97.2358967234586,0,9,395.0667476562337,1601.0106763993465,1.4133375969410829,2,0,2,1.1224363251160263,-2.3168020345067024,4.196553134646703,4.099306079128798,-0.2475831393366528
7.422857124278042,799.4806326154054,136.01699010245162,0,0,2326.166640627907,1993.7625921202405,-5.008836034273809,3,2,4,0.6512248504588196,1.383968442112774,0.079408532092815,1.306553535532722,0.8827183894005048
1.0810783032077769,201.21367170606464,146.56081377225462,0,0,2093.1318939894595,1739.1366081158303,0.2412245083744932,4,0,0,-0.5941868727278428,-1.0251501676489034,2.6632990242936803,-4.530478023297002,-1.370715064022245
6.281899505790761,1342.7795445729896,506.8293741935761,9,15,160.65957482962764,3053.8861757149302,1.40026852147419,1,1,2,-5.133003133832209,4.3043874464895415,1.0169881721781882,-0.3906701489689163,-0.2058817045830828
1.0738760801902942,750.834595582744,109.88990210368053,9,6,98.8999522079848,788.9316611718456,0.5842759244410041,0,0,3,-1.8162568185191348,2.728512977549518,-0.5382776618660158,3.959953595272872,-0.0533811745881713
1.521119334635621,1309.695950384421,206.40660978967335,9,0,1279.9006882304386,156.12951198594646,1.203226578134364,3,1,0,0.5425163624651576,2.486942670036642,0.5989243070565055,-0.5532385005694165,-0.7001855564084514
1.941815291498067,1043.6013733935265,249.10120272954327,6,12,1101.9732292757526,1202.873595516402,2.695368916370048,3,1,7,0.8207565551847337,0.1780018247139017,-5.980516049511934,-3.056023015692237,-0.6960246731352043
6.759056468046535,26.85908114226776,56.68556995468652,0,6,2540.040421950533,10.36529825497112,-0.4317008588363051,2,0,2,3.8100519397409673,-4.038522805132811,-3.81520067122026,-1.982047842816247,-0.8744938043585909
5.381154801487556,1862.8953769503423,1183.025163403173,3,0,1113.8764349450505,734.6217256943498,-0.6852016746602034,1,0,2,-2.3563739544327555,3.252629460516877,2.185751979460239,-2.44969847281361,1.1934804217954842
3.3795491515595426,34.06735061825928,177.61599921166126,3,3,1196.5832689219774,862.710095681604,-0.3247979846417032,3,0,4,0.0635782462022662,4.1033073687183474,-0.5462943868939971,-0.9622728727335332,0.6588335049254754
4.794768598965053,425.9714939565621,619.1586484189925,3,0,953.770146531838,719.0617646047255,2.461348514488088,2,2,2,-2.576496498892176,3.401835303233253,-1.8977271960504485,-1.4881536762265235,0.25082409281171
4.308360212135885,84.36486219204009,47.18670442703132,0,3,822.3943120833335,1024.662464186236,-0.1158006671388307,2,0,4,0.5887659465950161,-0.1365878162032483,-0.6611878369685126,3.745943714078856,-0.0978442291643743
0.8811626248224025,507.0094801429639,820.2073541788275,3,0,425.6345898510508,331.61131218026065,-1.4201838114447558,1,1,2,-2.697308904059661,4.064943793863583,0.5128937983696444,-0.5924314308475211,0.8590743382122671
2.3774450347161142,512.0354212379976,163.24928321366798,6,0,3260.1221587606437,514.7374851526315,1.2216132322385338,0,1,2,-0.3657795091857923,5.246593473638639,5.316800789740118,1.302858369119946,-0.5209207743905362
5.40028959862132,1152.2953577456751,188.4279561997884,12,3,2527.520329300251,341.4954087759364,2.6162214880345305,2,1,1,-1.7125224634450922,2.615325062990448,2.077364211565917,-0.0310042204382892,-1.111505280353876
12.597166148050103,736.08481512844,34.62268821566144,3,3,469.392510687645,591.8942142846893,0.9153470332911218,0,0,2,-5.006728672935038,3.70654377404176,-1.4766399056514952,-0.1907578904624278,-0.633953245918376
2.118992607573777,2722.475347117283,89.41160276476798,0,3,3052.2233429904213,791.4650908355635,-1.6921092563981748,4,1,0,2.587378868090787,-4.344268096143441,-3.4448790474130844,-3.814007687162992,-0.4323476426333639
6.48169028915701,1169.098112464472,369.2192759958304,3,6,395.155370957224,609.9731298802926,-3.9693594414479714,2,2,2,0.0348571687756182,-1.1122347653402282,1.2521324650645125,-4.986509287644298,0.1456241814478074
0.3912356848923153,1522.760272888105,568.4469730836917,3,0,63.71405024922303,2174.2181485611486,-0.956535016121322,0,2,4,-0.0557043577432463,-1.628018901309771,3.767132388747677,-2.972686424440152,0.8429127412124153
4.045403548438568,117.91464217299908,5.488004537915338,6,6,1869.8767054502332,220.63410494666024,0.1033819035470637,3,1,2,1.5313725482696754,5.252422435617158,-1.0656005037500942,-4.576164488783149,-0.3022977183776471
3.513842169181032,549.2601182369777,323.8259430304987,12,3,2775.9530766104385,27.98174568228034,2.767359120416252,2,1,3,1.016569058719606,2.817847580243085,0.846425160667838,-0.2410766321127035,-0.0226923371650827
3.1208008827503457,456.07054696275424,1363.6871455000612,3,6,67.1911183504552,966.8454957663693,0.9558674344362734,0,0,4,0.4013856318005493,1.1575277990260768,-0.0990654828076116,4.302421615214169,1.4890077671834696
8.765913826313321,756.0081659650153,272.3907968282756,3,9,5665.582429182338,2788.3376503413583,-6.854219145967275,1,2,4,-1.27555700145011,1.5095922003676612,-0.1636824250341748,0.5601139293122299,-0.8014880271232511
3.435118075981611,44.7853064555428,441.7077894419231,6,3,1200.0420388553289,498.198063307289,3.6941759028983383,1,1,2,-2.302849359549348,1.6539807304494465,0.5269390973504102,3.035782953461199,0.6441866460443005
10.119956063267466,901.2944247653088,507.3521981748691,0,3,790.6507584231827,404.8422077854135,1.5177916814174706,0,1,1,3.396475005766993,3.5661872563467325,-0.0034580735599392,3.1698416248995045,-0.6702726768819797
13.866527693833016,746.6219474176072,52.39887230701013,6,3,236.6295555719663,1916.2270084752367,-0.5150971089628361,0,0,2,-1.3467152296158325,3.641540023088769,-0.1355463065483646,-0.180146925623158,-0.155613684883959
2.5696894794776,150.99684840758488,11.431582744556277,0,9,16.211256099004785,1189.2157499970338,0.2004722906335783,0,2,0,-3.2452176310500027,0.6820140981253809,-0.7123763628465041,-1.4368124295651818,0.6024968825330207
2.1494692989022206,221.90249518033457,295.0169301039244,0,0,496.64610952719545,511.5429949783649,-1.537206016260657,1,2,1,-0.0937518991917241,0.914004250469826,1.8823606281179472,-0.86005636172461,1.1627283248615206
3.255775005321761,1722.7989476958835,1091.1145651773095,6,0,3797.794689127345,1517.1503668168812,-2.7034186192560505,0,0,0,-3.0700545893997786,-0.0052458121137715,-2.916425735809529,0.6918119915242221,0.6173707075471911
2.8595860224014675,289.53912814392413,869.7955513811037,0,12,1615.662482139722,2895.2516972877283,3.34209135310504,5,2,0,-1.4216325938916226,-4.325537128606219,2.047763949849428,2.655421149737565,0.3426728262080611
3.793693767274117,135.31935255058374,121.95382930490568,6,0,458.7165456672379,614.8243399346284,0.323536441136064,2,2,1,0.3764820267778702,-1.5763919510204043,-1.8892032929085936,-1.1758845562496734,-0.078178744282095
5.433494804736533,551.8724647084856,1010.2105293198656,9,0,1910.4624026476704,612.2193021620592,1.212379194240269,0,1,0,-0.6150637022823606,0.1167973551787913,0.556526587786631,-0.3789574443213743,-1.2689826206532866
6.763845118655443,421.5676394638445,1156.59526821681,6,0,86.30730798071512,829.535050634473,1.9970551499978508,3,2,3,0.1638010678359596,2.170255272739516,2.3291506969751072,0.8705649564377064,-1.3797712071143182
4.926539240983126,133.90924457209547,520.0050290032525,3,3,732.3423545012581,1469.4475534118458,-2.262396048329953,3,2,7,-0.8383805345856543,4.031372286695889,-2.4297965845106617,-0.942777548017607,0.7094910035095311
2.904723446514806,1107.7156935184703,168.03553868677673,3,0,704.541001804353,414.54066220747296,-2.467275247917266,1,0,0,-0.3874927141692794,-0.5755020624028397,2.006305370070949,0.212122403013317,-0.7890981619101636
1.7275403565631886,687.2290062330112,114.90012586537888,0,12,1872.202553729413,335.8331076457973,1.935384582439705,2,1,1,-0.2130136692136042,0.7674770832098237,-0.2939335386583024,-0.3208279544197786,-1.9873408697489927
2.214848186094432,444.07086407910657,312.031624589744,3,0,767.346269287006,1020.1730243984584,0.1411321231564213,1,1,1,0.0428183887411104,1.5967436771209895,4.431919698730214,3.7617728317167582,-0.2233667826854424
6.2086367278949774,1278.7396185699463,558.7687464506943,6,0,1564.6647538662469,1125.3670076705291,-0.3906902762189392,0,2,4,-0.1418465487552003,-1.5257822838054145,0.2606215716360456,-1.4133642587645716,-0.8180580937329808
1.4519209607219066,2849.9400391129584,356.9641815372082,3,6,501.2503298152631,486.1321539820076,2.7945584135747983,0,0,1,-4.50260691738297,-2.1535678442707225,4.752059650841972,1.5642984087332343,-0.1510664500994207
1.5623609440216224,1006.1760500784352,186.06213857123075,0,3,1820.71894795635,1286.2781085845795,-1.329645981004146,2,2,0,0.8016399857367353,1.7820113626295733,-0.9359351988020016,-0.1338813433968879,1.242368584410403
5.116078054343038,2098.9852543564443,306.6826112209123,9,0,2109.586600762169,1298.361000258901,2.134324027886484,4,0,3,-2.3768759249897986,2.0511051384252488,-0.6253876641696279,5.242811943513414,-1.7557356576553045
12.591027142927182,191.9999201772316,154.6452779261557,0,0,1844.223782305339,1695.3949478801494,0.3700673420921405,0,0,1,-0.6322997398810575,1.1066458834294093,-2.9561949570752013,2.656604450397152,1.9679357783204825
5.327209198168461,81.22355097547896,677.4226461973822,3,0,392.8683740182664,197.68473907385464,0.2431924744050329,0,0,1,-2.078973398829645,-0.5240307219035474,-1.4523408497668977,0.8505977714667725,2.231363353916231
6.626335326928446,1445.3620539177953,130.13162237364082,3,3,1818.2575987746827,1221.6925322684651,0.8879068550205957,0,1,1,-0.7126109815955861,-1.2069152356465094,-2.141846598263574,1.2996748173209025,-0.0086631917103937
3.153255216399603,148.4488591322074,70.79363047598702,3,6,1167.01563805904,427.6233343455488,2.202653642127667,1,2,1,-1.1101134520330385,0.1900069578616907,0.0639682293594778,0.1476792476073409,2.514579148270309
1.157887606544007,544.0588367982704,123.69300213084784,3,6,1714.7807694339072,547.1119755830473,-4.288942642640341,2,0,4,-1.3785791383874615,-1.1738086948691735,5.640155538975354,-1.5923680438527072,-0.4944383203473406
0.6442148714482754,987.560493254674,633.8300108067324,3,0,869.6689751065893,1096.6939734607265,-0.6518416831275478,1,1,1,-0.6051568509393976,1.5219529141532966,2.985685241314353,-2.026386595079983,0.9170869011165174
3.058297145005086,1678.3413757232886,615.4949515450508,0,6,1805.1504861634523,1470.418274613109,-1.1152381856402511,0,1,4,-3.883936505026484,-1.2391800451999198,1.8413187521912155,-1.5209645199912405,0.6614961328972536
10.953665865619024,118.1270986572992,796.6243493951763,0,0,685.2713491289744,809.997257772573,0.6649667276798783,1,1,1,-4.271839082164382,2.6926954057611514,-2.658827647241376,-0.680340398063841,0.0057625496127507
6.959356134768536,404.3525504124399,228.7434851083403,3,3,412.4427596255933,27.404138455933264,-0.636353645393108,3,0,0,-0.5265901893544536,-0.2634292168741794,2.6431190295634304,2.154653402343298,1.5092057375756684
1.5475819393201709,1391.4152478041187,419.1959748661054,0,0,4182.491942405836,1090.0773471280595,-1.9552623269089024,0,2,1,-2.6153409879744096,-1.3740243946493622,-3.6537603274953314,0.3066141479651642,-0.1643284208544148
3.2680742680886885,1712.4427798173413,807.417133927502,0,15,2552.237676909599,2127.797804876854,0.2752042834282548,0,2,6,0.4300377579232353,-1.8114279969916405,-0.0779775301811154,1.837603126112289,-0.6380610889990783
8.198937488853648,434.207152661057,626.4104027667676,0,3,704.6712821146832,1732.0616773234133,-1.643430076585095,5,2,7,1.1526024229582308,6.37436639196471,-1.4520404699185738,-1.298234351229548,-0.4272945387406793
1.198550889834048,334.1767238352406,112.13383559936211,3,0,697.2887293652805,657.2038065089873,0.7951450247392875,2,1,0,2.026171164689383,-1.9841809685793244,-1.622105056152381,-1.7056331764702313,0.394467648295398
2.1971713316829478,234.965414838417,340.9136429607356,9,9,1257.6408357462103,207.7945611328585,3.719089582261664,0,0,4,-1.7028242436148362,-0.2622525502259999,-0.8815728121705935,1.1227510548407753,-0.2843340144609136
0.0651271474538637,798.5568992098877,610.3655375042356,6,6,354.6375576942502,496.25228963729,2.1617612191690663,2,2,2,-0.7259375218917066,2.20301374409559,-0.0468555237122281,-1.9306319935293648,0.8823868385577653
2.836477362972873,364.2765044203992,511.75419662703314,3,0,4523.992956248973,1764.8750669894578,4.3595355927893165,0,0,0,-1.2192365555952216,2.267394509011366,1.241060761522044,-2.121770861074467,0.6582219128365573
6.446387007605877,391.1370986582924,27.53935236324392,6,3,1400.8342594223798,1181.1022192774117,-0.5063185814154989,0,1,2,2.0389574205469434,4.167527227318115,3.4583561714030058,1.405008605519031,0.0609744991041338
0.1224338825396001,658.8230939971392,741.1555816335651,3,6,1535.71667617319,2231.107481609652,1.0318039407258188,0,2,1,-2.7006953838647103,0.8896652025919546,2.7501344939459598,-1.9264938443133783,-0.1900808029918796
5.154824410608109,901.0413999088694,478.9104742942749,3,3,670.170974850301,1255.3615982155077,3.3864139079659044,2,1,0,3.3169528225930582,0.6204850614089111,-1.8765421622885243,-0.0285996550019105,1.297503139997186
5.940553905167495,729.9573032007622,121.73970904351228,0,3,2073.1207150963323,469.3294140193342,-0.6290052402975987,1,2,0,-1.3471607542955648,-1.4434011638397626,-2.43739823992026,-1.2375656100154913,0.1546878204023382
5.600197921900803,1942.5765931487745,9.239358387134336,6,3,3362.87196627896,344.7622696297485,-3.331599436740497,0,1,0,-2.2914990086830374,-0.2984896068679827,-1.991323508825558,0.1197635105244925,-1.0629510356747118
5.408047621643844,277.38268498724705,77.90150146366868,6,6,131.9269226759324,469.2872926959375,-1.7652766428361113,2,0,1,-0.5029857284363759,0.6011774530890761,3.738754910171832,2.6344231686385893,0.6782863480766541
8.072124101387791,527.3329583776299,1096.8719952437991,3,3,2624.090045999457,266.2392194897349,2.0369696610480954,0,1,4,0.3726766056699422,2.9345415294640578,2.037637489295556,4.007846016488518,-0.7037196376587798
8.698688544101055,857.57460145188,42.22042014666644,0,12,1418.0464592633914,207.0343390876655,2.6994395566919254,1,0,4,1.9464724085612404,-0.1572148451190478,0.174604539491634,-2.481569975060625,1.235466225733167
1.921735342386732,88.32266347071682,212.60922151712467,6,6,1406.579332897623,1341.1199090766377,3.586445322118955,5,0,4,1.6323626689330066,1.9017874341259335,-1.5083277092840064,0.541769960801664,-0.7908477098093546
4.913464263336243,401.8251227785751,68.94697083435247,6,3,3328.254626812083,846.8439284100107,-1.1857527504056673,0,0,3,-0.2019879491668946,-0.3034452475361293,-0.9116068517046324,2.999911747751816,1.349506176712633
0.2614866703178095,438.9585831755746,502.0982851057772,9,0,1425.0423747253212,19.720522929325448,0.7653116761449132,1,1,1,-3.205511665746741,1.9622425659071296,0.5935638908064869,1.4132928813140584,-0.058686596838433
0.5088778938469203,941.2866369831404,407.2742686278125,6,0,222.6102673150751,2430.0617991810723,2.543554902016177,2,1,5,-1.508756198088762,1.369130252769035,-2.461893932155328,2.3001449571639525,0.5564651402658195
0.1409113260842186,1862.2796158024323,436.3913680516024,3,6,1656.591175365774,1861.160162155448,-0.399128397294888,3,2,0,-2.7503682436747594,1.6673479842357697,0.0026310991055757,-1.3117105483139362,-2.2600746456070144
0.1196802357250737,1201.5674289185563,603.8626684754317,6,12,1532.1298041051905,405.5346160232452,3.4252348005381013,1,1,4,0.4150966176426509,-1.897789302275997,1.6232656587705905,2.5010060075525957,-0.8566229961254064
8.324229541755106,798.465834935589,98.4836559842304,0,9,109.09129431392924,1511.0957220453006,-1.507254133319056,0,0,0,-2.2671509367921985,0.7456098217556624,2.7592065530145606,-1.604518908845507,-1.1463871688272886
7.614989892722173,240.55023297498724,666.6885837232473,6,6,383.8989808148275,282.1371355215874,0.39069613007235,1,1,2,-0.3529306655209931,-1.6040597689935705,0.8225751689599348,0.8576439375846613,-0.4765617048966326
3.375410253382439,710.2340129884337,902.1320458252704,3,0,170.38824819528347,765.0646201636625,-0.2801004320221806,1,1,1,0.1836866759007014,-0.0515837980310416,0.5885114559842454,-2.135196121662285,1.2795156952254343
4.091357447899029,434.6001230088893,44.70103783581572,6,6,284.5455325536966,227.4683620980144,2.2316095995971943,4,0,2,3.0454649972150847,2.8464826829072503,-3.893471193710541,-0.5789864464495411,-0.3937800301479043
3.255538736017132,364.08561999356624,824.953110186057,0,3,1531.8942805045729,1559.003379395512,-0.4587580909925272,3,0,4,-0.6973685575817173,-0.147214167485006,-2.154383058516696,2.8506570000197358,-0.615277569628256
3.85712089384376,1287.1209268570278,245.9219796432783,15,0,1122.0016311827512,3541.6521695968336,2.5167968819885145,0,0,7,-1.139772029624379,-2.610950515038206,2.6365950062758805,-0.0405770416728377,-0.3365204944592741
7.225359619164099,1341.9561144878598,44.04517239202381,3,3,260.5822347987453,1777.661904754418,0.415404723951964,3,0,3,-0.4599206359961949,0.2749865857567666,1.678245453272016,-0.4171910468732125,-0.4290936781756956
5.706192954000332,418.157211333756,62.42782326003817,6,9,423.6703102278906,1261.9461953542332,3.000614675619656,4,0,0,1.7967740113407538,2.0206082629359385,-0.2314599827270507,0.8781872854120955,1.5707335855883195
2.7481098613194,1232.6405518896963,54.52706104706798,3,9,1261.4283495967848,749.0277294013061,1.0052824442841315,2,0,1,-4.06255380107237,0.9207506759835048,2.468560420883679,-2.893189155579021,-1.037405763410107
4.86511382336067,353.1182777766917,84.53304793793376,0,9,420.0307920289766,611.9343586417884,1.96770186364159,0,0,4,0.4112550811493209,-1.6366051704832143,0.7077499762141666,-2.2726115325552985,0.7492620157655011
6.340989224582668,456.7581962688022,223.02098455121592,9,15,1401.1441634266153,951.5397596714724,1.1219566829745171,0,1,5,-4.779483640971939,2.1815112645450614,1.0904955519698845,-0.6100824169020834,-1.273253469698885
4.544400788284062,254.78366767995655,634.5361710435525,0,0,1197.8148828741607,414.03380676502303,0.0455493948537033,0,2,0,-1.9384157708126224,1.004419754486732,-1.1834113154362151,0.3427044687874321,-0.6019855891072716
0.5641834369593294,716.5715453009494,451.5897538093041,0,0,1872.9456594731143,685.5609914942312,-0.1502952099296639,1,0,4,3.868265764086402,3.451024498357759,1.1277636468757837,1.4929518731743427,-0.6691652186903089
5.957782072676121,296.5496585531903,73.52036457353081,3,9,1275.146283533442,134.83447336277635,-0.442596739638613,1,2,5,-3.1511052428443898,3.507398922268889,0.1174787631204634,-0.8075580910271265,-0.0574073372779248
6.833855085225934,1197.820491282116,803.3555988182112,6,15,548.7476057553406,911.7092373786388,1.7156380647564504,0,0,4,-3.6858590199897714,1.8446202311198583,1.1951767240413314,-3.738365153829421,-0.7416273339825217
10.058940146783378,592.2489848472072,847.1898263963711,0,6,29.678703149132087,573.3209021954441,-0.1011093427781204,1,0,0,-3.332636556365256,-1.1278971950021817,1.1650734786286023,0.4256435425847733,0.7805517384505481
1.4637665564180424,28.812964351429883,572.5818727866781,3,0,500.9913512277968,623.8401349174904,3.2127400977681884,1,1,0,1.2018497256573344,-1.664996338866871,-3.591027912340099,-1.3352877295361605,-1.038637987916272
3.1818545292059044,342.3286562772508,74.24869572225407,6,3,1374.5377109782305,2171.967786843948,-1.37996850807271,2,1,1,0.6470022717865096,4.338626049760575,-1.3811337502717034,0.5245285690409904,-1.0479225339564395
5.988383461188285,1533.411050472923,422.6538546716641,0,12,1705.040980888802,288.6071150287599,-0.803058225100908,1,0,5,2.1872341808904205,-3.24666260352215,0.3230393736255332,-2.878125890011227,-2.430790829471277
6.387991995951058,988.5709978023548,557.2028320423547,3,0,490.2858132889458,185.05245856905827,0.3950940314994846,1,2,1,0.5334091077767837,1.0101305894499206,2.651586020133922,1.452190825401179,0.104273356796106
2.04473363672543,805.7488288032165,450.88669104003736,0,3,596.2765018623951,722.1796984680502,-1.0381415872127804,0,1,1,-1.3161463471617847,-1.082198899752832,4.198159040474423,2.1374863781574303,0.5908165709988515
10.158858982116335,6.613161863025852,525.3501225264322,0,0,472.16312748103,988.0745326608884,0.4778434256340189,0,1,2,-2.0127471848331338,3.3244773328253974,-1.9467343453792867,0.3707233159089874,-0.1062189477833523
4.389465492150311,156.2967440647362,506.0112017753119,0,3,1405.5076060026329,273.69954789243894,-4.382241365186986,4,0,3,-0.3409334724032878,1.0055165221912914,-0.4403028806090606,-1.697319714064465,0.0954331975572597
4.8409491954106425,2259.221953100925,153.2517883388011,9,9,1348.5541436806093,510.8953624006076,-1.4972637600105076,0,1,2,-0.1061611781949793,-0.2426512931260993,1.6094701928365045,4.75379008766629,-0.7124894749599344
1.32721112140916,960.445324330068,300.63525713449474,3,0,304.5260598581463,747.9280023500747,-1.7732784234330854,3,2,0,1.869478112578508,1.404948355015934,2.527179378169598,-2.311564415734175,-0.1017623184903131
1.7027465437584346,1289.4634075012332,456.1944143941746,6,3,163.74209142638423,2087.982505059063,1.317569513960046,1,1,6,0.7407399099449832,-1.7954875458361672,0.9249263451212966,-3.7549167772411742,0.1590015075125838
3.360288612723503,1934.3411634571269,441.74984501290567,0,3,1910.900727391364,861.6557131124475,-1.1978666321164977,2,1,0,1.5530752542235111,-3.1769581059433545,-1.120976274666016,-1.3967609028440926,-0.4532875081813388
12.555863012998508,1058.7722544178023,765.4982902338917,6,0,1353.2549081752195,2429.5270413929948,1.978040533722136,2,0,2,-3.236009539882912,-0.8504535331244447,-1.121560827854226,3.3731999083240813,-0.4798926334097375
9.402361172318146,1463.3899951037774,118.74248619894568,6,6,752.6110535863115,947.9518218894052,0.4054961631235301,0,0,5,-0.7441527575547706,0.720004427724294,2.7193928949358908,-2.540639672810335,-0.0766640658840648
5.5218328996644495,1846.6592054567889,908.303268568929,3,3,5108.125983514984,3190.868347159774,-1.7331775444819502,0,1,0,1.3131465549787589,2.7842658241282816,-1.8017839852996227,5.800431255383303,2.020421457976866
4.259016615756072,341.2965177575019,340.3931059644875,3,0,1973.380086844492,1168.9520193434385,-4.247337322356348,3,1,1,-0.6931858002023512,1.5490242824319067,2.32840044241494,1.261665360878964,-0.0205832892704281
5.699757392091299,378.6982979290172,194.98728334198256,0,3,375.1775330964548,869.9532538458745,1.2524981810839917,2,2,2,-2.716539615052052,-0.5827470716858869,0.3992672786495183,0.9757537608444836,1.4245946632540982
8.982291410884532,683.7554480056394,994.9093309689426,3,0,368.1775582265079,157.5735355734165,1.793040405897596,0,2,0,-0.1505173722701518,0.2612313993684412,-1.4366420436765286,0.4825366511665405,-0.5573525457161556
0.3924268732643333,1607.9457545902471,213.93022642135963,0,3,602.3472152230227,2088.201498570894,2.1447626819941945,2,2,2,1.5909641829067742,-0.5930736673019803,-0.4637509591681239,0.0661137270755978,0.4922258462749264
5.152125739965749,1989.6349792197,724.4228731231809,3,6,3825.519781727688,2416.998891345854,-3.0382225852676426,0,2,2,1.4284969383724009,-2.248543504256228,5.109498419660726,-2.926595119087831,0.9340667642668264
0.6200575377645898,365.31435989992656,515.7317215578145,3,0,1759.7378177225046,1116.2597456783808,-1.6566973998481245,2,1,2,-2.471356443492384,1.3300334381664656,-2.335280754805899,0.0356699727778149,-0.7090176343410901
5.926649070694376,886.926373063262,165.06734281934615,0,3,112.2101389187084,1318.9463388654726,0.7442010751965588,0,1,0,-0.9101481557908676,-1.383657498108644,-0.1915028315775293,-1.769420562599073,2.010201591342464
5.992697167525334,101.52958152396307,394.4682710874778,3,6,3252.651140063702,2501.9717822714706,-0.4911578434612572,1,0,0,-0.0910740037184223,1.087927239166195,-2.9937766005579194,2.2949370764769776,0.1336786056053159
1.4911740756614245,1315.364363995501,655.3236672735139,6,9,1512.312643552447,403.94754917010846,-1.206532012567889,1,0,4,-1.6295278691552648,-0.8614159789017661,4.283309170826889,-0.3236777344128521,-0.0621364573319293
5.924508576399048,342.0373255944843,652.5014250335108,0,3,2180.550036673563,58.08061879529352,0.3135139584461477,0,1,3,0.2903599036509943,0.8986084945169285,2.378689105392895,1.1826861867434462,0.5605665729397605
5.240011260829949,1256.493451478994,389.95429552463247,12,3,81.9326162291008,345.7752660630042,0.0501846263269296,0,0,3,0.0439311860369602,-0.5159665504397786,-0.0639845339633347,-0.6843267384939016,-1.5892344980114357
5.960560758513998,80.17376718665548,256.9048084403132,9,0,360.57736850703554,4576.372187326222,8.649095435804647,1,2,5,2.350645831883541,-0.7996634437280856,1.1895919284061751,-0.9833297488999106,0.0979706069540049
3.8604740115148406,953.7939874848348,678.1269863503123,6,3,1470.098759193802,1642.566164546672,-0.6885177789078927,0,1,0,-3.4294455424682893,3.4971236370276104,-0.8834303189852915,1.7291848337990876,0.2872820357264186
1.2896823978612049,1209.472609334039,1084.7420681310089,0,3,971.4888707870738,1463.8416450547131,-1.3468897183766528,2,0,2,1.5235042031889237,-1.8055612870668796,1.250165026893986,-3.810050271255225,-0.9295591125143018
11.294670259471214,487.51696614490095,149.3012235943912,3,3,54.155454420967686,1685.693480368504,1.8324713370516863,0,0,5,1.1533609998209602,2.4498149270014866,-1.4280996821168257,4.223733848241681,-0.9356219985725656
5.735609054388609,1855.2988848496,774.3068763122099,3,6,736.3414880222408,96.955302385554,4.046800820919828,3,2,0,0.7735340341391854,-2.2028166357360317,6.241818584681146,5.532492193833529,0.3567888284511173
0.7129417098082884,402.0806146747112,440.0396541573594,0,0,291.18289113521746,124.51917860482573,-1.0256752642862184,1,1,1,-0.8273130345545512,2.065567576623436,1.7884415899920585,0.5043312097025006,-0.0579991752710418
2.877510701564548,1478.4314778161454,143.04972866359185,6,0,915.3705610833048,1441.1915173117177,1.0613122305887364,0,1,0,0.7783139103128038,3.964624706731973,-3.0287370763838544,-3.856572663851708,-0.0059551463664349
2.72056251425938,1391.55403548678,787.9946896591757,0,12,238.13656893902328,1348.0896174185789,-4.211210849438526,3,0,2,0.9749819255779844,2.140176528986363,0.2782506445097716,1.095989348782464,-0.1073285427257356
3.0171447589156903,771.1293279760073,188.4129562698685,9,3,105.80334926861296,13.59643769357977,-3.98492249874717,5,2,4,0.0480050283772983,1.6314428585215643,0.6128814642311884,-0.2381185313040161,0.180181084800195
4.441786753472209,1433.9254093472969,589.0139677287278,0,0,1095.25243875317,1854.6594630912648,2.029973657213702,1,0,0,-5.565668955567752,3.225172617680249,-2.539128526259159,0.5691158596883266,0.1690484982611178
8.350557456976098,1643.5608350278064,495.8369830417535,3,0,2327.14591867714,276.7687363062623,-1.5431482250660222,0,2,4,-0.9151523827169964,-0.8464302972714275,0.6171013268820916,-0.90458039943542,0.7240889025337303
8.110655621909617,2798.877939723845,299.5872502666246,0,3,3622.0332032281112,3384.812735018093,1.5261838382084687,3,1,1,-3.6396687634404703,5.295150907467406,-3.1437039741017263,3.943608578830597,-0.270963613011159
6.426785611727239,1185.7351702341457,100.92631822465756,3,3,2069.065756497,1123.4668800224515,-3.561286860813272,2,0,3,-2.2495368904729363,1.0708158731453303,-2.1264634089731627,-0.1602307838556933,-0.6213165641548106
2.81560624333359,570.4968596356066,59.34988955238483,3,6,651.6352678870543,914.4668117786052,0.4810461231996017,1,2,6,-2.054417258463828,1.6641004162166069,-1.3077852694428889,2.4461532369411145,-0.2547010640852959
15.93545558494589,1035.583015905041,121.93786490406688,9,0,2.084033316232375,342.54785306971246,-0.4333425894622109,1,1,2,1.6076995689451097,-2.938600600714624,5.217868233729173,-0.1429139369016627,-1.9093023839505217
5.050142151693015,590.0421049376489,363.5750697693794,0,0,3495.851932308566,2134.950675257005,2.8983361713098783,2,1,1,3.1240598051071,0.3692353629653366,-0.460507805907388,-5.212459713998836,-0.5166360056966254
2.24887440125944,262.675719410801,11.423748860882291,6,9,2072.801043021049,289.9030564340185,3.355964668850885,1,1,1,-3.245288412007887,2.3529001705582564,-1.5737963588933732,-1.7312003986624704,0.1245491460472081
8.577760561442355,220.2912643720705,368.1716934707152,6,15,521.6813657340608,56.50586293230544,0.959662562156252,2,0,3,-0.5064696483818338,-1.1060531761114356,-0.4125289282896862,3.854247345396412,-0.5111273151154377
3.1602921657295377,278.9433175588414,652.6234830374558,3,6,1838.002432803513,260.98563012535766,-0.1883540118866362,0,1,3,0.2769535512662736,0.2292043907210813,4.006252966369379,2.991193718591836,-0.1217083998652495
1.293102593914318,298.4358068607409,196.6094507366832,0,0,1899.0990701011224,1015.155467725704,2.692078044180441,0,2,1,1.9790796984362184,2.5237418473223654,2.821631420575504,0.5401447579349633,0.161950512916553
1.4248089464846423,931.1292823531944,1214.4613024388696,0,9,1028.206461318648,1002.607349794042,-1.035538416709277,0,2,0,-3.100186375773703,-0.8579560171277001,1.283867240411557,0.2470025361762422,-0.7426214874606646
0.9035728749921208,471.635006636955,167.1923411156872,0,3,817.1400397253367,814.1342912681589,-3.4101721891539567,0,0,3,-1.305681277038084,0.3847381942060678,2.6304497022018487,-3.4982878902004595,-0.4906202561905354
1.0487203648638153,1601.8302506111515,301.19476281821494,6,3,919.0944575799608,1475.676144916071,0.2582594653965193,0,0,6,0.3123326589273882,-2.920448725934292,1.6509605156830036,-2.3067189043171217,1.1694073668459857
4.448697071540896,1643.2451560087818,49.49372596240621,6,3,261.131605345094,190.5575272027432,2.1671445677110555,0,0,0,-4.2112518775742735,-0.4072116433677216,0.8170271213920811,-0.7209528919435149,-0.6139346273684029
1.2812556032374989,712.6015079165165,874.5494765118655,3,3,248.5693591789325,204.1365032656162,-1.1508572990602317,2,2,0,0.0583743417593867,0.6656517016822665,1.5049602752725997,0.943809656605516,-0.8664941251230877
2.068198476014243,307.7079876099846,157.06732304849777,0,15,1687.615233653988,305.2832985017851,-2.705999990043161,1,0,0,-3.524492522969908,2.8242914911495287,2.255581044356055,2.1291837083052023,1.5466461832873606
10.007526485039286,1312.919152611708,146.78850543418656,3,9,401.5028893249701,2285.1533834906413,1.9236434095474029,5,0,3,0.2162199320838447,-1.2253115872939102,-1.766964892342808,-0.954515035208577,-3.750895354302524
4.443426653676111,341.4416454638278,1153.8540459204546,9,0,1756.3651483793478,418.3762667325609,1.627058410074762,1,0,2,0.6761591016687762,1.687018411363779,2.0004994775941194,1.1078550883871,0.2369008256020295
3.044467439594862,458.8886735837349,673.7676613844666,0,3,183.47267258777765,276.8047994823259,1.941304234614683,1,0,1,1.8650553119771704,-1.510075688834022,-1.326802195489248,-0.6800222371256655,-0.7910175368678595
2.082716506771329,2294.458790784025,27.36352342885959,0,6,787.1946328763722,1019.22564048832,0.1264234804128254,0,0,3,-2.382776930077843,-0.8028041772312471,4.918225592076376,0.6083892145882048,-0.3874340802391968
4.384013610125823,407.75257367198265,611.2034069749778,3,0,1896.438321603628,477.60467448421593,2.7011888505158,0,0,7,-4.141477170856379,-5.328105626408968,-0.3741648219124089,2.3283518095594897,-0.740482054155219
0.9038996606147642,321.8348506478341,238.4149895218074,0,6,585.9288745684929,291.81889683644704,-0.4958277310464076,0,0,2,-4.115772059319456,3.719759474031954,1.2666273306648448,-0.5035757581775716,2.048642051062049
12.475341134909227,861.7629792972915,852.5688597923308,15,6,301.21859029432164,212.4679808786551,-0.683418349461519,1,0,2,-0.720558699668607,1.3691194873359371,0.6328212515349223,4.162062771978346,0.8283766892873564
4.591921855181177,1902.735517997571,448.62733700025296,0,0,3124.2975236002053,1189.1486258809662,2.6610460133619496,0,0,1,3.3284044657693546,1.0258315615655536,0.8240578372502724,-0.0457716491667539,0.072176254846496
6.089063271208714,822.1841587465055,105.49036178316824,3,9,929.4554709502682,597.2143928484852,-3.020937131994417,0,0,2,-2.318145989281878,0.3390105016285492,4.159059362339188,0.6727697418304364,0.4766967709725566
0.2141823493310682,271.68159999339457,357.78233174373406,3,3,623.2600001153405,369.2087164455957,2.6211498681346845,0,2,0,2.4796222883448653,0.152816022674276,-0.4587904421918318,3.1230932386158594,0.8576267002504042
5.033819881022115,471.9666215325712,117.03455134814924,6,0,1584.3716578400097,233.833276156933,-3.2882411270526024,1,1,0,1.3814830399964495,2.3085607267290778,0.129961998345585,0.6492883968802114,-0.6183176607402063
8.315513729858315,135.1284164042499,353.0219817594532,12,6,717.5431156304111,281.34975912378616,2.9549045632993813,2,2,0,1.0659837423705554,1.3605396734825652,2.0543115931133675,2.3577251443335854,-0.279480473721976
2.616208897474613,491.0101044621945,1030.0710953931905,0,0,2994.0280534018766,1757.6249268328606,-0.7154374388505296,1,2,0,-1.7274573707288037,0.3704239551913197,-3.645823515778552,0.951529527704103,-0.1216463256992296
2.289685417647806,593.8750122008294,327.39624198965896,6,3,3003.912852713882,160.4386575707345,1.0904942425742483,1,1,4,0.5591193110023476,3.3793616949530305,2.4098661020073964,0.7675173007793419,1.0244717921225832
2.188917496659456,293.52106736516583,373.5915092536728,0,3,268.8617845103731,736.5952840582335,0.4572967832891585,1,2,0,0.4162480962596948,1.8150561071459184,-0.4848369724439207,-0.7833336537184532,-1.6870891359409608
1.3334858492535528,2500.2170297891475,273.63449149922184,3,3,2211.482810814569,2368.3404586586785,-4.625841182113139,1,1,5,0.528710737437327,4.811487343162876,0.4975418157928566,2.6428262625314325,-0.3086525137525093
6.490602975678256,1299.647710469796,203.4504366042447,0,6,263.42262926449405,1657.1358456890262,-0.2328288936762734,0,2,2,-2.4141584554853504,-1.8080332209532672,3.030979397237429,-0.505001588752013,-1.0833125297179098
6.477659209240462,526.543085929328,481.9684411376024,12,0,1893.2625931214216,1409.1888152262643,2.745278082833538,1,0,0,-0.896693852868721,3.2736985546470327,-4.0741392793206375,-3.803761905254203,0.1580173942240634
1.764238543170075,1356.1280128884498,134.9847419919274,0,3,3289.800612619744,1367.394775015276,2.4598382119995845,0,1,2,1.2125900222731716,2.1227035691602056,0.3130447534799104,-0.9899899079603264,0.6264129256877417
5.594965723780544,132.46484283401227,695.8810960435503,3,6,1790.7408639624407,2131.5001382691817,0.8681402438666446,3,0,6,1.049676097668158,-2.41894224537186,-0.1422143801125219,0.6316389677814497,-0.5048255797930572
1.5842393850555951,1051.2985896578934,137.3166475441714,9,0,307.68174240471546,2206.720617025552,-2.017182088413481,0,0,4,-3.5460538479526797,4.354157100052528,1.6899132906981698,-0.7439443755188464,0.0232082280669215
5.524758219663044,1368.39741892405,190.92768349127132,0,0,993.5909463338544,241.8563321274036,-2.4489489630566776,0,1,1,-1.0022056954519794,-0.6027630973400464,2.475611161440318,-0.6747673832518264,0.955526645825982
5.324901285907289,1182.1758530494717,612.5959310358287,6,3,1566.1199189948688,3373.98307689322,4.560827250344798,2,1,4,2.4731695615566367,1.1497450844385722,-0.3414418738492339,-1.4229749634924238,0.0703044199618989
3.703961431206256,180.28337208126243,178.79974791564325,0,6,747.0476803158949,1310.7839960324584,0.475583911316912,0,2,2,-3.680052322915982,-1.5503880668273042,-0.8203347853352814,-1.0021052206997705,-2.020374011615964
8.488260791629457,448.3418994628449,30.59477932694309,6,6,733.5978412944958,244.6282599843308,1.6319652895410943,0,2,2,-1.1093422048663124,0.4600447857010656,-0.5596616098258577,-0.8941052656931663,0.4525426055602684
1.961674630971853,90.93185662748016,68.53607587636836,0,0,626.9495268463772,900.0446703412182,2.6964561432866576,0,1,0,1.6863431052871265,-0.578637784048705,-2.979086932976766,-1.7971030681420688,-1.1136095417929044
4.1813128911347,1367.8456887473244,484.6357786095849,3,0,1883.9228729901577,40.97252923814408,-0.8682122932313392,0,0,2,1.3069130902370836,1.2746413721864494,1.9597984391768088,0.4865323771073429,-0.3552127102429616
2.309476195258492,1019.8654958738964,41.05962655357421,0,9,1593.5232185419388,1593.726981015716,4.331907565382293,0,0,0,-0.3231691237848562,-1.5059601015753714,2.463123075043132,2.0302053413984438,0.7793542335869509
7.107454023182163,2389.9207218755987,54.8578496162388,12,0,1632.2396587948156,4510.552865079928,4.49039218318263,1,1,7,0.5452478154097823,-0.1533774202560507,-1.7450646919264077,-3.585773069101159,-1.4952045110625447
1.4718260720858525,610.5415263617206,68.72296447894463,3,3,2249.184570978731,899.0227903844707,1.5106586960563726,1,1,3,-0.3853339694342843,1.2852685914744195,-1.607343347925655,-2.1511930761780595,-0.4692108130285248
5.042050851704122,543.8135420081544,80.60991286695118,0,3,146.11820416177903,449.8670796669496,-0.5540612575353182,3,2,3,-2.69543351616844,2.1730596826477657,-1.1754424125592031,-0.6766254238052221,1.416420818690613
5.764365762918612,1030.7856882266822,24.45409127334126,3,3,2957.4428556484468,94.04852555457536,0.2431255227539537,1,2,7,-1.6382513678455617,4.596126886211407,-1.7475661413389865,-1.6117318987158324,1.6134584764044584
8.623688413586942,1089.4433692877888,83.19671292221354,6,3,421.4772870389909,1219.7404934538888,-1.387795933047714,1,1,1,-1.1673639940382836,2.574369671442046,0.5838629856119851,-1.8761397746220492,0.9321891105722708
3.907411938296852,1469.3894669671174,35.01521619001047,3,6,1101.3228900750066,516.5728786392477,1.5010131569453156,3,0,4,-3.2433079856974,-0.8349051366817475,3.058494358026873,1.8415345609728329,0.7930785870211042
9.29716407380318,1285.990109624633,91.91222167900156,6,6,1249.7939680412348,299.71543202465784,0.3069556096009118,4,0,0,-1.7548509612089518,0.9211194641502842,0.5641765339968132,-6.686052972411046,0.0402251717479005
9.514814342231103,1231.9400838478591,45.318574316189725,6,12,1722.5325070105202,1049.30139465526,-1.3810213912021918,1,1,1,-3.08743998124819,-3.21737285704464,5.098654821843584,2.792936120437685,0.0287540040554334
4.426784674632253,237.19338766762644,103.29180088596117,9,6,2997.1518930079287,180.4512950435532,3.705485575468403,1,0,1,-1.087683617402876,3.105615205998051,1.5239176920464474,1.4957531212592314,-0.3757416707071103
0.3030526510020958,1207.9977295921856,1075.607752428587,6,6,455.20280254662725,99.1742676009909,0.4916163724860176,1,0,3,2.850633243646163,-0.6150485459984476,-1.0571330327491688,1.8300349515864216,0.5684601301804386
8.015356111130252,17.92053584036246,1248.821760509974,12,9,68.72943626114997,84.76378576572601,-3.777620202928888,5,1,6,-1.8464078562205717,1.3699573784199923,-0.243644313964626,0.547804356553528,-1.6537968178598146
4.344855429236471,1232.9027171012588,938.935669873698,6,12,1607.8643467751224,1237.6511496164285,0.794957770230394,1,1,4,2.5080940750683727,-2.0948817655970733,-0.3096415589951959,-0.2657620039865601,-1.0567574461860076
6.389011106375898,20.432522105770403,479.7002742929536,3,3,407.357518979798,1715.9181235906171,0.6988575013915634,1,1,1,-2.048858656985129,4.702117188953961,-0.8243315958624029,2.128876418959265,0.9515034663942312
1.8654768371023436,1813.8310903970512,190.6746419961547,3,0,2504.9170221754225,2404.1018972917527,-0.6017701155016292,0,1,3,-1.4239872622751624,3.643035808089549,-3.022904715863787,1.7438502745792874,-1.5331815112293865
3.484196974200209,108.42016638836373,157.04206753087945,3,9,91.38322212365148,198.12050511676355,1.5218933422828695,1,2,3,2.9941261845672527,1.64714602352607,-0.9153584123968892,2.5618314449243758,-1.3775950886222172
3.223860339029102,827.8651808463272,743.3865862938217,12,0,670.6310457173287,751.4908474833821,-2.0112521363004725,1,0,3,-0.6423786196373679,-0.5049743515368792,1.417405903678558,-1.0317054960422982,-0.8076244681349225
1.5888434111655882,674.827346043511,464.45352577117086,6,3,1647.4270420600385,867.0806372702584,-4.52399364534324,3,0,4,2.2395032191861697,2.6880486637202727,3.528862537561846,-0.8014300285972005,-0.923548375741435
3.5928299925036185,1325.356458907897,693.0447647104398,12,3,1751.9298223071942,753.9677951808993,0.6170518264411365,0,0,3,-1.0736660941247258,-0.3645712512096535,3.372189627258069,3.145478221391554,0.1907245408354537
6.346004918176874,1548.4789515078317,100.09064861353336,9,3,1340.2296420250457,2796.519361089221,1.136092966319781,3,1,6,-2.024699314969723,-1.8582588139011484,-1.6884070103382662,-3.339898141472045,0.4257084322234414
5.52120998589575,401.9814805178765,222.88532064906488,3,3,1782.593065762305,92.16091235398908,0.7735316842235125,1,1,0,0.4006096916427291,-1.5582833338979307,-1.9101497364680384,1.2568360305871242,0.1033311506012535
0.1118635232444082,1562.2080634667343,218.68621986392125,3,3,1683.895413265882,196.29928629931675,-0.0797396462812558,3,0,1,0.0517687710891474,-2.394041603865056,-2.1946402292815765,-1.9589592178367528,0.3643587014534084
6.056141038710713,566.4459182518659,553.4808119318739,0,12,30.218089738183185,144.32349204278273,1.178206355331767,0,0,5,-0.7501458536216052,0.0403568349024738,0.621598746291085,-2.738637214612546,-1.2409014035801729
6.515302679322678,759.7376062112471,169.20083630468494,3,6,490.86873155792745,511.893084771959,-0.0167659470778964,2,0,4,-1.335745796669653,-3.6409784685788704,6.240304805717453,4.468294014466748,-1.2409459749304352
5.87277768308628,1210.468851998559,350.5306037522401,3,3,1503.3861822263236,1662.1139629309318,-2.097523446904094,1,1,0,-1.3252960320052192,3.0360519202488456,0.9377713048120556,0.3194706699271907,-0.6187097304714942
5.423970582729924,1064.6432865077393,155.56479377662703,0,3,1124.6274228463203,1436.7996609727109,-2.104959229600767,1,1,1,-2.9327190407191903,2.587670083299161,2.4743658348527933,0.8487527080393862,-0.4751914576458533
3.4992051455974984,699.3683551617985,439.73666027117855,0,9,683.1827693561419,1759.7990283754875,0.7789623899617812,0,0,3,-0.1291126629189851,-3.8397185460706735,2.471055308993225,3.1626200217029004,1.1067063842562916
10.516183727733312,3789.209091996144,70.77393015939869,0,6,409.4219751411626,72.19443254696368,4.831917321463474,2,0,0,-2.373880120336992,-2.9633600041461152,2.001562053611933,3.337292732666074,0.6685016876104201
1.9209032697357336,445.2673787746685,526.7937488990915,3,0,1045.6731878176636,610.9642791523896,1.6573718272483322,1,1,5,-2.335721795031728,-1.085922463709913,-0.892717162044405,0.3342692451237906,0.5107047003620059
4.470327173533668,431.1131412663287,148.94335699842858,3,0,603.9588486131352,503.8561719226531,0.2276218598833297,0,0,0,-3.4828648585382167,1.2024331281232628,-1.0116679031836022,0.5129896509122323,-2.01009343087783
6.006074476260793,838.4252895451384,500.6838536683101,3,9,9.30412020471554,1224.5222245735092,-1.2911825524914953,3,1,0,-0.5030672233936192,0.2360747348828827,-0.8302829977330287,2.791639886990316,-1.2497402612999098
6.182500139338517,1161.092184682594,78.24821773146327,0,12,893.4853519211828,1248.4090763613865,1.4585020579394048,0,1,3,1.3596218359610148,0.0827999427593528,-1.2546009112895402,-1.010273169324726,-0.7679742191444231
1.2183098986199885,384.7300346249164,807.5439770852529,0,0,2114.123939093883,1817.181848905847,2.358762793846364,3,2,0,1.0734637999543957,1.3817850896705706,-0.435287698466078,-4.730266944677166,0.9592927408013736
3.321337677772491,729.3644243902097,550.2272323381321,0,3,1772.1043820383911,789.6783305830819,0.9891045144063652,1,2,5,3.07255465571506,-3.043167898406504,-0.3020007799420627,-1.759045273680205,-0.4255787683515732
8.197208579495994,207.2840992265279,90.26785158295142,3,0,1536.6941161786588,874.0737536213518,5.4396332343748535,1,0,0,2.6721904615928973,3.332701375420286,0.3765387487540622,1.2345368968784889,1.873779520145071
7.274560029586119,2328.944587493,461.749943506471,9,6,5242.182297186389,225.32026357293412,-3.099620025357477,1,1,6,0.2071375480000111,-4.770030622116175,-2.398011412197945,-0.9232629131986192,1.0654211951721435
3.517483368176439,124.06334637867496,268.1084837966925,0,6,703.2932067879926,1130.3490396710886,0.7715712003637882,0,0,3,-3.761968080609698,-0.8749527471150655,1.9591210969144977,1.8299033584093145,-1.1051558926763432
4.056620174938586,1742.1636724733137,535.1963799579822,3,0,907.7753576289452,784.1668701639527,2.5870371233063096,0,1,0,-3.151094651675878,-1.831655284133643,-2.218248593387304,-0.1479231282341491,-1.2706413659362503
4.597041555984956,1097.1189810941207,443.1024270843234,6,3,50.48090980011597,1099.072161981225,-1.5055308164938153,1,1,4,2.03606912154104,0.6967942925986672,-1.5622638520062997,1.4951661787712127,-1.3522157616596675
2.4448208653687757,1.583834707157061,102.04756316403687,9,3,3.61878339265236,567.1124752976298,1.7424713179885687,0,1,1,-3.780011221329056,-2.059651625280642,-0.9217554167007428,2.0559109727288614,0.6690685957835664
8.64399226156245,188.562130948759,119.36451666199402,3,3,2738.899079338183,1321.2541754418742,-1.601190391345367,2,2,2,1.2595897885984646,0.037439298342689,-2.326964543488554,3.0690019678370786,0.5965066811518009
1.745948715086245,2455.202938907485,285.1055645218919,3,3,1852.1509079133805,127.87744980896234,1.0524505691008688,3,0,0,-1.4143149729230915,-3.7566634283842406,-0.4621014452016689,1.274442617928189,-1.5348632457460156
1.3256951018354377,571.9292114371574,398.6404569625543,0,0,2446.2668258230783,426.7183647261362,2.1768941878733985,0,1,2,2.47138606784127,4.091172742646353,1.499499923065969,0.4039590064361816,-1.126838364520316
3.208258226170066,1812.1244960854292,339.67190809742925,15,0,625.2062491328862,4042.160182087206,2.5915108419327493,0,2,7,2.3985595863851703,-0.113796069653254,-0.2589464022668322,-1.8922764411082835,1.2619169046020822
2.4567118781518515,1072.197702554157,1006.5746970119746,0,0,312.61423618298886,1181.1529280964662,0.593385514413348,1,0,3,-1.3952853112484382,0.4856992908889423,1.105584199868568,-3.0302398496240777,-0.0228713452789932
2.0629208876843914,54.05070669249912,380.36463162347735,3,6,681.074345211402,2321.405595248142,4.362374453153883,3,2,5,-0.6147894963533116,-2.2284302924973165,2.2754410050443505,0.9029452838222042,0.1394988091911966
10.03136586594594,1293.0427575644817,494.9211825505853,12,0,16.534122983297213,886.2936588410191,-5.132891591936039,1,0,3,-0.936120543591508,3.856678643780663,3.087389028157899,0.7761391108002111,-1.6595569434565884
4.162096274497942,974.0933140265852,99.97575645613604,6,9,834.0912972303471,772.048040898307,-2.115586878308164,0,0,2,1.101001457008475,-0.7108182909912257,0.0727066601282384,-1.772755775676212,0.0825590899031239
0.5504785486233029,71.83895461271305,1291.8355696847657,3,6,755.8241655507131,908.8809180383377,2.5690297657991,3,1,3,-1.7233857904103536,-2.857073676906956,-0.7781642964259143,4.601592019453344,1.5700059524581018
7.878952715046502,309.2876537189365,396.1738055396003,9,0,511.5017380919455,232.9016668323832,0.559630984685418,4,2,0,1.11997477162077,4.376222777923088,-1.0107369146685783,-0.7244737834492219,-0.387003689353747
4.270425706705669,478.6601649522646,869.027413882886,0,0,1912.5424888418845,1818.6276222685303,5.243905237043953,1,1,4,1.5278463002648586,3.65547194667458,0.7474198044827569,-1.2679454376815598,1.0109887151774797
2.239513768028356,554.5023039359793,881.7266720513941,9,0,914.572287070923,543.564220133396,-1.3499285831491334,1,1,0,-0.1817282381368572,0.991802160377818,0.8869773806109562,-1.5153779750066994,1.1041477443208627
6.50116849662666,171.880011203119,203.3285539185873,0,0,838.9810346231668,762.191165136106,-3.040467922527556,3,2,3,-2.0263064946890523,2.478654484648149,-1.721470380949567,-1.8850889706174467,-0.727647433505005
1.4510021523885566,1879.8630261586504,43.71387126873661,6,0,1249.453298949295,1801.230668637858,-2.0430697242196203,0,0,5,-0.9915136459010894,-0.7389050028052351,2.660614915135394,-2.9949097695986544,-0.6547489061401286
0.1870909121740982,588.5927858083975,241.95319409798984,0,0,710.5022027905504,962.555536751322,-2.656764486632875,2,0,3,-1.5842314338394152,4.0783793931403975,0.3369160116970014,-0.4340498464996004,0.7812011271510988
10.688511759629716,654.7267491429179,240.12049040263395,3,9,1791.4445418214125,331.25875637226187,-0.7313733207952167,2,0,6,1.1676847020618342,1.886825528183721,0.541119958084038,1.7529880709627157,-1.2234174207975548
11.915516256795245,946.081299660353,136.8854108391352,12,3,1639.4520487107477,1189.4588671133772,0.2950042142018799,2,0,6,1.6660344235325222,4.054393466646436,-0.733552062053427,0.3093769113819641,-0.1342383695764482
1.1431590209108131,286.9912438438716,691.3353549130409,3,6,1051.8862793468586,364.7804456693924,-0.7688156644336006,0,0,0,0.95772969601107,-2.437191119736534,-0.8530185473764578,2.354092579158352,-0.3086098619928363
1.943172502450925,948.5496235167018,168.63963558879746,3,3,801.2923521398158,64.9877911896551,0.4105293288624296,2,0,3,-0.6362315788595505,0.6225318920791485,-1.108264369630398,-0.372596355715773,0.0021840103338093
1.1468445008598684,599.8469042509075,346.528719910878,0,15,3350.487717443823,246.4879385326804,-0.3434398080857518,4,1,4,-2.260320482191604,3.154163938014919,-0.7423306353815347,-1.4697993085154712,-0.848315947675437
2.789621406507305,1811.7970405417552,277.1168491740969,6,0,7.209641001520326,462.7562243606865,-1.2681215238008006,2,1,0,-2.9074875048270266,0.9319204323057984,2.3196935878674267,-2.642180257305359,1.65969508672252
4.624541971766463,1235.533035734535,335.940615666078,0,12,5147.671319688791,609.9902910018125,5.692574555695775,2,1,2,-0.9832644338627649,4.018161659419532,1.6837812255723077,-2.3267914829360574,0.4730966237485957
2.794700071123387,1479.2791378717943,461.6749788234227,0,9,1172.4453378282708,297.8753417940183,0.4932407999786238,0,0,1,-2.308910091290721,1.176965076830445,-0.3255252555580992,0.482382483467513,0.8252824991511495
12.200000490891943,897.7531630822381,214.2907038283605,6,0,3880.75574219378,608.3027134083662,1.6732201268730715,0,0,5,-1.953066084275439,4.82635650923832,-1.6160625056777105,-3.346952262061364,1.0808936284809938
6.857790599676643,1193.359091120267,188.1688224684054,3,0,1339.9077912138075,399.9449653184096,-1.5609685300412286,0,0,3,-0.0230606756209037,-1.2760408658493,0.9701141839336777,-1.0090879166609197,-0.3763734007658806
3.4256920657076364,322.484362028995,192.91891192379344,0,3,808.2012180418398,1772.3170396161586,1.888146972488187,2,0,2,-0.7546329639826932,-2.5999206218639204,0.7655648942378339,-1.4283921768024632,0.4658924831000089
2.892881449727345,1289.0658887628454,976.2103318047286,3,3,4494.283707899172,711.6152240720838,4.481679601280973,0,0,1,0.7832495657328781,3.175055038352736,0.3700544171623761,-0.4723745777679193,-0.0767012122649454
1.3651736569230015,103.64693715729211,192.0000210642048,9,0,1694.3950051109698,1578.1524367451177,2.9816904527628907,0,0,1,-1.6158256983128447,2.559465811288744,-2.245795071756291,-3.816212235137506,-0.5350198034723177
6.256185441492303,958.5931018580354,71.22529819563572,0,6,843.594315404082,1470.288665993684,-0.054886153834138,0,0,2,-2.513798659293013,-1.522401385765252,1.81066531053748,-0.8889018123063157,2.002892986856431
0.2538290498984722,2859.8858428031194,274.1401803615393,6,3,143.74640593824026,359.4576412112497,2.10967552594286,0,1,0,-3.85768774555473,-1.0197807445704092,4.06421700165484,1.232626607523425,1.2108236655284106
9.391590364810355,141.25609429683573,160.66799335561123,3,0,1700.8677003985777,757.751778116053,-2.446835203483809,4,2,2,-0.6023277740948303,-0.1709934364829004,-1.205873243319628,0.8024333298124959,-0.9711684522178404
0.3976607797814643,162.78124200557642,206.8900373709771,3,12,1034.1167185241386,843.747245387796,2.4864927172782765,3,0,0,-1.3033830624306648,1.2321625081471377,-2.532703190385627,1.8770861110877683,-0.8420917831032091
2.0314467161145937,1043.132718125776,1031.048304390791,9,0,35.30716255605937,1104.6301907667378,-2.408790406729656,1,0,3,1.9468107531318124,-1.452089711763472,1.0392980980124251,0.0090896610803132,0.5069782526923888
0.8363430077711302,599.0833152912184,728.992726308488,3,0,3612.207114901283,1181.6837042599002,-0.7152177752416242,0,2,2,-0.961068490830919,-1.7205086160668015,-3.070434808215944,0.4216028223191226,-0.6669485616228904
3.7683347534004583,1206.987250118746,868.3131582396817,9,0,3527.9212596175967,167.19867368287794,2.449099509072311,2,1,4,1.7334026924366244,5.531478142347113,-0.792028998887784,-2.34740015577414,1.220764983654057
7.786162323344356,1056.958284491527,478.9122145030664,3,3,2020.6379614246416,680.3202295635176,-3.3026720146870705,0,0,0,-0.933310458163445,-1.9608634842963304,0.555892043360515,1.9123195172500853,0.0311367855394963
9.444295940220488,1242.589343029095,18.88692434429465,0,12,1306.7979257228794,2562.45673252984,1.6884454991681086,0,1,2,-3.8477433236497696,3.206981678628376,-0.5054838688080607,0.4895700072636979,0.7646443113197301
3.223495819274825,725.0795921680453,549.2436389356927,6,3,1019.8635053387068,1130.6262780386878,-3.5414717565454943,1,1,4,-0.3377886412792159,0.6431531667653927,1.624253182253169,0.5826391077687558,0.8920354579130843
0.2369860026878358,17.049226869832236,120.0394802224176,3,3,1117.9611361608136,108.51682309746404,1.366609112622068,2,1,0,2.061572181685896,-1.5766062665943623,0.0228149304917126,-1.526243371915812,0.2852627138988912
4.132757112631118,951.5738824952994,434.3061306296897,0,12,2439.3143557309054,573.6581199821993,2.656301225259436,0,1,0,-0.4199434431744524,2.036248034532468,-1.522322269047525,-1.7214446545898068,-0.3270070343669084
1.1047667700159949,535.3530291160848,199.14986632843755,3,3,92.23328761004316,154.85967804028223,-1.5707002288815104,3,1,1,-1.9868786461467187,-1.1419526911499622,2.1017890499131284,-3.728203734605814,-0.2419816643210545
9.748430755299776,238.8088889813269,875.3387872407787,0,3,1531.9207295213291,156.27435431641248,-4.013335596983483,2,2,3,-0.0458723385213653,-0.225486357737074,-0.9395451592590124,-2.075501832732124,1.808847456156623
4.724791269752347,940.3666853084004,951.720136044755,3,12,2498.093770527884,301.2605058166588,-1.2398899343779912,2,1,2,-1.0850749943935598,3.752940342756109,1.6869064794556856,1.2881122865574273,0.5135373779396685
3.9538498012452674,1005.8370962828294,494.1100550776758,6,3,1839.5604838968304,874.4087478417865,-1.5137819109657145,0,0,4,-0.2716041191552159,0.8812389512064212,4.240837798160144,2.800267120684373,0.50649570798908
0.5074472393910544,65.40037412014831,347.44463279914265,3,3,952.615366854672,285.91807804303875,-1.1151124539155377,1,0,3,-0.0689796906648954,-0.854772691211027,-2.069909260312646,-0.3820522221866513,-1.0784451577012242
10.291547092584336,2163.514549410541,351.9156450800912,3,0,200.65192216372049,1157.420122217792,4.904085970254573,1,0,2,-4.3358057804307135,-1.469989093996554,4.038444299953928,4.831444245306095,-0.910942732201276
4.013985217951598,2520.239886999001,124.25765225140648,3,0,1104.6203846620083,1394.6821063515313,-2.7508723646013635,1,1,1,-2.1045620851096767,3.239797412004452,2.7880551456590226,0.5835160352030924,0.953555540241212
0.2407576252783909,1193.1756530715877,446.19449024703846,12,0,413.4762656848425,181.53434544853909,-1.6357857987336812,1,0,1,-3.903954668648085,2.602670767648025,0.7990642817096847,-0.6864838028349793,0.7180162406033871
12.938973101338194,327.06149297084744,70.80618977596185,9,0,1278.0326817866503,800.2733603475182,-0.8836452859875925,1,1,0,-2.1514757416808004,2.485851507913523,-0.9543273609230752,1.8315166524263395,0.4218728985035441
1.9372454620383617,27.53026515801416,306.8489171449855,6,3,1467.1240260208654,185.76499238154915,1.1316437862464364,1,0,1,-0.6230977423584558,0.3908321634037591,3.122343642838921,2.1651258613177,-0.4609002841093504
4.920693140081966,168.76775269166723,404.5730187144917,0,0,417.2835972004077,552.846970704795,-0.2823933528726412,0,1,1,0.6138236421271472,0.91513190439416,3.722927213169831,3.306492015564234,2.4155545801291285
0.8027345842501696,480.962513728686,287.38247997043345,9,9,932.197810839962,249.71118031639983,0.2908254222436035,4,1,3,-0.1701222934211754,1.635288603757194,-2.094314297739346,-1.12650567724864,0.7812751565346405
5.784816545666914,83.22778059921643,539.4402972923558,3,0,2211.4474113107235,105.73080185093676,0.8476149129506261,1,1,3,1.336617759777248,0.2930734965536101,2.8472161526440987,1.3690263258924986,-0.0577539614800503
0.8369480843256126,660.9170981114003,951.7579176904322,0,3,1457.7616296475196,205.16857951090563,4.729820062237698,0,0,2,1.2178877956674052,1.8719781006627385,-0.5387769590751765,2.215865995886105,0.3579943422272161
3.417402736298842,1178.7066478198742,512.4481507049576,0,15,1468.7268070065727,1901.3495228274444,3.4161945140807566,2,2,2,2.248382327100379,-1.6346492776315755,2.2864172391812554,1.4171075697247184,1.3346426240392146
3.4305504628430312,1135.1717298209037,634.3177583890687,0,3,2097.8770415085783,529.5043435592734,-0.5043140084895263,2,0,3,2.880689507006219,-3.89404280695935,-1.3472507521957768,-2.33035423449014,1.5437522571548317
5.871193759814624,81.1944205164401,614.6193565052687,0,12,1371.6659237446015,1464.9142393579143,-5.033929170587334,3,1,7,-0.3331340734938154,1.3901704204032916,1.1237001936309212,-4.515149742505766,-0.8208234477953009
0.1411891362740994,34.133012944865705,811.6625572211079,18,0,385.8618032790076,1707.9201202591655,-4.154392280809223,2,1,2,-0.2074390676098045,0.3504216504657541,1.6438507830604965,-1.4747836401016776,-1.8694943965206208
0.2428731431096318,602.7719506276795,70.3034808888269,0,0,1114.8162375966406,208.726065005242,-2.7463388501080006,0,0,0,1.015091815935213,1.451190952205346,0.0331083378940468,-1.498145715731758,1.3630529430736795
12.35032162310887,842.9279364086827,160.11767990211536,6,3,1074.7828949181635,871.2965499447913,2.3524593375271867,1,1,0,-0.0792225856062942,-1.4932782542565686,0.8833803915088569,1.9281828714740987,0.6348337491097078
3.180573669061894,869.9273726942591,130.26296408480715,6,3,195.8549149172943,197.835896073683,-1.5974789394947977,0,1,1,-1.8396136629754785,0.806405631819692,1.3642984172290038,0.4830264589777482,2.165876689802166
3.9200835798495337,194.98490284401444,117.303779116255,0,9,791.2232664878686,591.5638489871745,0.6932235250390887,3,1,4,2.8923725456904155,-2.650221477012429,-0.3351977267198024,-2.9452483584208284,-0.2999184175737031
2.1735448401576285,2739.7147805114787,363.4622563346733,9,6,351.0340520531527,906.9394590325784,4.034585223050608,2,1,3,-4.423648164635328,1.004153951655235,1.6767134852539154,1.7467988571365214,-1.1728800342620094
5.266869122425706,1129.6343743452924,83.4128739956055,0,0,1424.8782767997054,2093.937670757494,2.16113116567304,2,1,5,-0.687246016980037,-1.5505649989732575,3.719174141519431,0.3303936840410647,1.7629484102656794
10.982414860871351,724.1686423356978,197.30549743912476,3,3,1795.6500040981837,138.7171163464105,2.169735088949733,1,0,3,2.09664976025124,3.617052286647321,-0.7470571648113582,0.1453098683854694,0.7513422272169695
0.5023243787703643,922.827184571458,700.9019768651372,0,0,1630.422508919428,1405.0968914111309,1.9074970850435715,0,0,2,-0.3584819077265133,0.347256016035077,4.672691121404146,1.579393079097206,-0.8330076668263623
1.9876543878058024,1288.0047030793826,1.2168295196492118,6,0,872.5423893904356,2333.920964774901,0.7679441771905702,0,0,2,-0.3533588347411377,3.7095958352009104,0.2718514050497098,6.39288253120576,1.4686836851173255
0.5690359270849197,673.080553165814,373.0331272493017,0,12,1426.3479244821574,392.5870284363824,-3.387943777448837,0,0,4,-3.3688100581054075,2.370613385052028,4.641617975237628,0.7002292238459606,2.2781276703877
8.386326870455967,492.4394247123943,227.41441117681427,6,0,2417.241299918496,904.6693710584874,-0.7171547851833208,2,0,7,-1.2658989486943355,7.649293475306979,-1.5362620715801671,-2.151151116849211,0.2256518183201842
3.445981992384308,445.1406158477779,450.0282668340804,0,3,1733.73128215704,1715.631329776478,3.02421610098387,0,2,1,2.532188462016829,1.3148998171905055,1.6859128680550928,0.4910930417798208,-0.7959082685088856
2.98403954291048,3.432022384523892,104.05174008229471,3,0,1959.604835624221,930.4613751640488,-0.1199561637397406,0,1,0,0.097122849918255,-0.3509592382998976,-2.632810844570141,2.427096914029951,-0.4015579518352054
0.3871629619898465,1438.350147836714,88.78602877298088,9,3,211.51604696399195,1429.6569613428849,0.3418650700780647,2,0,0,3.6332275120025703,-1.6429790784217555,-0.9761572018818988,1.4432063492353673,0.685093280804924
0.3685193596386182,1605.630137430467,65.43277441115184,0,0,192.26147618062168,220.4977774201217,-3.247612511729716,0,1,0,0.5251126333071572,1.0886451286714411,2.0301693137153647,1.1083616637999338,1.2593903596580234
6.809876665519381,1417.457201464078,203.85994615788508,0,0,1718.1907790522412,748.2523709037288,-5.474592053692771,0,1,2,1.3056846177870451,-0.0246492210301321,1.6286825245898815,-0.955382367792346,1.4348937603969822
3.891201349493602,748.4874605090511,242.14222544602572,0,0,406.89950770084647,789.1117213611384,0.6041928249572438,4,1,2,-1.383039982056871,-0.089936303283959,-0.1146897756397262,1.4612651656938476,0.2752330159647421
3.7374053567620265,590.1536716057964,621.8801360313744,3,3,430.0728238476482,714.496130681953,1.806932657036472,4,0,0,2.1338519952778774,2.935546948189173,-2.350657463159151,-0.3804978661404297,-0.0073084590854475
8.980713631200942,1967.276758997428,392.979901028389,6,3,2078.824597934219,661.1705174810972,-2.3346521757353744,0,2,3,-2.7513685011903526,-1.5880546458963651,2.55530695215876,0.4574696814966226,0.6068238829502864
4.946314786766036,851.0392962118966,224.63740401386383,0,0,3479.884969215532,1205.4906281201893,-1.0874035016584824,0,2,0,-0.3177824683294293,-0.1982877415042172,-3.065838280451953,1.7393107378373112,1.466398805394867
0.4315659461953019,941.9310329801413,1040.702330992268,15,0,396.98509013639153,1145.9380434189502,0.0222954340709302,0,0,0,-3.925357592354763,3.782033899080136,-0.1440346134974963,3.199832969553525,1.021539382730029
2.9130035744139238,1295.8708099057894,534.2507351661108,3,0,1921.1156999629457,516.4720564821451,1.1684469512231992,0,0,3,1.8287214846189597,1.4109206877266265,1.6701638202075049,2.0499887834072044,-0.0316567606060947
0.8121756798102611,589.911177256665,153.92647795627582,3,3,172.21276832596843,883.5482924951274,0.6063275240748773,1,2,0,-2.4916223484660494,4.440165689465103,-1.2607078834077,0.4545565924127094,-0.1116084977704639
4.46753050049136,1187.1769731666495,90.20433727254888,3,0,1539.607744796285,1003.9369098621916,-1.0290316558852337,2,1,0,-2.796039412888249,-1.028969472172767,0.96227355832606,-0.3882404220460513,0.8063173362526989
3.581757809874081,78.21516719744336,561.8015672690291,3,9,1783.9243143368733,42.89471486946708,3.569671602166464,1,2,3,0.5525934330848375,2.4310492706225704,0.4256467936356798,-0.0673898187502144,0.1153925404511953
3.859229464177465,481.9558878434288,802.2387656281186,12,0,988.2435668273512,307.72025283724395,-1.415645301827192,2,0,0,-1.2410695529319014,-1.727158317793804,-0.3349752759278824,1.4665520850553069,-0.3847272600584512
7.407950215154671,1024.9805766925176,203.78709820204563,0,6,648.0119485469369,215.97360096356635,0.244401264845413,0,0,2,1.618343206516133,-0.1264207980616647,-0.1555943287522458,1.862592912770728,-1.475858021128727
0.8885413140381486,156.9849634868008,224.33953205900448,3,0,1596.396700323479,944.8222760104032,-2.106061164272912,3,2,3,-3.624487850824076,2.301038202526284,-3.209840942763668,-1.3350110828592474,-1.8431911534279648
1.658141325982048,137.2552667517517,958.0730982655704,0,0,537.0972074203828,379.2481381817028,1.0889525112447824,0,1,1,-0.8913152412333019,-2.9145574636464664,1.8257499347413555,1.059534888293758,-0.761729857039838
1.510202869851628,483.2047574280329,1059.4019475155394,0,6,933.9471738871352,505.5584180757142,-0.096675541490381,0,0,2,-0.2164630834346411,-0.7640460490836778,-2.029475087245321,1.3089075651641886,-0.9265518084788666
0.8543068963938534,1827.529596206785,206.900071112566,0,0,4020.862103499117,2282.0797006222656,-0.8933231687060836,0,2,0,-1.2123218898041217,1.9259205894315052,-2.9608584063818126,3.174683510168704,0.9950290496015896
1.3592362838221264,2038.184369747845,77.95775541755063,6,3,4126.323620288818,2406.3267793160576,-2.1305077011956226,0,2,2,2.433678377895073,0.6394427235657533,-2.3197367344250868,2.91389282686901,-1.4369743378450135
0.0764100695336622,1969.1245303486512,40.78290874969152,15,9,290.28294330226305,3573.757312275015,0.1912021273632913,1,0,2,1.0392491560520236,-2.604669867843019,-2.9047195860219874,-1.8466667954497744,-0.6099071765666904
2.244134995412694,83.16851364373379,352.3910873980768,3,0,693.709556596703,341.9854536173256,-0.1131068597026943,2,0,2,-0.5095989889462184,-0.0491170897144153,1.3779312941067183,0.4180489317106863,-1.088168521706647
2.561277028023069,458.6837631457349,426.840121183016,0,0,898.347591274967,75.06836826126863,-0.1666184107649126,1,0,1,-1.3043597148123756,0.8953543159728925,1.76081238904574,-0.6942949805422721,0.6035982395272081
4.138364515815687,532.7053423992097,221.89736559086128,6,3,1286.6947898833544,384.7597323090064,-1.827428159869689,1,1,1,-0.1145510939011866,0.1427686799788825,0.0660706920170954,1.9356880760363744,0.143363854304407
1.2416219453201451,870.9095890133896,572.0007769907439,3,3,2010.397502212704,214.5216387442064,2.1498442189624023,0,2,1,4.2069211472237065,6.1929528501196,0.6712006764742794,-0.3130397309430026,-0.3061931916755104
2.82091129820625,1015.6545513585592,48.7917359487386,3,6,1404.738813904935,932.5827066921568,3.274810811005853,0,2,2,0.5148773318278291,-0.0144470938605785,-2.4203351400081594,-1.174195181709302,-1.1314155729538
3.008922384186901,1194.468822907555,215.6525314944953,9,9,60.89297940468519,91.883594211311,-1.8344166593985491,3,0,2,-0.7979942357644907,-3.103819387080911,1.0483163148714771,-4.8767490369465545,-1.389029571364561
6.218057588122644,90.38483928839548,90.04115093039148,6,0,1891.8184418017431,53.037008210689606,-2.4148489764447305,3,0,5,0.1784292623139673,6.771757194008558,-0.1840632893553364,-3.0823363927718472,-0.6808710979843713
4.747687824038676,367.5332079031066,138.51991102537454,0,0,666.5520090447144,2038.79882904007,2.118064351469347,3,2,5,2.93463769620794,1.5351213511920645,-0.3319153541195798,-0.7940780169040744,-2.8525548825777807
2.8381536402728296,554.8348766252742,85.50234223689336,3,12,1039.2138787834112,515.7274966342377,0.1604598147127824,2,0,5,2.500755867796883,-1.6024728964409547,-0.3895598014705657,-2.895815599361769,-0.1955418948827801
5.428110566021855,292.1281347885563,588.7532206029955,3,18,189.36716855908497,2893.4760144100314,4.068087146279064,1,0,0,2.030444921367165,-1.509333823717071,-1.1966630539127372,1.6733469179670726,-0.6882634805721654
7.268249338792819,558.9634173364853,894.1036113700035,6,0,2760.859851211449,1627.5409915005405,-1.964363598521388,0,2,2,2.415008587833663,1.15193407088695,-2.668644213369456,1.2240519197914457,0.6546005263105954
1.8424585041566144,1352.2595056659186,91.5172601612395,9,0,2406.523727417072,1894.3422423574575,-1.6795296345296014,1,2,0,-0.5780788168754853,2.4745732355838133,1.015263629852624,4.738630080079394,-0.2199492014486252
0.025019203622115,853.1688480049652,461.6856364549705,0,3,1168.823720864808,1097.226271954325,-0.6307696196432189,4,0,1,-1.2600140511101805,2.855941575572651,-1.6136919625835306,-2.5026319754210404,0.5198566848234593
6.064308183395704,458.1725205215072,104.2156169785149,3,3,1910.3018886354464,430.1197872821661,-2.0500397676968083,0,0,3,-1.3426479914115226,2.701557719707002,3.403741445122946,-0.1404338242542255,-0.2232397894325356
1.4830335441201237,1760.4182646784348,269.22688778502175,0,6,674.3434110261443,2773.992276722164,1.780221325914178,3,2,3,0.0810887997503506,-0.3453175620611695,-0.990148657039003,-1.5676698032043224,-0.4729497064652015
1.3983822962076728,755.9723797711241,769.725559139921,3,0,470.5479240231157,840.1401167322541,2.283143778007333,0,0,0,3.7455383444596215,1.8338362760313545,-0.0200924793993133,1.88942002218655,0.2855018229527887
5.59389213973983,510.8638002782331,403.9278091373496,3,0,316.93773849002133,1485.679850908601,0.5853198249858955,0,1,2,-3.546493435967931,4.957237042530092,-1.5221618475506489,0.9277277976075712,-0.0083001476824015
2.4566160253336826,2108.142721654919,1205.4808095811486,0,3,345.6191574262881,294.47963490413565,0.7193920501062827,0,1,1,-3.2494386019279355,-0.7482486528655392,2.3834092269111133,-0.156108055180389,0.9700058308608582
3.7934041780317393,712.1719369167471,174.98549772143988,9,3,1991.5549218647327,1300.156863423853,-2.483629739228464,1,2,3,0.6506641924201323,-1.836250949749431,-0.8382935279438015,0.4351306051000185,-0.5240592693359961
14.962202135642002,494.3841255569417,830.6346801411578,0,6,1029.0843955907665,1924.537939291816,-0.0007064031498464,0,0,1,-0.4423859276700232,-2.823804302728509,2.36351473914326,-1.5848523269768084,1.173165613360175
5.856575842150385,44.944979397078974,504.034192111394,6,3,231.4783676013785,1425.2084024315209,1.2916001639795114,0,1,0,-1.670850461526407,0.1888520142524536,-2.1976326495869465,-2.1542166432892107,-0.0788779274767854
1.5778090988399245,639.4251377477018,94.47498436657952,0,0,1990.9911677955888,71.04188111731605,0.8364476796918017,2,0,0,2.592108996537198,-2.9413164760795847,-4.719789612845222,-1.9915778960260684,0.1054348761271993
3.7257321000727694,512.549008139925,120.85146052241356,6,6,376.1514768863736,157.33743154563703,-3.395516320864313,0,1,5,0.7620187432129233,0.559984754427075,1.9420857472283608,0.2920086860424207,-0.5186085453158135
1.0806458902620206,1372.013666741955,644.3522524258084,3,0,951.0083513729578,1875.5869352185528,-0.941793021968808,2,1,2,1.5663810072159008,-0.5721389018762,3.7036847366458776,-3.4745181683271102,0.9711840016627282
8.248620596350749,1952.0483120341669,63.43275629770183,6,0,1991.9362734987403,307.86401286468094,-2.74981490472552,0,1,4,-1.9543835525291688,-1.0478611104057112,2.3856713049705296,-0.6888674566645928,0.9008623318583624
1.8646801357684684,333.5384406120877,450.0397638673187,0,0,373.67247690918265,400.51311825486425,-1.9583293021867365,0,0,0,0.2113477727265338,0.0324027364778289,1.9275299625272664,-2.622658673884473,0.5224442175432448
2.33712506912612,133.82095422967677,150.25137145599723,0,3,3426.103739290462,1610.1862548541878,0.533636883020622,1,1,1,-2.0270273758855755,-0.3875834634453412,3.829012408085731,-5.07765563942021,0.2431672180069577
5.050849711979629,1644.264322734438,1194.5799546329304,0,0,2243.346889301955,260.5497905723028,1.1837691960059706,2,2,4,-4.220424829253942,-0.9740476278827906,-0.7111990254817808,0.0170648533581896,2.32241738016151
2.838307722471396,296.71090329812233,267.1440104139996,9,0,479.7277690541002,1327.8304855180736,1.95687881483365,1,0,4,2.372925485337017,3.6179926746419886,-0.739206568033582,1.9932327938229395,0.6828612846995713
6.313261632052266,862.724791686562,22.63600182517077,0,6,435.3094776264915,463.2585703595104,-0.1235874043589544,0,2,5,2.739858489490664,-0.5024311107637558,-2.112848189873647,2.24149692456718,-1.4440025555128595
9.026015541737118,1211.571672771966,594.1510027942011,3,0,673.4696275869693,1072.8135594810838,0.3927166553238252,3,2,1,1.7634902068347358,-1.77727510237786,-2.24342712990077,-3.777517827344715,-1.5008498352895154
5.453461798405815,1048.8937778609356,100.11166924404752,6,12,570.506222948118,562.4510368401866,0.3048029357817063,3,1,3,-0.7190583675240587,-0.983443209033964,-1.4440571094919064,1.1545922067512653,0.3887828449958642
1.1394203826003788,1270.927213853142,756.5479783301249,9,3,2339.9837904880533,1133.1904920107424,3.288191570642618,3,1,6,-2.089468763416842,2.512304569410344,0.3918512981660109,-0.3049672695935739,-0.315117469956696
0.8223485905938643,1256.207560896862,1030.8282373213358,3,3,1555.6216617200057,1475.3250125171687,2.8307956513194843,1,1,1,3.4028458995311635,3.741854178186091,-2.254349522217028,-2.757676008143293,0.345146178497191
2.945561520812243,921.401001454994,72.1315587786668,6,0,1587.3294162114337,247.9631957215794,-0.257306482094463,1,1,1,0.3406879455724076,-1.2517429071432773,1.4843051886813643,-1.191923045514227,-0.9470321095133416
0.4338105248552035,528.4946844970514,475.9893327465364,0,6,1473.2108784275852,850.5854807063606,0.2412233283985547,2,2,4,-0.6514790452296613,3.326286316290002,-1.7370146586543185,-3.3053951014456877,-1.608048669357366
5.096921682025025,1711.6488779212582,203.5463091214181,3,6,2665.307727133504,1356.378547706281,-1.404111547355126,0,0,2,-0.3066434888514615,0.1494595552624329,-1.99478626675074,3.0594290648183184,-0.7252599904774233
3.1417951155371977,227.2926739685605,1395.6614030327305,3,6,1293.092228381344,43.76128551308727,-3.273083535144329,1,0,5,-0.574853245652428,2.5505528066543093,2.6691886316959685,0.2665513955545173,0.810866754912547
1.5970928059185872,704.904422996335,362.3537851988023,0,3,652.0660863027122,31.458338536859483,-1.597401881793577,1,1,1,-1.5210867012363911,0.7164102841812803,0.8294221024942469,0.1961488774429942,0.2041150233467954
1.8307663626457216,714.6356068225249,285.3791846355952,3,6,344.26769811131794,289.1056730117463,4.707147075351657,1,1,0,-3.3561864230461484,-0.1800269775623073,0.1449618348829673,2.407846448662536,-1.3230453787971994
7.088405844029842,231.05789794859737,444.4462064827178,0,0,1316.710712251596,750.5177926910802,1.4724806465851437,0,2,1,1.6244197812118306,1.8094161797283044,3.312356461867676,1.3158378802495374,0.6641850330356931
7.8888141049531955,909.4286998484048,241.36999262573127,6,6,1637.7191305158465,522.4764508525877,-2.097925705436486,0,1,0,-3.036258237015763,-0.8952274434776248,0.0520424618119577,0.933853893508654,1.493668896388419
5.685915690593469,1241.070797594241,359.35974315131665,0,0,3695.6361311231726,448.0377201563125,-0.6682224564373218,0,1,4,-2.6242434354791966,-2.2337037912958344,-1.8002997956772198,-0.6020891591923966,-0.6418668125025978
0.8796984295984277,144.5105078636878,945.0368218902264,0,6,1925.4303123955483,1242.3284043743458,0.0019653979123228,1,0,2,-1.0562008381696222,1.224778943567494,2.26628444150941,-1.5068757094301874,-0.2816317189126353
7.486580808386931,270.1870141059089,156.2065566844831,9,0,1637.4117831418137,1212.504118603738,1.5341990754569472,0,0,0,-1.5149484646936215,2.935451811825023,-0.723549771868361,-2.9355792469140467,0.1533251148372636
4.927933757478115,908.7280047451987,604.7525920365978,0,15,328.9606189692724,319.86366262289425,-5.258321224772368,0,2,5,-3.0643612206942383,2.2196399161001628,3.1837732190777794,0.5349083198890381,0.9143369989629472
2.937094594171627,725.1245961112521,251.39953906510027,9,3,867.8524745890005,2395.9393119276574,0.8822971402095718,2,0,3,2.680683777745253,0.7591601887070907,-3.3901780608969228,-2.073424401894707,1.1832383803937347
12.127209554071111,1445.9904114910075,448.3795156071898,9,0,2301.592009039907,2008.320694650672,-0.6561943276338222,0,0,0,-0.7837618437190621,1.989475907735832,0.1898954020090966,5.222791328998922,2.0813347513967857
5.425905454240146,1256.8428372829903,538.7533907209028,3,0,1339.4093420358583,236.88223209244063,1.5264655174149897,0,0,2,1.5861304876962854,2.171588238713151,-1.1836444413664833,0.3781507262877909,0.2990973021627827
0.2829743666528523,2072.0031855990364,1140.5492833253106,12,6,2600.6390965805795,821.9823021454333,-0.2206376789616382,2,2,2,-0.8535160741511916,-1.72089520435219,-4.691175237603228,2.274832120427642,-0.5629226561814408
9.457289074842311,4035.011184409236,307.28439016041364,6,3,5308.729282999496,3380.83780035601,-0.9561381739347334,3,1,3,-2.584260834886892,3.5683672268836237,-1.8062988338641195,5.386710640371908,1.2630336564661822
5.9292541313592935,883.5757621947554,124.80410704555912,6,0,101.18831996081468,1375.1093158794824,0.5313713805711557,1,2,2,1.4079423842545669,0.9871339043526236,-0.9544067080473136,-0.74770425423814,1.0993155539120214
6.303471537228258,2078.980080143314,321.7525680338696,0,6,4157.791312966668,1823.8704518594152,-3.3428233900431925,0,2,4,0.9068328724132032,0.1366837624015131,-3.18939703370384,2.214445502445678,0.1381054809310222
1.268265755493354,403.54949747945545,161.11819116542472,0,9,405.5415144569294,247.305353140773,1.5205605165647584,0,2,4,1.0984518497736933,-1.0500542856776889,1.2829445407309616,0.0457263293859515,0.4525658697817074
5.2556976540718905,485.3818972793911,27.702665744050385,9,9,1911.273363082576,1381.524896525939,2.8068923328119237,0,1,1,1.6096277621104476,-1.5652263923249936,3.296324656769169,0.6455331360307697,-0.3310223332973177
7.04308809929064,293.53866934633186,423.1619806304311,3,6,767.9834667248591,141.68563799349116,-0.7830732719077476,0,0,2,-2.451720018963329,-1.0474118385904247,2.5940830790542635,2.170404411997352,-0.1684822912830666
2.2876923914943954,7.890379265517167,351.6227597643113,3,6,1750.4178313538291,1604.4086556912955,-5.130568018211512,0,0,2,0.8919579741132091,1.79539831430645,-3.0661541137296817,-1.513409744778288,-0.7516330082610289
2.0629165695867586,265.41649837639494,177.117038097839,0,3,1391.9624271665562,1430.198205503981,-0.856273083623061,3,0,1,-0.5126143946901971,1.356602785994825,1.9892673057895731,-1.777166567378684,-1.986826079007121
1.3343811574091395,1213.8304164610258,349.0048504403221,6,0,2651.543897516425,25.90486516064141,1.3487531932075605,1,1,1,3.063737881375391,-4.253609579327044,-3.1656365074961164,-0.7488721073463678,0.5142646155355837
0.1382412461498116,1208.190833793681,590.0729767784662,3,0,1484.8361079809215,326.9932808342626,-3.270307370794596,0,1,0,-0.7916152433803065,-0.0687362533312705,1.4695162565574391,-0.6431761357793995,-0.4105584177134855
10.081127036807615,156.58790071517657,90.01784124623497,6,3,1244.1069924565063,2309.432962655891,5.939887350652156,1,2,4,4.9269618296946645,0.7422471003365588,2.826280387307116,3.082560278040672,-0.945584445240682
9.339851962319049,372.9014353648125,91.6303969250497,18,3,336.69332766716053,774.5139225611423,4.861967728469757,1,1,1,2.888771041178682,3.5988055162204065,-3.663343949086889,-1.153012947670469,0.7736382100991933
3.029816785061608,876.0444807914754,315.41040184099694,0,6,877.3087932029682,506.74530951792656,-0.856828394984684,0,0,1,-0.1039964898510792,-1.981968472492632,2.6843119061280367,2.6130805793888507,0.3988215607867139
5.638802135425868,952.3473064361388,623.2064635004066,3,0,1189.897637061327,633.6500193056895,3.811033891674517,1,0,0,3.844744442922994,3.523081835387585,-0.9075211520270284,0.6869408516704739,0.9702830816515066
1.2202771196514384,18.065224170856094,239.0481006416053,6,9,1369.6093790445032,1400.6134828425006,4.19589016706808,3,1,0,2.2920239550013157,1.1108358819707291,-0.0416400175370657,0.97984570561747,0.3530701917554267
4.666664405271664,615.2122587633942,19.248756852577557,0,9,34.589258369448665,709.964809506086,-3.791439235763344,0,1,5,-3.0844628682105624,2.3349255916415297,3.305156199709428,2.619976147633614,-0.3774304562731705
3.623957812500892,1250.8019747407277,130.1924381564476,6,0,266.7367531046252,2680.5041667030187,3.689003331789841,0,1,6,3.888070148956244,-1.0062536044635266,0.2360863490335599,0.0501252768036923,0.7568794804081925
3.57614382477313,660.4011459602784,999.3541552925376,3,0,487.42752498738736,1511.792619572193,0.1695129160638095,1,1,1,5.335946566400046,-2.5312523319850584,-1.2424542562402068,-1.8042285299542844,-1.135789910360055
5.678155834753383,648.4556121466843,243.7457103492541,3,9,143.4984282118827,770.7089025193741,0.3157145046888626,2,1,1,0.7490392551420978,1.467182792985796,-0.9064194738792865,0.3613431009838159,-1.6054239654705933
4.889274995850391,175.01690181449635,202.49607721000072,3,0,1201.790161604058,581.6112555885833,1.068644401403973,0,1,0,1.5861460785128971,2.077379141385736,2.053907189377857,1.224842092157476,0.5996328145013629
0.4614075822852923,918.5741209927776,1175.9033280541275,9,12,142.0224149956788,285.4372309567213,-0.0330111422489829,2,0,3,2.129704595566912,1.798247089327328,-0.7586508252092892,-3.450286609035724,1.616468507101385
7.532860353622533,999.8237013044568,184.68815270811095,9,0,2829.427004916424,732.3855872266348,1.5875581537974903,2,0,0,-0.3314229382293698,1.5920123864881095,2.728531624063545,-0.6397532141981606,-1.079729075734558
3.2882915185404507,1176.3071114513934,380.9419255610213,3,6,1976.3284144177048,609.1142669300767,-2.432656493663564,1,1,2,0.4144331678189346,0.1345103945536769,-0.8487102287897261,1.872068136486571,-0.0243442741110603
5.400102318628069,1185.0219554299335,90.75009212160856,0,9,1905.852286786255,1245.0133484760338,-1.534903081761664,0,2,3,-0.9046168764456636,3.464492902493697,0.0267422390694507,-0.8459349935794724,-0.8062500240003184
4.967985390430257,120.61846323384034,609.5225038218151,3,12,1192.2575049321636,32.736036157144525,-2.209130397699539,0,1,6,-3.1870259505909257,4.23325497038802,1.7728365027794843,0.97728086854522,0.7191802067430445
12.706579337778996,25.76243218384622,477.40010524798606,12,0,904.8397868673128,2427.1939902954573,1.1657216758768836,1,0,3,1.6114243292959791,0.0968265234631295,-0.3764569852924991,-1.410991814003771,1.0455460788944777
2.578830691481733,462.4626471822004,796.6329279164889,0,6,1674.4916541160692,268.45656634203607,3.036309004082912,0,1,2,1.7316562385884813,2.044628538836146,2.443008312360154,0.4328072227279566,-1.038894643838234
1.6020441133573953,585.7461393491587,426.45700683749135,6,3,467.97895090673126,1201.1495538018253,0.6247710764020813,2,1,3,-2.0800255293729992,-0.663356662848209,-0.7830155180821063,4.297235344412444,-0.960207080886908
4.50751686823396,1458.145826355373,136.65145644801984,0,3,855.576304307419,45.29909293591657,-2.193219382410807,0,0,3,1.6803311215235637,0.0572232458563313,0.8721230914649718,1.5861538761883378,1.4295368405251307
3.904816696040585,589.5262672805205,147.80003306214454,9,9,105.81655970732828,1168.5686868917587,-0.113593430536699,4,1,6,-0.2569531158998457,-1.7484982967792555,1.7900501029354678,2.91572016823494,0.8568791689782135
5.0276804209965125,1863.66172331051,883.813951881934,3,3,1823.043929098848,989.2909639474832,1.2788786329123345,0,0,1,0.8221733285430604,-2.080324812131328,-1.478775535168689,0.1657763510643106,-0.6705016531312626
1.862988041173908,753.570913989645,40.92939454049491,0,6,772.0030822536211,159.3603403924886,0.8338811407170179,1,0,3,1.709464445750819,-2.2126849834210813,-0.8784896769527144,-1.861986940902213,-1.7100008627161365
2.899359869201104,220.82624123896576,57.99457737451681,0,0,1774.6134997876886,1011.5885336264764,-2.5795690989585798,4,2,3,-0.8364051960944754,0.3488747394060222,-2.151326013245101,-0.207796661922446,-0.1164401008982796
2.460427611891953,898.909407660551,44.437792535585146,6,12,963.6511306653784,605.1343482288027,0.9786051983583256,1,2,5,-2.8649336506415697,1.2958296021130629,-2.39345336891079,-2.023242126277871,-0.7943671584264551
3.85110946489984,280.05708727126927,515.2146309386857,6,0,367.87072304546905,1390.8373669517366,-5.289623954211323,2,0,6,1.23436065723535,3.0845520484275024,0.0285336015134178,0.3033686691318666,-0.6428351654243841
3.9886875890742974,940.798101935018,96.36974317978331,3,6,264.84993384155496,327.8532860594857,2.596076904574048,0,1,3,-1.8682036530484023,1.7396807417252227,-1.22792849360464,0.8646672897379746,-0.2493736329742429
2.0913875751592843,1175.228106531035,341.25891681363686,0,9,324.25040736578825,903.4389596975852,1.7858509327826837,1,2,1,-0.8486260353245283,0.4344458209081234,-0.3912903844846176,-1.1963839762844055,1.5256387612697508
11.17651311292571,1519.4108216924103,266.06139571351343,3,6,2232.2231482115653,420.94912285265343,1.0875605996328557,2,1,1,1.9895713095883347,-2.20186646814499,-1.686814824107682,3.680602349658275,1.23250725181506
1.386977107765087,172.4967899402452,672.253189479808,0,3,2204.571979608286,451.8294920937098,-2.0241763549665373,0,0,3,-0.5536383767275448,0.0625198304044862,0.285977314800374,-0.5516688911888689,-0.8948820760013083
2.139164595127668,593.8268738965476,494.9470637540655,3,0,743.3754565065058,1182.7978688485323,-0.2327621579067338,1,1,0,-1.0520340294523265,1.4106095665504164,1.2585405038540347,-2.262988669407406,0.4195151404115667
2.1476218396137363,926.5208387018856,78.83113814870423,3,6,2494.983867172613,464.223004796681,2.2302689637217705,1,0,5,-2.195835411582374,3.2520179801829325,-2.495306282828933,-1.4845087876884486,0.7094102080304157
6.23379096276159,60.197900335807184,611.2093908627552,9,3,539.0542498992138,312.7618367762615,-0.6791701052555785,2,1,2,-1.405838911823173,-1.836814794883531,3.3350314965513457,0.7398679954583398,-1.220441051596206
1.5749178365285714,572.2977252509304,398.6251464641146,0,6,2985.3788616091447,521.3427213524286,1.5024513267494912,0,2,3,-1.967949786364212,-2.573681714689126,-1.3319368374442255,1.621657606331172,-1.435320405440595
5.637408044640983,353.5298668564969,196.8841038164689,3,3,451.1131224771775,1376.725345072689,-0.0789535971830355,0,0,1,1.0118457397971257,-0.9352031409046672,-2.549147658310428,-4.892799644271371,0.7630921992294817
4.242992265591666,140.06198052567387,132.29107903044255,3,3,1393.0935443404398,523.8203306032776,0.590520007544652,1,0,2,1.5153396350845811,-2.439857307352552,-1.0060807392946798,2.3573120239394045,-0.0932658903746746
5.098202154794183,856.1412537024727,1044.734057965706,0,0,665.3798838832702,706.2193803239527,0.889728758095153,3,0,1,-0.682386599492756,-0.7806556848293115,-1.2856116561819817,0.5973210035004796,1.0918699260670446
0.3822783824948444,2105.869933362281,365.1769361746848,3,9,4426.065152464469,1583.0810674582688,3.955773566896827,1,1,1,2.6383181205035005,1.1257309467756944,1.122599654019701,-3.864417571953012,0.4895984954359184
0.4564650484399564,509.9605778117766,818.5006481791082,3,9,376.4414051978561,1319.2681665426646,1.720854371277878,2,0,2,-1.3608640060796215,0.6930565000907791,-0.6360177878741362,-1.3671692732591132,0.6088030877875777
3.200762493974889,289.3470480797261,342.2858378105545,12,0,2443.9055950265733,1012.3396422640354,0.649883787275513,0,1,0,-1.283663667834009,3.694416197388051,0.2152124748076326,-2.9883398239518515,0.9090598352714148
8.734839197729404,423.80608424375686,121.1528663140858,0,6,623.3006164088131,40.893588632501896,-0.5943670404175047,2,1,4,0.1795925007441989,2.0033506550691387,-0.0578563804583933,0.2862351675216059,0.1510345390016072
5.06742100388187,673.8613799759281,12.52649326434611,0,6,659.9480285677669,3.136818688826577,0.8759108989087786,0,1,4,1.861564644620936,-0.2745436430591261,-1.895385886843144,2.104724115275543,1.2220675286573708
7.5590205760777,27.661168305515904,478.1912035245636,9,6,1273.806695235961,805.9866803102686,1.008712449722006,0,0,3,0.9969407203095296,1.476363998020514,3.3187254359071687,3.6223423828084993,-0.4566415685808504
2.3664517605111026,839.4475685432596,75.6826970819009,0,12,1715.092561969586,519.5704853831716,0.025756943676229,2,2,0,-6.8863238469943,-0.2167972379574876,-0.7674963108158317,1.0946567812637336,-0.607231500845701
0.0076188764349737,482.8103620598583,463.8485351774046,6,6,406.4003383636639,941.059711590923,-0.6752369248564074,1,1,0,-1.0464624047878015,-1.1280900403362344,2.716407157024176,2.305059046223116,0.1552942194639125
