duration,src_bytes,dst_bytes,src_pkts,dst_pkts,src_ip_bytes,dst_ip_bytes,missed_bytes,conn_state_enc,proto_enc,service_enc,http_request_body_len,http_response_body_len,dns_qclass,ssl_version_enc,weird_notice_enc,label,attack_type
-6.605603090398854,1379.5193479762818,373.4297291102464,0,9,1420.122593382171,1065.8245453008903,2.81539283976541,2,2,3,-4.117394633865048,1.1742167856344343,-2.667276165859373,2.871919455164627,0.7183291357193479,1,password
-6.5815206763810234,2074.4620860181467,477.39332453143805,0,3,2083.308638241467,1899.791736894344,-1.076624378856787,1,1,2,1.1179846065876835,2.689820529004057,0.0927173787661508,3.801053042815543,0.4036650124179782,0,normal
-6.204171889418935,412.7791368482359,222.54990238858116,9,6,990.9625481570232,188.99902048241063,2.6595022377455724,0,2,2,-2.3484199621979998,1.364828697286691,-0.8529156908398114,-0.396382945321284,0.6635056796465789,1,xss
-3.0006530401749685,1335.8848497705794,179.87057273252393,6,0,4501.343320386275,581.8236840640341,0.072380631948093,3,0,2,-0.1033972602585406,7.804823891615257,-2.068671504576433,-2.5651489321322805,-0.1270892466887488,0,normal
-8.036142912165111,1314.395462706308,94.49336798583396,12,12,3357.5554709784774,241.34497894670469,5.274823429006153,1,0,5,-0.5515900198434392,3.571508292523238,3.183030050619592,2.351849482351753,0.2843831590965185,1,dos
-9.762896808447158,567.119485488779,942.4142445582372,6,0,339.8491720038787,223.5833782545996,1.8871061168186287,1,1,0,-0.070872138748254,0.1413484671937377,-1.1211449080950628,1.5332504932643427,-0.6370404520443745,1,backdoor
-5.8394249498047905,1310.6277595375384,196.15764003508943,6,3,1713.7307664487898,311.10212324242303,-2.640222909675531,0,0,0,-3.5570505080736146,-0.4476213005375258,-0.7286131928628634,-0.8891749807540463,-0.7942037596540027,0,normal
-0.5124938117101753,639.7757270995814,885.7147146935828,9,0,833.6210302053811,1226.542659053375,0.1799801625066772,0,0,1,-2.437918473040803,2.0091669849889824,-0.0082745395086452,-2.6124014273112524,1.15976922855808,0,normal
-8.404585519183577,1394.7648992065504,643.5379256295906,0,3,543.7856314293418,1557.0119243001695,1.4047151258667974,2,1,2,1.8225079122972447,-1.8370208757956905,-1.9579840385268088,-0.1965751169261635,-0.9945151007237686,0,normal
-3.295653043865271,1087.1965437609288,562.0358002620035,6,0,52.573538072337655,1733.9044901383768,-1.035819303454411,1,0,1,-1.7312166674659286,3.5235642806425425,1.727062475133959,0.8196793277653642,0.4166619377573014,1,scanning
-11.085640940290466,339.2856607939938,200.1121862458424,0,15,976.8379622224808,2821.0049134678434,4.014774971325712,1,1,0,-0.7293581967495077,-0.0623571561325713,1.0096379329897274,0.3966945161809362,-0.3581307137819707,1,dos
-5.490506119995639,460.1314066492948,554.5788712834562,12,3,343.0454870424897,439.6204445131077,-0.8842815027300648,0,1,0,-1.8510205631986263,3.4502706915253984,-1.2925080099751882,-1.0176352636877035,1.0809695772946315,0,normal
-10.18784119757801,1674.8348907680866,244.7570661036149,0,3,2068.165786856832,1887.111834501176,-1.1819833002276374,0,0,3,-1.3632818002719345,2.369878757219963,-2.045490469120936,1.858580567699573,-1.684276943636593,0,normal
-4.166702998739245,540.0134703773537,697.4274181889069,0,9,1885.2556236662783,509.0074224220626,-3.2858730346414493,1,1,4,-2.843095712477132,1.6412703238936817,-0.3864870637776865,0.5462343592785244,-0.0511107967433397,0,normal
-4.179025837872597,364.72741075095416,380.9675444493775,0,6,1297.0754080381687,1149.18096425189,-2.9774737117142926,2,0,1,-0.6074216728725362,-1.3701263236701318,-0.961145288477358,-2.3040726474755084,-1.8499333040911523,0,normal
-11.85186579658165,67.55905037903564,660.4821300816068,0,0,744.6368465541842,1869.6987563565256,0.0618877052062087,4,0,2,-0.6756814635579668,-1.900382253524616,0.5224485011669869,3.3941846335936674,0.404618196420495,1,xss
-3.059232764681158,847.4565761371871,623.3491941880831,3,0,579.518003035921,251.8685297958081,-1.0749481270753865,1,1,3,-0.3967722058849408,-4.105370188061186,5.127769833330913,0.7749116198515615,-2.025650140952425,1,dos
-4.684138968908769,664.5896097266884,886.5754244207297,0,3,1163.2668280658238,354.57630049008355,-1.844161595044776,4,0,2,-0.9338303931774288,-1.2074072753169254,0.3252930381271186,-2.218036913771328,-0.3532888802596495,1,password
-9.062342469963463,1383.8211553296053,101.18646630524876,3,0,2058.633516361476,48.7738718065668,2.473335584294346,2,0,2,-4.029843504038952,2.110082492161336,-0.5551560675032825,0.5234468939459265,0.3928326753295774,0,normal
-9.050221854484464,980.76987043624,491.0788772194025,0,3,1828.8674952434092,1345.5840365893202,0.060417413038182,0,2,3,-0.4778285072337019,-2.9026559458630388,-0.6006214836814749,-1.7147494366725982,-0.5454137428998407,0,normal
-1.5855011591343593,2828.1424103178038,660.7578168384563,0,0,3147.489836202675,3299.797969914269,2.260911747220588,2,0,0,-4.326164057440004,3.9483779571973656,-2.8960851947487507,4.891010739041378,1.7125353990517662,0,normal
-8.544985302737931,867.476052779085,852.029111286343,3,3,1511.2603093205169,1246.8983107488834,-0.32017152180649,0,0,3,3.803756885928287,4.521146486287544,0.141561580883859,0.2400005256338293,0.8241600823012654,0,normal
-3.0698546074115263,1002.804058837936,724.2502487798295,0,9,2358.454479298024,344.7632040391033,-3.2925268643043437,0,2,0,-3.594160076553613,-0.5158547323224818,0.8594079907699606,1.5533325963595372,-1.471651842925194,0,normal
-10.001442616148896,696.3767182463665,706.4980227349811,0,3,681.823018776619,554.3831802657083,0.0998143705114569,0,2,0,0.0830030404291952,0.9698085477446788,3.0195597072805587,2.2188066905254145,0.3502047016686438,0,normal
-1.9946602700348395,1695.5599697876426,771.9406989471408,3,3,1589.3493582201136,1142.8431061079052,-2.8729817757967693,0,1,3,-0.5474146781283061,3.0834353506278704,-0.0635083958912148,1.345078560242822,1.373878314168359,0,normal
5.768688343532799,161.19071571239152,1115.4711442596183,3,6,396.1954579196364,693.9680108561266,2.650003768755295,2,2,1,-0.928556487027728,-0.7382130563750828,0.5016112509904901,2.4135262076549484,1.3079605947492354,0,normal
4.291100575852097,1445.2528621987678,492.9466619138395,12,0,570.0643407028624,919.2936596663036,0.4198515730945185,1,0,2,-0.3333450034764645,-2.312605110843765,0.3716439231952824,0.762144531461858,-0.0834029288430003,1,xss
9.46194826896065,1334.3858292692362,211.04247377441976,6,0,2269.8823865705585,1176.2279300078435,-1.3844631571075336,1,2,1,-2.5827985774184885,4.155685398592035,-0.9776359773537936,1.0091266441028224,-0.7070300399576513,0,normal
1.5704024100907392,1159.3275666551865,319.6607467336272,6,9,1485.5097488886636,496.49511227750736,-1.801813811142053,2,2,2,0.756322380987279,2.56966538732353,-0.495364236866578,-3.1124432270890785,-0.2426461358895594,0,normal
6.759771700948649,638.2424643953675,255.25912345162195,3,3,1363.3728590318815,652.5640763190498,-0.0809254257727938,2,0,1,2.707361839211045,-2.742409208147804,-3.746664242440509,-0.9590124436750376,0.4689001966654716,1,ddos
3.5188135093501405,365.1548130549791,67.81797854092699,3,12,1163.6787929735713,371.31653604815153,1.1829652043743992,0,1,5,0.4622502562384056,0.0233775942871945,2.279767882768927,-1.2236582755661638,0.2269219159134821,1,dos
1.944086346095172,1031.621544691286,84.61093001185884,0,6,3041.235627731057,295.18834396546146,1.949032251142294,3,0,2,4.462017940867805,4.308754314771799,2.7382200228921114,0.9741221412693942,0.1087444734155857,0,normal
4.073125262958205,214.79516499874563,391.0605441785647,3,3,471.73264184009,523.0665560439967,0.4537284735462988,3,0,0,1.450210682269733,2.530179027590586,0.7234904784708343,1.107483163064204,-1.18163553949438,0,normal
16.08691030701432,115.25401981398088,494.27490229297047,0,6,73.92640278803239,318.30475117255105,-0.8497710617130312,0,1,2,-1.9829273119186817,0.4483022418084638,0.4526910695236243,-0.0416429638790523,0.5393382851668722,0,normal
1.4739534811705135,1490.535880537312,835.4722971114193,3,6,572.1298914466736,2494.602397095723,-0.2348622766430543,0,0,5,-1.826084833555979,-3.5559917001105115,5.511579035228023,0.2044187863139157,0.5974868269308868,1,scanning
6.103073050952924,407.17861408199343,531.426689727833,6,6,3952.936834631592,149.82928850958336,-0.932980690652214,1,0,6,-1.7064868187842095,-3.181498250379656,-2.900332790753061,0.7750085021423446,0.0955446931364105,0,normal
0.7904737878963219,1126.6219150336055,399.1788310896064,3,3,141.32909699792535,8.99144001636724,-4.6506496235234245,1,0,3,0.0967118374003681,1.085960134292919,3.766501027953579,0.440052037377834,0.2075122243035633,0,normal
2.8053678010366228,1788.2511579074348,573.7656902412799,6,6,800.0961101855991,1001.5663386930072,-3.274145218533583,3,2,6,-0.8596835992640344,2.3188377612745943,1.0649896497556317,-1.0586619980790768,-0.0245982125662075,1,backdoor
0.9014596556715768,687.0639310791637,1156.041855961076,9,3,1140.0978454323483,976.0641730458848,-2.4276825207589505,0,0,2,-1.2476265076762174,3.667444645896226,1.4787970248303426,-2.4367830112793736,0.445953494683812,0,normal
0.3980158810688889,580.2440686088855,776.2726510726716,3,3,543.7794884831222,276.26630219722495,0.7891339865024033,0,0,5,-1.841918772498592,-3.308911812095141,3.528671208965488,1.087410847142725,-0.0102727933587705,1,password
1.9972732290885835,347.06486542056746,840.3408571555053,12,0,2974.021240619253,1620.0449181731678,1.8124914877277425,0,0,7,1.5598559705992792,6.658645623562113,0.8640653746185587,0.7886816678157802,0.4460699032911916,0,normal
3.892251224534783,527.6689047086563,522.4171586653791,6,6,801.2660611565201,114.51242131886276,1.0623512133302546,1,0,5,-0.1281134827316274,0.8581366447123935,-1.4996876844565707,-0.1351443680891249,-0.1032945322108392,0,normal
2.2179585307090304,719.1159024458653,696.8840115090925,6,0,1371.9522377259043,505.3974072474877,1.9218629131263985,2,2,2,0.3219772493041335,0.3593931123251281,-2.190793014613165,-1.5103950240959567,0.4321703969162033,1,injection
0.3906482952034448,340.8742065765208,233.3464585326766,12,3,1586.9138190005017,1021.5612969648716,2.385235934612851,0,0,3,0.4780056549799438,1.8542124428870623,3.539462036028417,3.605246690901492,-0.4512930747624249,0,normal
3.143014116224375,1331.5570114529485,262.0444748624624,6,3,198.62266298780128,862.7904082335194,-2.23836636306169,2,0,2,2.223584980991868,-0.8199587921958431,2.8182391059397127,-2.235688723962573,-1.2670717727427951,0,normal
0.4338878965074167,1239.0715498675684,86.1143036074879,9,0,868.346594356144,212.77328802513372,-1.9386996609662512,0,1,0,-2.482394668561377,2.7380278744429454,0.9564350442098616,0.931852564745086,0.5726535434223902,0,normal
6.2565038728306765,442.5817644466908,288.62669766462375,0,6,572.2187151468314,639.3525839069958,0.132655955576574,0,0,3,-0.4652559464333249,0.0860304550839892,-1.4526035813109337,1.468961172578387,-0.179047311020638,0,normal
1.4723572724619811,2085.5378293853555,16.007102086300918,6,3,4740.6683399874255,2413.355583769393,-0.0427682211866742,1,1,4,-2.659276150486156,0.7575390628176367,-2.885326566662692,4.28896358002503,-0.6169043562737148,0,normal
5.543312900365173,571.7140652936322,767.0282423281151,0,6,1492.4799205442696,1424.5285372892777,-1.985538557687661,1,2,3,-2.064968478379992,3.2219000741259918,1.4871131438609888,0.7257534311673404,0.7067034766369653,1,dos
4.560910196544164,2134.2166145621586,257.964046035794,0,0,1934.2306078229385,421.4944523551616,2.038153213981193,1,1,2,-1.7384363419340176,3.0709746272679084,1.8504792335573157,-1.3622952487544897,-1.061342762557447,1,dos
4.135638528197857,,78.66343838070541,3,3,2819.461495353276,882.4334135043127,1.79141351544142,0,1,4,2.3301424906847075,5.031879438629236,0.7139904449240941,0.0866559058966096,0.1293519618073703,0,normal
3.571403782031866,,310.637895127004,0,3,803.8228890604344,467.6716503485024,0.9632849400744272,3,0,0,-0.8507653064931233,-2.0592347166599523,0.3916875052201294,0.758689402289632,-0.5693325900590485,1,ddos
5.743217744457628,,430.3572624950706,9,3,321.4914182232182,775.2763011436832,-0.953429545905456,3,1,2,0.6361916402942821,2.5013394926034747,-0.0980132795199151,1.0239182791097954,0.1586592511161239,0,normal
5.137462980880957,,231.3292164971324,3,6,660.2803493102956,674.5600977563804,2.682583049016552,2,1,2,3.144740916540885,2.3635411488890368,-2.6822675006049126,0.0310080336226206,-0.6574186278257462,0,normal
0.9712539011882476,,525.1638998140459,3,9,1878.621045899924,1784.617985959182,3.59963930968454,2,0,0,-0.4674509297225728,-0.768246515912862,1.0882968877528736,0.393800892503749,1.1427882321119232,0,normal
3.140421573064546,,26.37395437107258,0,0,1555.0620057283911,394.8760657794333,1.6373336177409028,0,0,0,0.4947755399602183,-1.4128993967330037,-3.830750349890268,-0.1676800871445933,-0.3551751145685212,1,scanning
8.30741468049654,,317.6154569933633,12,6,498.34041746395,2021.2384915426596,-2.1425763146007677,1,1,0,-0.2978480482587214,4.753349769761688,-0.2933301434120299,-0.5490855371054654,-1.5242340283807194,1,xss
6.335792306906887,,93.8056443529972,6,18,3334.192673461493,1657.9902046871111,-2.043916168338969,2,0,7,3.110058117824626,-5.5162257470621086,1.3467916343197126,-0.5417913082983016,-0.1640090825706772,1,dos
5.848650906453322,,416.4405086745345,6,0,2829.1148939009386,947.046852141879,-1.223136940462609,2,0,7,-0.2239491678551038,5.4579448294700805,-0.5815387016543061,-0.8250837684240085,-0.4730460288340996,0,normal
6.720565756354954,,1035.7605143149906,6,3,869.7306443548005,298.55788340682096,-0.2366570425129139,0,0,0,0.2648243723451404,-1.569533894754518,0.8723059172074235,-0.732697363104015,2.0880301614082035,1,password
3.4357340916452275,,997.5497411875082,6,9,1592.397800927939,2330.5267294906603,,0,0,4,2.9827245025895457,3.591979251660252,0.5985389732556882,3.59061868309817,-0.4779433879461162,0,normal
2.0481541581115223,,1071.4906343477935,0,9,637.8232683205856,912.5161948449042,,1,1,3,-1.3586572545429096,-0.7630049835504384,0.7803969887619013,-0.8799677292385322,0.2927029574087498,1,injection
5.1309833674012575,,604.1947194672081,6,0,3170.326404313165,581.5652806509448,,1,0,1,0.2210540063056336,3.508366669831232,1.992936084806376,-1.2983247183181568,-0.9221103366962056,0,normal
9.23766808031942,,835.4947090182321,0,0,269.3331733045658,691.214664035745,,2,1,1,4.413179134590336,5.13261223689772,-1.8526712603961768,-0.6513396646109177,0.2226507595559552,0,normal
2.617325489184317,,0.6873613373816833,0,3,192.92198713269067,2706.16693077795,,3,2,4,3.254903875940028,1.7563084833125095,-3.468354754145852,-2.089947701592302,0.7320654896622807,0,normal
2.519814746515377,,594.3362273540184,6,0,1810.9658849169916,1168.4905047288232,,1,0,2,1.94902890287515,1.8377330418493043,3.6920047234433833,3.3561443144303027,-2.440723776836814,0,normal
1.9903021851455396,,20.882757377367508,0,3,778.157559385247,180.2318099082184,,1,0,0,-0.9193649681435538,-0.41654024934514,1.2465595191007584,1.200273646734757,-0.1061458721844401,0,normal
0.1607120007777062,,674.8508765990686,9,3,71.82121172431883,347.2777484589161,,1,0,1,-2.0662238346121526,-0.4669603087836418,-0.3588618503923366,1.913537119924148,0.2749523769548146,0,normal
3.312531900984447,,286.22215095051155,0,0,1345.7062459761655,1096.6963834933997,,0,1,2,1.1327964558833676,2.2947179569349467,0.8897992017237666,0.4053749425679132,0.2091050865614678,1,dos
6.725867001646759,,353.77940738945114,6,6,378.0823357917414,234.47228807012272,,2,2,0,1.0374210491212033,0.815642562819354,1.0439536371391451,2.8624278692548417,-1.6163839976430117,0,normal
1.4143141670970394,,161.23413262044264,0,3,1952.538867919516,116.375544460331,,1,1,4,-0.056468665455545,0.9421457396619796,3.652900691693144,0.1094724510838369,0.7408237080204139,0,normal
3.409846975338401,,543.3916787511181,9,6,1896.375534249612,256.67046649996763,,1,0,4,-2.276857005154362,2.7830499231592016,3.9978194605610256,-0.7641105900895305,-1.0310007571339512,1,scanning
2.927089673172954,,478.5593370363722,0,12,597.9789333128289,286.80074104171854,,0,1,5,-2.0219626598826075,0.5767098435025744,1.3453109556215852,-2.0007532307648206,-0.7321835460677093,1,injection
1.7318832055176414,,53.31902905241896,3,0,1901.969310057633,1063.3936619480469,,1,0,0,-1.5873056796344756,-1.5710630258580258,-2.387731072888024,3.350593555146247,0.329894085850271,0,normal
3.907319957456882,,326.01831682215857,3,6,1992.78123066847,1567.1334412897763,,0,1,4,1.5232219495669277,0.6987604805767186,2.009823244583526,-1.4187149516339554,-0.2061684098858502,0,normal
2.4146202067606337,,28.09804724049984,3,0,890.0607504697748,841.9753729167466,,0,0,1,-3.055826020615666,2.909479058957712,2.102884860506751,-0.0714892442687933,-1.1809092677111013,1,ddos
7.445511381437122,,503.7743547399351,0,0,215.6744901937309,1442.4019525074702,,1,0,2,-2.8601294173957115,4.466087604340937,-1.7202448365878766,1.726903087724434,-1.119353532233698,0,normal
9.880409195414654,,355.3711920647233,0,6,628.5986639477494,555.3724327420822,,2,1,0,-1.3030997123034678,0.9581696258950154,0.906743703339973,-2.668948069064601,-0.7880802586865615,1,ddos
0.0464656947582428,,221.9338373710243,3,0,98.95549265282526,1061.9418757080668,,0,2,3,-1.4787428587388385,4.0599864295595705,-0.8916287616772998,0.5318697098533772,0.1678649164904478,0,normal
3.007378050445481,,231.5188783984213,0,0,6846.383357532331,1627.6548270958515,,4,0,1,1.8006184355092172,-8.572892526045209,-2.955251371546725,0.3684838076190537,-0.6402512216509804,1,xss
9.262979283649823,,980.2076024242238,12,3,322.62496155682084,1153.714196844964,,4,0,2,-1.3186447258964091,-0.4136344632653019,-1.2209506524506144,-2.059458557138134,-0.6729263765888288,1,dos
0.8200542291354636,,650.4305842421647,3,6,2076.350797524571,1967.0210049641744,,1,0,5,-0.8263054211328482,1.1344064291605107,-2.583552714768545,3.71484451015034,-0.4801010473061387,0,normal
5.05049288426151,,751.7718864683504,6,3,787.1027606073992,1088.00854917115,,1,1,3,-1.7190209246953274,-1.0156124725762474,-1.3390672652277436,3.045914230747342,0.847214383128847,1,scanning
4.699733417167998,,155.2251948081156,0,9,790.2022742867057,19.69064764809576,,2,1,5,-1.3817705296730771,0.6896430490435311,-2.808190361944518,-2.4060246417034348,0.7305813179579921,0,normal
8.056995661052435,,37.830080603641846,0,0,4382.143056159596,1073.1627380973468,,0,2,3,-1.816214478848083,-3.690074296710831,3.2980402392423818,3.245679217562694,-1.2400613949660724,0,normal
4.781079751979688,678.8926461293196,810.5823758020024,6,0,810.6146204813648,873.9090528045302,,2,0,0,-0.7017192420982301,-0.6167679792421286,1.3731522732378734,1.7722649235841637,0.2235027463949399,1,xss
3.62941651643255,915.2214999659204,36.35173402779472,9,6,39.73253935458649,452.4874894342612,,0,0,2,2.763118509657259,-1.8813726647202185,-0.8240764296743285,-3.5990080358179606,0.4343071063608441,1,ddos
0.2443037154179891,1478.6435703166628,56.13030289115613,3,3,2342.3874571226024,1189.2803244203894,,1,1,3,0.808307495405044,0.6530453804625623,-0.3497207001054759,2.460929920228623,0.1827762474223666,0,normal
3.203693540573074,766.416431492233,511.5804844273709,3,0,973.837769976001,975.3489033624058,,1,0,5,-0.6225336786615083,-5.985084675325576,3.121341546892416,0.7744175314070403,0.1243542793900094,1,scanning
6.478463353099623,251.53096239173007,60.31346623843178,12,0,588.6761255008203,698.5878477589781,,1,1,2,-4.109163150829359,2.098850195723428,-0.6489927601762703,3.002912473806338,0.6149821517301174,0,normal
0.9451338619976412,767.7587065758331,55.64723051007697,3,6,3289.4493403687284,1086.713438779663,,0,1,1,0.3477623177092859,-2.99460935518624,-3.752633975446038,1.7687601014048864,-0.9946949693017588,0,normal
1.671001088134552,1293.373682853692,65.44026099414205,12,0,3613.141245027058,785.5401459655117,,1,2,2,-0.317605712935375,-0.9947618296666232,0.5932327334266061,3.740476479757917,-0.0483795636808285,0,normal
0.6039103726363635,106.29163161573764,569.0799605926011,3,0,473.3139491914144,71.20125102160667,,0,0,0,3.42396802777792,0.2301017596333333,-0.7204128960867178,2.177298021935852,-0.6651725468123547,0,normal
3.310888479014374,516.0298805968696,679.9709349417086,12,3,2971.7596441321075,141.9195317565753,,2,2,6,-0.1094845386732712,-0.901929635939518,1.4416785565720909,-1.7408448197555058,0.493600076676676,1,ddos
3.850552979908026,697.3274976992973,693.0503220931841,6,3,1200.8919930220711,287.23606124235334,,1,0,2,1.832872086665314,-1.9764876605824109,-2.3238579993861697,-1.9397643374100253,-1.0305078066084383,1,scanning
1.860695573391407,1259.3560994249417,4.8975438837437615,6,0,756.568555280952,579.5042960122819,1.020411998845078,1,0,2,1.966975560123854,2.272391634062296,-1.9887307231348053,0.0371264334147458,-0.6476113219985369,0,normal
2.63562366261897,414.3562619063079,347.2362116424519,3,0,2824.379680415966,2037.6721778786805,-3.762710655364468,3,1,4,0.5440911212442199,2.4646150525852866,-2.429162881137671,-0.493350674023908,0.2600038827823597,0,normal
4.726253386937072,1082.2368757971033,384.3995745629724,9,3,241.1115003839734,207.08935054830812,1.9533912352521965,1,2,0,-1.821198418897594,-1.884258521468141,4.078456532939169,1.715493606801756,-0.2036295824805524,1,xss
1.80633224149389,795.4184272755593,1371.457096535906,0,0,903.1284517580342,313.58770499682737,-3.5246489819847096,3,0,1,-0.2072803284270691,1.0466142018207711,1.443370715325132,-2.43091633693731,-1.371488699994149,1,password
0.8697430204609817,450.9806533751533,522.1344081488324,6,0,534.3424727108608,86.85422275758735,0.2589563255199572,3,1,1,1.957040292666142,4.215592735576665,-1.3605584420381651,-1.1612158407764193,-1.6143592578039303,0,normal
2.684266673463016,550.3216038337353,-9999.0,3,0,165.09014261674892,677.4847344152195,-0.0284720902664297,0,1,0,-1.9173823767494336,1.0151083013068356,0.0845727691932183,-1.4357270831625537,-0.3546935692351661,0,normal
1.2158780325139895,679.3597902595053,-9999.0,3,0,2144.253017285003,548.7917887305172,-0.0722996819814876,2,0,1,2.857560876087743,-2.8218283527445807,-3.8188785147821207,-2.087391954684931,-0.8146438839024297,1,backdoor
0.66984888759123,2008.4451630689628,-9999.0,3,0,2861.917246910092,193.5520218735604,0.6093781467197347,1,0,1,2.9273666963968177,-3.918604977643621,-2.796416105002636,-0.6215895393976572,1.6542512103579452,1,backdoor
2.8320894403149603,356.85433531063546,-9999.0,0,6,1275.407094346631,232.379235588973,-0.9772990646836172,0,2,1,-0.7059637002858197,-0.1246976066296396,-1.750730472707842,-0.2177068905633421,0.1983478420413989,0,normal
0.4734139733039965,1224.3444674314312,-9999.0,3,3,1774.3680284096165,3415.1631439319453,6.226768054621592,0,0,0,3.978966812339288,2.2528773545979472,1.8281786229306536,-1.474273183897836,-0.5602472362909003,0,normal
0.2744458494666981,196.7634532444624,-9999.0,3,3,141.4105763530348,1563.2870249968282,-1.1159263583546617,1,0,7,-0.429284803412907,-0.9958133047714276,5.039143553270808,-2.010922465807134,-0.720732866117781,1,scanning
5.095762957307963,1482.9097595287576,-9999.0,3,0,1155.9075783689818,147.18797748242244,-2.7059947218568112,0,2,0,-1.4372613189809451,0.6328575145589431,2.4240324290895563,-0.0424216199515963,0.9737161030405492,0,normal
0.6512278897161433,1088.746077347672,-9999.0,3,3,4116.11690868914,681.6308280411823,-0.5308886799593209,1,2,2,3.1416541947077072,-5.149072639669425,-4.672949571165652,-0.7081602215976626,-0.7162623315336927,1,backdoor
1.8031880651258536,1081.35413413918,-9999.0,6,12,2678.132469883032,532.5496259475258,3.317764650022144,0,0,4,1.228249266794566,2.0128018352939296,2.8637189156893497,0.1283529382704749,1.5028336276106051,1,backdoor
9.33323931119085,360.84870869228513,-9999.0,9,0,1148.7593001142177,317.8780870558844,4.042903218847484,1,2,0,-3.1611743080695414,3.194723632003811,-2.671223996278742,0.8410151502330108,-0.1001723851548817,1,password
3.952139933137093,166.7427187970835,-9999.0,9,9,1054.9994858041514,39.15813943502787,0.0331054232558376,3,0,4,0.4057270352354788,1.0511946212281122,0.997514663479582,1.644615538991456,-1.789740462165022,0,normal
0.5736661440329157,164.86185056184567,-9999.0,0,9,790.8480706746733,1159.117887698209,1.847264731767745,0,1,2,-1.7103039893195005,0.4676863317266098,-2.3176558197302843,0.1954784325304153,-1.4699386693032022,1,scanning
1.067275764173178,1691.1351224726134,-9999.0,0,0,896.6652514570903,1406.7852085507411,3.3799211757136582,4,1,0,-3.6120913082292576,-1.736423291534849,2.1376758749309186,4.497669988336456,0.5026994985844213,1,injection
2.383152711999839,989.4427183829732,-9999.0,6,3,1641.8171700701628,1299.595108814114,2.826237265300401,0,2,3,-2.495758666401709,-1.4410680889978338,-2.8504933055426367,-0.34721242636053,-0.1269844274669351,1,dos
1.8258829581684093,882.489818446475,-9999.0,3,6,268.9984456207604,376.73582944919457,-1.3815747661765745,0,1,0,-3.769679326168938,1.6557763766672826,1.4614540445173367,0.4222856076742913,-0.8552357080042868,0,normal
4.890780833898856,1110.7321940113973,269.771895157107,0,6,635.0410931130854,997.8450078987818,-0.8790065050752798,5,0,0,-0.9968904861770852,1.3284594153076748,-2.120222558124452,0.0534857821442358,0.9615649731342456,0,normal
1.0033141293532906,304.65317236359544,692.4328593000715,6,0,969.4221099036718,888.1755722546357,0.7262124715099101,3,0,4,1.116637820717047,0.5955016794325565,0.8263008072419447,1.3356941114179104,0.4079397565975743,1,injection
2.307440876648475,502.199179213397,244.81817320307928,0,3,1366.9459489385215,1120.53672576938,1.6084594019445493,2,2,2,0.0479117424891746,1.3435975595758465,-0.813012102539078,-2.6036918972443264,0.7945015012855448,0,normal
6.479537824667814,320.8892667580984,371.9258959637215,3,12,1315.063560971651,557.2690569052766,0.8064024151823042,0,2,5,-0.0975215460707479,1.6634873633016358,-0.4293977490240435,0.0151749886615546,1.6696408658372142,1,xss
6.900865009920391,97.4821081816417,188.73753970463704,6,3,349.7495171816755,1534.3374659825054,0.9905154380711596,1,0,0,1.6162573198211208,-0.9148030923297484,-2.779783772331591,-1.9212888361320868,0.6765048479665398,1,password
14.221009905869275,235.6560324205983,446.9128692401359,3,3,1335.798473364352,270.7776374224267,-1.0321784078109264,3,2,6,0.022493700867493,3.255057774998604,1.2044279915951666,-1.0869166823545862,-0.6094141192101009,0,normal
6.563607217015206,1129.0965659497815,707.767676787632,6,3,17.194753996242902,880.0761770690232,-1.2470337325624057,0,1,0,-3.600310798602181,2.221139777386367,1.820217756415194,-0.8227320640485876,0.7830804197718829,0,normal
9.8295512993419,860.6148599682466,270.211360412524,0,3,1906.770928638558,140.75457586000658,2.3099776969841006,0,0,1,3.687154926037688,3.2259915103944303,-0.346003290077137,0.0927999853625785,-1.4005238579311148,0,normal
5.679133774760063,328.9271531629037,121.56122597313264,0,0,1085.6053026010636,80.25474919463058,1.8597597927534333,0,1,0,2.7469978973459126,1.278962682490334,2.59245039879453,2.596837600031302,-2.6268122259998528,0,normal
4.045431365152218,93.02372891829437,69.4745859350628,12,0,3618.524794168765,1067.979919026957,-0.6381703586208168,0,0,3,-0.6165016825023388,4.037105738740409,1.383833382141237,-3.0693753510442114,-0.3022285003056086,0,normal
1.998845278482385,63.70091560985492,393.150498377197,6,3,406.1210665903701,1710.4749042024484,5.293478583071589,4,1,6,-0.1541212493664538,-0.7056832043961987,0.9137605270566992,1.1961945994862455,-0.243641701384607,0,normal
2.3980158316205067,1616.5507300411873,735.7552292795398,3,9,3656.8214002649343,763.9640982533524,0.0458564812333945,0,1,5,-4.967264216782776,-2.5798530954060928,1.4101195501821715,0.9371524132960788,0.5701888919391052,0,normal
1.8542390097368184,1248.518525527078,1379.716204327794,6,0,968.7268386109567,436.1428997999422,-5.037648344478951,2,0,1,1.8303357678651768,0.2297287994529633,2.580627908127639,-0.4691299831935944,-1.0149538391638009,0,normal
2.210128992250165,1394.1684911316397,248.2200811154358,3,3,856.8408089662729,1745.120616887055,-2.512637889847745,3,2,0,-2.2322751136629733,-2.86465892423774,-1.769607143409435,-3.98569046191004,0.9091414772582964,0,normal
1.6850641848177763,1992.8221136621232,855.6845529237536,3,0,2530.6448520015515,2333.547872390384,-2.779311739790263,1,1,3,-1.2926771335764236,3.858819874613258,-1.189281260369272,2.4676151813372567,0.6578977240349678,0,normal
0.7186297460778268,2260.443896125535,520.37962314587,0,0,3922.14646054312,864.3494570251152,-0.7025909100145771,3,2,7,1.2969265872903972,3.55381575068695,1.859073991122094,0.2420547482429697,-0.1754545053468291,0,normal
3.106648927253508,1266.2209737009866,129.54187457091882,6,12,1927.1383253600256,195.8204469868153,0.6451394003534184,0,0,7,4.014167046630294,-4.261454097487633,1.0275812488449965,-1.311283829489018,0.3330094834896182,1,scanning
1.078301801872178,1133.2154887706863,208.41458845980185,3,6,197.2166289520783,203.32819966158863,-0.8026468642871847,5,1,2,-3.4480783927950087,-2.2568356396211726,2.104850623824663,-4.637844187959417,-0.0746933752486561,1,scanning
2.0596142499497123,1931.3861410451184,47.09359287359312,6,3,341.1032156728072,1012.9526694597532,-3.1424489230154435,5,2,2,-0.6444513270829757,-0.1601523198527599,-0.4262105155645461,-2.569823767515488,1.7290713310090782,0,normal
1.1823065545638625,847.0818411811535,515.4550405899836,3,3,2056.7023526629687,1806.303292980628,1.2228255441089726,1,0,0,-2.7028279622776807,2.947757744751977,-2.947539350622016,2.6868878928656224,0.3242975540068789,0,normal
7.512146029935453,624.1830356175101,584.3597027031759,0,6,166.08291380447525,948.9785997916802,-1.409583679805763,0,0,0,-1.158868385638124,-1.979832169456084,1.6371429487508342,-0.8965126547872908,-0.2287700204907403,0,normal
4.357484142872178,979.8809587634968,1175.2669722467542,0,0,1766.066068751037,1438.5368879463472,-2.0817394055446505,2,2,1,-0.8283249346136827,0.8108909307226234,0.6678472138223156,1.097787179214565,-0.1024708019502618,1,xss
3.827132102843528,2736.6101935005963,214.0425368766828,0,6,3038.852183537935,1417.0166566091364,-0.1158689505602099,2,0,1,0.928437970394953,-2.8373819885304896,-2.4819999305586187,-1.1857350296599392,0.9556049010563826,1,scanning
1.5510371069075,2217.5518820304983,268.9700285627579,6,6,4926.593734978907,571.5502787135789,4.507415151504594,0,1,0,1.0564440571639646,1.5108699987702046,0.6720991881241432,-2.108305425071203,1.0148114575006564,1,ddos
0.1718536499270148,172.0297865754269,22.219891788637792,3,9,1098.1841227307425,965.68301783834,1.3436605318987347,0,0,2,0.2712046791350329,-1.0132573723630367,1.46452865273633,0.7160142060800927,1.1471331390394086,1,dos
4.447065602724466,1479.74478578291,403.79318044429033,6,3,1138.334846058811,1586.4132833287824,-1.354613006544514,5,0,2,4.062448847776377,-4.20303552882865,-3.821690325746805,-5.206837918833585,1.1472776933351394,1,injection
4.483322071427716,772.5785637213637,150.66740429760466,6,0,226.51093254999228,653.3486963621232,1.4900036392189606,1,2,0,-0.5134087519149437,-0.633611140647399,0.0532730542088111,2.102502436516549,0.3702312154381699,1,xss
3.94312216111405,1372.0706556657008,84.00542124634686,12,6,5101.754390064451,406.3280733476564,1.980792850752664,2,2,0,-2.123558538939565,0.6533610740262288,3.687914807173403,-3.953079826439168,-0.8092431093459233,1,ddos
5.076603347431892,252.73000884137463,198.3281928445357,3,3,212.77168854814232,1084.298008654881,2.927258049346284,2,1,3,2.497074380519159,0.3366853690943749,1.9357512956848923,2.286877469678033,1.1416259342232995,0,normal
7.739341014818728,348.1971877004368,917.0460582072571,0,3,196.90397930659108,571.5297161203412,-1.5365515037644384,2,1,4,0.6471878473572599,2.099356200304159,0.2739019599117085,0.68138620564827,0.013751778328112,0,normal
1.5457649754340828,1687.8439795962734,34.40627333997344,3,6,1499.6927063249618,882.5224166447555,-1.3621410193935746,1,2,3,-3.683344114422848,-1.2261182090664355,2.6456748209595577,0.7842924815765564,-1.528427216198137,0,normal
2.147625717243113,1271.3611642877354,363.518139556018,6,0,1402.455533715262,195.12615652953272,-0.2196570331723559,2,0,0,-0.4715807764636233,2.272660531106678,1.1959816456350316,-0.478012972743052,0.3371540894857486,0,normal
11.258720198899194,1325.0612902262628,939.8441552825932,3,0,2070.8922896679424,2737.853833675792,2.875200108193257,1,0,1,-0.2292869673075089,1.1393518671094958,-2.197156096931652,6.173553128818853,0.6246983057713613,0,normal
2.825375838459756,352.3486538777628,268.51147958879,9,0,137.6854658638943,94.21140853238764,1.6358797136885177,0,2,2,-2.139096079187732,-1.948381356785168,3.826634424606316,1.8856175556233263,-3.210260682592873,1,backdoor
14.971433776516124,621.6108019183582,20.81848853057166,12,0,2323.355075733382,685.4982302040455,2.151608336296897,0,2,3,-3.058447730131199,2.41239711701898,-1.4584751252410544,1.7568261933128737,2.056616886266274,1,dos
4.026652388540439,2341.375679317194,554.5000459460692,99999999,6,3276.471368284486,1881.990416010949,-1.7083494043246326,0,1,3,-1.0171169727065614,1.421246878303969,-2.563486351440655,2.746410358377364,-0.6127261251482042,0,normal
5.922830857571273,142.25869758355165,654.4001902688974,99999999,3,1019.5704379559252,1948.2736945150232,4.460532307212811,4,2,4,0.6929338906090481,2.6882971211619964,1.8992441822257475,-0.0391833371334104,1.8379079473169653,0,normal
6.603378272612172,2766.4337801709607,159.3588005333635,99999999,3,4248.740535607937,2164.4733213278023,-2.0318470892752627,3,1,0,0.703126755301674,-4.623560889479685,-2.844193041597947,1.068320748307405,-0.920006942413923,1,password
10.41343430870145,178.4829953930328,152.9796344371078,99999999,3,410.6746307901495,486.7042738989169,-4.708073746489844,5,1,6,-0.7996188496158662,2.562116904465184,-0.3382862283725824,-1.0209501764150926,1.9839826038989752,0,normal
2.4792631486936925,433.5428765714352,750.6562293297875,99999999,0,746.9568213396477,241.66931532930377,-2.176142319125944,1,2,2,-0.5292173510259038,2.170934355381549,-0.0894575012304952,-1.126161324040916,0.3479749272460835,0,normal
3.4533197769583617,1179.8283969844238,10.590038381993324,15,0,540.1871254561389,562.7174804462561,-0.7595359931712047,0,0,2,0.7559624667044058,-1.0820587750796242,0.8543077466554772,-0.7713917613242978,-0.1617117071713367,1,password
3.608925618975322,505.63595740633417,553.5663425452642,3,0,1133.4661308828488,1143.1317089082556,2.4950807104776684,3,2,1,1.5137813211151867,2.935898962145572,-0.1705946092227301,-0.990092826812796,-1.573423434723655,0,normal
3.147941509339072,800.2125266440346,136.09998767174352,3,6,370.3418307679279,117.71942957810693,0.0345575706834935,4,1,1,-0.9394028494533267,-0.3318990592206419,-0.1061018837911655,-4.177819719939418,-0.1054921167153079,1,injection
12.298108589784464,509.6344187385295,1128.0882094744914,6,0,1260.6725934572726,1371.8349484894468,-2.458353330216376,0,1,3,0.9495347306993775,0.6346187428428111,0.0962811084336388,2.217428248005029,-0.2732419914119149,1,dos
0.8362589241280832,406.65281911340935,345.0270133797853,3,0,1952.8886732158169,360.7121679895628,3.52986369471204,1,2,2,5.171154661625588,5.503875780953029,-0.5585260307663036,-0.0318083520764225,1.2170253018963897,0,normal
13.79702311219836,67.11878063396726,97.98094678814483,6,9,50.80204777878231,236.74593424724785,0.0472612877939193,0,0,4,-2.3383703135007767,-1.20286479526019,1.728145672824406,-2.487476342141417,-0.016552418799142,1,password
2.861717192033237,665.0973819721119,176.40195262180637,0,6,100.8497808269398,683.3724553982532,-0.4158313937900717,1,1,0,2.154266989663718,-0.6797399729452274,1.20808859638405,1.84849646249194,-0.3899053694298252,0,normal
1.4829936160827677,934.3183132262566,343.6491668108752,3,12,142.79218087424502,743.1270674127626,-1.5762130103476248,0,1,1,-4.837722756184834,1.1847375297160192,3.940533554014523,0.4848399314681426,-1.2342355264702425,0,normal
2.421940273160904,1121.8262032647915,582.0927385397052,0,3,395.9635337784945,905.2739112940784,-1.867917763146094,1,0,1,-0.7043369370672872,0.4504478598301613,3.2014945727119377,-1.683545149330379,1.5122935456661737,0,normal
2.719089170865663,516.7170157117803,699.6581640922842,9,6,560.0328882413734,97.2719941840274,-1.2180363207292062,4,0,5,0.8233544793359011,-2.8885673777188146,0.8010216559862705,-0.9368933676991688,0.0947997041573662,1,xss
5.471244062150867,407.3177736277461,262.5912520376508,0,3,975.85042146232,2196.445233292154,1.6121390952364028,3,1,4,0.432672604176757,1.8651650055118012,3.579388683034195,-0.0201716677772529,0.2620943640725571,0,normal
0.1303662083883897,1018.0085318201116,105.4292229088032,0,3,1908.6124950862447,2302.13096726957,0.0183235031764592,2,1,4,-1.9103646772237752,2.9065347322424087,-2.8464855113025296,2.6765206239053456,-0.3470123018616051,0,normal
1.948649809400778,1632.7498661560744,877.9074472704469,6,3,2854.1266590471746,972.2855739190776,-2.331295204696147,1,0,1,-1.3914026840053249,1.9283255222797135,-2.5360622890026496,-1.653090300029594,-0.0236854960740691,0,normal
6.518758033350276,856.645020054932,284.7142338248319,3,6,953.2969737365638,1184.0122588099168,2.896009440860792,1,2,0,-0.231758611219576,1.3031854146290132,0.9022868470061404,-0.7291892074110431,-0.4984055994370788,1,xss
0.2710945239573447,1780.7043910576615,274.7245443391987,0,3,2824.6296028533197,95.85093646731876,-2.247306360004945,0,2,5,-1.1351042083603995,-2.423491855064324,1.1391750880588627,-1.327795068906575,-1.8136785434828069,0,normal
1.38101333368967,326.342316624934,636.4640682094491,0,0,1772.240528244571,696.119382346032,2.495956555125153,0,2,0,2.1911234731041125,2.438699845859111,4.082424479499635,1.9179673618791409,-0.522767095691062,0,normal
5.305134550759711,793.1227202000767,1119.2402350480254,3,3,194.4283171007905,243.773541367139,-1.0792320009592395,1,0,0,-0.0049636170046793,1.0015341952593129,-0.0779060244025724,-2.347823770366329,0.705682765182228,0,normal
1.277896159301057,875.642163389129,766.2598135924711,9,15,3931.523766125594,383.5649677686994,1.9691091875754163,0,1,4,-1.494472002730263,2.675708139142438,4.139796492894242,-1.297419956801196,-0.0591980468679489,1,dos
7.067263754377182,22.69521596196511,146.5144240118873,9,6,570.5834490903467,1130.061649036714,-2.279351599426572,0,0,0,-1.2042274426714554,-0.3207200305320177,1.4327912532918996,-1.976219184671102,-0.2356188998825748,1,xss
0.1392828242773667,272.70937375089875,591.8499199936382,0,6,2270.5558100517487,934.993471976298,-1.6032756847627472,0,1,6,-3.5457103960146013,-3.014826867828771,2.7788725339037814,2.3024163990425603,-1.644502703472019,1,scanning
8.482077692657974,1047.6724613483293,234.9370340789521,15,9,1815.757802469121,980.7835385418044,3.1169413552821394,1,0,5,-0.1129052150588216,2.647557681169872,3.7063256531461466,4.526200672393891,-0.5640176239542031,0,normal
3.807488989503802,452.2265094534016,462.6440612696796,0,9,1335.9294203160855,661.7689793921252,-0.913751137891086,0,1,2,-2.6326354820152584,1.1603534494229837,3.681190448105106,0.7306615733038719,-0.7944932682155138,0,normal
6.076067358329913,1522.2987909253982,193.3772341237405,3,6,3968.800897796869,1486.833308225364,-3.497156927834043,0,0,3,1.6797436644818629,-2.8945633689278827,-3.705279119762804,1.1495483070204184,0.3061217917351698,0,normal
4.0961043843372105,821.8908102670008,356.8726234402974,0,3,108.85055865592518,2265.831951124701,0.821697693724651,1,2,5,-0.5793867896870759,-2.9248966606711275,3.6150635245008313,-0.9316967784110252,0.4120197330379252,1,xss
3.458194714660612,1071.2410049417372,238.4677363337386,3,0,1017.0788136403984,570.2322139386008,1.257253789113951,2,1,0,2.523481963894416,2.8177348295642446,-0.1719689268789939,-1.1519124497963011,-0.6999341148960718,0,normal
0.0558816841717946,882.3785926282499,612.2628313144585,6,3,2453.354924959056,2275.6302744601703,0.8741965209307845,1,0,3,0.9977290945447288,1.4272224950839814,2.3762100287133325,-5.378433238111878,0.6270284800412761,0,normal
1.0237797745198085,132.7983613602791,229.7500096704969,9,3,1040.4829366996237,698.1190358047829,1.0065543262885996,2,0,2,1.041740808973299,0.6413100556881015,-0.6672568546235562,-0.340186158613314,-0.7283482184435441,1,backdoor
1.081089688164646,1753.0935762872714,20.35081044017872,0,0,2839.716439250072,2853.397057232471,3.801456910812973,0,0,3,1.4073490307291778,1.0094719908744758,2.725679843152084,-0.696589538382058,-1.1630418196832817,0,normal
18.93155389402166,495.38582878438456,323.9735423788944,3,12,1828.8394464563617,268.80581547216457,-0.8826325398251718,0,0,7,-3.5550925641040623,4.0172183690322125,-0.1643974991693311,0.7447054267477635,0.1707490562841212,0,normal
5.484599797639525,444.5956855635162,727.32735462273,0,6,1723.75972035404,676.6331615539312,-1.5252346747091017,0,1,0,-1.3219860112683293,-1.2547557369081714,-2.0205969405894875,-2.134425438926528,-0.5727156822592917,0,normal
0.1440990162710244,1137.003810580783,504.71735006019367,0,6,696.8156266017943,259.6018336848409,-2.614965445741792,0,0,4,-0.6751605831864771,-2.699857773160615,1.2358978400780851,-0.8260247212908454,-0.3357853086334638,1,backdoor
5.798126141391016,1725.9181418536446,510.89144166585066,6,0,45.675731540035805,2582.9539688469617,3.049786216147588,1,0,5,2.8589918204662768,-0.6039032607012131,-2.611368423309978,-1.6985640511702291,0.7227695953428149,0,normal
1.1453175680255607,464.8807214750116,15.278804638692316,12,0,1159.814669793092,6.039566408261457,-1.6318173400326788,3,0,3,-1.8030136725690429,2.919054541249416,1.4755931321923208,1.0986515508886665,0.5156876507837623,0,normal
2.15124975939262,828.9113232025308,569.8867253338149,9,18,603.4502198064617,460.7792037150553,1.0553494654305604,5,0,2,-1.435615228154277,-1.0123301649010523,0.133094760875384,2.694736599483095,2.7810939734661115,0,normal
3.4932395938926843,73.96283521798198,739.9239427584812,0,0,2244.522250358839,645.0139063784272,-0.1360646147305586,1,1,5,0.867269536953907,3.516433445873078,1.42301902311447,0.6877139231139946,-1.2463807158781686,0,normal
3.5619226073366206,368.80051762080535,560.5549045166214,9,6,44.26171712816632,1703.2699140352438,-1.6142901549946342,1,1,7,1.7942798055781992,0.5153361907411927,-0.2341266904050365,3.7110326368438464,0.5582941138846876,0,normal
10.145568428252432,148.6510332689089,155.57261682931866,0,0,2092.7622444277968,1185.7897136895967,2.5410978068138794,1,2,1,2.831875896362877,-0.5594498317104412,-1.4085620099513347,-2.829230904559771,0.3041620457797977,1,xss
12.870979853864537,509.6995369358429,530.1797114978714,3,3,784.1991325885206,19.57227130204893,-0.9671207484116224,0,1,3,-3.238894649358283,3.9786965482101726,0.8624145541509731,-0.5138801984896966,1.6064051902192873,0,normal
5.53045001524227,713.4126693996342,648.7619483478884,0,0,790.6324314137005,464.975329662776,1.0617587937046753,1,0,2,-2.085384713731883,-1.859851821874038,1.8506973908158235,2.742041742258648,-0.4169418670827722,1,dos
7.180762569330669,550.3462937184408,147.6978798587836,0,6,799.9906093402406,1372.9096508794746,0.97102675661007,0,0,1,-1.5705829307768615,-1.5699224356223167,-0.0905347934752682,-1.2394184063308338,-1.818137709822563,0,normal
3.896120063681857,396.228937641293,149.87971565067284,3,0,2186.176680887106,2216.829594727562,7.015189643352688,1,1,2,5.413860377155033,5.315370951170164,-1.5393807620248772,-1.4224335504987915,-0.340412630139825,0,normal
1.3669270355910743,1182.9031377835802,419.5966029702553,0,3,1119.2645726798366,518.857411958723,-0.3805096894147326,0,1,1,1.4086333847242387,0.218902870961267,2.9468111940245043,2.2226812035129617,-1.0561824284539865,0,normal
9.050508781471072,1958.3846555184589,18.788154681727526,3,3,1822.5466507382205,455.7074442198817,-1.0816004034183162,0,0,0,2.110562170393063,2.578932096132912,0.8464721456831963,-1.0074444144193146,0.2726379090820738,0,normal
0.5657416171766427,650.5794325687878,478.86253249774654,3,6,166.56330344658144,1379.4975337732535,-1.3299803492829363,3,0,0,-0.5307019439025491,5.4314796807900905,0.6957905956172253,-1.3251942348704484,-0.4341421965382444,1,scanning
4.829515382841093,1505.722238795381,235.0357028490648,12,9,2334.421413165592,1685.9821779981291,-4.856965157835684,1,0,7,-1.9307180355594544,0.4091524739065783,1.668214142546469,-2.936046371998409,0.2166027683978221,0,normal
0.9321489544220616,517.4279736371975,947.60967420577,3,3,2925.7085123518345,386.6546737189762,0.1790900887653308,1,0,6,-1.402422329622381,6.054162356199165,1.686420846261451,0.4882356495767405,0.1310885142433684,0,normal
7.722481602021247,572.8190129042416,654.8270851730013,3,9,103.82897860501852,342.75672438363,-3.3730715644381863,0,2,4,-5.008168044726866,4.298101726848843,1.4532154188003956,0.6607629092073599,0.0326677126121131,0,normal
5.606000551802368,520.6459548123157,274.99047528870415,12,0,852.5394805020018,50.68856646229503,-4.518681752768586,2,2,4,1.843019905204086,2.4232386725393003,0.8197959624751777,-1.270215791903573,2.3974028375945737,0,normal
3.1634272593266743,1073.6252352196211,774.0418190174134,0,6,1514.344508287146,1191.2798965519014,-3.121311386954602,2,2,5,-0.970642181209684,3.4705702224951427,-1.379912843394414,-0.0232414550130053,1.3096494322436032,0,normal
5.3917632928306585,422.8391996991838,537.4332629650709,0,3,1030.5573412736323,163.8179246614896,0.3291272214952796,0,0,1,-0.7221403544222056,2.1339736354636973,1.7681631126868411,-0.925048133628095,0.2317783262115195,1,dos
9.859541222057338,1569.0983499843578,954.8690972375554,3,3,2563.727496540408,498.3569915968537,-0.4233110032411924,0,0,2,-0.016150694282967,1.4307288955716784,2.6513060350292443,0.2316902980647665,0.3813594470304444,0,normal
7.139952735229189,1118.3509607333697,429.6152075672324,0,0,713.6726599545357,252.4879213905404,-1.875832365301165,0,0,0,0.94066583748931,-0.3135556900752143,3.3885428505905617,1.995153735696813,-0.1883747724917401,0,normal
15.93553592038565,57.02349926157846,232.52146618135944,9,3,38.34212007217946,365.940313360931,0.079124874606248,1,0,0,-4.183481538409777,0.6709773187582885,-1.2285721759944823,-0.0093051336101417,0.1840039146296916,0,normal
0.559775623701543,1162.8520790922448,1626.5023491885795,0,3,2062.180341385057,1078.8186046342998,-0.4317590387358259,0,1,3,-2.431136413762484,-1.448837739324588,0.7006571632885491,-1.2001139494092408,-2.1030549315581437,0,normal
3.2995711221692665,545.5439758241679,145.10087102367606,3,3,1218.973990199471,2225.2146151662587,0.876782519263821,0,0,4,3.830900486126973,-1.6052808324783574,1.5923462001687343,-3.1728737335908903,-0.5743715471452389,1,password
1.0947816855369878,1103.2598544172697,624.8906469140662,0,6,1386.6284379818685,1715.175627489578,2.761390939381569,1,1,3,4.077671995890153,-0.9213525742012166,-0.8994288803031446,-3.845879206352408,0.2763584610742444,1,backdoor
7.352987403290383,402.2885769013408,335.6778836197026,3,6,1808.5537915653376,825.9570581816098,0.4551246554029244,2,0,3,-2.1244616386399557,-0.0847603069920286,0.8928818423046037,0.0743731917872776,-1.0883011004087306,0,normal
3.663798869038788,731.0864110920677,542.3587282958388,0,9,1880.1461755955945,1102.5985680694912,2.1279700058659508,1,0,3,-2.094073113963566,0.4861357711052275,-1.947450006321619,-1.7695359025746022,-0.3337499228721624,0,normal
7.228631476629391,599.0190268783099,351.1089440065864,9,0,2219.36048918249,1565.680730865543,-0.2075826530179483,0,1,6,1.589816114659751,2.78194985962608,2.400898583648921,2.221167394121143,-0.6981831083619139,0,normal
3.470281185114769,1132.9412044963035,38.74354654522072,6,3,442.1535342879827,126.76372854601551,-2.9933029843770167,2,0,0,0.4070328683939581,1.4365137917478932,1.959768208392151,-1.4032984411191698,0.2739576278440381,0,normal
3.2525280927046527,324.9045893743495,37.03565491368795,0,3,2544.926400948039,919.0654913535564,2.369998078551703,1,2,0,2.753296053198515,0.1449771366313519,0.0603960487927865,-4.155573891701169,-0.1771992497201263,1,backdoor
1.5759905256756424,319.4734165611484,254.13534840153872,0,0,3407.976679107575,1724.0882308720768,-0.9579429586270464,1,2,1,1.8753984013818723,6.899005971771594,1.7330571316406276,0.9173205850183336,0.4774396018177899,0,normal
1.7948745672300106,1229.3026549383642,185.964347410443,3,3,1643.599235392896,1814.1079420227768,3.0972883132342472,1,2,0,3.1095034419276217,3.7054514824907097,-2.265937869433812,-1.5920954347135734,0.7461788216041746,0,normal
2.7911738994731343,1573.584237365836,357.0996097086817,3,0,2106.54955618352,1841.2568147807424,-2.887769255942985,3,0,2,-1.9497670638408269,1.5787571118865171,0.6328152258794035,-0.4291386069936587,-0.1123111516448869,1,xss
4.609599577184735,2008.1529160558011,1035.8521806965396,6,0,2305.9573764418724,197.12586250465296,-1.3769577049453428,1,1,1,1.8586230358012283,-3.3658855433946977,-3.021674410928304,-2.3834370775416214,1.912156395082056,1,backdoor
0.517575473850316,2222.466705617873,56.53637775624752,12,6,820.9824008411576,892.248623011508,-2.759791948049409,0,0,6,1.6808809177936357,-1.2943958460039042,4.199918093104059,-1.271702804484748,0.6071876360017661,0,normal
3.305983351007135,1082.6564080355593,291.792961895837,0,12,3483.433487177039,1271.9670091597577,3.1844717823469173,0,1,4,1.8741235603005824,1.2443227108706203,2.4800739470442155,-3.680300283712495,0.0719000045999376,1,scanning
1.950165980831728,466.8853552289229,605.1047865340825,3,3,1830.860651520637,117.3552174440254,-0.4201566772095588,1,1,4,2.2022640500281465,-2.207486393813112,0.7071897363891761,1.0158977016533608,0.697795856609486,1,backdoor
4.128433055246769,1682.8729269343592,775.4697320197713,3,0,449.9613531074046,787.8349890891877,2.6174356692753937,2,0,1,-2.643458882113,-5.558404876014354,0.5148129583715272,1.4451455889150435,-0.7699972168187069,1,injection
6.717778064124601,2929.386151688276,174.08737916270465,3,0,1179.9540779471502,158.25244193877631,3.490597211997337,1,1,0,-3.075522754570466,-1.0420250991470767,4.043886696819628,1.0387666373471094,-0.445126933861009,1,xss
6.047506346038336,1677.8124878149958,584.5984731736246,3,0,1331.319826585194,474.0188235975192,-1.2804281476148038,0,1,2,-1.8382645003223173,2.3585085149385514,3.2921230429251747,-0.9731413115888304,0.8489301281461114,1,scanning
8.744316646270494,69.53456458957218,301.5360809122541,3,3,1571.8363622835125,1010.2634478199604,1.9820542465163664,1,0,0,-0.0692560980272258,0.1336218832174163,3.936765634814628,3.14894365086214,1.260111153399316,0,normal
7.537476330997616,72.0037317873019,950.857233265484,9,3,223.2313971176563,253.7293915243058,-2.273490457893712,3,1,4,-2.3394508611839147,2.437053401029132,-0.565608345055842,-0.0069960599661813,1.6109134915354015,0,normal
4.2755810528768325,413.3345734414856,66.96610926425107,6,3,545.4322368569425,43.75576650145588,-1.8345625220929067,0,0,1,-0.9064466984957232,0.6809201183909874,1.9879326430187567,-2.5105120068865454,-1.1223941487168831,1,xss
2.625090492334369,1051.1273669334655,832.5015582570079,0,6,2055.624682436172,2385.9335859506327,1.8269156132617128,2,1,1,-2.55979724337013,3.906316462312845,-2.456124332808226,2.328594377619474,-1.0333276187202185,0,normal
1.591084351349525,1559.530167167268,746.2868428783198,6,0,911.824190091686,1119.567232500541,2.1730733881334965,0,2,1,0.1267858809847655,0.4420383356873738,-3.306281277385674,2.480567728511061,-0.5361730186952459,1,ddos
1.30783919808649,749.0666769961274,1171.766627126935,3,6,2732.346936942702,876.8525683682709,-3.279013518870344,1,0,4,-1.618814814339083,1.6047265814649652,1.8112222339349584,0.9122824598993138,-0.218814838118421,1,ddos
2.63335254643356,33.37363364305324,281.9904212806283,6,9,1892.0279489944933,1246.5207716324403,-0.1586415022343024,5,0,4,-2.452106471366303,-2.8809977782020786,1.187938061066708,1.96660077120027,0.4167773035459368,0,normal
6.886684962779475,1021.091259021512,587.007280571388,0,0,1036.3416865217068,245.5077255457001,5.137037137932192,0,2,0,4.3201586673039705,3.035103460950202,0.6650436259386416,2.0477665442637063,-0.7282307890796348,0,normal
3.405994077217473,1967.8076097308144,72.73610368323423,6,0,235.40254444859644,172.81039107360095,0.6393111369433235,1,0,0,-0.0043702817049322,-0.8145883563657665,-1.8657252852077275,-1.3752122572640986,2.0478030889404413,1,injection
0.5172166339816735,399.9862682147324,80.2151890111038,9,0,1293.0910144831898,1419.0387959426594,0.0172255565648367,2,0,0,1.255200522616683,1.6319919412868438,-0.1908385994288135,-3.702112991466554,0.1136617030857991,0,normal
5.547097794835966,141.20997088520355,17.61997536685472,3,9,859.376971197242,1650.615270251129,0.5226322542745352,2,0,1,3.8492844634459233,-3.344550715865454,-3.681816462392355,-1.6524959721905952,-0.7195687869183578,1,ddos
1.0465183560400964,942.0178059411786,118.24532444959284,0,0,387.0092186583948,360.6199527268943,1.2375634427673636,1,0,1,2.041508695810839,-0.901221098289142,-3.237036489484668,-1.9988869337465696,0.7370544407455341,1,backdoor
2.9196585954900383,1288.9752604341274,32.55760882417381,0,3,92.46271289770696,1314.460571355373,-0.9006385183884802,0,1,2,-0.2903976946022634,-1.5489504765737536,4.046438044108835,-0.4638228368695885,-1.1329626371832084,0,normal
3.126183525184236,764.0988902241808,405.8618058550309,3,0,796.095765267876,2762.3130073257907,4.649347226726792,2,2,4,3.603964838021868,3.040928988729094,-1.4960803813555834,-1.4701479677105769,-1.770841993230057,0,normal
0.8171149051678338,672.9789777009129,177.29889619602508,0,3,909.5398147706084,1037.7347166120214,-1.7961947076873832,5,0,6,2.9499273110585422,3.76308060391357,-2.223739804657897,-2.8452220892212274,-1.2319032482779928,0,normal
3.4427968017842945,63.08440502875246,943.606366782919,12,6,1657.212535043487,1072.8275153589625,1.5839512497212245,0,0,4,-0.5405238665886427,1.2893353241152448,2.41200467876228,3.0682298778798387,-0.791893421673179,0,normal
9.8475215247543,1636.4492932064318,9.23910880655098,9,0,416.9935675160186,1361.125140952539,-1.305061349522407,0,1,3,-2.6982310840946564,0.1257158512337963,2.219507524033524,-1.7006776504374956,-0.5346727700664082,0,normal
7.704270046832972,816.12059036718,3.46302717534684,0,0,2483.4588993775374,1984.714066403108,-0.3465838457714075,0,2,1,0.3583533226417079,1.509232099230135,-1.867284016170529,3.3115069402595445,-0.0929752751760463,0,normal
7.175100787912841,255.07339978543916,727.5042559394316,0,6,213.00184245548817,39.86582418971995,0.9120863507083888,2,0,2,1.0887907602099982,-0.944527270016354,-0.9195355728883424,-2.440526296752633,1.741701313426372,1,backdoor
2.6369376912634235,600.3275133658128,609.3872924497904,3,3,4859.369297655028,2097.6881236354584,0.3142914344875478,1,1,3,-1.1092413091205016,-0.4285958716436513,-3.377775514294326,4.624540713123904,-0.0273049427536252,0,normal
8.106793507532554,369.00971634229415,92.74678351788494,0,0,2996.847425501381,1336.5188941005206,3.903218825850982,2,1,0,-0.4212752880605406,1.0607046219436278,-0.8402446010791481,-3.65507570382771,0.6961308609325826,1,backdoor
1.2727687044330596,350.9402611787236,567.2893277707205,0,0,1173.2536363788715,218.8141729784749,-0.1778800574815389,1,2,2,-0.6019514955435176,-1.2440473520064128,0.7292280590091358,1.078046218307282,0.1906580299338952,1,ddos
3.8232723221822553,331.3860306032801,340.5168005733513,6,6,25.90296098837208,1499.4853370514104,1.1643692395412553,0,0,4,0.6025810262315291,-1.224144975746384,-1.9464576397705573,-4.667526075803279,0.9642024746659684,1,xss
0.5314355981264656,661.1026361062169,125.92185673111422,6,0,1762.8374925175808,1405.9191683496574,-2.896673885907935,2,1,2,1.346384900771197,2.5544420197976745,3.763789837626409,-3.32704701724384,0.0678909610184006,0,normal
9.5811532704647,775.197167535276,154.3206842895502,12,12,4086.751703932977,200.50997215839016,3.3186596041364407,0,2,2,-1.0084105635436318,-0.6595002956252873,1.5828917220916,-1.4469695997675067,-0.2186616856424691,1,injection
5.355462230515248,1116.5437455358615,1309.125819573596,3,3,567.3163712654178,1356.3969696616648,-0.1305608807324052,1,1,0,-1.4014136286612229,1.9422843778544288,0.3017472316386602,-0.6969677679252966,-0.8233017080205464,1,backdoor
4.750105401327542,1234.9122626145083,40.33830896820782,0,9,170.78612163816288,1387.572446299942,-2.462318735010677,0,2,0,-2.204469018047096,-0.6324867159918952,4.4408037579184585,-0.2500502285621538,0.2809387715473896,0,normal
8.672278360245887,2233.8662297499827,262.51464787382275,6,0,548.9466075777027,2180.1798368691598,0.6490397201478687,2,0,1,-5.121976308169863,-3.8578837141021394,5.539032500888793,-0.3279359895090172,-1.4995545881658736,1,dos
7.474919135954608,462.1538546213213,139.22634190601542,0,3,82.39880338641589,764.8823878845907,-3.346137617304274,3,0,4,-0.8268615909753363,4.309866203984097,1.4892433134134355,-1.0539805359380274,-0.0775747015150939,0,normal
1.650791861186229,944.7635247314053,292.0799316203253,3,3,1624.4446571794122,1217.756743684144,-3.269745087353164,1,2,0,-0.8210884970919257,1.05725116842543,0.9514805382210524,-1.3855297951696386,1.1201436130688431,1,xss
2.081392699665765,1395.2435636188522,75.45647340132052,6,0,938.2310538061364,368.6576285135985,1.7074601335112582,0,1,1,-3.022020399159307,-2.52634273051508,4.684232253355933,1.8373439783619356,0.0215212421245106,1,injection
0.5880022737064533,2290.459749527241,72.30635033276376,3,0,4923.766194143929,1973.4911534182932,5.922979515420457,2,2,0,1.0954810829360886,3.2651813362547437,-0.7915556965573289,-1.5887307866892495,-1.0561040383447389,1,scanning
7.496692029650078,899.7259759963816,1.0224578819032772,3,0,584.684163892374,1082.2409467588702,-2.297615550337501,1,0,0,-0.035521056918351,-0.3043732088031814,2.649946837627122,-2.1341194143991324,0.6100953512430922,0,normal
9.496542432449566,60.889395628587415,7.480931578973977,9,3,1120.0873521605467,1707.6714146915049,-1.1593278863611385,0,0,6,0.0521710552945096,0.7015960619387325,4.072625337515953,4.566408139608898,1.0603924071580848,0,normal
1.8596603235086,1179.092192406932,1001.916444357466,0,0,506.6262529015793,1808.850084323481,-0.3608832031991816,2,0,4,1.4770113979883186,-1.258261351690804,1.7238501499715555,-3.989530768697748,-0.3692038537999614,0,normal
1.0685412496578113,617.5448751077529,116.43359171078556,3,0,2240.2074135266685,870.6708966518394,-2.911303365445589,1,2,1,-0.8210383012481441,1.01659522504782,-1.34506064249757,0.5286655041647147,1.628697243787837,0,normal
2.055444450912969,1732.6850728697534,582.4637903119417,0,0,1070.679902191824,1488.1625034621904,2.0046158969422505,0,0,3,0.5965555646620364,-1.09258879088656,-0.1320472136028079,-0.7025674442482126,0.7580433393983507,0,normal
4.5924762090389954,1252.2421543424448,164.73291675075538,6,0,4101.335374927003,2725.995282304016,-3.514574396665645,3,2,4,0.0281657350134412,0.3788859780930397,-3.976820016701072,0.5705368235960425,0.9637360584038988,0,normal
6.23161089679995,785.867148235783,115.741155800513,9,9,405.1879204144333,1540.0412424469212,2.307611624752118,0,1,0,-0.9823248888255156,-1.1062170755588292,-0.596919071013924,1.621153785552103,-1.0591214612121838,1,backdoor
2.477391264186082,761.531441116823,809.5915298901128,0,6,330.2821328119455,886.2557963565786,-2.9211173400615764,1,1,4,-0.9632356764661516,2.4248977263493035,3.1783185055912506,-4.165283024209903,0.632702884894728,1,injection
7.907942768932363,1127.0030104693349,242.84726737771555,0,0,682.6264855754299,611.2384219607054,0.4546707141736096,2,2,0,2.170409905467269,3.289402974272617,-0.9459581285019124,-1.272574610704481,0.0137171700265608,0,normal
0.1182658063037941,341.471613003773,169.13867459417415,0,0,1706.0630597564486,1578.736000985495,1.1322070117924297,0,2,0,-0.0016073548595751,1.1766580224370824,-0.8490543591722475,3.682533977095095,0.0257278079048013,0,normal
2.462204956661214,1048.4499028004102,393.8520567166941,3,3,1784.8073466226035,601.5899211944674,-4.119018435643792,4,2,3,-0.2843235278760629,3.942506716744648,2.4380514719046973,0.0385758146380779,0.0481050371458091,1,backdoor
0.43280271718808,1132.5503094433498,30.76596066846673,0,0,641.600949718554,719.8219806092571,-1.6305511691875108,2,0,1,0.3049485115244625,-0.346351398382849,2.4950554179818134,-2.113464309938972,2.79009634584346,0,normal
3.31345085662182,1369.9060988676845,330.4712223473163,0,3,4074.558891233608,751.7891387532446,3.42469431275666,1,0,6,-2.451512221165781,5.256027960987786,-1.231768496430102,-2.6729768807109946,-0.3025918258790576,0,normal
8.285783816488667,627.6730865485415,26.702179815099008,0,0,767.8518049076281,1760.6825599542517,1.8714390385323116,1,2,4,0.4243644723654698,-2.113768069865912,-1.1802237150714945,-3.2215503153063034,-0.5929647448454725,0,normal
2.497704079391126,2025.7162355822943,603.2726876845966,3,6,193.09411840534185,1525.843618743407,-3.5171591072218256,1,0,3,-2.6685454236983555,-2.037241204403468,6.622386521897997,-0.2817169055681983,0.3743664374706847,0,normal
1.7867462576941304,184.8875930550392,457.3814236319808,0,6,954.373178683679,505.6086653626248,-1.06478953709456,1,0,5,-2.241615956046614,2.3518598075422137,-0.1599778481956983,0.6531285783193805,0.9715172355035856,0,normal
0.1641206836921815,145.6965637962976,1153.028454756367,0,0,452.4445875859205,412.8541548389301,0.9037033912589,1,0,1,-0.0030561472228638,-0.121179079739337,-0.2798866512609346,-0.2738799138749987,-0.1588930068995791,1,dos
7.588639252659764,1863.6742473461184,851.6909173245087,6,0,2015.5810183819472,389.12132894398513,-0.0752298032342271,3,0,2,0.053868052799793,-2.6512747329185777,-1.383555494469833,-0.9984291885850972,-0.0702995432037575,1,backdoor
2.367490726186456,1338.0714278698752,126.86609577689016,3,3,421.1658292076916,2120.2870039633344,3.0645021992847474,0,1,4,3.462450176251,-1.3818458832252605,-0.4655970874976254,1.361635932845892,-0.7058518361752669,0,normal
8.630630529948819,229.73135716846937,1028.9006403670164,3,12,1473.031016392031,2550.439056638534,-0.4574280728577538,2,0,2,-1.5023209641676656,3.509225574225434,-0.3405928563628781,1.1203892479828192,0.9511887804762352,1,xss
4.353544237951496,681.3109862548778,336.0751747540477,6,0,3067.4134733662195,1971.7187293792267,1.8295708064037293,1,1,1,2.468535166381251,0.1702686299735414,2.8685347199583484,-1.3950932117262245,-0.7572539801731861,1,backdoor
8.65114410801136,1285.4447642130997,301.9870768353938,3,9,5675.7547496585,1742.0276160984702,-2.51779266046946,0,0,7,-2.0521367501493075,1.5909053637721309,-2.4882594429913736,0.3844262989514267,-0.8177597070426943,0,normal
1.5989795709354722,429.7205230465375,210.048344047852,0,0,2446.667722228713,583.8797384382881,-0.4883561126341138,0,0,5,1.132999465921601,4.831373908855248,1.6863827345971063,0.605060988200535,0.5619690291284748,0,normal
3.559225003325354,2895.4424150839027,280.62094749401894,0,6,5420.570712936797,3234.0868574775222,-1.7994959303340552,2,0,2,-1.512778687541137,4.036314637396616,-3.185614346278252,2.5400491105861445,0.3581403506836866,0,normal
0.0841240627589669,704.4917233136243,356.8016265262244,0,0,648.6076947874018,223.80164222771884,-2.995484935515227,2,0,0,0.4173280149088079,2.9010217207382456,3.123392109538264,-0.8855323584807164,1.3379637192885836,1,ddos
7.180781760477336,981.7234432525732,159.6314312495541,3,0,1041.7678481375294,439.8097341849049,-4.975878800678689,5,2,5,-2.4996068245497214,3.621592838625366,0.3910292085938875,-4.811320141942879,0.0950205028657682,0,normal
3.300363837463713,1962.474696917884,888.5202774756777,3,6,366.4360800637022,423.214157264624,0.790542604768599,1,1,0,-3.003000727993758,-6.075485502530243,2.576771765114307,0.432264364087725,1.0548539462476894,1,dos
11.806655981695776,1135.9887568804077,99.9296276535378,3,6,1468.6533403664307,1320.2492613974869,3.422201303802609,0,2,2,3.362841960510526,3.975154026722055,-1.3786123968788029,-2.154249644030674,0.2142841992585983,0,normal
2.193249026544843,205.31522231106143,693.2480766678825,6,3,789.4045040089567,506.6764010056098,-2.659616110611691,3,1,1,1.7057835854048242,-3.751902790224796,2.7016911559932604,4.823479806437387,-0.1735034201285193,0,normal
9.492861668918618,495.57745018560286,32.622156227475664,9,9,1201.2852066751304,572.4673600287463,0.5923947638965155,1,0,1,-2.967443998300154,0.133815908843784,1.223027234104768,-3.3174077236010096,-1.658109342989335,1,dos
0.0157076892204261,1213.2693983223637,371.7121595992579,3,12,1039.1062796341537,1445.591327636122,2.388198532375337,1,2,1,-2.5485910459466026,-4.342676603474436,0.8341598357765916,2.5132497835852874,1.046530355229311,1,password
1.5069452914483668,1030.168782622149,281.23597633911925,3,0,2194.445199630341,333.9537411224899,-0.6354689045780691,0,0,3,-0.2566541700214132,-3.2859872648615847,-1.1163368666745892,-0.5755875763935797,-0.575464797737294,0,normal
0.8485182715121218,952.4355082380848,216.2008812021208,3,3,1416.1730989926957,390.19709310673215,1.3005073036446468,1,1,0,-1.9345903445074584,-0.6424845463496363,-2.440368323172599,-0.283888724523291,-2.24255812856016,1,dos
9.508282139758162,215.9036122737093,746.3249992554938,9,9,413.6941707841184,142.8253640074904,0.5575711277727412,0,2,3,1.4618479245916427,-0.6540132436117244,0.041817155187414,-0.3055887168296337,-1.81158184707632,1,dos
0.7516285081223472,1866.1940407937711,140.66550398290258,3,3,94.12578928785852,2667.655044093481,1.3035599842561465,2,1,4,1.924145712750871,-0.2453265734136771,-0.8236231161849836,-0.753646189097259,1.32607139070708,0,normal
3.2078207274662693,12.451819812808518,676.6771133599307,0,0,3154.4989453780977,726.5378638313168,-1.21663141080649,1,1,1,-1.0897849856180186,0.5632307904613885,-3.0449177326023493,-0.5324772095815207,0.7373053832160166,0,normal
0.288698156558988,1320.3007944580088,186.8006936937742,12,3,1347.905140338765,1918.2806016235063,-1.473148812456811,4,0,2,0.5457740435396145,2.381628906971753,1.3779669859707004,3.054082730761818,0.9537247205451296,0,normal
0.4309318833689521,47.98537783908253,290.29184599963367,3,0,1356.1105924737317,158.16356629955354,-0.8118189430411199,0,0,1,-1.586256294058804,-1.878624873639376,-0.8000387405648364,0.2186319112284375,-0.2273770127656385,0,normal
2.826840163664153,517.5797901934448,220.31929309468876,6,12,2290.9446513723847,244.6064769414727,-6.138562217605884,4,1,6,-0.4805652041321421,-2.0911841729769245,-2.4630051075153525,-1.849697697385242,-0.1485053502009813,0,normal
6.654344904898028,495.3704612335292,507.4666574586885,6,9,446.9576717630957,248.11222013564725,-1.3924547851910305,2,1,4,-1.396674783131604,-0.6210314882270813,0.4147381407007835,1.0511227505919378,-1.2197657328167828,0,normal
11.236184662510594,1969.3776990566305,274.51186460508904,6,0,2290.227168244718,193.6527817661377,-4.209108935798226,1,1,3,1.603066117246631,-2.3954204758693853,2.890335007915866,-0.1152931865501274,0.8385105742673654,0,normal
2.4596941403911736,605.4156827125418,643.6535379998363,0,6,2417.7305789164184,116.90288667974728,4.9130734074509865,0,2,1,-2.408475424675241,1.8587318847468468,-2.4352498214619622,-2.413500767982527,-1.198639168674469,1,ddos
4.242615784127568,73.14718884053705,395.9762986060032,0,6,1282.358569662465,382.8303072894646,0.2374879390171724,0,2,2,-3.954116267543148,1.788389556194018,-3.2710869619724594,0.0010354638389125,0.5393650065277611,0,normal
0.1733669172781884,2538.5845962976928,304.4176505993233,6,6,3561.760464951734,281.23147592854605,0.2076230826462783,2,1,0,0.6043216698705486,-2.665847107452909,-4.088564302449787,1.3674462185062712,1.0722366998457586,1,ddos
1.69804639933533,370.1858903251373,1257.8823912523535,3,12,621.1299070277154,962.8813795080656,-1.0915078192032122,1,1,2,-5.31107174720514,2.089962036105093,1.0764937012361355,-0.0756712716124989,-0.0343517257851968,0,normal
1.3354920475504686,4435.108170876194,1030.280931268526,3,18,1814.6709702618973,326.29117247057263,8.027046738537717,0,0,4,-1.966310123767577,1.8621930700651943,2.3023458617112693,3.974826390664276,-1.0149344443181292,1,dos
4.792797301287402,1611.0011706546316,430.7527761507932,3,0,3795.868465939921,296.4677367830318,-1.8333567771725456,0,0,4,-2.1869349523564607,-3.5195925605807883,0.738401937257418,0.9425764963105016,0.0235994163347865,0,normal
1.3497221913035378,1594.418943884441,233.64401748781825,12,3,3135.730450991016,560.4660657732079,4.524815215218074,0,0,3,-1.6387644193778368,3.3320523910236286,-2.781753937960443,1.5772681523684853,-1.4462882323579376,1,ddos
2.623199592998309,755.8572512905898,263.7023724009745,6,3,1073.7191886394562,2508.401641631416,1.7550107626010654,3,0,6,-3.9171058042667015,-0.1897048341864697,-3.4390224484147565,2.4382799872808163,0.4816344232821976,1,backdoor
5.100059555442553,96.9639030417181,265.23355733866435,3,6,978.792116398516,685.2936202061516,-0.2405983130308178,1,2,0,0.0075828829973652,-0.934225671328648,-1.3487766118697446,-0.9736845255096284,-0.0425354265308315,0,normal
1.4742938561394876,1545.439665504253,176.9678562165249,6,6,1162.1219743891716,42.48724276281679,-3.7411280465959535,2,0,1,2.496778073921352,0.1857547808311006,1.951373863167596,-1.901246807628394,0.6981946495444945,0,normal
2.572724853413637,1702.3065035801803,345.1227513933326,0,3,144.68881651178674,1579.08284358178,-1.1936726886281828,0,1,5,-1.6346789534518311,4.167309454767681,0.2140559118551543,1.860276742520195,-0.9478017549723328,0,normal
1.6309534745744516,66.79453610521968,160.72534511401227,9,0,353.3981248041214,748.2222584172353,-2.1678009246645416,1,0,2,-2.200533534978418,-0.1229092666610667,2.037629603980209,-1.9996696220702512,0.4317567831648183,1,dos
4.477643706010969,1064.1831701167712,411.77707253520754,0,0,1362.6944472936607,618.3430107361738,2.081856816475417,0,2,5,3.270641944645459,1.412885750052118,-3.488759429113246,0.7650214661930084,-1.8391294054223064,0,normal
5.995017569424084,241.4472313665238,681.6732910535073,9,0,1468.218593612664,667.6180084899225,-1.681689518536595,3,2,0,-1.859098608728015,1.3118378908734991,-0.9380256633532492,1.0862227595602671,-0.5686059500911095,0,normal
3.833102558779528,1654.6000033999712,254.9928708985053,6,0,3949.707507037687,579.6689972711074,-1.069938427608398,0,0,3,-0.4094508513216004,-3.7041801683389934,-3.6065718466236207,1.065597269492908,0.2062502139261819,1,password
7.639710908588175,109.10029632725782,787.3269972301867,3,9,452.7566063364824,876.7775101996623,-1.6494296741048216,1,1,7,0.8752615953082972,2.486679130873488,-1.8208262426681563,0.9845210761310732,-0.8869383885401129,0,normal
8.26469761868741,88.14479511501649,979.366033782167,12,6,385.36631557099975,572.1851680876765,-1.8737513543089297,0,0,5,-0.4864198252726328,-0.995636656202082,1.6127128243778754,0.1224570164770881,0.4539876065814603,1,password
6.099662951420401,1005.1215509284116,826.0652689991098,6,9,200.91248461145824,276.4220804405673,0.2322922620405144,4,1,2,-0.3750858833160113,2.4622042632327314,-1.863196360946024,-0.1821165389393799,-0.0382943188729042,0,normal
1.2571222772097803,268.4490927912985,524.2337202537208,3,0,654.3740444185928,174.91812095513922,1.5209717134723848,2,0,1,-1.1905333602626025,3.4628492711532983,-3.110668694413934,-1.954988894977635,-2.2901343648144725,0,normal
2.5127739341931115,345.21389115511664,336.1954346913155,9,0,2157.513139405223,23.96538578833779,3.1196673729950577,2,0,2,2.149258258519552,3.2716464976622364,1.1115516073654366,0.7370947632410927,-0.5687111959000386,0,normal
0.8370936807913975,419.8199644938597,386.399925807795,12,3,2833.260458682713,9.26072789181288,1.7881586280709365,1,0,1,-0.8103986768637073,-1.0664277777047058,1.4144307199125508,-3.054847693150135,0.0245037769336044,1,backdoor
1.5224545782332557,390.2056729750851,1138.7716039907536,3,9,2668.8282470768186,1547.4551570782123,-0.4315142752899713,3,0,5,0.5112880636635797,-0.5120692447664241,2.105554940032575,-2.6736149574280943,1.2395577558386108,1,backdoor
3.556830637435493,370.7383886760866,404.7985027588109,0,6,666.5080133294567,207.84620443641185,-1.7682022609834296,1,0,3,-2.06871372854616,0.5702355258588216,-1.52811492263909,-1.18649999080659,0.8583990317695349,0,normal
5.932597199665697,1703.8711733704351,120.30091269756626,0,3,1404.5368924833583,1955.902782336355,0.8749811557350863,0,1,2,-0.0795353245916614,-1.1244757422671965,2.340425882354638,0.5919015387260574,-0.5632422103282144,0,normal
1.683886104541886,34.966473410375066,538.6762982981578,0,6,784.5489190169387,680.1646521869664,-1.3331311536050037,2,0,3,0.533526964803992,0.047899565384438,0.9027678088966876,-1.330492642933794,-0.7766005963231126,0,normal
4.653214605674051,1236.3277136098243,73.73393629859335,3,0,395.4466121177183,79.50679253604014,3.050172553754191,0,1,0,0.5204288322452535,-1.037606123859837,-3.640341509962145,-1.4190233517560478,-0.3301939852334015,1,backdoor
0.0085623503551006,144.68205077607087,174.75002975449266,6,3,1808.578447618211,1025.3476743658516,1.1893927271518705,0,2,3,-2.286139176311333,0.9151450778043886,-1.1717518645605502,2.866431766478386,-1.549147757880133,0,normal
4.622034398232061,106.91090264664138,604.3932484884862,0,6,242.09255695080932,442.23660944156336,1.6541058798554358,0,0,0,1.2324008886733746,0.9943355334297748,2.7006848468022118,3.078620827284356,0.7356482959852751,0,normal
7.486254293195223,508.3293122555289,123.38078843883449,6,3,203.64020628603197,1091.0816895767337,-1.14476476748306,3,2,6,-1.1224615484552551,2.692503183791798,-0.7945262365395078,-0.0414998333787168,1.3312844086673865,0,normal
5.862981308362345,2542.1179702239187,125.10052944885396,0,15,5577.383663952231,685.328082067089,5.863939892857903,0,0,3,-0.4237069410215999,2.497516953957846,3.201966809328937,-1.3223437947630707,-1.9521426679324532,1,password
4.173222326524174,361.9518079413151,1096.934515761031,6,12,333.4786640385372,857.1147204159065,2.4281900260854017,1,0,1,-0.3407131942267263,-1.5418712777735215,0.5382222423773169,1.4605479752934527,1.5789095599830272,1,ddos
2.931270378596785,544.5621036204334,443.970654144006,0,0,3.9492077350385473,1298.4025398211038,2.4169227702196245,0,2,3,0.5218104559033536,-0.4063617540272378,1.6159719449204022,0.4397711206052993,1.4732370401781492,1,ddos
0.0158379324656152,672.5214483261556,301.3421719683656,6,0,1323.5234097127889,190.43329032370127,-1.504175760580343,1,0,1,-2.50850790308683,1.3781236201580511,2.100670001396169,-2.696570643396706,0.5594147520876912,1,xss
7.276283075277967,1155.3420413258157,777.4819279511221,0,6,1015.1006865743088,13.013327470900224,-4.449703544039433,2,0,2,-0.3326285572621201,0.7558950683652088,3.847396100429727,0.3221136258154813,-2.267850395624671,0,normal
0.8268086224593418,744.4597239964523,331.9803425054166,6,0,2109.0627955315854,258.6441084498022,0.803652529775152,0,1,0,-4.07722467722325,1.4180155024448582,3.4930821072324347,-1.704424722628232,-0.635888401587389,1,xss
0.5344812561971619,31.88487489532321,205.16511560106687,3,0,991.7633557505536,2043.8337555989356,-0.9929170537346674,4,2,7,3.7257588987298895,1.4109172345948977,1.6280969076980816,4.389633275545881,0.4292534277819791,0,normal
0.7883339307517855,375.2585335389669,312.12501611567,9,0,2147.0677505074773,1444.9307433792494,1.2046864999239812,0,2,5,2.50558825907908,1.0748296465532623,2.4033227144960287,3.42006999734226,-1.1148164112816723,0,normal
1.7073446925662372,1774.570906888378,516.5373016909639,12,6,1808.8500868471087,236.68933256209365,1.7334803879595455,2,1,2,0.4158650299617641,1.3643031382343611,1.2593750179660812,1.3770968577168352,0.8005288190742038,0,normal
5.322316985783292,604.5306696184226,645.0640530994144,0,0,2563.524108678366,971.8556771956056,-2.2389425374647107,2,0,5,1.3334663911219176,0.99690941102662,4.0973853811241625,2.1845751442901515,3.158786081241096,0,normal
5.774532398131729,516.7222325324595,758.4753090550278,9,15,1400.9180549665834,790.6557460598249,4.143022738563617,0,2,5,1.241240155930228,0.9523400705211787,-2.0655137121592557,0.776935154309809,-0.0396296951554803,1,xss
0.0835390176071856,2256.1522237589634,469.3815060568588,3,0,3920.360039925619,2803.4930313001305,-1.3946330153196032,0,2,1,-1.009820683576254,2.629179637336293,-2.6485667196668503,2.372676254204801,-0.7028825218123981,0,normal
2.5275258842945094,579.7954277556438,473.7962229682216,3,3,594.1636999813813,1188.0854726821728,2.209050234934263,3,2,4,-0.056719914980309,-0.9031069409664998,1.1251324047401463,1.2201219085667732,-0.2402340502648011,0,normal
2.445304490858123,92.55777788612274,848.3441180880843,0,0,116.99121128690282,338.0157400551516,0.8962688083912786,2,0,0,-0.6123286256040404,2.401546831692146,-1.7324617173014782,-2.731757770704876,0.5040016737669571,0,normal
6.839562710246802,114.46924111076962,256.6350126103796,0,9,147.66979771634212,253.65816144173613,-1.696565065140656,0,0,3,-1.930822683670628,0.4692239383190842,0.6462915188846035,1.1724026021562624,-0.4353211181052546,0,normal
1.007383410123682,1548.9440956960996,567.2374222438206,0,3,1134.0028382028866,1660.4823108011492,2.54876958993048,1,1,0,1.8189899487263448,0.3155304571998919,-1.4492528434665533,-0.3672618126166744,-1.5717635683393123,0,normal
1.949388110943636,325.839031459672,186.0099738129204,12,0,1231.3864053808425,343.427407670743,-0.1969091061191112,2,0,1,-3.959035017522041,2.047712180976408,1.1676297550142076,1.0786049808248297,-1.1085124304129703,0,normal
9.863044178939822,32.508064773265176,196.2354981766761,3,0,2133.010768444788,201.23545067005625,2.4509306575011225,1,2,0,-0.4108970796065654,0.4786279976224707,1.117842446136623,0.6563542292050579,0.4422923719271098,1,ddos
0.2236101669458899,53.82455208416559,466.8956267659233,0,6,906.4138317589416,1293.072883609624,1.1333857478379976,2,2,0,-1.5323588534716508,1.962744530635735,-1.1999518270514742,-0.0294878363059822,-1.4409560252791038,1,dos
1.8999692411326976,414.0021260320085,67.089364808289,0,0,838.3227469958152,190.7604426681345,2.700449547765084,1,0,0,-0.3270891051316084,-1.2692288387864552,3.201877290057686,3.20435103978127,0.6201742759748661,1,injection
1.270170731579161,1582.1048789651477,217.97633082950907,12,6,197.96008479949705,1037.6617275496292,-5.875189889161146,2,1,1,1.821213134004658,4.143456577287501,4.267597146575754,-0.3815449499609946,-0.0023895028573992,0,normal
6.5376357339322215,1782.8146919955402,10.113918657111077,6,0,3537.5027733045717,1695.044444923756,-1.3815473934415052,0,0,1,-1.441672373941908,2.584800533850508,-1.3785261994258695,2.944152636659716,-0.3652353702945562,0,normal
3.295340308816336,734.8914496909066,812.8649298364638,3,0,2319.122412524712,606.7642076268446,1.505895962236596,1,1,2,3.2942942746428834,3.5435007583032734,1.288431923799314,0.5253740636871651,-0.1293920365727724,0,normal
2.1585238159338167,598.4076709513504,216.7011286543629,3,0,38.48444911493459,348.09790069478254,3.2259914421524627,1,0,0,-1.419735059978369,-1.1553278876179065,-2.039861270491414,-1.5891743501847857,-2.0467103754700444,1,ddos
6.758260560588862,61.33621560674851,1.7373678158045966,3,0,551.8078327612261,354.8676046423823,2.7304424666869678,0,1,1,5.27927400030949,2.3233984906293017,-1.6518829922649794,1.2197921578811244,1.0850264646764387,0,normal
1.6463022919682633,538.5214487746267,329.5806636674375,0,0,3023.389580325117,495.21774898941146,2.122084231901863,0,0,7,3.4761960588227074,7.030271191564036,-1.131786654028444,-0.2305125160234782,0.0794140729423438,0,normal
2.536423942585361,450.67188834507255,525.5767689466109,3,3,2920.176713322166,469.6555253170933,0.1228702283617326,0,0,2,1.113933514979486,1.5757847767149185,6.396054889030059,2.2466243630699827,-0.5665510773520513,0,normal
0.996105956895051,1363.025904146513,98.9281685843046,3,9,280.4331366039409,385.0173040114205,-2.8540463318121088,0,0,7,0.2195600188880417,-2.2416879720159057,-2.0249549805476468,-0.8301531522268284,0.4835181931188469,0,normal
3.0686031500500337,1818.8548310613453,65.39566480560067,0,6,1307.2398364466417,57.95725796628189,-1.9377993528698747,2,0,3,0.1550855884326143,-2.0160452593093874,-0.1860255036241505,-1.4686558150217754,-1.4399126554634638,1,backdoor
0.6439926103122363,976.806384788617,19.11628089225548,3,3,1410.4868126869585,223.0184738026093,-2.937714197478421,1,1,0,-0.5897733004203056,-0.4298666641334492,0.5117081631904682,-0.5794941596370828,0.6696916168753461,0,normal
1.053823491394854,518.8474560999337,494.19304988476017,0,12,2022.0483069079744,2305.794037790797,-0.3118043733192326,1,0,3,-0.9244414972346704,2.4982067406270083,-0.7326553057179359,0.9278384017739472,-1.2433799467011712,1,injection
2.18857382780254,36.1616241653433,14.686909996698448,3,0,1831.522736556672,646.8643388461761,-0.6440828529848304,0,0,0,-2.3348837900701365,0.0617893716981783,3.692941499016015,-2.0636269559935903,0.989505477056127,1,dos
1.926056050610084,476.42400930352807,878.6526125590616,0,9,326.49129231907585,1406.0545727978133,2.2388111213026867,0,0,1,-2.3235267073571544,-2.93606232352215,1.6049361549911874,1.714063257726531,0.1753080361743414,1,password
6.036453724670585,1217.9870746532329,308.5915547495952,12,6,435.5925305200605,659.7631308467813,-3.404192927706716,0,0,5,-0.2600613422592451,-1.1062944695860677,0.2673192365246872,0.2767253223184819,-0.2264210853859996,0,normal
0.4076315647758272,179.84047621049103,753.9151486944871,6,0,732.2817844923761,186.71005458336765,0.3820832019970452,1,2,1,-0.9732186392127942,1.236810582540176,4.929833411715597,2.397475600976689,0.5676824069512713,0,normal
5.804312809066586,690.2546482443704,561.7975866021274,3,0,591.8870439589654,488.0254183735229,-0.9050817270152524,2,1,2,-0.1792621967277714,0.1743279275837213,-1.7953961481751095,-0.5311194185309458,-0.2749139067770121,0,normal
0.9033322677365788,1045.092830015691,194.48477987781405,3,3,5304.103428849893,1233.8366143081564,2.0817331967939,1,0,6,-2.041185153979341,5.851281946212745,-0.3018060760696766,-4.064282796438474,0.745594828441156,0,normal
5.329624095058717,955.0617071742475,1065.8987796815888,6,12,168.3128468164515,1096.786237214836,3.3553467425260437,0,1,0,-1.3029471907229302,-4.38377421695061,1.9592163309063124,2.525235699702961,0.7380787013433162,1,xss
2.754167621986082,79.06730565728581,42.29691158873097,9,3,1211.2586664262317,299.7169902817008,-3.48340389378148,2,0,6,-0.3491632228568107,4.579711022841417,0.4782169243503852,-0.4619725724771879,0.9050304892101428,0,normal
0.849242450169509,2037.9137092084584,400.1555832463493,6,0,2308.6317276893355,360.9914101914372,2.8231531374084264,2,1,2,-2.256631910645967,2.1191992866622,1.3104441110112246,-3.272185041847834,0.4831191564298533,1,backdoor
1.8571263684409365,892.9454919510883,741.3595901809825,3,9,593.6704445028578,229.534137012714,-3.155706188755441,0,1,3,-4.006870567170841,1.909480828634352,1.9592166334808327,1.9070775820742536,0.0323881825275404,0,normal
6.342315885133882,481.7255468758906,485.6089188546016,9,12,282.9372859952131,1579.4023689766686,0.0512575503280687,0,1,5,0.1882878991655108,-1.4772608831508756,1.3672166464945292,5.515744128828596,-0.8378231897203203,0,normal
3.9548333873027945,2185.121777070966,476.66615918743616,0,0,297.6211654374603,310.88825902630043,1.396159941060861,3,1,1,-5.259651637738967,2.150622297559038,-0.8119200435465588,-3.5617512236047526,-0.5551056058801226,1,dos
12.217617074003757,173.54122254525777,364.14912380571394,3,6,420.5363123315893,931.9923358021192,1.1444595520887135,0,1,1,-3.4599523206997285,-1.7535757634286664,-0.2070542984292243,-0.6694440670643345,-0.6698957957997269,1,injection
3.257121904162945,1571.416009890737,650.1090113216716,6,0,26.399460573115235,969.5194921203156,-4.106611392622486,1,0,1,1.4391053200436208,-0.1188568367481641,4.736292184021849,-2.167139842338791,1.2093084269912842,0,normal
6.2493396016388205,525.7749127023699,514.9781237538435,6,0,186.7297117608596,226.7259641285233,-0.2353513384032082,0,0,0,-3.4699723723436358,1.8450651506333815,-0.1099055952048781,-0.46483437076104,-0.0395228741636563,0,normal
4.211461881251687,2308.091910416612,134.22092789803,0,6,1224.7945589119315,1222.8678110213193,1.6217851338785452,1,0,1,-0.0018350581998853,-1.7321451760949411,6.226706304579812,1.706294641245773,0.1457688004987674,1,injection
7.551477927787249,550.4901505922251,604.8412833815456,6,3,174.21104383354913,901.7169766261258,-0.2785049254760168,3,1,2,0.3520496025366604,-0.7305831514553149,0.9611326667605544,-2.1901037248376936,0.0528009511967398,1,backdoor
2.472278594938667,985.3219907735444,555.1292630403958,3,3,401.94098605016944,1447.2439824809048,-1.5338200108902054,2,1,1,0.9830246840537512,-1.1942094124641984,0.1729544577604023,0.2323128834486382,0.5592074325538087,0,normal
8.354416405096984,591.4580136468047,271.84044388263504,6,6,197.989010285018,1114.388872136317,-0.6284087635984962,0,0,1,-2.497552585136616,1.0403246190849762,1.2940805038913066,-1.7108012792304828,-0.5536797977395113,1,dos
6.017295544689976,1475.427692821558,866.9265301998403,3,6,4431.262234220999,1414.8719426452594,4.636100040076252,0,2,0,0.3117399928871532,3.569644877078246,-0.0632589642419669,-2.732868021791334,-0.4325085617970955,1,xss
2.057011688921314,1240.2299426325949,442.29933105007206,12,9,1003.959993641047,1228.931766019857,2.9182264934085262,4,1,0,-1.3340450561964703,-0.0678258647679672,0.023278588861697,0.3967162275107369,-0.4717016926260837,0,normal
1.3612272832770906,1554.541170168743,1106.4516522787617,3,3,2693.212139826798,656.8891875181653,-4.399886683686829,1,0,1,0.6072726276988403,-1.8254220023171663,0.9115027332093936,-0.4801135616507141,0.2642749889908241,0,normal
8.730001075186674,289.6045953895368,100.69218654906769,9,0,370.090736271254,141.90867429825997,-0.9480382893633924,0,0,0,-1.7276540344766202,1.6200421283406612,0.7982698970054016,1.6897992726682352,-0.747552139637287,0,normal
2.4894330193981125,1138.3668777879222,222.6708005635857,6,6,1304.167817548687,1738.1549750848485,-1.372603179330773,0,1,0,-3.607371913047295,2.9653512627594845,3.458246809892298,-1.9152018515140083,-0.05055130031796,0,normal
5.475584709529185,162.507445835124,783.5832069500772,3,6,1048.4705536466538,518.4454026243,-1.504241629606157,5,0,2,3.7199454022239946,2.4061253406467005,0.3278901813367648,-2.790054125742006,0.0719632265836325,0,normal
2.267778200731115,654.1762917095214,536.4153835119863,3,0,2311.1127660109923,1233.0051410201334,-1.8725037656325845,1,0,2,1.3603289311668194,-0.1582695361081758,2.321566096827885,-3.6452284153137073,0.3781443750617846,1,backdoor
12.25408716908727,1212.448509988537,287.6933420612905,0,0,184.4624400046172,778.1213251146453,1.111616273913183,2,0,0,1.2784890853990505,-2.544872394440395,-1.816151280774894,-3.5711908055736297,1.1482250810176629,1,dos
1.46832218942742,1155.9099736865758,212.54051167215025,6,6,2486.5692275581155,684.4147517437253,-2.9841398127824714,2,2,2,-0.2259403787225462,-0.4264312958429874,-0.0872546637823206,2.691911218207052,-0.502612255935437,0,normal
4.793420668392637,1873.407102500104,615.6843007949795,3,6,3233.9027068171936,1015.9776044279326,-2.4775039609760525,0,0,1,-0.2418587635555119,-2.894571333973282,-2.077772471145323,2.2285670959077635,-0.0787609279523181,0,normal
3.687864052125681,512.9479212104059,51.58947371137637,6,6,290.46137253386263,97.2569283304218,-4.103917781142814,5,1,7,-0.503820315336748,0.5357181453779211,-0.8949648726261759,-0.8157074844653038,-0.8581953480257596,0,normal
8.020606667597372,1072.9895015332108,1178.2128968360262,0,0,2557.0119304632767,1414.0043268953436,-0.7210069003093993,0,1,1,-0.9979370777627278,1.6909291851512187,-3.0526890226798367,1.18944709493029,-0.7637584637642321,0,normal
1.167685901126522,901.1069508561012,545.8101630700494,9,0,687.2495504898508,525.1719760683696,0.847528746114331,0,2,0,-0.5980151905793099,-0.1557038032315671,-0.1481456636103728,-0.8524294657765555,-0.2460606866963034,1,backdoor
0.3263866212586017,257.5650270716109,146.3215180662014,0,0,1194.3868692977142,740.7299543607398,-0.3145359502794634,0,0,2,-2.6002946757593914,-0.5877896036403378,4.006140674285054,-1.2025089567616496,0.6380638839769344,1,xss
3.71287871726288,302.4416469923128,218.46273959477853,3,3,1844.1218995463523,1.965490660248392,-0.2185064230388085,0,0,4,-0.6629869268004241,-2.827850679157918,0.955742435595719,0.8859362216613198,0.4268155968801334,1,ddos
0.4011030136610832,1136.1688051568128,382.22684885012586,0,6,631.7278660821382,573.3053864968308,-1.7790034546350004,0,0,4,-0.8825496543062787,1.948773005639311,-0.943785346764776,0.0575454404990574,0.7498431052242599,0,normal
1.8090551352891493,813.2203285605887,569.090498831069,6,3,1690.2011124150288,1859.350329774568,0.2978275340066927,1,0,6,-0.5131480817078584,-2.927924232647051,0.2224393571626574,1.2724520020327537,-1.0134080207717462,0,normal
5.313434563122027,1829.327921030148,550.6579053487428,6,0,772.9133635795744,474.5904920386528,-2.452021372709872,0,0,1,-2.562189654895885,-5.4625804939590425,2.943292922172647,-0.9277168565500548,-0.0499388800097273,1,dos
2.483547665200021,354.1492631665133,348.655720497896,0,9,216.58330374394487,1821.4454961078195,1.6773020552755458,2,0,0,-0.0778032793023926,0.3450384934450677,-0.0966055078631655,0.3662618720985624,1.044344009041993,0,normal
3.8026800830983287,192.9165659378691,503.2407947491825,12,3,1673.9540591194325,513.8461455110277,4.332444095739272,2,1,2,1.7642542026397572,4.181711764935765,0.1886007186162144,1.1199476837502242,0.5764371055577275,0,normal
8.45291693916865,667.7071504665705,863.0271785355343,3,6,1106.1662088289563,1737.7263620038698,1.3918097618119194,1,0,1,-4.489302297406311,0.4165733179686665,1.517189386718015,-1.197778396289033,1.169374859569298,0,normal
10.130028031945567,1892.722493096608,838.9425270010986,6,0,0.7284454008331875,1552.2953718491174,-1.5580407342899578,0,0,2,-3.039903572042662,3.7465091054230255,1.892111056150928,-1.368251918500771,0.9540686910974546,1,dos
6.277967647132765,1601.78421109723,97.02162305069052,12,0,2617.468283473262,171.80549603135142,-1.50282687276211,3,1,1,2.7100802020816706,-2.665699766370567,-3.7955776161541994,0.5108391237960916,0.3260494876856734,1,backdoor
0.7568351004586772,927.797777067985,273.0100410442765,9,0,2480.59428187809,1164.9594768633956,2.8620654235888683,1,2,0,0.2365098156789734,2.0538423442138,-1.1078194145394564,-0.9434134864954344,-0.2488004289291401,1,password
2.7368291577694177,339.4961660466947,496.9633076786236,9,3,1310.8691955988818,1747.5696370675464,0.4791222858867028,0,1,0,2.277997230496858,3.338346484237581,-1.2005028557783235,1.9350230378732087,1.3625864958279004,0,normal
8.040686973206844,139.898891036564,916.9746796622096,3,3,1213.1648059532815,1232.79879966547,0.0733710338229394,0,2,6,1.8376472850586436,3.2030865610429364,-1.923883781194984,0.3938173096191821,-1.6722715908164856,0,normal
10.595990651187575,212.64712005653192,533.5180645548264,9,0,143.3064234637486,1976.558238770882,1.3715601662154375,0,2,5,0.6579245923996564,-0.795989757058112,1.626493479649611,0.4838172908571646,0.6811250434315408,0,normal
6.751505806988339,339.62860520533457,3.6881556021426105,3,3,998.2401702938704,1050.4632931393423,-0.8100923397374002,0,1,5,0.8211017157997693,1.10920443051264,1.63388414729654,2.7839875815700443,-0.6590610966386969,0,normal
0.8987104253790206,759.9636189818677,307.10485990321195,0,15,1035.0519747376225,198.75477434840064,2.4830542171321195,2,1,7,0.0987454824946936,1.6461068194896196,-1.6430256919421231,1.326260523835722,0.1103387417924188,1,xss
0.0008243533226422,1499.1649796634238,559.6487660941664,9,0,938.3193346500052,1552.89185452946,-1.8962303968499168,1,0,2,-2.279646789755944,3.818631165957149,0.4651313024902768,2.7076523257597,-0.5880250356836033,0,normal
4.84043978086519,977.4926325089012,327.482930496809,6,0,1464.229489404557,710.8290221968389,4.747594737901763,0,2,1,1.209773047193733,0.4013325175628526,1.1444768776871583,1.916606506133548,1.1048237673345391,0,normal
5.948751810483554,339.9024905649146,122.20585574595326,6,0,1207.28461226412,159.6937116287141,-1.8333881058514645,1,1,3,-1.118331617308402,2.0195012133361185,1.376899706081261,-0.53121993866828,1.3226603466555122,0,normal
8.666167504820685,657.4938862427317,162.82656000468566,15,3,3904.125982208575,2571.914435137504,-2.43987951879879,0,1,3,-2.530359499986558,4.191040219396716,5.422960805459101,2.8282502299909904,-0.988847224769048,0,normal
6.232925444864362,708.8238753591804,709.8663638671807,0,6,531.2398124551864,2141.303121727558,2.4382519742029114,3,0,3,0.9271236806036788,-0.0254236300273373,1.6388835736915088,0.4699205409945316,0.714468354108945,0,normal
1.3658670544930238,1763.7664896911187,564.0496629063266,6,9,427.9916166780163,770.0737167574035,1.9701366096896975,1,2,2,-1.5744156223581505,-0.4112306048209069,-0.5496051259304582,5.531719730841179,-1.610915227164852,0,normal
6.119629859144716,1906.8404431759247,99.26145202160758,6,3,1468.380195032806,2392.908705595931,-0.4112078265586263,1,0,1,1.8488468889391616,-0.889549877049278,0.5093022507534133,-1.1951218969223285,-0.0357895091201887,0,normal
3.718710711892754,415.1703502579873,2.8615885721830887,6,0,1114.4935298516289,845.4744543140546,-5.27445386401551,0,1,1,0.3830606795609872,1.8424391298770395,1.984984326490294,-1.891787003638768,-0.6876957740792944,1,backdoor
1.3282343496898457,1924.979075214348,334.8228677593036,3,12,1172.6171029527136,571.1459137644199,-2.897872844087413,0,0,6,0.6617477645426255,0.7059141455929661,-0.1271781939512524,0.5073261567337879,1.824634387948807,0,normal
10.97264012510389,1544.830798487599,14.452810919674024,0,0,30.97164404224805,147.67015953665302,0.8347587452436613,2,1,0,0.9732394917140276,-1.740292182732554,0.3010996591570638,-1.1877842723718328,-1.6975530564786938,1,ddos
3.9304004273295448,184.5810935022388,753.0969549211045,0,0,766.01917227885,1363.7723944624006,-3.0325637463880653,1,0,0,-0.3956991304031008,-0.8595835832572163,3.6623569123631015,-3.0947942490589035,-0.5811269859274819,1,injection
0.9950799810417548,18.753536581060715,217.7130963810943,6,0,2269.7662118786825,584.2414019416751,-1.1803858551586557,1,0,0,-0.923404764116252,-0.6213575551854231,-2.930292098723846,-1.2324898533765969,1.5635005846414445,0,normal
7.933650691397098,1857.0953468107173,109.67205034168,0,0,1557.5578263974464,990.3567198580628,0.4117095893070197,0,1,1,1.637515766561434,-0.661375549210593,-0.5359097721454529,-0.2767097751599039,-1.6417458311662814,0,normal
4.454620252936032,601.7506223378126,1014.560428003145,0,0,570.4204095965077,2703.7392758527185,3.900095731927388,4,1,6,3.416603656651432,2.775739863219192,-0.8765648382043831,-2.7122450678044663,1.5584882276769714,0,normal
2.1531775090592964,1352.1840805969352,290.1748573328575,6,3,822.6988464142581,1075.1341807718543,-2.010469252680034,1,0,1,0.284647784105142,-2.267960703022851,1.4483954593413475,-4.564876826454727,-1.067900681366052,1,scanning
3.2371870910231104,469.7716280081802,1096.5658012129732,0,9,751.1141858935976,473.95790765433856,0.685431473487652,2,1,2,1.8337408234894803,1.3178031501431255,-3.781980335194647,0.6010798074620781,-0.477013661310341,0,normal
3.5353767850064104,16.263438402914552,127.87995837433375,6,0,771.378279033374,559.2703443699022,-2.784521575414496,1,2,4,-0.1720184041843977,2.001266266322222,0.1438173424636333,0.0655793698783016,0.5075830005033883,0,normal
1.9837130984438656,118.4246256994621,83.65066401386285,3,3,2143.583190350928,669.7836447530213,1.7431837350831578,5,0,0,-1.6228492726898218,-0.1676332078757678,0.7919251010701833,-4.777519566661786,-0.5642965235857682,1,ddos
0.4456230872018526,344.5272140429254,359.0956403261094,12,9,630.381988068475,1853.6257077849596,1.7385465699531777,0,2,1,1.264990206040855,-2.1293054950086265,5.120296874254625,0.7131154327149003,-0.9767825716174546,1,scanning
2.298558556575507,1064.652610811875,1113.0445473410723,0,9,224.99551020530063,48.86112626961478,0.3911451445015724,2,0,2,1.921586602130314,-1.0397604111598668,0.3554687336966897,-2.2810817874725764,-0.9065890905864338,1,dos
6.568680029826498,1139.5964562141305,468.446905598327,0,3,1282.0075019822384,1042.3583702555482,-5.0114136925575306,2,0,4,-0.5504471554901063,2.1504947472287244,3.244601447125241,1.2421432899182565,-0.5072208848491934,0,normal
2.348047364713803,764.6152281127069,703.760971403688,6,0,2058.771253310219,1677.2482732424646,1.605585131936036,1,1,1,2.432374657613288,0.1536664169226955,-2.063925292662638,-2.630212101850586,-1.4398340288990268,1,dos
0.3162176671814648,325.8120696700244,339.13382910997524,0,3,1319.9748217388549,1154.2492001775902,-2.1931984462733665,4,2,2,1.3286125426789597,2.5227638385945275,-1.9901000292570372,-1.7389978674254285,1.2325075178074083,0,normal
2.39479627593823,287.4505559039289,624.574008548865,0,9,1801.3998273156144,964.6984555592712,1.7445820692528653,0,0,2,-2.660426714940864,1.058921638305573,0.1229418069934613,-0.3388023991223237,0.7517646852625027,0,normal
4.719970358133309,920.4159203349166,286.4203869926561,6,0,1293.9702066592388,167.38987489780752,-0.9679230733305788,3,2,1,-0.1911379505984489,-0.636913548349028,-1.6111393162944856,1.1985654844387603,-0.5131777808810213,0,normal
6.482688154445137,862.507860913903,239.2807461394964,9,0,780.1602223842665,143.2094042324813,-3.4633753128084965,3,1,2,1.7454804920334055,4.1473334815664575,2.040398696556266,-2.7858903480654167,0.5825720389579307,0,normal
0.1421851254708588,1293.325400287711,121.90209096124325,12,0,3490.773309382529,596.9838261027658,2.3468763953272007,3,0,1,0.7046235512747062,4.284339531982554,2.999589010505999,-0.543877702625311,1.5698701984642351,0,normal
0.8837743664469093,2544.018690633793,484.2894972615629,18,3,956.7089466078342,1122.537364845964,-3.590287377787754,2,1,6,-1.6169328672224892,-1.1276823753111105,4.734639311865741,-0.2838327862939613,0.3536713290913293,0,normal
3.832892802782738,376.6057531700593,344.85373999933483,3,0,759.9600646288396,336.2616460415516,2.1828428234693384,1,0,1,0.5996008479515418,2.6703571564803044,3.494416471152493,1.9330600791045205,1.2796491918092006,0,normal
1.087952011144185,21.04067980681212,739.963901205617,0,9,1900.880149796311,1364.649993417513,0.8181146199308167,0,2,1,-2.5583132242929683,-1.8945871252642217,-1.473185464140559,-0.0535877997861016,-1.4679223641217587,1,ddos
10.850980751940147,251.15826701073277,162.87381808801226,6,0,2253.4250571715083,562.0384940442217,-1.2861177255796163,2,0,2,0.1104326810954619,3.22097092346547,2.4543993412735903,-1.7064033843669637,-0.6227628305115814,0,normal
3.4363167474494927,1391.9107465578304,289.82730332754176,6,0,2277.099256570348,1355.4351600429604,-0.6980848783282858,1,1,1,-1.5063809583108605,1.696421348350306,-2.9524135708677037,-0.7688744404343593,0.2027021596945899,0,normal
4.423625910939737,1392.4984435500064,181.39539715965967,0,0,705.9745079131864,153.33603648536382,-1.4280208995200805,0,0,3,-2.6912206950005526,0.7498986602178224,5.313559093262199,1.5128020214391689,1.2658636985612253,1,dos
5.37771428933734,2087.7391685484376,166.6214142512645,18,3,3378.112626511501,127.41192201667262,3.0594337361550643,2,1,5,1.1364600878010804,2.0617519042332626,0.1073638548651434,0.1292548338286503,-0.6868836381762615,0,normal
5.784971561066942,25.129551591052238,367.9318302649484,0,9,194.02728031118733,1860.5238886799675,2.733188023993733,2,0,2,1.3621408428941135,-0.4615157168952897,-0.0530061347305423,1.124664332058688,0.6542804922998348,0,normal
12.755259295178517,1668.0580972743137,187.87981734083257,15,9,801.2061787994361,68.31996874255827,-2.7873087387809,0,1,3,-1.447580774163478,1.6502255889315425,0.3509783969474829,2.568862367766523,0.4491867248464012,0,normal
1.5416066956955612,954.4608682658496,493.9294905309611,0,15,715.5958151605308,708.9560241988579,0.7845523190772579,1,1,4,1.634626576314255,-0.1868013454183552,0.7548354920184972,-2.2186595203354984,-1.1509176862554025,1,injection
7.648835092576985,321.3793585407121,84.14545671358471,0,3,598.4599874718333,1126.5115448646372,-1.972427271556336,2,0,5,-0.0529382787073056,1.6653600403503583,-0.764260289299943,1.2860677673849523,1.430436376092366,0,normal
2.2738618981356225,1496.1061738275876,190.47208941919183,3,0,425.4614392009144,854.6195841778314,0.4604691257803339,2,0,2,-2.5670078615557994,1.7521479695754287,1.2400155744825894,-1.1309623336033277,0.2501814084267135,1,scanning
1.7018438285305646,1162.500999577149,552.7857094930546,3,3,2598.413565452432,171.8562063103816,-2.742043282145379,1,2,0,-1.375829974913564,-1.082738221388415,1.6786490359817787,0.2734166723397939,0.2904440280205333,0,normal
4.538535590839469,1528.5983320087903,336.09646527025257,0,0,4243.549036587764,1315.922297756422,-1.4478721041564155,1,1,1,2.665940472227052,-2.332086844792503,-2.164313799681421,3.4685554894655715,-0.383267844998334,0,normal
0.5379573646896517,1033.6630338684895,507.5303400916792,6,6,1103.560117299353,193.4905282191802,0.2324547117247778,1,0,4,0.467831470427193,1.8679632922035787,-0.6202078964173032,1.224714233859859,-1.6237730810770186,0,normal
2.474148095974602,1893.8860539558773,240.62168299238192,3,6,3284.215176414326,790.0677386234993,-0.3384352249199096,1,0,3,0.3785776789356148,5.612106700685608,3.5046735540789884,-0.1021259311336697,-0.3731264431089819,0,normal
2.3407375949224285,134.73533688172157,778.0139723084075,9,9,127.36496425024076,921.8334079716866,-1.868138105283336,3,0,3,-1.2762930471252878,-1.089090121420188,0.5020284155184385,1.0953482803231305,-1.476310714156999,0,normal
9.66013893522301,664.50205818558,357.2348311463451,3,0,767.5966261563295,506.8049024647232,-3.9643050724838895,1,0,4,-0.6723174617939177,3.660445657520791,2.5841332106534978,-0.8004923266705877,-0.8302553184854848,0,normal
4.135986146358388,526.4511597454871,587.1491478435407,0,6,318.42846226302703,121.05079265025012,-1.3711886885176203,0,0,3,-0.0940271872649276,0.5844951203207496,0.145773957152691,1.4840221025808529,1.1270803141368688,0,normal
9.953438662564004,261.3312104667016,519.8396609070126,12,3,3500.845079180604,3043.1825043121285,2.272522425634216,2,2,1,0.4409458216759032,0.4922014168214956,-1.0918403966199877,-5.130492008831725,0.1718975217425707,1,ddos
13.742572720015229,446.5918504797132,155.4547823504182,6,3,3015.914835614366,1511.9594469526182,0.6374870046281012,1,2,0,0.3105328154763018,1.1785904727672245,2.791486760460828,-3.08552028449672,-0.3068335348578167,0,normal
2.9799887444935087,719.9201068102773,87.22216547312016,6,0,227.89208318227196,34.02648701775917,-2.972180935480753,3,0,2,-1.5199351860661705,0.7208536895740107,-1.004192429980824,-1.492622655022102,-0.4034919425915688,0,normal
1.3668926024739667,572.4074440370463,292.31771751163177,9,0,1648.9097790349092,1253.7342399190086,4.362272742218437,5,0,3,-0.3926328524293609,3.732818198895085,0.2305529053845829,-2.4747936721512804,-0.1206147430688807,0,normal
7.58143260310184,531.2466114279447,447.761199757046,3,3,2678.808553014753,27.490988800779952,1.5034804913628708,2,2,4,0.3872975450332445,1.3494037151853149,1.3536028597897731,-1.1661858922663149,-0.8692814222684762,1,scanning
0.7050012537921079,480.4328481893014,29.06318056891752,3,0,236.491315569566,274.2961970682263,1.2134679160760586,1,1,0,3.8168585698917488,2.1718537911041738,-1.1543684916321573,1.0077033600785994,-1.323840008092695,0,normal
2.5787480698931877,1793.0760158754592,394.115520393152,0,3,295.6067847791452,415.9422642667765,1.9957083631817416,0,1,1,-1.783429555675477,0.7495369557838942,3.1874136419913097,1.227684053171251,-0.3655396040275231,0,normal
7.928759543524311,218.2445054232739,287.92407568102294,0,0,1014.9450326557784,995.5728119625404,2.35696015024256,2,2,2,1.4424707198992162,1.808883067873456,2.2261990688152835,0.9423203719474584,-0.1446058130365921,0,normal
1.2884260696899497,423.0800035392606,32.39597364545126,6,0,3101.4919048219867,1268.5460967665454,-4.5962453966226855,4,2,2,-0.1913732117647986,-0.5094655295694104,-1.3806345344147537,0.852871231982848,0.656560085266833,0,normal
5.180033847860168,979.7369618369676,170.07886158446357,0,0,2492.222573246942,808.351541141236,2.8554363854440528,1,2,3,2.2481331007544414,-0.0577833392373132,-2.131271391309276,-1.9284131057544125,0.8180847525154914,1,backdoor
1.246342303278717,216.6121464970732,25.967047017783507,0,0,1459.8092069339916,384.4731627606519,2.3500740548250234,0,0,1,1.990788254970972,2.130149043519759,0.9327133356561792,0.911239280723922,0.9679061597339048,0,normal
7.005879995041779,521.760307360932,261.112277103408,3,6,511.5953589389436,855.0214001031081,-0.981704543393482,2,2,0,-1.2068928283759786,2.034523356990261,-0.451973441470852,-3.065535906756607,1.3028289627698528,1,password
4.043984527468631,232.4436640774662,745.5893688379867,0,0,1659.9520334349663,1867.5684379729516,3.6788435306003775,4,0,7,1.467414467054171,-2.5697990165703297,-1.2520306896246962,0.3274786283135387,-1.46430560586795,0,normal
0.288182410134121,1687.3105165305965,660.9866407005034,0,3,258.39349771391835,782.8983152406902,0.9389932371462836,3,2,1,-2.1527214519435307,-3.7951214341739,3.893812576485513,2.2946909817983414,-0.1387528750182696,1,backdoor
6.978758956816595,815.2404248696905,385.41815407823566,18,0,3925.127242319748,520.4780229967084,3.8598956318493576,2,0,3,0.9033464658378254,4.069840949858318,3.3034815773766457,0.631084098969321,0.5250732856565242,0,normal
8.002140782821478,485.6859626612661,86.07469649045447,0,9,529.3161360537744,25.665175223840635,-1.9979722306666423,1,2,3,-2.033075793767221,0.7011060797891722,4.273888984933762,2.12028648660041,0.8610203051682455,0,normal
4.341511968720144,1034.1178003255488,352.01339297340854,3,9,1081.1548975129808,910.8547894044802,0.8714821720129817,0,0,1,-2.840146105572156,3.5610698593466195,1.537715253107954,-2.3448884184783423,1.2194213792420696,1,injection
4.044326920369815,300.64048908012853,75.63710851289645,3,0,435.651543659794,1338.6763558306304,1.3564752442837928,1,0,1,0.1297939031392514,-1.1394620906666104,-1.5159361481273184,-2.8888149969410213,0.3416793722667129,1,dos
5.511711773648647,549.9925637579381,736.1222329643147,12,0,1778.0653778998878,1051.7514564655523,1.9154864714826747,1,0,4,2.2254323090351686,1.9552567843127284,1.2395134951601896,1.8885749792452569,0.9548121577320966,0,normal
6.655677795291069,923.1991917457918,407.9950505482851,6,9,518.622065654391,1301.3686901555832,-2.276099693438651,0,0,0,-2.93254679334083,0.4216247728087254,3.6049515700086383,0.4255461123554098,1.0570611110540271,0,normal
1.4870470143611936,1218.368983696466,42.51340963200494,0,6,408.0203278367277,412.6576508454657,-0.3263536546131944,0,1,1,-0.4119811618921636,-0.5332613045057031,0.9276925844811053,1.9850091138797716,-1.7114111528224314,0,normal
5.130800732393631,970.1566365394184,642.1531168306154,0,9,481.97544655024205,1063.8010178238078,-1.6222206897781943,2,0,1,-0.7192943654758825,-3.192124787749312,4.530933217979303,0.8333446299426419,-0.4327522418287826,1,scanning
11.146255211614015,850.5442149537233,147.64380445824892,0,9,461.412103990337,1896.6277721890565,0.0481035333020452,0,0,6,5.807505648762127,-2.467317482872369,0.8599474867448673,-3.9956911466979417,-0.9977786696370506,1,password
1.308042323057351,842.0893946111403,104.40298687737877,0,0,142.76099161732577,1600.7110633813795,0.051631193449859,3,0,4,-0.0985675617569872,1.1252297994331828,0.972869572202364,-0.85642180459816,-0.6769689024979512,0,normal
5.54718050875085,1148.9655863239898,232.69903774061436,9,3,700.9277345254635,224.5297997076996,0.8415883511530704,3,2,4,-0.5683910753962413,-2.3642397138038582,5.590751726297098,3.975964660489879,1.2140201603228409,0,normal
1.135915743139318,370.4798921324514,78.5141485382316,0,3,1854.049227469052,885.374936558025,-2.50431756361788,3,0,0,-2.0219843639036053,3.186012991831854,5.244437641594856,-0.5545465233396742,0.569160113616997,1,scanning
4.78571100491321,823.29823531589,198.11607729244653,9,3,2836.648161482233,418.2961913499093,2.9048156036160826,0,0,1,2.005243572424438,2.24375739165868,3.096388718533273,0.9627076039587008,1.3343969516894687,0,normal
5.842792477114156,47.94441229278801,1042.8059637148572,0,3,3084.5823547490286,609.6185880382425,4.215966895831029,1,2,0,-0.2549271932616537,1.4309813284605677,-0.084314261646452,-2.6342423392517773,0.3774609649213748,1,xss
0.8487055288572293,537.8950222867924,831.2155160266323,0,3,1509.761050261876,1228.451708598083,3.0926526796187512,0,0,0,-0.8955376228893404,-0.9406598694987484,1.3094040900569754,-0.0618941991369681,0.3178395137585939,1,ddos
1.532458705156441,308.7175032212619,57.257219838573576,0,6,261.5588846142449,1345.5234129946134,0.5017215049361539,3,2,1,0.5721630933697832,1.064394782124313,1.1352932538627372,0.2535997828579941,-0.2296654354442906,0,normal
5.182396138576815,100.9844730654153,242.08727234904,0,6,1016.7309045418104,1147.7627198884588,0.2812182514219321,1,1,1,-1.4746549001954148,1.1689254283899426,0.3212321012848572,-2.102634977674712,-0.4531330405140574,0,normal
7.475807193562975,1115.4106843317466,182.3058534086128,3,6,2758.3717020312138,166.05854509258805,2.0111689699251047,1,0,7,5.098566189965003,3.843895765897579,0.2055081249128703,2.0218910386231586,-0.3380975041944686,0,normal
5.525240979193841,1063.0391349565414,679.428911292143,6,9,100.45774995917252,1016.8841594302488,0.921007542509518,0,0,5,-0.0872488004646978,-0.380118707660398,-0.3686094006180109,-3.4438488728709924,0.5213398533315556,0,normal
0.0659473930210052,1505.584062204539,404.0175788018393,9,9,382.7354452437064,145.3120928206462,-3.0458341617356925,0,0,4,-0.2546947412355086,1.6694446281034163,0.9644659061842472,1.6454658474789148,-0.6990952709972105,0,normal
10.74265536362928,1799.062887671766,305.6222063594624,0,0,1647.9571854511037,284.516126876312,-2.8329523973594952,1,2,3,-0.6315211563187478,-1.727144592448523,4.376249887805457,0.4310629619872028,-0.165137113834859,0,normal
4.192984916426391,937.0251697483822,526.7033203700004,3,0,552.9069787483272,1801.5793713741343,2.568008622895546,0,1,0,-5.437417461735569,0.2716665887956595,-1.7132437374701397,1.1257424321345264,-0.7790573184759674,1,dos
4.989102304730645,257.96132632101137,65.94616435764529,0,0,15.38036280405806,178.29000311598676,-0.1484013281030958,0,1,1,3.177373518909336,1.5102673983904416,0.120204694702982,1.6858286734304655,-1.4053581364047774,0,normal
4.683839535965014,220.1228276794972,698.5188800082666,9,0,780.3502105758896,929.0342055878016,-0.347237524256748,2,1,1,1.3435542568249983,3.0269141176958234,3.378256096034825,2.13990908568357,0.8465372592328947,0,normal
5.40418723665013,152.7283471196782,648.7949474124248,6,3,985.4428584619508,161.67765472740666,0.5904888444120737,0,0,2,-2.321359922005004,2.136025104476117,0.1678634677349517,0.9141715071091896,-1.494775131608343,0,normal
7.606092203657959,648.0379762085248,10.806603748612604,12,0,1805.001837576738,634.8904773696985,-4.867242956298811,5,2,2,-2.3784275398171126,1.2648350115311215,-1.7411968564467664,-1.4006270529879956,1.1593601766210884,0,normal
6.2936892388845775,298.72562823375347,53.50947773136573,3,6,1560.2812579490403,2121.891652942969,2.3147286936809044,0,0,0,-1.40749496759118,0.1283408715012886,-2.181068639543403,-3.5001558048888324,-1.2463692417689778,0,normal
3.206516993097821,667.2355912640784,350.0524713232769,0,0,1774.4223200682227,400.4910287543413,0.2083644340505812,5,1,0,1.4037977619837765,-3.788297705161848,-3.207362147070336,-2.025936528818109,-0.2300585387773542,1,backdoor
0.4097523568401992,1858.6030278556675,734.2298752273324,0,3,417.9415364411965,1448.7048561664683,-1.0598979087192968,3,1,2,-0.9854092531454276,-0.018185512296879,-0.2190557948820775,-1.7978288792935695,0.0119736604291202,0,normal
5.090019248294203,823.0199238152187,249.79042217554556,0,3,537.7504372390613,47.79751482361667,-3.2305883601637566,1,2,3,-1.7448341953604698,3.4419697529326587,2.960985907407518,-1.1494115549543842,1.309881308298041,0,normal
0.860097261333596,258.5758315642206,466.35075762139735,6,0,2038.6753273665129,488.17648400075433,3.404242510007027,0,0,2,2.821205080758271,3.069232587188109,1.2218172154618208,1.6021328894118656,0.9122742273060804,0,normal
7.811806296333814,677.4881119696372,321.7482477787791,0,3,18.39256929776528,766.3216612321554,3.060751631436321,0,2,1,0.4451552498030904,-1.6794429147801837,1.626949716086415,2.0391623591577788,0.6308318168190206,1,password
11.152925792596225,153.61574463892413,457.1980346393018,12,6,17.786486466410945,1832.5147952543105,0.5400411864394463,2,1,6,1.6985988488959218,2.215986155253564,-2.0668367084626524,2.368519517732868,-1.4295721568951854,0,normal
0.0534061008518883,1427.3808559698994,358.1702430638514,3,0,123.77400986485598,1092.1519379406816,1.201904566111727,0,0,0,-3.522895147003763,1.1483569498790809,1.7944618218626358,0.9099080867491868,-1.0510430823004275,1,scanning
7.23923553613652,2852.835035916245,455.3054941477744,0,6,437.54741598961465,1332.1615097255842,-2.534553924289692,1,1,5,-2.453417069547833,3.9247495977065663,2.8599321202797627,0.8023917629701922,0.4615495517437636,1,dos
9.551968766140453,426.6580903700359,769.3857023253596,3,6,215.52456712534263,1184.6813042442552,2.033197202342029,1,0,1,-4.20635788738636,-0.212879492504149,-0.653755421865752,-0.6867981079153722,0.7069686350814123,0,normal
1.9201971222719876,855.7725082158194,958.7116829137494,6,9,665.3004589665577,694.0305755802755,-0.6072163109495294,0,0,1,-3.1037385998108182,1.1215646910004131,2.111907039729496,-3.637282835654591,0.3355463904804073,1,dos
3.928832981516959,1283.6175522477538,646.7376566081948,12,3,3303.1042060448067,1847.9525146574572,-1.4088078777171378,0,2,3,-0.784976797338339,1.0014353719558025,-5.084539324287668,-1.272859451352457,-0.1377877618560236,0,normal
1.7706673877235262,119.70001691175696,376.673827915855,0,3,497.5115455325272,32.54416700570755,1.3265078319541772,0,1,0,3.4155673537323903,3.912912029224136,-0.5495748318110882,-0.2550859264317855,0.1666286596023311,0,normal
0.9353489148140566,1565.3078665771611,679.2951047017874,0,12,2187.0732776180807,813.6068268449221,0.6978088385235479,1,0,3,-3.883327136186384,5.910671631740022,-3.86330220748097,0.0239388147816759,-0.2135317352196437,0,normal
7.197169598329731,983.327909941102,771.0088355353313,6,0,1415.9683821616402,1122.6711296654876,-1.6748855753614342,3,1,5,0.2941840606525048,2.0269969033308235,-3.416461078058449,-1.5714039625333829,0.2127328066889944,0,normal
3.969864721665542,9.164362940514591,29.85216793330831,6,0,3943.4565169962993,1069.9110496461944,2.032768701214984,2,0,4,1.5453567460629305,4.558714200383978,6.812631078200527,2.9055027153386765,0.0636843459554275,0,normal
2.3400162452937705,441.4236148459509,606.3102187239026,3,9,553.465515700261,30.97554384935972,-1.3803310802007418,1,1,4,1.4199166298186685,2.6891377089786035,1.3242774870710872,1.8748926967135109,-0.9776387386015782,0,normal
6.435395768426389,926.2599191358762,524.2964954461777,9,9,173.03596330405497,352.0483177439006,-2.783009749598845,1,0,3,-1.7767484396109792,0.3023039590737232,0.334262053983299,0.0618298604159519,-1.2480882994261029,0,normal
6.706765902055468,342.5622985307033,193.08367549869783,0,0,835.0760145990598,1341.7978469591326,1.2868098363883809,0,0,4,-0.0224765868596428,-4.022572615976982,0.04858387648158,-0.4170190841202776,-0.7276503796198792,1,scanning
0.0066870040556781,1570.723764422659,49.94732578402454,12,0,3016.450438125744,1403.234321040126,1.1487482870967411,1,1,2,-1.9788132875379023,-1.5075712121704803,-2.1193863860246704,5.9827307687234415,-0.7862868614028689,0,normal
3.624868891093497,334.7372830210467,60.970040298556896,9,9,1880.1295854958128,703.3147794162165,-5.363319818421193,4,0,4,0.1991524614919251,-3.633219598228029,-0.968034138098177,-0.2602990378276673,-0.9042420670394616,0,normal
8.52036244660809,449.0200329970368,1113.9723587219592,0,6,2203.66708744814,595.0767431524523,-1.931892704712084,3,1,2,0.3345812490591195,-1.8625109877145805,-1.562418040051306,1.9342777432700369,0.7482555377256453,0,normal
0.3465628820078562,369.9979488494957,520.7460862070398,3,6,422.88546118281545,193.3895306911496,0.7473827880735742,1,0,3,1.631314997269434,1.296463746687186,-0.614683242868445,1.751859698245479,-0.2493303238460535,0,normal
6.073136459854071,158.18417110601695,24.60791125453576,9,0,1066.019770835163,616.1956793788862,0.0072679974813862,1,0,0,-3.152161651335465,-0.2348261411901044,-1.644679835751774,2.173382387343086,1.3278121475632718,0,normal
1.9794327713390103,611.6356138467062,187.3446738154475,3,6,759.9561377820352,40.85794744300244,-1.5895300624003346,4,0,5,-1.6539670631897072,0.7463489737070241,-0.6038849696201607,-0.4716121272973521,-0.3126848209970851,0,normal
0.1426189644913024,1119.141895882421,171.44215669001068,9,6,1950.6849560501632,1289.4009349016435,-1.1273656223070665,3,0,4,-1.8302648034286648,-0.0785427534341365,0.7618308149936739,-0.7928798183573051,-1.74010571407833,0,normal
4.668930073783416,156.9080457993186,2.3493893663341874,0,0,872.8247562440228,739.6571953209402,0.9928887899702438,0,2,3,-2.3934175549313634,-0.5077392895503376,5.673474580103143,2.1507549367410737,0.0955618292343489,0,normal
1.399491791328503,132.26509287553495,281.9218020832179,0,6,659.659611055213,486.75664785023247,-1.4104414668304686,1,1,3,-0.536568293815676,1.5067046549528147,1.099139455596832,-0.409095846930953,1.7378049997968008,0,normal
0.7708480387544053,982.9513314130692,344.67030272240913,0,9,962.1908777112762,1325.8791560236878,1.1058456307731808,0,2,2,1.524922821129392,-0.3686833713118226,-1.4509667758903664,0.5026808340703706,-1.2373204065557268,1,ddos
4.921634066692691,1316.208589174366,1131.3426026346522,0,6,383.4992098677861,665.3508543488474,-0.6732956925488175,0,0,2,-1.7222232763922,1.4871996675535255,1.3455970296867636,-2.1964275829581044,0.8422174136629144,1,password
2.189167290842199,2032.545384788141,445.1196966213543,0,3,3080.2890235833506,2094.611237261608,-0.3857764440458485,2,0,1,0.2515276960645527,0.9338626717585948,-2.8455772106096147,3.3000985354346737,-0.715977046517315,0,normal
2.2754721490846737,1556.279248568762,34.02851612534084,6,0,3448.560081331435,1119.968748735757,-0.7593703082007723,2,1,0,-2.2729491630682914,-0.3814768165562328,-4.121312571702773,-1.2287705168991148,-0.2763080328994189,0,normal
6.351887904699305,972.1218281216518,680.150685222336,6,9,279.9061255264696,2845.888651760633,0.2092470854537467,1,1,5,-2.0397679336719907,-2.7217080690643973,3.620213177021361,1.7517201861890594,1.0324570942909446,0,normal
12.514114219850576,200.21015136327097,63.00496231110061,3,6,1521.2346414152485,287.5401724732112,1.286076709995332,0,0,1,0.3883592478581317,-2.216533362399087,-2.399055207859292,2.006442184190596,-0.4833108274201077,0,normal
6.693825966436956,221.6694439204303,532.2968988960496,6,3,730.0863986396964,1363.7576667275398,-3.761228944281682,4,0,6,2.0096371501452595,4.848547592331437,0.1563993029953647,-1.5497832992282723,-0.9461795440150772,0,normal
5.765861355575175,75.47014265669272,292.7388706855523,9,6,469.7823537024672,722.2954084524563,2.4376141120634096,2,1,4,2.4740469499664943,3.691179732862766,-1.2308289026623822,2.0569734001990345,-0.2992419891996876,0,normal
0.096694779795959,437.5903139863942,992.0582260114256,0,6,544.0237159230165,633.4778464169307,0.9892765857760836,0,2,4,1.0383546440914495,-0.2914441699672683,-0.1303487831933116,3.6622390675434433,-1.0409900585575496,0,normal
1.4467189679213883,1792.3364004585767,1156.9313401016366,6,3,1572.0045535788934,1854.260800839826,-0.9610061987538484,3,0,1,1.8790730324285456,-3.882373842117527,1.160341844554904,-3.361136480355304,1.1297981634653087,1,backdoor
2.003123088866634,142.06709329140855,380.0554372358988,0,15,1126.7830385415716,1043.7925524840905,-4.630968543600759,3,1,0,1.1858592346917975,1.45017273465777,0.2946495896417029,-3.5391110424864154,1.6327326549197494,0,normal
7.470609078066108,787.2422621535006,509.0308793218723,9,3,2806.4862698458105,71.93187553660569,-1.5810359648979904,0,0,2,-1.839894339992548,-3.9220450846276096,-1.5049009716615525,1.9221838948869052,-1.6967445540322077,0,normal
2.517038912857309,121.56021217765462,504.96643670149774,6,0,617.8773327150163,793.9052170545873,0.7794319912660268,3,1,1,0.9173078719204748,-1.252553994704061,-1.2286921223588705,-1.22102738781087,1.0320677548434711,1,injection
0.3592906152055008,1171.6125371564956,47.91379442355616,9,6,1200.483878903458,1170.6476565265168,1.9798586145011048,3,2,1,-3.174956420409188,-0.7008553625051563,2.8839562624795616,1.387266071111056,-1.5556074089213676,0,normal
7.370192990769398,2149.757259549677,710.2018838965008,0,0,225.15378838326532,377.4728360175198,0.1438251206576546,2,1,0,1.499335894228061,-2.517986920206768,0.4941547278682966,1.4867997977564853,1.53898875184444,1,scanning
3.798615511368325,610.0217240193818,111.20684476928004,6,0,210.41605437714264,637.1670205944292,-3.5143330435099687,3,2,2,-2.9485764506569527,1.016421029972518,-0.5590028082860093,-2.96136978620362,-0.4472724684828378,0,normal
1.3575177265998266,828.0273847039833,385.56145132070986,9,3,133.66392245094153,998.5209134526796,-2.3325552015868887,1,1,1,-1.098382301946116,3.201192516488339,0.3833389444339078,-0.666321886906698,1.3032136628888014,0,normal
1.0127647174394627,989.3181846341428,51.9441720236463,0,0,810.573839806531,1028.981018739691,1.410932450682025,3,1,3,-0.4587053614222146,-0.8413166662319925,1.8971691585840045,2.3749802886515194,0.0247193412101384,1,ddos
3.555513754133312,549.0822411134344,227.0569664035903,0,3,1168.113485344025,444.39436751687566,4.733946381983364,1,0,0,-0.2916382794587165,-1.578091473719509,2.110554667988036,3.611959505676937,1.2023200058352288,1,xss
2.2746189990447188,2027.5804880720077,624.5727045193385,0,3,2663.6956794855864,2634.0170425606448,0.1267949741981229,0,2,3,-0.7761009260481327,3.5358357109603578,-1.9264462222044043,4.17414111418081,-1.9806518291901825,0,normal
2.1883703315081062,1722.239767003131,407.5143705077335,0,9,1518.9482968312725,1595.4112971125396,5.058731644244724,1,1,1,-1.9220906734840848,-3.3992938136298125,1.997381829673373,1.4935261703638925,2.6499237366542943,1,dos
4.716387842153435,353.49250118231424,5.283020209278039,3,0,354.64767445844376,361.48588552919887,1.802962448399862,1,0,0,0.8425887638641429,-0.9779895166958265,-3.028845712434209,-1.1607460077315948,-1.294492184674107,1,backdoor
1.5269833362330003,412.3558455798617,592.3684616771818,12,3,1932.7477555197463,752.3549699108049,1.464435636306374,1,1,3,1.2023838678134189,3.82019042662898,3.2472696322013013,2.086340118136817,0.0349112353939351,0,normal
2.4989134133433963,198.61040284210716,489.2105541238232,0,3,2057.665226702029,960.9738014032108,-1.4268035222863749,2,0,7,0.6901394997902717,1.305171211273254,1.989324413482077,2.375152793609713,0.1374377933406596,0,normal
4.4021231986921405,624.3775711685242,697.7312685772889,0,0,99.1276793208486,1896.495449752752,3.116318850148633,0,1,2,-0.6032460770634035,2.004323516279255,-0.6808638033829577,5.933033491727863,0.4734436465479398,0,normal
4.087182476444022,1373.6200026400836,229.6233920590436,6,6,803.9352823252063,547.0210342022054,1.2113617052677608,2,1,2,1.5258820176771368,1.5249699740087062,-1.2404773871058576,0.4112219942304007,-0.8551380602135366,0,normal
7.326145539792601,1611.0459078866484,116.41460520769004,0,12,585.0820466307406,2463.4499876922177,0.1787175163217111,3,1,1,-3.037737925984084,-2.711501148935426,0.6271261231003453,-0.2928290510271574,1.019243612754458,0,normal
8.519757394217905,2943.5312266875594,154.08598175959185,0,0,5780.735740369095,3113.3298322054925,-0.5881824198271436,2,0,1,-1.89189636690676,1.556119550971692,-4.158755688292115,3.63977667343922,0.0768750925135397,0,normal
8.813935374389485,348.9378403504879,466.1120352433987,9,0,2814.344463931799,134.4161882990313,-0.2534592347767062,0,0,2,1.6281771697404397,3.201039116173594,4.3288065696277,-2.005238243180421,0.0892982345196646,1,injection
1.537576888107881,745.2577752428801,244.8014630548427,6,3,142.52023846153213,1404.9295024608589,1.432104110882351,1,1,1,-0.6318396617502571,0.0725480164399321,-2.6431615223542675,1.4643640445551658,1.5732613649622589,1,injection
6.680471260221161,637.455210325023,182.5555744527995,3,0,523.5202779014248,678.9028400700784,-1.630819490571756,1,0,0,-0.4051184121471265,0.1190410453894492,1.6569451881697206,-1.2179332556769669,0.3090739873722505,0,normal
4.842982459258286,332.753826233308,701.5606309640342,12,9,778.3369371078953,1011.658488723834,-1.4510962824480629,5,1,5,-1.460519655398995,3.132085180938933,0.3480600848666135,0.6912035794908187,-1.2427630665528675,0,normal
1.8492010420089264,638.3715928839824,101.78434918263562,12,9,1251.289961134924,485.5844198971307,0.4008700058935789,4,1,3,0.4938213158960733,2.3478461803564707,0.8378207878080602,0.5174242793383139,2.466670274565572,0,normal
7.643041831050424,467.8503639241244,364.5528025985068,0,9,400.7316520433763,2316.859054102937,2.2626768572510327,4,2,2,2.827581813823083,-0.6686118333576454,-1.707875425807863,0.3475695514799658,-0.6129190596092768,0,normal
3.0930600629638327,192.8852095271261,521.7949877172391,6,0,562.239554288265,679.7191273092604,0.2454920640016016,1,1,1,0.3067892063294835,-2.3938903369233966,-1.9864027141807603,-0.6403402077717908,0.9552704802954904,1,injection
4.157273449572649,105.09707098046384,766.3732426605867,6,9,117.43762855168258,2271.796010910257,2.6154505229014173,1,2,1,1.3205721454168586,-1.290712988771425,-0.0877531056909926,1.3711620644291598,0.8461182895841983,0,normal
7.068210128675942,1387.425431826538,971.4843974993364,0,6,2574.4293957321984,1270.3772647113576,2.9459754354386893,0,1,2,2.11002690005771,-0.3203843515136435,-0.1385397581412704,-3.257245458289094,1.30859355686513,1,xss
3.463806479779943,808.7254614844259,307.86253130570793,6,9,83.81024469804686,376.43207619014254,1.0601608623073266,0,2,3,0.564745614686284,-2.39904125618199,0.5441878878635866,-2.282973706083432,-0.9077354274265866,1,xss
8.379770495269772,1254.2927816795102,101.20645854082964,3,0,235.98452541660092,273.8870964631073,1.768064187642756,0,0,2,-2.645611126241312,-1.7363787470889325,2.5279853893911417,1.897152305292549,0.6153087751694342,1,backdoor
1.821419687622184,1265.523738328735,690.9631267258543,0,0,2416.6834439546537,1224.2156170126582,2.445038383325789,0,1,1,0.5764772322685682,1.3457321820973656,2.810814238322385,-0.2140770554708768,-0.0999528560091157,0,normal
6.801041024881638,265.0381211152304,206.65071510758335,0,6,1330.576122288296,378.327434094448,-4.829358009475698,3,0,5,-1.467689756026345,3.4959432593083437,-2.2010128783935823,-3.78950959608681,0.8271490601516366,0,normal
5.322947899205014,444.2345810206175,78.27495373973734,0,0,661.8568962514568,441.2298244095714,-3.3480436464019245,1,1,1,1.1176147627338298,0.6231498021159201,2.0323809034400733,-0.3794733266922216,-1.3902993203147016,1,xss
6.96641627029361,676.7801514534708,972.1290756995812,3,3,2408.955829438762,313.92985492916813,2.9033503323366654,1,0,3,2.7730091264108143,3.4907854981283464,-0.4216884446712254,-0.1542310085617417,-0.0940760051782752,0,normal
4.867979491188583,938.5475989606882,38.17254643179956,3,0,1669.000621551928,447.0106654732698,-3.610122684125976,0,1,0,-0.8668586331184033,3.7939071381334974,1.2808772809395457,-1.014707768514704,0.4991668860768735,1,backdoor
0.2721556396754268,240.6669825350256,266.9572752580973,3,0,1846.7220188315275,598.2846648114322,0.0788472405336337,2,0,0,-2.2950172465568395,-0.0085866721773062,-1.4998995356470315,1.3105268809996908,1.0033870029995662,0,normal
5.039343416752917,900.6719753348607,1249.8489609831793,6,6,457.3503472063913,412.7446366538476,-2.778275214926155,2,0,6,-1.2919475794245117,3.100474438635244,0.9551408442336442,0.8259217833481092,0.7884629106907843,0,normal
10.186024202296144,1594.9007612891307,65.27198799585281,0,0,2486.8150623865577,877.1745787509423,1.0059216714881238,2,1,2,-3.1028464237681312,-1.655836977913063,-2.722004842688132,1.9912395356932475,-0.2205425732114869,0,normal
8.002239022956207,646.0662486394463,40.62169763737828,3,3,1042.8789848766232,885.5943022705283,-0.0446618756319718,2,1,1,-4.480276601756863,0.7867264167764317,-0.2150637884599002,-1.965097222986221,-1.306768322711405,0,normal
0.2030814688064764,136.84857322252336,744.1775965514865,6,0,554.8584636566502,310.3117470205446,1.2265919788619264,2,0,1,1.209808131238114,-1.660851887662043,-2.397615418412255,-0.8684051881880175,0.351541998802011,1,password
4.021951804214734,1140.1206372752358,309.3750460476915,12,6,257.2871072607634,204.66819912051812,-2.5045711408635087,1,0,0,-0.8352531775713641,3.298883712551455,0.1635015975323532,-2.162763971808698,-1.182396955469641,0,normal
2.0888931099298533,1036.1263837618944,344.3268959831646,0,0,1286.8145862732304,1149.576916893847,3.5298290016093823,0,2,0,4.159882164494882,2.057047402288809,-0.7489798839569106,0.6531297832442516,0.3165677356655185,0,normal
7.967244470391166,746.2519516201696,375.586741161964,9,0,1504.267957413012,772.7637301379585,0.6458643012960931,1,1,3,1.0710258431726616,3.292097971231505,-0.7541442561359153,-0.6235664800555867,1.490975428501751,0,normal
1.9812201359306592,1521.7879476344942,87.44854119716895,0,3,751.0268771124265,77.47023126874439,-3.566158156844942,1,0,0,-1.343223795777427,-2.377815565282876,0.5615842463160431,1.3890640600783877,-0.3801859899510934,0,normal
7.168684767775153,805.7038680767408,377.7248875422312,6,9,1003.2692445125184,117.43720302913748,-1.6716755434543988,3,0,1,3.5457025761794965,-0.595513141908395,-1.123638244679478,-3.212512198299631,1.3816286041419492,0,normal
3.265199441527807,94.22425340425076,934.7830455178762,6,9,3358.317547914358,702.8485476048523,2.611205181099551,1,1,3,0.8239797834915049,2.325654085375847,2.8355507020946016,-1.0444280218355066,1.536858111927462,1,xss
2.683246481207721,390.77409022319387,1238.751588349338,6,6,724.2085374089636,1551.2383793860267,1.6485054569541342,3,2,2,0.2568985265483179,-0.4391529286667794,3.078802158485043,1.4273761805688578,0.7655446379991301,0,normal
3.229421605082272,190.6116264728429,201.35078252439263,3,15,1604.037134848874,258.2851102346757,-2.270629267151278,0,1,7,-3.432304167102925,2.679684379538827,1.1826596132627856,1.3291376952035427,1.5266635433568227,0,normal
9.182614255713425,2431.1237395029434,65.254631996934,0,3,3212.463309559346,1726.008101672984,-0.2370465473374525,0,0,2,0.9108621711297168,-2.331537555715426,-0.8286692824119968,2.776442843695924,-0.2757478060187745,1,ddos
1.9140009271652805,319.68804438534306,283.9243678513628,3,3,344.5837958579751,1464.905088831373,0.2085055211591715,2,1,0,-0.1659079143847683,1.543166839439148,-1.70546693459899,-3.547858011488289,-0.2768199197729408,0,normal
4.686298807734807,2124.638234029501,556.297983777726,0,3,893.6123851150932,778.703839261581,0.6137092829153161,0,1,3,-3.574615099659378,-3.4395484264418146,3.7416942645484994,1.185327291415101,2.014876298322785,1,injection
2.648650621301712,673.3736219611403,86.97509393612852,6,0,172.2961361438649,1557.254579445449,2.66225582945889,0,0,3,2.42319507356459,0.060585367636174,0.5311684696779229,1.0927013502267855,-0.6684481632308243,0,normal
0.0057217159897196,365.613026924962,652.4606139843833,0,3,541.2897008065055,1789.0559592265763,2.6451675307610385,3,0,5,0.6959006764833682,-0.548019467546013,0.4152328553518581,0.8512242151996371,0.975985055912192,0,normal
2.2381220040768937,1741.5115796727905,295.8150223593969,3,0,203.28943917177236,142.20047991643497,0.3927197061756255,0,0,0,-2.6641923938457723,-0.5101310729528471,2.0214444036427768,-1.3153292845799844,-1.0017608667523237,1,password
4.260104234850788,211.78999345200037,347.1653827954975,6,9,433.9874111075528,728.101769896736,-0.22163178965626,2,1,5,0.5864173937974938,0.0384849095365564,0.9625632658606934,3.489366193685978,1.0288956509609553,0,normal
4.0479611149292,2565.1641334269734,483.21989103711786,0,0,7234.80609532622,2904.706818379099,-5.083494173389277,2,0,0,-1.0311477034433971,-1.733218881630661,-5.2945777269124585,1.6298819321844578,1.8386205924300905,0,normal
5.526228731086984,534.3687893763649,1043.265193997635,15,3,1987.8960973615503,527.3584197387407,-2.2322824440844906,3,1,1,-3.4045881737644974,0.8108323454836603,-2.2219851895630622,1.3331694003718004,-0.2743826588741609,0,normal
0.6744525743187451,743.9416628562464,1413.96604326873,3,9,2305.7356122628275,3268.8983305188103,0.7355730775264568,0,1,1,-2.2478064069725576,-0.0052015081186829,3.414534385449649,-3.718470221375116,0.7518668349438493,0,normal
3.7562325420343097,600.6957277716828,260.6482741404387,9,0,2322.832441257633,163.12007755604418,0.1690459087140514,0,0,2,-2.840842598318843,-1.7857391983617903,-2.06866236982874,2.042422798974592,-0.5862844628126231,0,normal
7.40642935018983,898.1891424225611,1029.0324567873886,9,6,342.0685338467396,638.0001335483034,0.192426469562094,1,0,3,1.3186848272485288,-0.2863321764182218,0.9143562921756424,3.292692460949163,-0.7168764124173245,0,normal
9.089731751028308,790.3950992665134,943.3772139365196,3,9,426.605629250964,366.2898043562072,-1.200871096425652,1,1,4,-2.241384138497432,-0.27782268524003,-1.296398209403634,0.87070708802089,0.6870832090940364,0,normal
3.967793397242549,1276.863660462134,145.31699379980435,0,0,891.3297704057517,169.67418244672825,-0.512966749929695,0,2,2,1.2340437266073163,1.2558275730563675,-2.020428453625879,-0.7331208122732749,-0.0454483798523646,0,normal
3.0039213813771464,503.3767491296964,43.84973401213424,3,0,32.279573538342426,313.94217278158527,1.147814126166662,0,0,0,1.315267596127177,-1.2590148448179752,-2.10149602683636,0.507894761871859,-0.365491364059632,1,injection
0.6023888988799287,1306.8725124231892,493.1776279578577,3,21,1534.5746199755367,1297.1730714267187,-0.2726266231331788,0,0,7,1.4848238234857858,-2.104063233384198,2.203561058322486,-1.2944210434302048,0.4380523416584362,1,injection
9.012337809477858,2446.4613377382243,628.940057044926,0,0,3871.2686937864632,2001.6944690116432,-3.5605869681552003,0,0,1,-1.6094911746360798,2.4783456649173985,-1.231627805291726,1.3421893721303744,0.1575713998517499,0,normal
3.86177427243805,30.71811719367301,591.7196989166005,0,0,378.6378988170495,566.5391489253233,-0.9195243292837518,0,0,1,0.4196207369220035,2.8548014839768583,0.5854109790145692,-0.7154024462780804,-0.3363484209491515,1,dos
2.1075323940195174,831.6680069539593,773.4324414792417,6,3,960.55181524101,1780.6043175402265,-1.6944639431143176,1,0,6,-0.4517259421913963,5.089620554288212,-1.674343178303725,-0.6689291723078483,0.4190002804264429,0,normal
6.867092854314326,396.18169285609207,120.0950609501469,0,6,398.7202326902886,863.9098012538818,-0.7161763927866824,2,0,5,1.1744607932426805,-0.0347482811928172,0.4290153872156614,3.6152242076795673,-0.629337358884687,0,normal
1.8833958539639295,1836.6250249982013,414.1208170189095,0,3,2895.4522640311598,1866.3485331637817,-0.9000894620514373,0,1,2,-1.9418309231217203,-1.4338795842747494,-3.177381863396836,2.941281621082271,1.9225153904079368,0,normal
0.7949700159424239,248.385873799244,494.2985055498558,15,0,1579.9820826283858,1705.9819451313083,1.2939692654620918,3,1,1,-2.1763771772753984,0.1461456741195053,0.2008224110990266,-1.8354606751057945,1.4390995836643916,1,ddos
7.572250108489589,284.90379893487415,607.2486599858772,3,6,29.37985497071169,432.70804018990833,-1.503902112542167,2,0,1,2.0265052473474583,1.0874087437313706,-0.9578539310521113,-1.885221266387269,0.4392650392079072,0,normal
8.36505243210234,1391.367313526691,319.00289825854344,9,6,552.1042623588947,2890.778952691081,-1.209026343926925,0,0,3,-1.4014762296864371,-1.5514682495913188,3.0740473913879827,-2.228029861170685,1.0238286930216314,0,normal
2.5481317839333006,1303.4710226501963,231.94648225397415,0,3,2202.29582090687,624.7669641426562,2.342139805211725,0,0,0,2.825777698533759,2.940032361276668,0.0996119638609496,-0.6358630279160422,0.2237308971859774,0,normal
4.197584172647713,1415.915044660442,531.2226409123244,0,0,4743.9558431473415,1713.3034746793537,4.675856450362756,0,2,2,2.089941249958087,1.711710153319144,0.3819970612859744,-1.5030365352202204,0.0507335827630186,1,password
1.0910428555206275,862.2347293470793,945.4649582786516,12,3,1351.0113740741797,3167.2177205803714,0.4828231767666819,3,1,3,-2.602668079545668,1.5754806907943486,-1.6457998269386536,0.7870780527830441,0.6243778549813992,1,scanning
0.0015076257851478,2395.5234965442432,175.10945494418172,0,12,2719.977668446485,1563.2375877829195,-1.4951624563917054,0,0,6,-4.578504969873418,2.485868466885524,1.8252609394089283,-1.2713620621293664,0.4297447781174189,1,password
5.920174564194264,1247.690241456439,185.55237249620933,6,0,480.0657304652383,607.4140871992873,-2.439484606983068,0,0,1,-1.4474850856636656,-0.0814345402659788,1.7353494538946097,-1.3201909480047231,0.0519094363645578,0,normal
2.016056829219836,1290.460903680054,249.39124266711912,3,3,2451.632773529983,763.0750923240436,3.310885084464875,0,2,2,1.0981434109484682,1.934318058703786,3.641473026805031,0.8365032447356031,3.5214017759009497,0,normal
2.9049669158501445,124.59443571104345,275.40612408370896,0,3,85.14913780568119,1188.9586233754096,1.160902157726978,2,0,4,-2.4665814687215275,2.5550122001404514,-2.114938396413857,1.3619091761379705,2.071686637671154,0,normal
4.081520198322904,1697.5370776281084,564.8547196932814,3,3,651.5243894892927,934.2679617435194,-1.5575460864140374,4,1,2,-0.6537663015025064,-1.0872516991075127,-2.0514958509066354,-3.254273525680416,1.0230982663923998,0,normal
3.662069930972108,1184.6858697071748,225.20842827222077,6,0,2242.4014643011324,1546.6608181809447,-0.7745685511269826,0,2,6,-3.675229170341512,-3.295305054631653,-0.0118435758014372,-2.049890623597487,-1.3549260283593207,1,xss
0.4558237585603109,732.5304197688541,664.3986265711342,0,3,108.73245128105587,387.347512552852,2.8434384841318563,0,0,1,2.405691368951105,0.9764230070906836,2.190237717127576,3.2552241782068343,0.9599330321877102,0,normal
3.128330385475513,1494.5477479924589,712.288333554059,6,0,342.1341880635032,1347.2216236469133,-1.458715329296548,0,0,1,-2.8160051595649858,1.5815381867308482,2.4858707104581272,-1.4561378618192804,-1.712493090140672,1,scanning
8.573257460556752,125.94228883249176,44.54275180221174,3,3,2090.0829977488715,651.305040650412,-0.8506909539418832,0,1,5,1.3790788482905587,2.945822312127289,2.56395277552462,1.6960856890643077,0.447262977359123,0,normal
5.386408551613644,219.61804343289404,79.84724479778704,3,0,2155.848269702049,1666.815501806736,4.326163442215421,1,0,4,-0.9898475500098878,0.8142128427369819,5.5438889350005365,1.32335132356977,-0.3930448209614857,0,normal
6.970725811693109,102.4549957651656,83.07705809717889,0,3,371.6689207146821,1667.091993638348,0.717403071951854,2,0,0,-0.2622533927234539,0.2583048775337633,-2.5664298007070343,-4.416158335350135,-0.967778469080806,0,normal
4.044843385996366,377.9665642486283,198.37692049808243,3,0,1646.5999060600552,674.1969139498229,2.2305977906853163,1,0,4,3.626336915929492,2.1880903995462804,0.7279680382616462,2.331671804218394,-0.2243145194316924,0,normal
4.5828464667781725,2302.369132913642,80.70778712474997,0,3,3457.4576862992417,2461.221886895112,-2.8652240653350645,0,1,4,1.137631480679732,2.489623887629583,-2.13810966787694,2.851127281714251,1.6295822188513998,0,normal
3.3676524357169573,1017.1091577188452,135.7719941992811,3,6,962.7702641059856,228.2555961446432,-4.878009030001999,1,1,2,-0.5115084872983016,0.0949884221133372,3.31454421719853,1.199810047944417,0.270745033413575,0,normal
1.568233424118033,301.58670652902686,149.48074924059028,12,3,3842.645268119673,259.37289705235713,-0.8246674946731459,3,0,5,1.493255940982927,6.082398867429602,-0.1098816795637946,-3.539787991996473,-0.7855421956721413,0,normal
7.104008183079507,660.0548044304624,154.4941208161412,3,3,2167.46678716304,668.1363708145083,-1.2076424909169532,0,1,0,-1.5535643927763378,0.7396444504058235,-2.1401248049070003,1.149733125843562,-1.0316731790333125,0,normal
2.562848873280237,963.3056651316676,218.13354659936616,9,0,2982.5554185746623,188.3132969664381,1.4711658316987666,1,0,3,1.027383033671477,3.58184754670962,3.173585151954989,0.46579779669452,-0.2789531650573471,1,xss
2.33395767762302,463.4475853166087,657.2064959642731,0,15,171.4146254687063,184.0253514629321,-3.793089719078699,1,2,6,-2.224258260230896,1.7698902842622664,2.8110532876600374,2.172683033163633,-1.4484312969162398,0,normal
6.5940215838746274,566.5278219577135,172.2815168729819,0,12,1858.563993823992,1750.9346818427168,-3.0409160543191387,5,0,5,0.11429727846163,-2.6557143996939248,4.353126296994573,-2.937433192986355,-0.8863403425009461,1,ddos
7.779044429470659,638.4859163222991,114.22572488211344,3,6,364.1996950641624,296.3892217013934,1.0839036228831394,2,2,3,-1.7700879829930298,1.337343451025362,0.5386786569055576,-1.0699431239597548,0.6722162490263334,1,password
3.8174038142818913,49.41105585608885,448.61157582010526,3,3,216.58488148635345,738.6452903649397,-0.1344683251812675,3,2,2,0.7694789729663394,-0.6791646863026359,0.0324431775364495,-1.8083126123619508,0.7699115502759806,0,normal
1.642374136618934,478.21662392174966,109.99106671316773,3,0,1856.657345339979,1835.2378240052687,1.6561300245620194,1,0,1,0.625262862772353,-1.0163749814305167,0.3268766055905578,-2.9474876651658386,-1.0653607830865466,1,dos
5.3857327177092085,494.8113982989006,8.68546594254628,0,9,114.02905967814574,185.48887315657583,-0.9096320631749002,1,1,4,-1.5420453427800924,1.0373477819892023,1.62740428392853,-3.787565767230383,-0.444188232270967,1,password
6.113875312081046,229.8820774064666,1410.3694775312892,3,3,1120.3613661156696,139.10848062087555,-1.1520726648508186,2,1,5,-0.8719688742522922,3.614837813516851,-0.8859670607664676,-1.6126100794437508,1.035157502438388,0,normal
2.080227747076129,525.438338777807,212.78250086426343,3,3,1695.6946762081834,1734.4007338548636,-0.9611491771847436,2,1,1,0.0235440370525297,3.7673671463969,2.625566379631876,-3.921841734138183,-0.6873023831767532,0,normal
6.203049018639186,1227.8773900148856,459.0755847028668,9,3,414.3364126468302,3758.7675983206,3.921984256423146,0,0,2,2.986019027066183,-0.4270190518881722,1.7146279779650009,-1.491134478604012,-0.0772976518202899,0,normal
5.423271787992693,1461.7487911926878,401.02827451177,6,0,2191.745786238308,205.5742073754037,2.020760215595174,3,1,3,-2.536766447159007,-0.5497136679070989,2.501738638308693,-1.3629224617112805,-1.1349558859691795,1,backdoor
4.338285702465978,1291.533849662428,33.600565031423045,9,6,3011.609904178048,622.9128987716103,3.422729534256284,2,0,1,-0.8642338735807693,3.13535032366336,-0.7523185482166825,-0.6295104657682667,1.5775440079539298,1,ddos
7.128997973388634,654.9706578071173,478.6935859544507,0,3,766.2637676825387,12.086082668334406,-0.3804308476947511,0,0,3,1.1668093533502797,1.3906379959188484,1.0067547739611409,1.920317884724406,-0.7411152127743221,0,normal
2.587310185150628,219.87959516996185,34.88134371304217,0,0,913.1831004905116,2310.7634242071454,-3.471327181775848,3,0,6,-0.0720216855301845,3.0894772491970954,-0.3772102757019879,1.9237966764076329,-0.5170963454457107,0,normal
5.318756564739787,953.346890153894,16.461513946526857,6,6,597.0150179874294,1307.9556681684733,-0.5785077348658835,1,0,2,1.5826126106792644,0.214361603958947,0.5132963593697168,-4.384248586282511,0.398604042421369,0,normal
8.189917490107845,133.50491654836793,601.7217004627079,0,3,676.6367613040308,520.9320534933635,0.5993854238565821,0,1,1,2.879971167701508,-2.474315325938613,2.2380094777266475,3.5872348230540485,1.0618100147848637,0,normal
0.4075498157050967,568.441034981172,1031.9557663422925,6,6,1951.2701286897343,467.97159025377215,0.8713666970693292,0,0,4,-3.3787053428008784,4.014470060338488,-2.0795002477532307,-0.995990176841497,-0.1661524507803882,0,normal
0.7199759637433183,1550.2052274164826,47.61013978597143,6,3,1890.83971445468,81.4996555601636,-3.454236921953612,1,0,2,-2.6131525586719944,-1.4578621853695093,1.8402835062573784,0.5084562569563689,0.0770793295078006,0,normal
5.570560386962332,1635.2169255489518,72.57576417832995,0,0,1507.3459128333338,1578.1358674492635,-1.8049331430319728,2,2,2,-1.7781562422230022,3.2623810005166485,0.514996650521295,0.5311118572304812,-1.1332457410524832,1,ddos
1.78472422778007,27.014119697843284,233.2126354782809,3,0,1422.5946231316364,39.96795009316863,-5.624617121550001,1,0,0,-0.437435911510955,1.9143258772664116,3.040977065851471,0.4554505474702863,0.0978220646467849,1,password
5.371900229554319,1537.717732030481,807.5820222670385,3,0,3756.2365181550895,1781.6369139176682,-4.042603086729732,2,0,2,0.2357814065713959,1.8005032721184215,-1.5109872186721958,1.5793241846557349,-0.4663063098673546,0,normal
1.4606354930612506,697.0689260259961,286.2437610576607,3,3,2316.6476005786512,1013.546246113356,2.236599046894442,0,1,1,1.9889419756531352,4.106133970457328,1.3404472523997364,-1.3354146243694311,-2.238241306552151,0,normal
0.4153964376310898,1255.5598147303704,209.83445742298304,3,0,2790.489965085758,1271.078931739601,-0.1366395865162895,0,0,0,-1.997358414098948,-0.9701323159523632,-2.931406833386829,0.7082418919345825,0.5651148356367971,0,normal
3.989904754368193,1187.26197526407,401.7439612742895,3,0,1868.637040720106,1404.1103142133268,-2.142317798120226,1,2,2,-3.797138791878333,4.062396884655725,-2.485539397887636,-0.7495810553225482,1.88508375766744,0,normal
1.7593879059359987,2293.528416626203,532.1284070418141,3,6,4768.657437077453,3195.1589090343914,2.8740875003858357,3,1,5,-4.71707818638356,1.1914930195399296,-4.524022117191819,5.01684103636809,1.0790146257148137,0,normal
6.235541179228554,41.84302150390396,55.271620911728895,0,3,159.01901237713614,1533.9838732566425,2.565493550661423,1,2,3,0.9467774588676268,-0.8569579690208655,0.956840107147976,1.0139079159486166,0.3842160575325449,0,normal
1.4082748194363957,119.02079426816132,143.8132479814292,6,12,1410.8300270030177,1573.6952035833676,-2.585474496153748,3,0,4,-1.6867349301214385,2.245739274722945,1.2508026984381546,-1.2475105520393073,-0.5888295883983329,1,password
2.5817278329231854,239.33060683800096,234.0913676694888,0,3,1206.4171232376052,1590.7650281028452,0.4649102676807423,2,1,4,1.768309256228549,0.9238765509571972,0.0468514518907363,-0.00427502840426,2.6976745988614086,0,normal
3.553274498638968,785.2048499846794,574.2042971763392,0,9,4051.7642806386752,2291.874200452637,-3.831789074253982,1,1,4,-1.5728085076946643,3.523441049608145,0.0100169540162549,1.3838558581265887,-0.8803757063379005,1,scanning
1.0844356176027832,448.8623757606187,553.0232276699455,9,3,1149.9954395585785,1035.996214434664,0.7196279342050267,1,0,0,-0.4834809573319655,2.733969258433837,-1.0291186067111442,-3.8068641851808938,-1.241925317722148,0,normal
5.658245082456356,98.53358048670192,517.2106322456474,3,12,742.0715115438446,274.6368562997555,-0.8546481654926136,1,1,5,-2.6887943346855354,0.8295338965700033,1.0477391210501634,0.4147470903285597,-0.6473026869357775,0,normal
3.394548867615113,713.7501043376266,298.8547514292057,6,3,2571.414933292925,1405.5127595784622,-0.720806505967371,1,2,1,0.7990895472237793,0.8527762533910535,-1.9016229271968048,4.147755888322048,1.357856520689275,0,normal
2.0334777592297453,818.6935118337085,215.47995407197655,0,15,761.868361000572,806.9031076373155,-3.2294592993216087,4,0,1,2.5288817935574324,0.1420172420299394,-0.3530668618692089,2.7747441172334453,2.680625795127283,0,normal
0.4207895489248075,1820.5473802439876,664.6696866053238,6,6,2331.049605321839,1853.1499001875632,-1.558369483652008,0,1,5,-2.06835765895628,-2.3437248388607577,2.1884854262707285,-0.712572924332628,1.282143677012887,0,normal
0.7322120935368119,1014.6001071758984,218.72119333689585,0,3,985.849438960194,2021.3050733412892,0.8540498618398626,0,0,4,-1.694239267564397,-2.2257412120814344,0.7592607990910638,-1.9669974886919448,-0.5826785227979133,0,normal
3.5308726574787244,637.6613574044012,346.1054085042258,0,0,49.633127640050894,558.1509651243624,1.5958214363604566,0,0,0,-2.051106108577202,-0.8913900502936078,-2.743440812694023,-0.4216936846870426,-0.1059276589249157,1,ddos
1.178443727087486,380.5938571076214,224.74413660146388,6,6,109.44317606813844,1632.8469949620662,1.612472540910481,4,1,2,-0.5085022023140282,0.4768101573505253,-1.937937314574044,-0.6742742852861866,-1.2260723585008475,1,scanning
4.470102312327529,629.2347799418678,474.1839953227623,0,3,614.7861542243672,601.469439251733,-4.220093848606026,2,1,4,-0.7482430650448935,2.1069433644807773,1.5285736369246257,-0.1143529661171214,0.4032539889310336,0,normal
0.1748504622739264,229.39398661985837,688.9151829563152,3,6,1520.9167278128896,18.83354400696552,-2.0275367738198278,1,0,5,-1.6314624898045476,4.155995013856005,1.871677811783013,0.203171349677357,-0.9755595663419544,0,normal
0.5538667021637428,1831.229969312672,251.85121092130916,0,0,2985.636140302375,1244.8453869088162,-1.8588996205111363,1,2,0,-1.7057303150505383,1.5188226530630426,-2.130748681111207,-0.2791106274461095,-1.048882049300423,0,normal
0.7037732249335746,261.54574024292145,73.47625209591088,3,3,1054.2025777686847,1664.6979109309464,-2.0165038826056603,3,0,1,-0.7476235598361671,3.8403860933712473,0.4187776187757062,1.38789471810409,0.0680064051485525,0,normal
2.015741294959132,381.31839884816986,825.0715059891315,9,3,978.8303760673892,974.6914427214224,-0.7227910764168053,1,0,1,-2.813312041712413,0.1432327629597281,0.4531018545368857,-0.3659509946813781,0.1768796464901815,0,normal
2.8616950134548382,608.2520886531665,451.5813062381296,3,6,520.8839206439948,3183.283508478759,4.124135373758765,4,0,0,-0.3116616166175481,-3.164229412165249,3.0822047909120283,0.8313448046317973,0.8110355399240933,0,normal
2.650100939959979,918.0827545521248,776.8546521969423,0,6,1493.5048103070485,121.8836079106134,-1.6672982788676431,1,0,1,-2.346963904686373,-0.8661682518825116,-1.0463516962290913,-0.2207931104200675,1.217898785303272,0,normal
0.1276016761852659,797.5924273033237,340.536744297644,0,0,1892.0861464790896,629.343582582735,-1.8435903887483944,1,2,0,-1.1244005192713895,0.1127689296030434,0.1896122410541962,0.7381541530924773,-0.7186146643233177,0,normal
11.528843547395995,527.0307631544736,782.7993525606593,0,3,282.782182353366,325.1645041479987,-0.1168647288777522,0,0,2,-0.9542531686365644,2.194175024632256,0.6492921969408805,1.3102928683383062,-1.2487274540481548,0,normal
6.927668433715328,801.7142596281848,147.79006411908924,0,3,5.442916024842816,87.02957182797007,-1.551102417171602,0,0,2,-1.2403154865261017,2.042405296997139,0.0898212893936576,-0.7690955743097228,-1.100717826577664,0,normal
3.319552316181535,312.41892022866034,948.9672583285608,3,0,1551.4736531364751,3.745623776337188,1.88649770261936,1,0,1,4.689189775756859,2.842526842682955,-0.0885106174188501,0.3818426514396225,1.3285003828293953,0,normal
5.821019590890414,43.39221469768106,671.9506272801328,6,3,1127.6140979868603,2396.3674198568883,-2.0729653841754585,2,2,0,-0.78832628889191,0.1885214599662366,3.552982221090117,4.991527147677722,0.3059554370869131,0,normal
5.89427198165374,166.565410859077,220.8589091197933,12,0,2073.3446589457376,950.006069239068,1.979316215977399,1,0,3,0.5280338040885851,2.4002751329985994,2.178649218806803,1.5393826574437477,-0.7922735817571621,0,normal
9.670619349707785,937.2264997491166,107.93389645697953,6,0,418.53226218187245,887.558349079372,-1.1166020458375014,1,0,1,0.023914265331985,1.3309341801502212,1.636841338296215,-2.4722985825223627,-0.5351375742752879,0,normal
0.7226081285408079,15.62101738388133,601.0526603397813,9,3,2894.7940374207315,427.89937941401934,3.177766703682956,0,2,1,-4.047902121349188,2.997981293286558,1.284796220101571,-0.987612012496,1.8115644026650044,1,injection
2.739733764386159,893.0446411492842,168.7165675307632,0,0,878.6780485340465,777.1607330255719,0.5586067340517245,2,0,4,-1.0124676836472348,2.546057656976764,-1.0673409409427483,1.3267090756312605,-0.7778699890107049,0,normal
6.715434177616878,719.7551384321366,1084.4702126044049,9,6,781.2239935182083,873.130789847507,1.5366505396286232,1,0,0,-0.0557170576622425,-0.4687524670072539,4.192900059722674,1.025535581086418,-0.8156177280253541,1,password
1.3041655066212712,262.3721384031042,215.254891168293,6,0,2423.2661889459896,474.7198939398975,-2.325778029027308,2,1,5,0.781788332891711,4.507435451433112,2.914983821770516,-0.9606882916120631,-0.989804839832912,0,normal
4.836726627670068,678.395589431152,497.5007271622112,0,6,1086.6028195842794,24.12994037001556,-1.349468359298234,1,1,7,-1.8475785354173493,-5.674849683451097,7.541467350419944,2.706841551484613,-0.7843313619580169,1,dos
13.235254941748062,1043.517358435752,738.3788434558201,12,0,883.6142672296763,2633.214584985609,-1.5192219312801565,1,0,5,-2.246264582113141,1.098927513426345,0.651209545641246,1.4965958626893725,0.1432049714815606,1,injection
2.9689744218397536,1062.1688208703954,65.3827615976595,0,0,884.9682580882031,1016.7662695401184,-1.78814654119612,1,2,1,-1.8889658410477823,3.145287628631189,1.1055430713544476,-0.1197158172160046,2.02856997871126,1,ddos
1.461053573347021,851.1908148402742,5.364397374811115,6,0,386.38407991454886,1985.049845465605,-5.003111560681397,2,1,5,-0.7366344124192088,3.1639446223764778,1.9154537602180104,1.8230699387545115,-1.0388719969145526,0,normal
8.760291000016096,1132.4390556997917,150.01175894082556,6,3,642.5109240465711,367.6196113072912,-5.688646831102728,0,1,4,-1.6346037357255347,2.808757725364678,4.556559484129403,0.660936520918779,0.9366485703059932,0,normal
1.212167081290736,1767.007391698454,53.99426655555453,3,3,3570.139922385053,2629.72293697802,-1.7863871535971605,0,0,0,-2.026601116919614,4.452977687456429,-2.019832376860091,2.159248881859241,0.3383213504573203,0,normal
4.3380881016894985,232.187296760378,28.616911689819386,3,3,153.222951302519,803.5491816635821,2.68181417585636,2,0,1,1.3943524839912949,-0.7173162993796341,-3.020814935162697,-0.775350652582357,0.8212930341350178,1,backdoor
2.213456669186456,913.3396836715314,2.9897943707865937,3,6,516.6604785483246,441.2370912288965,-1.8524903578188248,0,2,1,-2.525272060180717,1.0717535599574648,1.5207438277128815,0.2050485855857708,0.8093507762369845,0,normal
7.641674789725305,545.9451557144045,666.795656655141,6,0,2647.9125802905014,501.9761703841798,1.815306727235068,1,1,0,-1.4418800452581653,-0.8265678757369772,2.167063476752372,-1.6433567697085187,-0.6303553930685528,1,dos
1.2308512988832423,776.4703795876239,54.52485208381033,3,9,414.6690593823724,261.29894834373187,-4.654877272469951,1,2,0,-0.4046914723516551,-0.2077753835494984,-1.1008660573239626,-1.5459992087548649,-1.132935502309543,0,normal
3.483553472778198,3230.2662331898227,608.2930298007986,3,0,26.81901788582422,1309.2773600051137,-2.4619776685129864,0,0,2,-3.0204826894569554,3.143393776855868,3.4695338270241,-1.870127127210051,-0.6145647171705662,1,password
4.068309209364436,732.5783714632578,212.16943112954084,6,9,1461.8894255219732,630.674810190032,-0.69323336795182,2,0,7,-1.824799372357754,2.0368651420173656,0.114527594832005,0.4308408339133522,-0.4754666691743874,0,normal
1.0874595723852611,269.3923150661213,608.8952748043705,0,12,151.51531433674762,888.8769154344374,-1.3061410660428618,0,2,2,-1.984290007363882,-0.5831008469002752,1.682213303254246,0.6531130327549073,0.0687823322776624,0,normal
0.6636871383846409,279.355994175011,430.6753429255444,0,3,141.34294570705464,1109.3260912587048,-2.42913647443235,2,1,6,0.6445667309460914,3.392679276726943,0.063442542110087,1.1608245416093208,0.3444698588359521,0,normal
1.2116634942290752,774.5268396664698,810.7653378250247,9,6,970.0369302634354,242.4220889360888,-3.786230367880129,2,0,4,1.0526267726779788,0.9289735649202744,0.3919619455026046,1.7415542590371165,-1.732273333677345,0,normal
5.4996179221215815,302.5924124437987,658.2064100366487,0,0,991.2659665551006,255.01484048471897,0.3010130110145508,2,0,3,1.1775939829039264,2.1487593294373664,-0.7385854696300456,-1.167630820112133,-1.0899480374793744,1,xss
2.908421939379209,1221.5805157475147,207.5697313357556,0,3,2721.563795114233,147.4797040364303,1.7502439228154212,0,0,2,2.261241101345836,3.7356182595356993,1.2930826316334982,-0.2521106293136073,1.460726744025472,0,normal
1.4990588226769352,305.84172152485087,167.3238279976545,6,3,2152.485575415045,161.30065401682262,-1.4474121969553737,3,0,3,0.7467013646040925,4.375142464977602,1.7541739605779572,-2.1988389144690625,-1.938244721364978,0,normal
2.1046557893420985,272.9003422984322,539.50433359722,3,3,610.4959859196158,523.0659612961247,-1.530304030646472,2,1,2,-0.2544041990258998,-0.4302784794894867,0.8701134500047354,0.6446396610302303,-0.9309919487699472,0,normal
9.468454682457258,459.7947892516047,393.14113816228286,6,3,448.1310148828479,131.882161113258,-5.0753969038900975,1,2,3,-0.3549707396408971,4.406473147979403,0.6624044426866977,-1.91301789426254,0.5798588862775123,0,normal
11.687849850369084,1828.0738487398,41.34527414309338,0,3,1483.7419335078248,1713.262817774472,0.0799351225457993,1,0,3,-0.06426494574878,2.358118489197549,-0.9970700895332802,3.959197235715319,-1.313248442452961,0,normal
2.172285588736097,232.55688278498133,895.3923427717699,0,3,206.6127935924772,578.1502855654804,-0.9923154406488968,1,0,4,-1.7495939954513802,1.6430101990642505,-0.5596812049147449,-0.1562611992827602,-0.581868254931047,0,normal
5.056866787119195,538.5049884947763,360.6704319172144,12,0,1143.954826279595,1144.2077603806133,-0.9920894182985852,1,0,4,-1.9628883466879048,1.069192888236347,1.0835491804696118,-1.0528274809157758,-0.9924498265619572,1,dos
6.245358225770929,217.89435678322545,622.2287017539402,3,0,369.7542085611162,660.1852247085999,2.632392802335995,0,2,0,4.043732525403401,0.4983604375877868,1.0728755378505297,2.9159125368491923,-0.5513085985791198,0,normal
0.8648136034547327,435.9546949178439,424.3181342127062,0,12,1808.3418548351103,1244.179852311778,1.6317374717010258,1,0,2,-1.3206804113670574,-0.9238202662032264,2.5141057298942333,2.6871668016858523,1.043698629866607,0,normal
2.1918617233963813,366.9288028879621,789.8301805459712,6,0,2020.7581724042095,421.6953948531273,-0.3564375449664417,0,1,2,-2.8448815651111445,-0.1811139379503192,-1.5398755904860777,1.1472188390835334,0.5519559958226856,0,normal
6.36638811770765,382.6780387252928,601.6285336387153,6,0,1421.7528613481095,721.2192052755059,3.0747955045044044,0,2,0,-1.5783426900472766,1.177797400188776,-2.015819369165989,-1.46050460918964,2.347087136082369,1,injection
0.2503814174032357,406.4300951610348,124.83546819404508,9,0,437.489728444754,1409.721565617019,-0.1211543877162035,2,0,3,-2.2854035908252843,3.9055422209986457,1.3130646635243857,3.632645485117492,-0.2101517899191748,0,normal
0.4137634057444516,1777.826004079122,45.37004921991595,0,3,361.8349954177634,1361.4985557285677,0.4822721289975995,1,1,0,-2.0433434656521974,4.1820181840151065,0.6690882010275012,0.5676469327997915,-1.0427232389245455,1,backdoor
2.643825659018065,1375.1701094633963,330.46981459723395,6,0,4495.668555734436,1658.1893410419368,1.2285713906282432,2,2,1,2.376575196379362,6.53293579978552,1.959844384274977,1.1022000787385873,-1.714743034985219,0,normal
4.3081747235048695,666.1035515816224,1095.6809536688245,0,3,234.47843765554256,217.9198644944321,-1.5385779739264878,0,0,2,0.0789891179766588,0.4068670411801265,1.2241200079521548,1.4438189500376215,1.2221503687827489,0,normal
6.646749648923661,937.9599676281096,103.52523706643842,3,0,2863.1899015946624,625.5941707848244,2.0832165928312967,0,0,4,1.7288917004987057,5.244989187565109,1.1988745158313494,0.5466800651105455,-0.4882970552605155,0,normal
1.1799059337343345,1086.4971595799168,401.0330334429653,3,9,444.6925394075417,377.6464246248512,0.4423219263754132,0,0,4,-2.79960065648239,2.1002307771700224,2.6940095513058013,-1.1346545961398793,0.4322027617604604,1,xss
7.274324664539431,1820.6543458901224,23.4985017701065,3,6,2170.9616113925244,329.49434611359953,-2.26211418185327,1,0,2,-5.119576197846294,-0.9533231292279049,4.433994241613177,2.4595512467774165,0.3662457869619705,0,normal
2.4028237199599496,936.8531127698556,103.06853113273708,6,6,804.435072872125,1242.9500373263004,2.5712736775870795,4,1,0,1.4465146536966986,1.4316947849773878,-1.929528659224268,-0.9775152926513104,0.2689414666773644,0,normal
12.688246456013658,1884.3319151573144,479.282848442464,3,3,3584.889861544778,789.8713683499009,0.249642261144522,0,0,2,2.506726555989016,-3.950764907330722,-3.1123128976059355,-0.2480956181311193,-1.496713943564071,1,dos
7.102627676722795,517.2239573446084,612.6024016429949,6,0,1859.426802019092,523.3733161179268,-1.3679383753331558,1,1,0,-2.740706521911859,0.8573912213064019,-1.4538144733516585,0.5541896846215262,0.53885438803455,0,normal
4.622381595693776,194.4949256419464,137.19971712455,3,0,1172.4335118187769,74.02629128224436,-0.235541722223826,1,0,1,0.6234269503679133,-0.3168003023184507,-0.1442648512627826,-0.3052143343391937,-0.0147875452779509,1,backdoor
2.104913050203246,301.95641228599203,160.76671740790204,6,0,3376.3619345278307,494.53586825788375,2.8505199855818053,0,1,3,2.5265219593623343,5.550417349612169,3.4542686579247954,0.8408857175289777,2.516617046607166,0,normal
2.4832640794033622,144.18245966231606,832.7136469085387,9,0,2943.791601610606,2627.4683085082565,-3.2111818005361323,0,2,5,-0.5951326373959118,1.7938944934271477,-2.3562095340482823,3.685681415584744,-0.115793244268709,0,normal
4.649798894626761,1422.5434622648015,140.6721101622,9,0,727.1990432244878,714.9476619102738,-1.1792424879399002,0,0,2,-2.366898110252007,1.430219998719492,3.287990426685337,-0.9522631514053996,0.6892498996908525,0,normal
1.6037127243423854,24.041268745203624,78.03869317912101,0,12,1168.6252614773707,1346.0832735161605,1.5963949085822218,1,1,1,-6.426756158088245,2.168401895207866,-0.7519544488645569,-1.8128247980582235,0.199596167815813,0,normal
1.891318801266484,529.6565614050686,76.95173116811573,15,12,293.65563421076774,287.89042860680115,-1.2759314285429073,0,2,7,1.5549195696489504,2.0324336442112303,-2.119458462918967,-2.0370400287624486,-0.180896956448063,0,normal
2.0486680824986325,61.524238362559046,525.392757907335,6,9,558.1512651204147,1887.3509984894315,0.8233239870332858,0,1,1,-0.396246287395505,-1.8910490593839648,2.599918430037664,2.351108030706474,-1.3283637191507385,0,normal
4.314871138767071,472.7398042767069,375.8623503909208,0,0,252.322903269168,1541.2560366083665,2.4236276392421363,2,2,4,3.117437078332226,-1.363573207488854,-0.1806455676624114,0.7270610475945423,0.4753431382509617,0,normal
15.954183322757292,349.88433127788267,147.8143041665392,3,12,122.01865470774848,1086.4886625577506,1.8310963557969435,0,1,4,-0.4564764612274457,0.5710035831190943,-0.0941939256061019,0.7434658147824067,0.2633106850084537,1,password
0.8476201635601501,1769.0557724935104,515.3491824280485,0,0,761.6968086008104,250.6118764354535,2.9680255468466146,0,1,3,-5.229081371479672,-1.5960165611235704,2.0788344574471,1.894291661958756,-0.5788453091264922,1,scanning
3.759496033525622,924.8733540009836,671.5152431530826,3,0,1573.7081264208302,588.459002416494,0.023867957623245,1,1,0,0.9108632988238552,-2.6367149391288445,-2.1039596595025567,0.4899919976671609,1.4179342947989515,1,password
3.68251454716036,1080.151464986272,17.52077577071737,3,0,1014.0027739001878,1017.6052777842364,0.6442080190105004,2,0,2,-1.7035333470589409,0.3160802270598821,3.590473960339403,1.9471400368923255,0.0642461799212952,1,scanning
5.101209069773382,2547.838495348964,814.3828710702328,3,6,1572.43122625423,1940.1967168364692,-1.2933882733316568,0,1,5,-1.4929312313081595,2.133601640059962,-1.0218476546982425,3.492229891729008,-0.0825215929942027,0,normal
11.410879544106336,2187.8687296502417,678.2216951039844,12,0,1277.5379580158042,1673.005814760152,-2.7869927002226715,0,2,2,-2.018855699107075,6.425034535429202,1.7129986080070851,3.087188299936793,-0.5123739659590666,0,normal
2.7679289344726032,464.4411505234023,697.9007435135153,12,0,1686.6784655619394,753.2280099552426,0.5592193765273437,2,1,5,-0.4527259827039163,0.2464461472121014,0.8241734720518964,-1.7820834999481578,0.4509578411233882,1,injection
0.4630773175287575,261.5731728440338,162.1571287011381,15,6,1494.4261061571656,424.5821126631183,4.289534429803596,3,1,2,1.3368621179065985,2.048105422536735,0.9989281734722328,2.0375403795235805,-0.4732179141724365,0,normal
7.464364183589824,520.8416014085894,0.9986091988299484,3,3,229.22717302118213,724.4027570514381,-1.2307163403665509,2,0,1,-0.9638103511146936,3.197940019907313,-0.6996430743096547,-1.136491745373331,-1.026781529148424,0,normal
4.489309192328532,1107.9738106390034,155.43893476376076,3,6,387.2782407165549,736.8634681132771,1.0748731960912454,1,1,1,-1.678431108249512,3.180424590623102,0.224343092411427,-0.3287557673114918,-0.5585644311920968,1,password
8.448286009499581,975.043069517015,1086.7394629591531,0,6,89.69255255145669,206.96111361529512,-2.892167391668341,3,0,5,0.5222387241293687,1.6591517570052048,-0.9215072375129496,-2.335667645835467,1.0417238137326008,0,normal
9.497207852961523,1785.9841315590509,576.9438311910197,3,0,207.56397392506685,1185.209878099933,1.3614981889139663,0,1,6,-3.842759533866744,-4.48760010760116,4.832546622473346,0.307750424315048,0.9803648838286656,1,backdoor
6.48901697882124,834.2304349023158,784.0211937466801,12,12,1899.733153643874,1991.3120783782472,-1.5877576870086665,1,2,4,0.1026326814356264,1.2704031649328131,-1.8030265586828196,2.100625322202203,0.762547145508289,0,normal
4.439195184983904,1442.5503078161892,1350.5605467390294,3,6,1106.150698236754,678.3624039953138,-1.332593741089389,0,1,2,-0.9623900314189052,-0.2536800289453451,3.200825853072068,2.010491476088666,1.1391087639270543,0,normal
0.2817280694361367,791.8543469469371,97.16609869268798,3,12,2726.354705137561,1140.921863925438,-0.6778539316131013,3,1,0,-2.314840316673977,0.4624660212999741,-0.3233842893531816,-1.7162761215234428,-0.4897473122448466,0,normal
5.344784984114401,1691.365385405648,204.96213552839376,3,3,2228.054595680808,1241.3986025869224,-3.984070547838299,0,2,3,0.0290530990495772,3.5492324443577967,-0.2870119787325187,0.818944857240689,0.5648582661918603,0,normal
1.2084153068425545,1648.2244743145443,543.0720962945459,0,3,1792.710094802664,1811.7394442201949,-1.245394444621612,0,0,3,0.3536005742019414,1.2721089819357214,-0.7338447441378235,3.1342565030007505,1.9939507785289212,0,normal
3.740944164181436,1027.1114927883057,419.9781926231818,6,9,17.295512595089964,1218.6139964147214,1.2474780088323316,0,0,0,0.0778416241324153,1.3003581540997062,3.146744339904564,0.2579804752432343,0.9030106512738144,1,ddos
2.8681503760263927,698.610702853465,953.017056788703,15,0,3039.620917831003,766.5950752826188,2.411241974003598,1,0,1,-1.9820044678451232,2.391044907615062,-0.2220376163514181,-0.2182580972946561,-0.1803023333532917,1,dos
0.7327483052526257,1061.6723060573174,13.635064249160076,0,3,205.6560443272459,3138.5966489608654,1.9349988225937425,0,1,6,-1.3272438545873972,-1.924810557825953,0.9688577716430974,-4.617922045256478,-0.354495069424137,0,normal
5.547862319790962,1918.0976093642375,960.1443125565723,6,0,2830.1501702823343,1129.8927033665557,-0.2741089970673546,1,0,2,-4.942341323979722,0.6676067017622689,-2.5707721840799382,0.9024470992823604,-0.4364191581421548,0,normal
3.192363366988402,362.55605537017846,822.7895785649323,6,9,451.7988937581284,835.1828940975038,-1.5715217233913157,2,0,6,-1.7295605333310868,2.503727705114118,-0.876935252893406,0.5582845810147485,-1.4575239674849387,0,normal
2.5269192113312204,46.185340741282445,31.145150695846564,9,0,639.394757341063,863.5076672010645,0.723767569719139,1,0,0,-4.665186299468052,2.1479798132775,-2.141719801534532,0.9559601111397849,-0.9819840958556464,0,normal
0.9395838751919984,117.60372814258784,623.6743433249687,3,6,121.87610429754577,2224.224427924164,1.4536647644298255,2,1,4,-2.718076510634055,-2.71943440447279,2.540261779501759,1.07997932666397,0.1500405976663049,0,normal
0.9509089326217922,1645.0840143543169,158.2299354840558,6,6,1828.4578980128208,244.24041477538532,2.745076033015837,0,1,0,-2.9230809611594486,-1.388412321413801,3.947043839874768,1.0454650166140844,0.2288084580522311,1,xss
7.931685382596378,1495.8162883699836,48.22602805470544,0,3,790.9485826932384,144.97531617494766,-1.629216724185104,1,2,3,0.2036087795155732,-0.2311870405043041,3.459443900710496,-1.6850963531089094,0.0329709372035813,0,normal
1.4590250274169636,943.1914038495358,675.3571512075263,6,12,457.16309102011945,1153.7270393809629,0.0349561956434716,2,1,3,1.087345014372939,-3.767360266227146,-1.1377324167145308,2.5677630026926144,-0.1482822921291093,0,normal
3.954573871720237,725.3486419121267,192.9687646300981,6,0,479.3538466870457,218.90714249163983,1.456935571714442,0,2,1,-2.37583301033314,-1.018742044593921,2.155710233327533,1.364320456153709,0.1718420322342219,1,dos
2.85663819523522,557.7441350430626,353.4710557703889,6,0,2614.87812168629,584.7919316449311,1.3168489874255522,0,0,3,1.5903174839975556,3.7650469079057576,1.8362938907976305,0.122000901922239,1.0411087566477966,0,normal
2.6666298565731394,353.26594970329586,583.0005235652509,0,0,701.0057176359245,809.0309816347624,-3.605876129869605,4,1,3,2.7588762541639005,0.9555098712498464,0.8095429543461041,-0.4458242768098519,0.993187067838186,0,normal
7.441710682844035,525.963867432533,224.11752748007643,6,3,537.66218083503,1509.6321124462802,0.188407617154743,1,0,4,-1.7874842750965287,2.723292791158829,-3.5841777005748616,0.6937351553206828,-0.835889808188174,0,normal
3.576643365448289,227.57799757825893,91.14991487132046,0,12,1142.9007183656015,1616.873120574629,2.5804778504002748,0,1,1,-4.882856763221618,0.9088338863935944,-0.9602410111356956,-0.5161959208693387,0.4148543690023209,0,normal
0.1979573449352428,947.3271730266514,78.6611845195413,3,9,464.8962872041123,305.8708900210902,4.63285056268891,0,0,4,-1.7224485802509462,1.4759998922217257,-4.183918845161322,0.5553249468225665,-1.0182054924338464,1,ddos
5.4713907835960764,822.5865815915937,849.8485765661264,0,0,1636.7048734299776,1499.6541221935256,0.1379097185312889,3,2,2,-0.5562882355307106,-1.2745820913464292,-1.4365013513771927,3.8184227903381176,-1.803496820291116,1,scanning
3.422509728458862,811.4615170530778,727.5464840930478,6,3,585.813251687108,1843.7524066931232,0.5345344387744899,0,2,2,2.899409738168756,-1.821980730036331,-0.9398254687950554,0.7523441996121251,0.2815818083569788,0,normal
3.1277486841945383,1308.6661336259633,484.41451982519806,3,15,341.06953083642435,1201.4908582258877,0.0344788340939443,2,0,5,-4.944811699415772,4.112203767310941,2.4091445004417764,-3.4013364720897377,-0.5164638766451054,1,backdoor
7.93352216628298,396.7889272806661,214.5626194137986,6,6,1358.1036870424984,550.5021494842297,3.1224356846997656,1,0,1,0.6263599567973914,1.3557836256544598,-3.210002896766396,-1.936897646333033,-0.4160425018626957,1,backdoor
3.754783086328685,292.2296142837295,181.2290650790956,0,0,1126.6154126711908,309.15582791246226,-1.569315363251355,2,2,0,-1.8425274869938524,0.1216822891605837,-1.436002675634782,-1.4371056801532431,1.8961267040655467,0,normal
3.6395627971366977,631.9158065356247,324.9336241951585,6,0,1258.23860169007,208.3523060973606,0.3567971546608965,0,1,0,-2.616374692126059,-1.3651658388461148,3.540444863197012,-0.4562104178460632,1.5283187909952356,1,backdoor
13.425735659266838,1012.3407787583948,209.91991893773132,3,3,3060.646189242029,1235.2746687668234,1.3577745396759229,2,1,6,2.4416294010170043,4.236452338102689,0.6892487313613652,0.6067173475327085,0.2739626090226654,0,normal
3.626466863513609,25.609687570959714,915.070580279666,3,6,1023.0256546963344,146.6417629565375,4.538800337041659,2,0,3,0.6517069493058243,-1.322655153009581,-1.6301402272526957,2.510008431403145,-1.6005543799815931,1,scanning
12.146111657210144,348.88985295563214,346.9339500074274,3,9,1742.9244075637448,722.1425565402147,0.2724485725680141,0,1,4,-2.641234151745736,1.602767663037882,-0.5487655130010753,-0.4832604296021685,-0.036736215372374,0,normal
10.600176874140544,984.596373875888,599.0909187044568,3,0,2303.6084088855605,419.910682345954,1.912337233896639,2,2,3,3.444519660829691,3.3750412713827496,3.098418981166593,2.4796596108475155,-0.797482387453495,0,normal
5.137734607817572,176.05487609947625,137.05862293634956,9,0,845.0657795654644,1539.7649525076818,-0.8944313920311113,2,0,3,0.0216748331432217,4.097919369405253,1.845154479061418,0.7355488990526291,0.6094276185913929,0,normal
3.860618651119844,580.8371981758484,1126.474466012734,12,3,1459.4982180639738,2302.706931512721,0.6780667862265598,3,0,1,2.2334802563268727,-1.4354841688065396,-1.7332757619382035,-2.585068609831037,1.3743047462467182,1,password
1.25269544226385,1313.309531615125,291.1229337586777,3,3,2899.395206618902,2434.9852181326096,-0.6105268268791738,1,1,0,-0.1903610580004548,4.969723863767084,-1.9046231014816737,1.7846353198391696,-2.0250794422618323,0,normal
5.963310524158612,715.2425820750619,652.7887843919821,6,12,280.16403861839467,129.18488592754764,0.3812916653039373,0,1,6,-0.7560603954548362,-1.1431116202053253,-2.975707883245573,0.1452487969098113,-0.228044310656421,0,normal
7.465284727730289,923.8766156116404,554.102684925898,3,0,1851.3222067838992,1608.1314322380028,4.39257556776698,2,0,2,2.7119797953355267,2.926674283871496,0.7949622714221576,-0.6203989565091317,-2.010380865236657,0,normal
0.3061512035352178,679.561857138926,11.766233878730215,0,0,1799.9809884284016,1380.049441661561,2.780260912375104,2,0,2,2.2915349010500945,4.000287770715364,1.394192917212702,-1.1039732706193714,-1.2616584989687334,0,normal
3.280203991680036,369.6674240712322,243.02593453198585,0,0,1828.36003802222,18.54493033869477,-0.2731596793279106,1,0,0,-1.987598684494956,-2.638442255143117,-3.05835738672611,0.1420828665367211,-0.2605569730467624,0,normal
5.277408960790799,2183.363082764392,102.46223760586209,0,6,2208.935081136401,925.0500728175238,-0.5481323224921042,0,0,6,-4.40289620306068,-4.5323092875461,2.537359962123828,0.4955425210981918,-0.2926691035176885,1,injection
0.0992151053163997,222.771150887649,94.66487218839538,21,3,1731.3308436774364,4150.683679634531,-1.7999446090142597,0,1,4,1.238181852215274,2.4557785608029405,3.019828339501481,5.330145983751277,-0.4681508577216433,0,normal
2.2122754490934877,450.6247230850672,195.1151683562736,6,3,1534.294862698271,206.76310148665303,-3.675318466080413,4,2,2,-0.1856340145312374,-0.0846347362304691,-1.03699067772837,-0.4085777713985739,0.92072011610989,0,normal
1.2057069684745858,1945.6745680917836,548.2057734729852,6,12,2315.407050194078,475.6849189085885,-3.7351323055795183,2,1,1,-5.713729125075738,-0.5977725788015396,2.865014164358469,2.606536767534749,-0.1212600070500146,0,normal
1.1296187739877055,425.8608302456682,100.6629388804694,6,3,3102.66730619498,1673.435845720379,-1.7032302010024862,2,0,0,-1.0730605908528592,1.2591417342128994,-1.594942055337654,2.349717541484718,0.7437500287553005,0,normal
9.864139855388466,713.6513896706771,669.4342842942497,6,0,863.2405612271643,242.9202982101204,0.7443492427494279,1,0,0,0.9795468933050272,-1.688509940828964,-0.9906721976210467,1.333666596481364,-0.1281727611402123,1,password
4.310249559460729,1131.4693544640927,0.0071043580780979,3,3,50.714900924124485,550.6106943218676,0.5090690970619329,1,1,1,-1.329955947369705,-0.2784533008527488,-2.399851948702852,-0.3147647616983851,0.7919163450116974,0,normal
0.071619301111196,1366.518157811758,133.52497992638112,0,3,1982.2327246879956,702.8301904955199,0.2329295367808824,2,0,5,-6.372146018314849,-2.303295581724972,1.160262559338638,1.125534542910785,0.8514795079668842,1,xss
0.6966054512183327,670.2400332539277,502.3394344432936,3,6,286.30080293934753,534.8350044317054,-1.018834239916948,0,2,0,-1.9701092060099237,-0.9008662643523816,2.695596695165976,0.5742900640867403,0.732644707201651,0,normal
3.362656157368609,1347.833835148533,527.9718955066224,3,3,4666.2132066178665,2050.523138020036,-3.823783387417268,2,0,2,1.9874730244503305,-0.6070522682570361,-3.0434650782875137,1.5208909132065664,-0.4624332563696913,0,normal
10.487653446143554,1546.9184783836126,54.01832413241575,6,0,4311.156313462225,1850.412738146908,-4.9786007484022825,3,0,2,-0.0041830657044341,1.0620848164226602,-2.15980554514624,1.8441900074457984,-0.8384247816822337,0,normal
1.8746824410586225,1603.871342097087,209.3381027211292,9,0,3716.150782115261,1492.985069271296,-2.367366235462665,1,0,0,-1.0430780362172671,-1.2080316234617434,-2.224852696471485,3.5180675611636456,-1.1791878462534198,0,normal
6.573603402033863,1112.8536571228965,193.89336031466053,3,0,290.41194518177826,1859.7540208624223,-0.1908398311513512,0,2,7,0.0399281007367064,-2.911734165096375,5.547679615286241,-0.0348412029974423,0.5919844542699779,1,ddos
5.616213789056163,159.195091980673,71.26023276063435,9,3,1184.2601324122045,22.64394725474553,-2.212036272645946,1,2,1,-0.8560080954943672,1.840589958539576,-0.1659622972949999,1.134403412609968,0.7282580208493404,0,normal
9.31217561992354,424.9806732707619,627.1551711048885,3,0,2981.688553635479,129.3928867466894,3.4549533513160853,1,0,2,1.5923918286171403,5.557034956214373,0.6271378535526148,-0.8459950493214554,1.92468565206942,0,normal
0.324788763486222,334.22260222543423,806.8098059615774,6,0,26.87194660049532,1481.0329391402292,1.5252098106450656,3,0,0,-3.502009950356453,-2.145870101427463,3.6937493987784262,3.7314797713592807,-1.621224807446804,1,dos
13.122034574527277,893.4510118120387,5.505938933349377,3,3,2593.095262554863,1095.4275190301842,-0.5545961064120073,3,1,0,5.393262218255427,-4.385750726077221,-4.433745538998509,-2.236245247534689,1.7843358823565456,1,backdoor
7.344250267778878,1264.1320710909806,83.07096916269704,3,12,1493.4026365298191,1309.2482534111618,-0.52648292441439,1,0,2,-4.249360783934698,-3.1199298503877424,3.165275261575663,1.132633673060144,-1.2875682033830822,0,normal
3.589577633485401,1066.915350220982,332.8887994655819,0,0,3299.67713356482,1885.7356436876173,-4.097175028080466,2,2,1,-0.3381004765869382,-1.222802696127306,0.0962566637593831,1.840593434557847,1.6231651006973264,0,normal
1.8628208576865173,308.8932593658852,23.92416675962594,12,12,737.3901573506744,136.34090718962554,2.7187021275311496,3,0,4,1.4006807413373294,0.7723596617698087,-0.8483986177670506,2.5303575308681903,-0.8919272246096068,0,normal
1.5357809682048669,457.7847024957621,51.09501164831789,3,9,142.90808722147332,485.9164128192102,1.641362611738386,0,1,1,1.4224887092743044,-0.1051104100353148,-1.5593736916663454,-2.3286895992831163,-0.9320543765200278,1,dos
2.0968541865866013,1468.8488587164145,317.18783710965664,0,0,5800.544471614651,1749.5783981241227,-3.1741797186034337,0,1,2,0.319180352338964,-1.1645565141368963,-3.725160704483229,1.714394104335025,-0.3726032596097738,0,normal
0.7917077726116873,41.46068245297796,316.56508841396715,3,9,871.3527091155493,63.94822990649048,-0.1653815486801524,1,0,3,3.5173103539371557,-3.19783638530389,-0.2125356873250143,-2.084160617210181,-0.0161940140044346,1,password
5.2866226922789705,1722.7979440864356,60.32683400336799,0,3,2598.138927364232,1506.818485277336,-1.1157698200212514,0,1,5,-1.901776278646536,-3.7713184692182766,1.2983358246815782,-2.092991736676325,0.3394449306128388,0,normal
4.883022811160028,326.09775437758964,937.0084400327422,3,0,40.57478745298459,1068.7223028051592,0.441283625744302,0,1,4,-0.2834519795091517,0.4581922036978836,-1.0983897092831316,-0.8288013365969684,-0.2111182036908269,1,injection
1.8205476809034424,800.2355756537629,676.2442635962888,3,0,801.357740863042,1065.5644884820824,-0.2831810823087455,3,2,0,-1.68398150294436,-0.8343711157045457,2.968983309465149,2.080353378173607,-0.7347444975556764,1,scanning
3.0582600621463496,227.5385156339077,19.747950449127508,12,0,2369.124508454086,1535.4820876319202,0.4247425453248273,0,1,5,1.2049607127194264,6.190783870120907,4.947492935331122,2.432966394856133,-0.0527765415122037,0,normal
5.900028631950863,347.83116223590235,115.10611037719346,3,6,831.031532226231,1385.5376052300742,0.869491522413943,0,1,0,-3.6369878883958258,1.044126733461157,0.8256172370709756,-0.9920903422444216,-0.3308241858811956,0,normal
4.135224334209162,743.926845094285,57.76758724929097,6,6,3797.3341060849166,628.7820816251972,-2.716047199048731,2,1,3,-2.3053470258582323,9.666467025666847,0.168361655460896,-1.9067963317638523,-0.8158590268013766,0,normal
0.8780775389970014,441.96753555768544,298.4907510777811,3,3,640.5685832874373,2048.411301676524,2.5663394933519914,0,0,4,0.735613396987022,-1.586040009007925,3.7869280923767463,2.151383431156685,-0.8014225514274417,0,normal
6.990659157582143,1379.0931432080406,63.65113273508444,0,0,2410.6394429490747,1343.4222301177706,-2.62072804412512,2,0,0,0.4300766310285651,3.3324662488019863,-0.7716355980842207,-0.3231399771586878,0.5111317595090783,1,ddos
7.061601570743486,930.2587853214768,211.49480240719453,3,0,631.4848120734692,1369.0424050855652,0.9608241497119486,1,2,3,1.035298200378436,1.1004163633632589,0.6526730561338415,-1.1760495865430414,-0.4358909620594474,0,normal
4.18657400052603,1322.9132433125,469.1413169035948,3,6,1224.1395071110155,502.87922812394095,1.102742719866429,1,0,3,-1.7194252572989992,0.640416377847615,2.8301487641922307,-2.62409827896909,-1.6355709750438432,1,backdoor
7.306302396795767,138.3629354338262,219.1700030805327,3,18,188.3045601498614,889.9919094426978,-1.7485809236003127,1,1,7,-7.41698163515141,4.296701592282863,-0.4647988969121901,3.3883609555017298,0.9858107397434674,0,normal
9.770085221845452,1706.3491670424748,517.3391329447672,0,9,2877.4394905761847,2225.795384158377,-1.1812798237556563,0,0,2,-1.357746303925457,3.073543090826095,-0.9205891102943158,-0.0097282736015653,-0.4019665025908599,1,ddos
0.6635702505389978,1852.9508079897948,523.3317835777924,0,0,2968.4988954528744,865.7604298095057,-3.5313811506884365,1,0,4,1.1722026959422671,-3.6917752180387007,2.8124039373534195,-0.7878721779394254,0.8253477199871411,0,normal
0.5291382264704709,1181.2400383998165,480.5681509984375,12,3,2452.094165131363,1597.9220657129297,-0.9408702025026752,2,0,1,-0.4012564724072909,0.3691082078630097,-1.0375130604948966,5.517939564792244,1.0384085389069462,0,normal
9.978631368149976,811.5806225074282,271.3758740731648,3,0,833.4699186504594,592.5283032818776,-2.364602573750582,0,0,0,-0.5588556224524597,-0.7296202433027548,4.819341198248777,2.202329244267053,0.049764412766855,0,normal
2.2504511374482314,1927.4474970686597,374.010762537769,0,3,657.6214965357033,1204.187740244386,-2.929997545357028,1,2,0,2.3890037707455978,0.6797894141251827,0.1063647754970664,-4.164800869969448,-1.3381376986940583,1,backdoor
0.6882688951544256,748.0387142123334,293.1329880244507,3,9,4714.589776104435,779.3424634205122,4.368451313118773,0,0,0,-1.0888025512264232,4.4615451191817455,0.6110461290540368,-3.474473087440868,1.3575994042552546,1,password
2.415755936269062,1173.3253508433252,504.6059140537783,9,0,3496.125953249485,764.8923147536873,3.753489173921373,0,1,1,-0.1311439569266124,1.99944014604246,-0.8688109907052727,0.0430070066178549,-0.2164962654550643,1,scanning
1.9358238330391575,682.0826066391064,147.76545154293203,0,6,1610.2945611603004,222.81610895816905,-1.6780149688390509,0,1,0,-2.5275995669894127,-1.572386089374693,0.0350935965631891,0.8122729208013626,1.3568517606016048,0,normal
5.9859505013331935,155.97871023686582,842.8897971135108,0,0,427.0499500478173,67.43249755892565,2.2495567799177305,1,0,0,-1.514929227836169,0.1663661175064061,-3.831769298132256,-1.1215645927390852,1.305564599264942,0,normal
7.577158564416083,591.8832356347898,277.51461897552315,3,3,702.4238911256233,301.83877684445747,2.1620403240840056,0,2,2,-1.4390256062267432,-0.0065898806145006,-0.6825232493665511,-1.1626842502780477,-1.2892329047159543,1,injection
12.986571646860286,566.8183933847451,274.8147004515487,3,6,3517.1999276052857,394.8084767215581,0.9498661152581188,4,1,3,2.3491492819353432,4.386482619109961,-0.2266529259908987,-4.720585615318986,-0.6881351207004166,0,normal
1.5947785009473252,569.289064465166,109.20486363160482,3,3,3077.4037937801822,1103.293630415002,2.831969881481489,2,0,6,5.799732424587776,6.269814401461809,1.138371369929513,1.5748577143525158,2.670747537860201,0,normal
1.875100287744108,740.3954214551386,382.1661271615793,3,0,1739.2476677138966,444.8636544687247,3.290527837236125,1,0,0,3.748863305350248,4.904073169147607,0.5817661898011575,-0.1601569501037671,-0.5867272565930005,0,normal
1.0002633240682255,560.5070384376445,800.8000882821473,3,0,176.21100591964017,877.6935873353159,-2.021477288465969,0,1,2,-0.9262166879378884,1.9180409608887523,1.82854195082562,0.3110467306131073,-0.3248951205464929,1,scanning
1.2415825299695926,1345.2336370590283,866.0434459815496,0,0,3260.620365034935,936.0580795643224,0.4318177700154845,0,2,2,-0.1193542605260158,0.5387818636630847,3.1387009247044446,0.1900544134353889,0.1839349410727281,0,normal
1.383423396566084,89.24398895340514,419.95722685084576,0,6,533.579829792207,69.06657757779116,-0.6556810132100283,1,1,4,-1.727572579690023,2.062279966238589,-0.5734514265616772,-0.7609839602640185,-1.0646027796120294,0,normal
0.0908108418361966,478.6576996081117,191.17420619152688,0,0,2146.0032698697364,588.6600963887848,-1.099300604636142,0,1,0,-0.6632755596884801,-0.4078847863471,-1.9719349229864929,0.9542981183844756,-0.5858990739877628,0,normal
0.7625782265460763,1581.607529159619,140.97070870658703,0,0,2497.2738616553397,2032.976094333424,0.3427908985506895,0,0,2,-3.333010957942913,2.01049513814024,-3.945174791808544,2.0945216188618074,0.9780069850339213,0,normal
0.3797433414797962,1012.9990652128612,6.933381966273396,0,9,2700.7241673406056,71.05664352534679,-1.3572352269192671,4,0,2,0.3282729958060697,4.879492779812431,-0.415756097255576,-1.7133718578921484,-0.9090855857204884,0,normal
3.36197724528466,142.29311171297877,366.9172039100456,6,0,1663.2522244492811,563.2710827465111,-0.7548487199358784,1,2,3,-1.7528699161428445,3.797435797070776,-0.6915854178595087,-1.6246390197563911,1.268963623214095,0,normal
5.283066741383208,834.9484036508225,86.01547834361342,3,0,1709.921253507442,1320.2812855856484,2.379140485071426,1,1,1,-2.6825186577307933,2.3935556228537327,-1.7053513004345937,3.595946252116062,-1.4076146526495552,0,normal
2.5675716155193102,344.1469525205614,729.8986413798809,3,3,573.1290159328055,912.0142489771056,-2.808190507458824,3,0,2,1.8739205601577935,1.402505508093986,-1.0438429883602405,-2.2274937732797007,1.976447105478326,0,normal
2.5486062637665325,1845.7398427417331,424.4940487147568,12,3,763.140493906569,993.4856505797168,2.560336867761506,1,0,4,-1.3634265303599136,-1.159582918443444,6.9069439483430966,0.5786709222238938,0.6532087840206168,1,xss
3.997011223951868,416.6962843217633,203.4780160599505,0,0,1062.2708991835402,513.7340502764738,0.826176147504365,1,0,0,0.9232285791970496,-2.5749281532367485,1.9237735597271788,1.362463397106649,-0.002782390735642,1,backdoor
0.8874618290077018,374.3498684237748,1015.8787340957878,3,3,2398.6438060433484,1283.9306364462354,-3.827145922785588,3,1,1,-0.0589583192467331,2.0214291895031278,-1.3416494819551592,-0.127706004126711,-0.3930929644758879,0,normal
6.169779507980575,214.28886907701573,36.57094481871513,9,6,891.4989024790436,303.52671303710235,4.012355607749294,2,0,1,0.3895567273686032,2.2312760057404035,0.0877290670756025,1.8761145943347048,-1.499923559223732,0,normal
1.8372381185789293,541.3303416417882,931.6683480624704,0,3,89.47190639182834,57.92786280773079,-2.93903720184111,0,2,0,0.0215106714738508,2.427857274096453,0.262757197356691,-3.517262893474978,0.4440545725728207,1,scanning
2.245008948609228,969.3791771806456,242.10607444163597,0,3,2186.560893196307,104.96693752213952,-1.6126101624221203,0,0,1,-1.220679745109828,-0.8835431073104332,0.2092322873026991,0.3685929759291366,0.4360480566844857,0,normal
4.356537668329202,337.94519038948346,844.5673694794657,12,12,225.92074735265507,153.052794312519,-0.5358757184311089,5,0,1,-3.292194904184512,-0.9535521487887336,1.773239262206484,2.0792646635673524,1.4749583195943805,0,normal
8.62722316715768,1113.335389390175,62.00242416391761,15,3,1723.2480165082898,1495.001153196415,-0.5093055252590055,1,1,6,-0.4048214182669254,2.7390130196296214,1.258226591720054,1.4843632400153426,0.1050486060333674,0,normal
2.1224572476964623,925.3557666494428,184.2752424503124,0,6,8.262139861046217,922.0084852392164,-2.5873611052887,0,0,1,-1.9428379889307,-0.1905455380226073,2.4500190732081286,-0.6459033877583968,1.0500956705620024,0,normal
0.5001933301770819,1314.781522677567,483.06684518687246,0,6,2057.220731806631,814.1816841278036,-0.8934722886649361,0,1,2,-2.371216009174812,-1.423963513120989,1.455759167382937,-0.4218462354620819,1.5824470671969495,0,normal
3.19205811031676,265.54182767282254,335.934422301889,9,6,851.2584985866757,491.70428736000514,0.8035824395858112,4,0,0,-0.0227750332440948,3.5690646096198853,3.624761041836933,0.9579318591735312,1.9700721003831527,0,normal
1.3170221607133792,390.9927467653077,646.8732114154043,6,3,1469.208165950898,840.4806992275765,0.5939717656301747,1,0,4,0.7345089850168606,2.705608110758772,1.134299835055188,1.6116596617427137,0.5196461206636643,0,normal
2.306186392266917,1893.87431350703,109.77924259212996,0,0,5195.625237145459,374.46448822444216,-3.243844872621728,4,0,4,6.9072765417385735,-7.599971898976115,-2.2477115802399403,-2.086953990380084,1.3819351146144483,1,ddos
7.37503048396357,1968.2676479489503,620.0990504150783,3,0,3967.6491585890985,1597.9378202006687,-1.4407705398623654,0,1,0,-0.9735536190980556,-0.3844375692755251,-1.74656480535254,3.637719369194565,-0.7941171701969636,0,normal
2.668501003999275,1296.3375521183077,8.533277837233143,9,12,424.85876442764334,254.81482435946785,-3.56369786408571,3,0,6,0.8996750156553015,-0.5795974628332787,2.185916903351175,3.640351275374944,1.3321146714969423,0,normal
7.274470267527721,349.24139874581493,469.7126938875933,3,12,2025.6037646549576,851.973844841095,-2.786708095404293,2,0,4,0.7697663341970362,4.749903982992362,-0.92715371079496,-1.2062740509301448,2.398594646135786,1,injection
3.033187571918244,851.1156922349443,546.4152520652303,3,0,916.5702571056984,777.9010201700776,-0.9358101993290732,1,0,1,-1.4865523528752558,3.926877744767742,1.7733806527260216,-0.9488827923994344,1.0729216475432608,1,dos
4.113558618664879,105.53054346280776,272.26048296629386,0,3,1987.3533230520525,743.7793294459907,-2.273305466882017,2,2,3,-0.5036463145560849,-0.3777475659168388,-3.253871814570414,-0.5381721897964418,-2.7333357697344827,0,normal
2.2541302155140106,874.7847540207803,494.44440786135135,3,12,114.78318620116028,507.86494753714607,0.1044129391242925,0,1,5,0.8847153907514727,-0.0259402982802832,-1.1866355507113733,2.2358624354428933,0.486460032755686,0,normal
1.5271098982089364,913.1717409371416,292.3781934494335,6,0,957.9348019913392,1606.7717585694015,-1.376235455557819,0,0,2,0.9714264613782168,1.546204599590462,0.261543330074273,0.967965419862446,-0.61929825847675,1,backdoor
6.716503712003367,871.4293714457217,509.63972612123865,0,6,2179.5122135598453,2142.6539560308743,2.3401203222595206,0,0,2,-0.2541402032628668,-0.346868687914474,5.768595492681453,2.066382196749207,0.2426333249770755,0,normal
2.880304070151216,1615.6981734971682,55.54875394911595,3,0,1903.1164788870435,474.1627118230822,-0.8034177330705605,0,1,5,-4.269613670027381,-1.6128269224279992,1.5821003686175217,-0.3276273960761375,0.0103120808490006,1,dos
2.708985907745638,256.6687637710353,377.55199624553086,9,6,2273.519731426242,219.6048199645252,2.018341157097357,4,1,0,3.335555902633009,0.8298027485935937,-2.6958432812901405,2.6560232216292494,-0.3846187199790584,0,normal
1.9084044366836328,305.73738120385565,164.21687029101005,9,3,618.6416183504311,1003.559386922942,-0.377759257522311,1,0,5,0.1370729043085374,0.100834254050427,0.3011065315454513,0.3798796195264833,1.4081328140239622,1,scanning
5.4217001631286,699.4239449257475,761.0474950741,6,0,1282.605412086301,375.8986090118381,-1.4920463141852487,2,0,2,0.425129171242286,3.139400152149891,1.625700130669544,-1.845839850186057,-0.2425715911435067,0,normal
5.964315589342552,690.6497538716022,493.6418676054143,9,0,1356.0378996846252,462.5981967405336,-1.9989029363212796,2,0,1,-1.4730804547239789,0.1042003796773425,-0.834055374350684,-0.3724876423388503,-1.2985182019556785,0,normal
1.3591213319123292,594.3893434468976,343.4453697759312,0,3,1839.20098052754,1379.479531504865,-2.370626070519699,2,2,1,0.285856007614488,1.1747018991407678,-0.5727518363960145,0.1426888896044416,-0.1951903728359444,0,normal
2.7492123174123035,180.4145941962914,180.36472633261184,3,18,2546.968452911507,1171.500795736007,-3.364686634195474,4,2,7,-0.4210104385739922,4.395527153098233,0.438009091188111,-1.5819404516229876,0.5745888509312119,1,scanning
5.984553481162132,278.5397082305814,356.20883807647255,3,3,579.4439165606968,1220.4820319292814,3.5259979067332736,0,1,1,4.204018917481321,1.3938702821858986,-2.14152315134461,1.7020593519927745,0.8506681381747825,0,normal
7.117712365200908,1795.4112912866292,342.1182727162308,3,3,1078.5408099931085,1862.0537322806488,-1.558335294981556,0,0,4,-1.071972784518501,-1.4155929944928702,3.420843998978748,-1.7731873058605938,-1.3551167562262214,0,normal
6.67095948169547,2034.8233700368933,823.9154786664109,6,0,1116.045829018523,706.3817185243654,0.5578933005262654,1,1,0,0.597446835677425,-0.5075949364814212,-0.2956354078931997,3.0417663685726577,1.017425012946767,1,injection
0.324493464078792,60.92557572864865,289.17564441193696,3,0,942.5099197881613,1784.289231979998,1.8618824295942351,1,1,2,-2.9273283699876567,2.873135542769627,-2.865890210862453,2.87267743758468,-0.7521839093984677,0,normal
4.112420501582642,1506.1660632414255,191.7360359442367,0,12,199.9951384753721,2682.2156399677274,0.5535719658471122,5,2,3,-2.4531773319723547,-1.6529101807918751,0.8372044328542887,-0.4312508600333486,-2.5143446418235715,0,normal
5.13707623615308,387.812517048268,81.47929272489156,0,0,94.58881088262348,442.8200069046309,-2.7708851234230543,2,0,3,0.7166441812977462,1.3918634782039507,0.6636215415265443,-0.7238640218013868,1.0513350917735735,0,normal
1.0306909747960304,563.3647152072929,456.6231259877608,3,6,1147.9635298610556,1011.1336901826772,2.740115563375112,2,2,4,2.321866829993376,3.343920866554821,0.3101562562728344,-2.23674687680754,0.2075983900401931,0,normal
5.078411159297836,395.6483346717643,537.1082302643179,0,3,1720.6688625196994,354.9357764015213,0.5629708957434831,1,0,3,-1.5266953834199777,3.3703793122001,-1.1536989515302485,-2.1113152314913903,0.4723607006871502,0,normal
1.1219854180146611,303.3984924598682,111.64808319619472,3,3,2993.760720137634,740.992356568461,-5.09497122643648,5,0,7,2.865263149766241,6.413182865749332,5.590355229619251,-1.9582099707834564,-0.3958826596767201,0,normal
7.51499281517225,1547.6063384045729,547.5363431849685,3,0,2669.475635887215,2051.267788380001,-0.2571031791773104,0,1,1,-0.7295266058682964,2.265098236529944,-1.3913796420684548,4.580041503588546,-1.0496316074531713,0,normal
4.317511112326613,1286.2649207141503,799.5303262002913,3,0,2602.085855844313,1359.081544440712,-0.8049317271019296,1,0,0,-1.0022282487619054,2.9956686777582204,-1.6316014301439052,0.4439945573656373,-0.8037452874088578,0,normal
2.2221232834530853,1368.2284706758846,833.9245241635716,9,3,2639.8437809410966,1445.953072372195,-3.04329133130982,2,0,2,-1.139033411535752,-1.316114413059151,-1.219965088835833,2.9086168291252985,2.158880986926889,0,normal
1.3492529121058991,1350.56458678453,481.2983594649036,3,12,1157.887147600247,557.8174055109334,7.654318944103784,1,0,6,-3.651195256716496,4.712730320932996,-5.202583534477883,1.917086449826572,-0.486597144541159,1,xss
2.5744934368611867,1284.4063519889128,280.13866578916014,3,12,1818.51621421335,408.097579350962,1.601674903881108,2,0,4,-2.122486258549612,-1.2241010684852995,1.1565777872865115,-4.23864259501207,0.6164350711392269,1,dos
5.431161299936049,626.5449259133864,1100.609545479996,0,0,1511.3880471086732,1146.2635409913603,-0.961465809729996,0,2,1,0.5677421842328738,2.0381447864047715,-0.5948955724039945,2.5565829592373475,0.4607283338231204,0,normal
4.0803851963376205,1267.750154572201,484.246164532776,0,6,1498.2527154278637,93.75755782916345,2.886105495337005,0,2,0,-3.157743750242707,3.174852284293332,-2.200383988791029,1.0080085441966549,0.5571709312341061,1,backdoor
4.057496825818995,1690.094844401904,227.12056021754324,12,9,1659.8467590204034,1407.021620995621,-1.197262759113676,4,1,1,-1.0229907984842683,-0.5214103344607859,3.903845557393865,5.232603271008447,-1.057190432526281,0,normal
3.5531294344605664,836.3499370378976,783.2842391735362,3,0,330.3870650816323,1177.4489846610868,-0.8478435787964983,2,0,2,-0.0991966138994819,1.5062005113087926,0.2237221200520215,-0.4556827641200119,1.9854140650244303,1,ddos
2.7758258180375344,1136.1031514696765,216.16247833408272,3,12,3111.0166422535917,1271.112510977968,-2.1842385757865825,0,1,5,-2.6113771738622544,2.8020102092062644,0.0893586493111533,-1.2377314549411396,0.9470227348663856,1,scanning
1.9414009091130413,1570.5601173432303,56.53742364773434,3,3,2043.7060898219363,2084.1930220587938,-0.2256185550477141,0,0,6,-2.2625226333675013,-2.7477677911532083,0.6094452113379286,-1.9202378132977356,0.064536751620776,0,normal
0.1722105907735785,26.493389250795254,761.0799502439058,0,6,1852.894554117595,1486.4408296263114,-0.494261160671303,1,0,4,4.486705280670171,6.061788381188586,1.6824592993950296,0.4542012859855683,0.0301344685808691,0,normal
3.172377320260427,684.0128186647902,621.2725219339121,12,15,787.3068017101344,6.715434862220524,0.9201817761738902,4,1,0,1.6842218592225655,-0.6339557397819362,-4.474153605033227,-0.4830189782353207,-0.1125420677637396,1,scanning
3.8905953447357513,93.86550506122914,58.24145769092456,0,6,591.3447188396556,853.820745151336,-3.691010767533237,3,0,7,-0.0150879251290065,3.0946312605974944,1.3720492205146788,0.7338157354864132,1.356290340549505,0,normal
6.251129986866257,489.46419038916224,79.25125655817409,3,3,1839.38143322082,861.5523868059004,-1.212020384834066,0,0,5,0.4380883949648873,2.109485766166165,3.1062033523321797,2.7293439243303244,-1.761965506600662,0,normal
1.0247384299422029,622.4727415311295,420.827818252831,9,0,490.4974203013776,1367.357117642088,-0.4100304206376567,0,0,1,-1.9556970713667048,2.805496144732923,0.0909755807301906,3.391482933749824,0.2139648127306553,0,normal
4.891911629043596,646.6346376122509,656.810663822916,6,0,281.34316391784466,788.3873682809609,-1.328963101744869,4,1,5,-0.4629163663414419,1.6231732278486606,0.2492288536075009,-2.053653456639815,1.610508265085783,1,scanning
0.4217711648768276,772.6372096001357,327.7981383883,3,9,1014.3576210614614,1465.1994715770022,-0.6825513063081352,1,0,0,-3.250776668090495,-0.6272330784393712,2.637865324874907,-0.0687183026498083,0.3765826923371976,0,normal
12.156501821226032,408.70617062642935,93.00089165238622,3,0,1298.4020326204388,10.99260013957562,2.276138630512536,1,0,0,-0.0336137576133575,2.254428654276559,0.5640661568486232,1.3070406621684303,0.172312058703505,0,normal
8.698827577285035,256.52846406495456,1106.3645145434498,3,18,418.74893207890256,142.83386916982408,4.697248648058301,2,2,1,0.2511521503601759,2.716475960463132,-6.213255017909737,1.6036303460506438,0.4587660139064518,1,scanning
1.5526218664882,1179.991374730685,152.89124281910512,6,0,1774.810682459521,429.3289252887398,-0.357655617543946,0,1,2,1.247830968412278,0.1336272460044292,2.085362490260544,0.1420915860154401,-1.4723445346521655,1,ddos
10.16568256090882,249.49886791057503,160.81045842010926,3,3,1091.7424949007216,997.1636902670448,-1.940189187885688,0,0,0,-0.0007583417343477,0.6338999085015522,3.4805469975066146,-0.8513534160530605,-0.3126445996078428,1,scanning
5.588948012659731,858.5914014768558,876.1319388475365,9,3,2216.154932525932,833.1478021091051,4.0901171590832,1,0,0,2.271487830743359,0.7527322868282807,0.8086063939848807,0.7263979488802053,0.1434950599398823,0,normal
1.6069066471393765,610.7324993194769,816.6458973064804,3,0,318.42692717071765,911.9867973968836,0.2185492377492277,1,0,2,-0.2548183055367826,2.1234455735101903,-0.0379048480886889,-0.8431615451083777,0.2955993668810985,1,injection
6.638879849078084,774.1237067833873,753.5067662022801,0,12,644.9337051509065,1583.733572986547,-1.064432439128301,3,1,2,-0.3133452604741434,2.6249194102451323,-1.3323707496067152,3.0470211746916496,2.200381390045353,0,normal
2.797417729267752,124.11708690268198,364.0660444545102,0,6,1205.4376753367806,1293.5938847820546,-0.7445677891654257,3,1,2,-0.4066995324042493,-1.3841301236787202,2.945891396873592,-0.5775770402142599,-1.013168713690963,1,password
3.281475473582849,429.1187702357223,212.29128876694492,0,3,206.75160612002088,879.6668165960717,1.5267981712514067,2,1,1,1.7806125090098297,1.022798966409777,-0.134033630254581,0.5053239702451506,-1.3179031936750103,0,normal
6.593089817688834,2498.6259565541905,353.9280952780139,0,6,29.21695629032216,2592.787733694236,2.1400401862805247,2,0,4,-0.9224887205979442,-3.7019302952342334,-0.4464363881378541,0.3460683216697356,-0.133210991093201,0,normal
0.1628682119229951,887.7356489707452,985.5641446810054,3,9,862.7134521148987,841.6760668556672,-1.328383057616067,0,0,2,-1.0796492817339505,-2.5256175093757447,4.492935989005283,5.866433093156659,0.3072056483330023,0,normal
5.043047600179702,972.1074578249104,1162.326789699982,3,6,439.36106219935726,202.5952828410373,1.9493739808428756,0,0,0,-0.4580894370421018,1.390239785470823,0.6725350816465713,1.0058316225638957,-0.487617103308282,1,xss
1.099627588394118,486.39293549697015,493.4075454465967,0,6,2855.473142437173,18.968313965238057,0.4737720248726479,0,0,0,-0.032259042382722,3.9362016436987286,5.332222554585893,-0.0454287799431789,-0.0132682228908832,0,normal
0.7729101264943679,1145.4200381671124,119.71601161113112,6,6,128.19100798891708,984.8805714069752,-1.4292673524594373,2,0,1,-0.5337517626617962,1.444818356076322,0.7790711357295821,-0.373596800744772,-0.1890588495797772,1,dos
4.756911985504467,390.9202317201681,317.2923767004256,3,9,676.5409246913454,137.3928595129304,0.4818051914772598,1,1,5,-0.3773692880911782,-1.0488540723646913,-0.5725416490473302,1.2949076144393918,0.3277410736423439,0,normal
6.108943029194705,574.5917662081522,206.0023869592573,12,0,1630.221751336035,884.4079795529575,1.826397969164427,1,2,3,-1.9570543539349503,0.9703745081022246,-2.611539340465403,2.008635380400192,-0.4012728737663698,1,injection
1.340316238375676,849.2021107828612,698.4228816832168,3,3,2004.112115010977,19.734081374105404,0.3863753557464495,0,0,3,-0.2717847724920998,1.271000079816896,2.7239263436375083,1.6505081365664729,-0.1250291421605868,0,normal
1.0958905765306717,150.81925066579927,565.5512137611576,0,6,469.25816271108414,177.7860917888832,-1.0413971548270615,2,0,5,-1.798164203138356,2.088849383392896,-0.7441154650129533,-0.1678796619432911,0.609897135898957,0,normal
7.568706451744623,2114.507213300192,314.3915608780111,3,0,5919.927598416005,1301.5052504201976,-5.649762274014018,0,2,2,-0.773782775392978,0.9236981210323858,-2.305646343171837,-0.6265190960475657,1.0622669778313465,0,normal
4.217329425211472,785.4039274988148,1085.4275922262434,3,6,277.5004788685601,587.8075910168648,-2.420800591732566,2,1,4,-2.6276980658183864,-2.4715818244701504,3.1901656943993717,-3.692546393079311,1.6611800000937478,1,backdoor
5.71540346433974,337.06942834695974,402.4287361529192,3,3,1757.633791367785,305.4498658313376,-1.1074871474885457,0,1,1,-0.836249111503927,0.0827379780576127,-1.9827665021327303,0.8274998254474561,-0.6879251265698868,0,normal
1.2364557647898755,767.7169211988695,872.6474655103309,0,0,1066.812785221573,1735.1844066473614,1.0891552885083475,0,0,2,-1.4379768277447615,1.9650683466913776,-2.475622169108015,2.2304903479940856,1.0473411345717152,0,normal
3.4208289092322626,738.5519031011352,707.3589632260986,0,0,995.0944620484044,144.62563726658686,1.5727901541093734,2,0,0,-0.0035475540824163,-2.300636492666221,-1.924609052254337,-0.2655769649600744,-0.7083510918513541,1,injection
4.101232009795048,1765.721832661622,5.062468102023509,0,9,779.7616288913048,898.6399805837999,-0.1703232270544692,1,1,2,-2.2642132191515207,1.9558230767964688,1.1649870391039188,-1.8544352915320232,-2.4247270447746243,1,injection
2.6280492080403444,636.8289728220691,222.48669031164565,9,0,578.5256445742137,710.573943195375,-1.6058529325434978,0,1,0,1.656653475478742,1.2120932036493683,-1.5865627691227593,-0.137870754956032,0.0941963020933249,0,normal
3.499802518473772,1021.461611708558,50.695985677908816,0,9,762.7287634757191,64.98538380254372,0.6497545688244074,2,1,2,-1.077919571349566,-0.810609534501204,-0.472299048733718,0.8346372187244839,-2.026477754375789,1,xss
5.773172249509404,1053.6389450969707,464.6122637388383,0,0,1787.1939892317794,1074.63270472469,-0.402918118743211,0,2,0,-2.779334180916863,3.0853535682448907,-1.9285398241246128,0.2532711786495589,1.5743304567629044,0,normal
4.077248284438953,626.1377021518173,857.0375627647478,0,12,2039.5064528843395,2459.036746673231,-0.1477045903036073,4,1,4,-0.535916886783004,-3.151251002028017,-0.7548258926881659,0.7910243730978755,-0.933632949654076,0,normal
3.8519408617402657,1446.9975481483646,383.4435403096706,6,0,248.340448841672,74.6863672722776,-4.727818359276132,1,0,1,-0.6427792131345795,2.107989589364093,4.794652972294446,-0.4088228163608068,0.6450503104656692,0,normal
5.49422995118467,624.2498792388351,497.7808399502526,0,6,478.28291805150326,942.9372706711232,0.779716274826713,1,2,0,-0.3648653572867235,0.374982628915127,2.0027176978836074,1.9580129312676184,-0.950567949198048,0,normal
1.271549252893864,886.0455937118323,760.0450165256593,0,6,18.948872486491155,1659.3085187418235,1.9412362736035829,3,2,3,0.529715774692086,-0.9724825937028168,0.6749557945946739,0.8976260265750641,0.3433394204399151,0,normal
0.5672468588753694,145.5929299093416,203.9238573598744,6,0,163.3919008640487,179.17842108089295,-0.6994242639258833,3,1,1,0.258379831026539,-1.6011424401785983,-0.0090644801427857,-2.299234026489879,2.1038079054841647,1,ddos
4.059411362779207,430.9051754455359,429.50861905302656,3,9,511.17761302127445,717.0062461648637,2.89047867031626,2,0,1,2.6343388517104342,-0.5966075934705295,-1.4726628404822542,-1.292925070963707,-0.2293987084501998,1,ddos
4.897949549912769,121.51070971630628,257.3318795344276,3,0,1645.7482009901792,2232.058914490336,3.400477035060974,2,2,0,2.813251714846994,-1.5993586837731495,-0.0723303494311675,0.6328034320201764,0.1702706692169696,0,normal
0.0171721760773255,93.70263226485451,330.85512263511583,3,0,585.6550236527431,1184.2266002267684,-1.0001777032428742,0,1,4,-1.3094914356938423,-2.9591768630822277,3.484683621007286,1.3818142332093848,1.3976880461760637,1,password
2.6125507039574343,788.86871920738,610.6034350669222,0,3,869.1427806403605,1177.7089493990738,1.3228110777127386,0,2,1,0.7672765214191697,-0.8258047523617733,3.209742838045244,2.166597491970364,-0.7843085117756484,0,normal
6.221101140282377,526.4128992231895,564.4217258494028,0,9,3389.557514867739,1042.288617249449,3.2154255041033157,0,2,1,1.310408413027104,2.184789495458279,0.1299504887643274,-3.83628502177864,1.294443659434787,1,password
8.105615952859056,1535.5108966606483,411.7399160081852,0,3,2312.7851313436404,943.4621296201034,-1.2647154171499253,4,0,0,2.2708928120002128,-3.754603088083385,-1.8374283149789148,-0.8443910245874731,-1.0245962336666878,1,scanning
6.69625948842794,527.4856953913375,257.092989583631,0,0,1305.7945530850682,865.8242082162448,-1.5767870267094533,3,0,6,0.93881278580036,3.430026778484449,0.1071911493579018,-0.2484027063259424,-0.9355739723361814,0,normal
5.357357768022758,61.75791243886897,317.8786575876504,6,6,1537.3689415358942,1466.2629227628302,2.8113078430964684,0,2,2,-1.1084510846073812,-1.8605140464663372,-3.831067012573606,0.070607953950794,-0.5422651229669605,1,injection
0.4506027567056065,685.4130332330099,211.83629238947827,3,15,1980.203959354008,310.20576710991924,0.850297995415181,0,1,7,-4.237223742337087,2.81572954253502,-0.399129932560091,-0.1347439261486676,0.4441580746469597,0,normal
1.2417875075127118,1139.674791571411,598.134068234582,6,3,311.1836070422861,880.5684259098222,-3.736426017494055,1,0,0,0.5605920149677028,1.592280349700918,2.7805579053704608,0.052145409125506,-2.0511542083347005,0,normal
4.898377814364147,332.2269339739139,56.031415278181775,3,6,715.8958827454944,1217.1557624094191,-3.084563470458445,1,1,7,-2.191623058062647,3.18274072487939,1.0635231679417947,1.9522288871242488,-0.6543553106351343,0,normal
4.263327373159388,557.320495684476,237.76796591729453,6,9,787.0348829860629,632.1980020336987,-3.5347071294425447,1,0,2,-0.7940763518544021,0.0528205071044205,-0.112428642871114,-0.9241840785642056,0.3829150560323497,0,normal
5.150029840464828,74.47786696540548,361.5833594683877,3,3,2412.685439227819,30.302573490021143,-0.4084985729819368,0,0,1,1.0141054483973193,-3.139439514489564,-2.188169280079672,2.534966091246442,0.4761590593722158,0,normal
4.800682149394644,34.70684514622058,522.113520892992,0,12,2838.3247986965853,1545.0246029868272,-1.4964901203393235,1,0,5,-0.784008398842793,2.1821043775097198,3.936886797352323,-1.3536122323056676,0.0969479579609827,0,normal
4.050349864633603,1057.7154973203294,712.8090756562221,0,6,418.47612564340926,1695.2721296695213,2.3315391653781745,1,2,0,4.35043587482223,0.3676623788139498,-1.7760441714181787,0.3156755952592023,0.7767572636571459,0,normal
1.9641538767951512,1815.1127250556613,512.1554043414868,3,3,161.29700712021136,1045.495714701317,-2.52067572720299,2,1,5,-0.7292505874436035,3.6558132257160967,1.0142081992232466,-1.7815984580704234,0.7106400473058034,1,xss
4.591730604796817,1288.707225573222,25.915287101654854,6,9,1744.0308947071476,101.72798935015254,-2.8744505233985063,0,0,2,-0.6255417689718886,-0.346393608435332,-0.8395675229039492,0.9070137495012172,0.2242753298925786,0,normal
6.172945649346875,43.37327170373095,397.2145571240767,3,9,430.4716181414324,563.3714083397815,-2.767653919598486,2,1,7,-1.6313323723647015,4.627282913152405,1.126667981714894,0.0112659615898693,-1.5662039305671993,0,normal
0.0160314965007014,584.7215473858355,384.7744265099295,9,0,2415.5512215858867,1236.1997365439736,1.8127332446468087,0,0,4,0.8922831082444765,4.032675665043391,1.3636929017663058,1.5086864603597852,-0.5917618730795485,0,normal
5.633738507318357,910.2860496182471,117.00098802649036,15,0,1510.5093709432876,984.6366412082248,-3.4310168201022764,1,0,1,-1.1427118519931243,1.606982952805057,0.095884297035043,2.2304515525471134,2.7562506865473804,0,normal
2.241187496136951,2155.439932276226,269.46430411701937,3,0,3549.964932515113,2366.1077948368907,-1.378950397177077,1,0,0,-3.544416472421511,3.912542167310408,-3.812047824304969,-0.7721423809848837,-0.8079986922095338,0,normal
0.1435467962533341,262.1857909106465,575.5129403306912,3,0,1630.811059295813,393.6851486200717,0.0415955919319277,3,0,2,-0.495026961356717,1.3786645900187295,0.7806962561316508,-3.5602985826897555,-1.1358877237045115,1,dos
0.2782893350521239,602.7114415189699,524.4926925278548,0,0,1277.2155464772254,1509.680384388845,1.8199365520450124,0,0,3,-1.257091375631834,-0.0119959977310786,1.171048775042929,-3.355716460183438,0.2781360465306613,0,normal
5.1418014870243685,226.91611974867547,60.07600452855469,0,3,271.1874132873296,219.59109305259133,-1.736939626866447,0,1,1,-1.7126570091209026,-1.1074723965143158,3.918150255996121,2.394091206376059,0.4498788766458427,0,normal
0.1580551819258236,1009.334375429808,62.42408457861366,3,3,2422.683793971041,1159.1842879934854,1.6565075955044022,0,0,1,0.4132399524686675,2.33891519509918,2.3293835212606773,-1.1442356071108135,-0.6665533309299827,0,normal
10.84199890173896,750.2764621901795,813.9551692307626,0,12,3107.820387057877,506.0583472922143,-1.2755560365088383,3,0,1,-1.5240642379475016,3.1880085607692905,0.6377989167221669,-1.397908689794653,-1.6793330143323466,0,normal
1.218915501457531,1155.5399493105397,13.407690689244944,3,9,2467.6730650101445,1006.0555192667448,-1.979472237026349,1,0,5,0.0410257272310323,-1.9806947436515117,-3.6508866836854654,0.4965622386024987,0.9717783967085264,0,normal
2.309193737222067,578.4106197649592,1181.336316228695,0,3,86.0665654529113,679.5144800835989,-1.9236571707057104,1,2,1,-0.1916885522861999,0.3448741695166597,1.9647448721486904,-1.2347551975654942,-0.4093475486998203,0,normal
1.6486641791172838,832.3199619436891,374.4285401898531,0,0,1347.1840103558195,998.5389284926796,-1.6360749246732729,0,2,1,0.1538791664070615,2.298073691874053,0.2652073359157294,1.0439337517675102,-0.9220630458543484,0,normal
0.5015655160839507,474.8377589247582,483.8268359539539,9,0,1950.3526605895324,123.9459547300845,2.038399809152857,0,2,2,0.6913804765032596,-0.9861228159018834,0.8666957039201542,-0.1826988638493594,0.0334211073132491,1,backdoor
6.752715608316169,2313.410444316719,208.3947139338588,6,0,289.088787810227,1437.5197613079667,-0.8269096676215191,0,0,3,-2.109155876544892,2.136003726751696,2.519233149824504,0.1059025508006634,-0.6346400314185979,1,scanning
3.1688759266985578,1525.4014944061537,542.0498222949894,3,3,3588.0426436766365,1057.668979040626,0.3797083086962406,0,1,3,3.022519159674231,-3.1694464357206766,-3.194043206369851,0.5136076008129744,-0.6511209540287639,1,ddos
0.8521723667731442,1162.5513655543955,137.2407771395571,0,0,1727.372118241426,472.7525037580665,2.707823026529659,4,0,5,-0.1131850369326743,3.758367865031132,-3.952063506511713,-2.176398668388341,-0.5104532020098257,0,normal
5.27281001924094,1033.1038810725056,299.1028084612148,3,0,481.8298671721592,72.23904972048302,-1.0102495792523445,0,1,4,-4.108733545234699,-4.176916585594194,3.950011218812511,-0.2532490923593853,2.2147379160060594,1,xss
1.8358891021478851,2845.9673381238176,444.8053649883472,18,6,4270.63084991351,914.8473702133288,-2.87784321562108,3,2,1,-0.3541498196196528,-3.397570281374188,-4.667227051998299,2.2819374350023773,-0.0333729421007199,1,injection
0.5549725410322777,1554.1689581973385,338.1690705730824,0,0,3881.997707345589,522.8543698067749,0.8832593249514156,4,1,2,0.1888365683472446,7.302508213120302,-3.018823264490781,-3.353725860220016,-0.3995389210094989,0,normal
14.94076650977279,690.2543710238543,169.16792979700523,0,0,2103.340928421346,1115.3779002092035,1.4072690117055846,0,2,1,-5.07591861983886,1.9221278072192869,-3.694426876710312,-0.6859901632465504,-0.1675020470395481,0,normal
6.257662261759127,436.0421950630159,141.77294343215604,0,0,1232.245945724203,529.6890763202488,1.4454041147286745,0,0,1,1.7255091567358258,1.4645107984871966,0.4781212806205053,1.2678188219423825,1.3673039865543328,0,normal
6.438457412257053,813.842975670891,65.34616425238569,6,6,857.7056346478262,663.6784770107967,-2.728818157257005,2,2,1,0.9254705220296866,3.0233890383439803,1.0634384529888603,-2.01965538025578,-1.089572246004571,0,normal
2.2431234356197898,904.5044302991296,690.2579567571066,15,6,428.5299698391255,771.4815931292515,0.5401369905473639,1,0,2,-0.5757232510358246,2.959452535835241,-1.6112168043585628,-3.504637366479102,0.2042889050065705,0,normal
2.5605547051239776,1885.7137887271217,390.2148223725466,0,0,2216.0775591614643,1449.506172177161,-0.8371216046292134,2,0,1,-0.4840646980459031,2.0455898464983955,2.7294297366130578,-1.7425592966107135,-0.5691558335953989,0,normal
1.2999861796203502,1283.9651670858364,91.6252753682134,3,3,1105.7910864144085,2169.54533276062,3.003877242618255,2,0,4,-0.814542424826801,-1.1032179620283795,1.9355933562993932,0.1421988524661315,0.8480551308139352,0,normal
4.88508939613577,2438.6728663102026,191.01844656091004,9,0,1597.507000260842,1506.124597240348,-3.281956395593548,0,2,6,-0.4039239590974768,-2.2321750752924787,5.272533797991547,-0.9660412088281064,0.5304042486503604,0,normal
1.377553726296209,24.37291661136276,602.2247991139916,3,12,1845.9590368574875,2726.2310616537247,1.6112432763347604,1,0,1,1.9514850176214589,-1.9030391382309328,6.848103032750429,2.139442965968537,-1.530971991591227,1,backdoor
2.684705575201465,563.5407682669269,1152.1196081547153,0,3,738.5857126118808,1085.970178176638,0.808129386233688,0,0,0,-1.9799027983956,-0.0275258686866579,1.1577988590836443,-1.0984160508378549,-0.4163523379866343,0,normal
9.60411278273874,488.7068156343626,122.46210067461426,3,3,2266.2127818312024,959.0830527575328,-2.3441319148874733,0,1,3,0.2506576111973562,-0.022826286289008,3.4440751888210697,-2.366310958694231,0.4765031613356218,1,dos
5.681236935564166,1600.7507248763368,91.59743206701938,0,0,2832.9402502440043,730.1847168523066,-1.8344330990337667,1,2,4,-0.3201109771583639,-1.9505200174658843,1.4272410662904274,-0.8969797848794906,0.5305427218203577,0,normal
0.6700273618490395,1322.8569318978791,380.9774142266298,9,0,1342.0818919480191,1902.189402533157,-0.8502051561875601,1,0,3,0.312657870951164,0.5416190526847695,3.777983074934128,-3.509322459246011,-0.3485047255196946,1,scanning
2.0475009379156845,2380.1892186782443,516.9747530695272,9,3,3491.7029337925437,3837.64050726292,1.4184211409233487,2,2,0,-0.4816783919884676,4.675520158551027,-2.8124431401163346,4.375728789809188,0.7443250893531934,0,normal
0.2695699386157196,527.7830719020725,425.6165662989083,3,0,874.6898189396869,580.5470378638637,3.652812229527519,0,0,1,1.2752546150151791,1.3218635711903712,3.647298712452741,2.9162460296745065,-0.8188815970196123,0,normal
1.3608423196219603,1848.899251378621,747.9643444781069,3,0,2332.7728140405625,1893.1605658125504,-1.5313322521840214,1,1,0,-0.5567238326837866,3.673478574130659,-0.5788690047769207,2.7427251403511934,-1.1163643895505582,0,normal
0.0911381207123408,317.6271939845024,607.4836501900884,0,18,2318.740994250967,2409.8901375293717,-0.9760780095200204,2,1,5,-0.5170512538598648,3.9732945431223055,-1.2777697102888508,-0.0655045968532919,-1.3938645828139915,1,xss
3.3922751463415595,242.432799940897,323.0533476367015,0,3,1365.3879055217783,69.00236746981133,1.2558931369071018,0,2,0,-4.242375574105432,0.3674194523843959,-3.582234233169163,-1.7891625352744398,-0.8540734697667326,0,normal
3.3332216842239983,1298.713512219733,321.3939208822516,3,3,275.2556683811417,1580.8926329351789,0.8565232430802131,1,0,4,1.2605009927480884,1.3940283066594492,-0.1575051581129305,-1.823019115060242,-0.957762413853922,0,normal
12.582311344762466,1363.5767171464763,429.2416840019409,9,0,1073.8862119508003,39.9955822183008,-1.3632616086868716,1,0,1,0.1595178647162347,-2.5613667063950265,1.7355016340955445,-0.7158335751989113,0.6138955707537764,1,injection
1.4012113101968064,1075.743222825842,484.4134180686409,6,0,1499.8112146222368,1311.53854269734,-1.0347689059052492,0,2,0,-3.05560100694101,4.070988224557863,-0.5345784922455706,0.9904020868682388,-1.850726266562868,0,normal
6.952185010322291,532.7968133608696,448.054071421276,0,3,1373.9723409404885,124.41131352830514,0.1269896890582964,0,1,0,-2.2450054370595547,-1.3758381660596362,-1.696634805409883,0.1871895006551249,-0.5583543267222948,1,ddos
8.15095103018126,714.5266081815535,215.2071517936596,6,3,688.8486963516687,1598.5358145635146,0.0265904560544962,4,0,1,3.1432024993981766,-1.535937132548895,-0.4601529236366761,-2.3505890851918565,-0.8114275485431405,1,backdoor
4.248625552373158,305.5312897701786,471.5015643854068,0,3,250.6893237789836,495.2006541106289,-1.6194429763205669,3,0,2,1.4372136927118897,0.8963360849510473,0.4864131956266967,-1.602192269474108,-1.760241151442919,0,normal
1.4126936979777418,215.42087116275565,484.0220326933208,0,9,393.889677706273,654.2612325421255,1.0179952482152286,0,1,1,-3.6966332855079846,-0.1847541161767329,0.3826419046706419,0.1986501645147642,-0.2044577255599204,0,normal
8.639280240831166,115.7329448256732,667.6945951868436,0,6,1220.5440141302383,168.34497023159167,0.3559003800789138,1,2,0,-0.015330987384251,-0.4358753546984681,0.813663420510972,3.2362602440721275,0.2179059664023393,0,normal
2.6650899143394566,446.9193622714282,24.774524152085338,3,0,1199.5353576333932,394.0580032378443,0.4342118034911886,0,1,1,-2.54896957724958,1.076286095781953,-0.7726293608423047,1.400256607753123,1.2599618313741825,0,normal
3.400316476533611,750.0691292345433,580.1453808490494,0,3,1387.1624493710772,563.5261512133303,-1.8302362269444048,3,1,3,-1.0789301978874888,-2.8365519687037417,6.132382729638399,4.863748420213581,-0.616190188721342,1,dos
6.959552931745198,1312.3795939846625,76.54093066139446,0,3,756.1092055451272,641.3010157398262,-0.2743217524343966,0,1,0,3.0511100427752678,0.5101704573472177,1.2798394787840897,1.4352277805125042,-0.379087338576912,0,normal
7.95816813291791,1556.3373255666263,96.1373976965694,12,0,2617.309028564809,761.4815521581763,0.8590798317511348,2,0,4,-2.96889286058663,0.0809245223211265,-1.183498096166914,3.982997086158817,0.3440954188654465,0,normal
5.389426384006945,1116.9356554825997,217.01337496531636,0,0,3584.2247498764573,1531.3219828975446,0.313348149123281,0,0,1,-1.498932611234045,-1.6692282551372888,-3.4525935625028623,2.578627228214991,-0.4966238943251606,0,normal
1.858431923663065,1464.2004271656583,78.02984406753737,6,3,963.6224576391749,1967.942858256354,3.3055205843530704,4,0,4,-2.65804331506494,-0.5015606917479044,3.476271679298488,5.708145904848955,-0.136907784561148,1,xss
5.673512025933438,1806.9715653454944,349.67900459550845,6,3,138.35760577573743,1132.4810610710483,-3.654266808148354,0,2,3,-3.9202312635258014,3.703868520224044,3.4314086000309194,-1.404036113523147,1.3226702477945604,1,ddos
1.592229766501587,409.847524255876,132.65056225737504,6,6,1193.2702430801316,436.9030017886941,0.3809013236665377,3,1,4,-0.894088053414859,-2.737973317687682,2.0971595088862767,1.863364381072812,0.5072657648329276,1,scanning
1.9363690359397672,715.518638664147,1073.6084920603564,3,0,1764.045779632729,1102.6470305284138,-1.4677939223152296,2,0,2,3.2659163055187745,-4.604201933670522,-2.121184913388933,-3.122030743575217,-0.4142112316982455,1,scanning
7.426422289379858,174.52913744856292,20.193671314256903,0,9,631.6151694764329,980.8691998090952,0.5186637546287141,0,1,2,-2.802013869721796,0.8900383536724426,-0.4849546909973685,-1.6121727118706135,0.1373132601622847,0,normal
6.095829714010424,769.6207414964825,216.17887530219727,6,0,815.7845099641011,2288.3107803672333,0.3850510697207899,2,0,0,0.1115757793107554,-3.3032209226958544,2.932711836038245,0.852098082192,0.3633927855654473,1,backdoor
0.3439588776801242,2141.0910636577464,46.120213372850735,9,9,4340.403215391154,1380.63825414688,-2.5768617947965105,4,0,1,3.31755573920639,-6.25338295236132,-2.589516600888825,-0.9065291331467604,0.1954622140082989,1,xss
1.9092294394037024,164.23116653417597,725.4721889467426,3,0,227.58064675311007,303.4713665853773,-2.7258280763054583,1,0,0,0.5053109378224778,-1.999014283035467,2.054400808670649,-2.371236376712464,-0.529393268253132,1,ddos
0.1492785402717745,1520.8532913011054,208.0106919835868,0,6,532.778373476111,2937.251757191696,-0.1197559969596369,1,2,5,-2.364083191202777,-3.5467398313703784,2.9261368000511894,-3.0295036126854,-0.4456628069914067,0,normal
2.58037570812905,27.13229494534253,1090.3464853389637,6,0,506.20433820772536,2350.7644512848897,3.6381756763995714,4,0,4,-2.161862518034332,0.0433384209911296,-3.249418899974337,3.2399624260955,-1.208834418626123,1,backdoor
3.5379827848095795,59.63153125656684,226.71273369194665,6,21,748.1678760199115,1074.2982821153764,-2.7314363869922267,0,2,6,-3.437596758651403,0.0213484150598854,3.233450202501995,0.7649787449864727,-0.6246485877701011,0,normal
1.078931345372942,493.0437768392664,591.1383153137526,0,3,1515.2215729208117,27.555315757207765,-1.953071079346528,0,2,1,0.131830623220065,0.6827975321697162,-0.9329170319234286,0.075197884812916,-0.7690761186014777,0,normal
4.885469233739225,1323.9314571826806,85.63028368935937,6,9,326.6973183540295,955.7865332413642,5.452814903997808,1,1,2,-0.5282219580285303,-0.5793484440374603,3.630946918403113,4.47681391380358,0.8316238675033627,0,normal
7.663517071526114,226.58947295889905,473.7865799692977,6,6,509.09412118457,2461.6994186450097,3.169331146519397,0,1,6,1.5848220635503576,-2.8190547199912377,2.4532664214226,2.9611578083699306,0.4219925305635029,0,normal
2.172121494522199,1329.1619072804167,190.80891045728512,0,0,2730.236154184665,1707.8950371159603,2.8462870938479425,0,1,1,1.7616544162944958,2.195463390834693,1.8735000174476548,-0.9812660946631022,-0.2912549168097057,0,normal
7.497006871838944,1044.4115814692905,96.32078648350884,6,0,574.6890018197126,1607.3854848216893,-0.6572158568574589,1,1,2,1.237663154625092,0.2913472608105333,2.0355018762282198,-3.166169326030096,0.0335972497988715,0,normal
2.4503878372026606,253.9641304355506,686.5932365576698,0,9,934.6711722509494,1017.9728614616336,0.7796424807376261,0,0,1,-2.8441331834348467,-0.2921892888438988,0.3058566577798647,-0.5948192569543843,0.453546912034617,0,normal
0.0240752783937963,197.2784116548084,591.8552635901921,0,3,2198.1662697024403,615.4474034613487,-2.0512807141549887,3,1,1,-0.2827374297587397,-0.2159416367406266,-0.3115869664121997,-0.0812841571174023,-0.5032152817074984,1,ddos
1.2806293451736204,901.5094787154112,507.1192266308018,0,3,1164.7279803019337,53.26893037434481,0.6446013577565515,1,0,0,-3.354167923382976,0.2436337749101196,-2.507292500864411,-0.6016081726666698,0.3727900203706941,0,normal
2.224037989688514,1131.911132757847,57.39370307816452,3,0,2504.809259633485,716.6086304193568,-0.3555646008907818,0,1,5,1.4541598970369778,2.9196737622565614,1.8906609902483429,1.0229234312745434,0.0880139626642611,0,normal
7.708430017734464,484.02428635374775,262.43323358461697,0,9,766.7778542998515,1159.660531708412,-0.6643340828258957,0,1,1,-2.783417620262303,0.4065191431919227,2.003415953151184,0.045932343572639,0.1379883535920043,0,normal
2.166991888788562,1004.7564579522548,320.51057955402376,3,9,216.75956667565512,1424.8803369994928,-0.2151802633584958,1,2,1,-4.62069266655862,0.9344610774178388,2.0882995409271805,-0.9580980330288152,-0.0596219263005511,0,normal
10.169713311456237,48.49513002238037,316.4025737970704,6,3,755.029443059259,1296.1674273326555,1.7440585147052594,0,2,0,-3.811031422355093,-1.3215310494163597,2.9262807779935773,3.3067501043124228,-0.0236183719173459,1,xss
6.789917577084525,329.4860222237799,143.55952633282234,3,0,255.1690161344281,486.3762224488575,2.2839864195078405,1,1,0,-0.7222311002743025,-1.191725890418056,-1.099597185262248,0.1581243359346824,1.0868739376989442,1,scanning
6.881565853896166,1500.2428886756527,281.1355056297953,3,0,338.02475562463013,2027.3372521783483,0.6359435570062827,3,0,3,1.3097617345162789,1.3342946521207852,-2.481104634694137,-2.1459292556863447,-1.3042618627993758,0,normal
0.91710515915519,1787.9843648503822,818.9451469608682,0,6,2206.079000880589,2036.1857495094664,-0.2281395981822538,0,0,4,2.022107701007444,1.0374260984189532,-1.0008774739085005,6.086101098563973,2.8119253724492617,0,normal
6.225889241435426,236.09995513513735,395.1004786007112,6,0,2035.5763520624616,416.2417300816248,0.0047834396834889,1,0,0,-2.053243566955209,-0.8791209980125381,-3.4433712636049787,-1.7345791120516325,-1.3945337489569103,0,normal
4.444404272624237,807.0306040567561,340.8196441506524,12,6,2298.9886896050148,812.6198545929122,-1.0979303475853273,1,2,5,-1.395422318492107,1.7368270629674332,3.0514584123402924,1.3925475140698498,-0.1596653072331385,0,normal
7.8623561922622205,1070.9764341987786,63.90841549171343,3,0,197.8103377210265,1305.8143324765051,0.3902806292530616,4,2,5,-1.1439444305905302,2.5557096496497875,-2.652751754177154,0.3994755521162575,-0.5857163226596733,0,normal
7.458331793104596,419.4819291397619,132.2635038127238,6,6,1823.5675281558424,2871.33021498386,2.5517742672503783,0,2,2,-2.751966067400833,1.095602963948086,0.8143586746122882,-3.6853867063265087,-0.524741059518895,0,normal
2.8900130278229623,1561.008192626756,188.5791277798685,0,0,2999.011072564823,263.5800794761569,2.908202743551773,0,0,3,4.287529851383398,4.706228112907296,-1.9187262043742848,-1.775408236001468,-0.3261279876223691,0,normal
5.064633454234592,340.7336677499997,718.1469067806063,0,0,1649.1365880181042,536.4490925122644,0.2648571418574443,4,2,3,2.278297539478867,2.6708410437888244,-0.1032340938595202,-3.469314411934154,0.0422395370931275,0,normal
5.863684230080119,1042.8502447204896,142.28565081625385,0,0,2299.721099522212,894.9947668056678,3.289654242587692,0,2,0,1.087633171510808,-0.2982110961064411,-0.5767415318104546,0.4675915943737752,0.1419239236492627,1,dos
1.428028076155895,274.40026926411537,212.27850026789096,0,0,296.7089618119802,922.1375266522804,-0.0308343394887271,0,1,2,-0.3121650911939047,1.992818530485521,0.4278542023595211,2.41194778872588,-0.7440239936537143,0,normal
2.2961510802129577,563.4439152398337,105.01799460497269,9,3,1300.9881100162622,892.5458000584459,0.6756791965059831,0,0,2,1.1402062550357854,-0.1577658465098053,5.895715082847549,4.811418992629975,1.0406893502456038,0,normal
4.864601746882751,969.6993395201476,463.4920603217347,3,3,201.55451840641163,852.3769423335533,-1.339566161897913,2,1,1,1.462587683668316,0.7446581487460004,1.4744833057090436,-3.545845287722285,0.0018265204522365,0,normal
8.604235965689353,750.6830682485703,229.3996549852143,6,9,759.6578647151373,267.263882770005,-2.088843292521435,0,1,1,-4.1348859690797175,1.494293206434158,0.4833090120345222,1.0564664781526851,-0.2552388331157608,0,normal
8.813852011796989,1149.9766927857938,140.4711904151656,6,12,261.86541890552064,1081.073857798167,1.5414889376824188,3,1,1,1.5057871957559463,-2.2732151988294733,-1.3695113435499155,2.140313072783768,1.5470559582873458,1,ddos
8.089342149796279,727.2588245451533,261.23237634386766,0,6,3032.3642462089383,1968.185547150753,2.76663343332198,1,0,2,-1.7891180711545764,2.2511582431245127,-1.2556434457294487,-3.765923900536548,-0.8793918923408484,0,normal
2.3302481727720026,1130.8297739326758,189.7919611416864,0,9,760.4246758086016,2207.951491057501,0.7735722941847278,2,0,3,-0.4504018416270896,-2.179559976569756,0.3385956923867772,0.8420305274492943,2.114563354089765,0,normal
7.559804582483071,239.124368442844,211.18596630435957,3,3,1444.2492161949776,871.9671668082251,3.886022515079593,1,1,0,3.543690318578577,1.543405207008565,0.5249705397298157,1.1186902141306594,-0.1028492952840261,0,normal
1.3152880337742148,538.2131722089235,709.30373309989,9,6,40.49480804498478,778.5472543550685,1.1903009557939612,4,1,0,0.3379218077872505,0.4641961630119476,-0.137689768895002,0.2747545268276308,-0.2902432743184038,0,normal
4.817160300823736,2614.352706392377,164.51228623064682,9,0,1787.3098692662224,992.673652785642,-1.6705721554103523,3,0,1,2.685519375726013,-2.213067762336133,-0.8698161492559798,-2.4073361120294123,1.482106403230508,1,backdoor
0.3062778130022123,534.0464295854168,157.98635939469247,9,3,129.19092847794113,390.7420214398979,-0.3990970570334786,4,1,0,-0.0133948514122788,1.1386724226428488,0.9852179392963942,-0.1159335902721483,0.3186149382765367,0,normal
1.1818002206648768,392.9259644382396,1203.5031729572502,0,3,1383.8994793321576,1324.0091690707657,3.867569692827972,1,0,3,1.6448052444360088,-0.1088091566255655,-0.6451105868840377,-1.2553338360090596,-0.2913571206753768,1,ddos
8.615030187953396,809.832512153585,666.5670562040583,6,6,30.95416250072364,1162.3853182694806,-3.2708570049187866,2,0,0,-1.711218065759282,2.980989435158792,2.9162672642349747,-1.5127350496717489,0.4562446915734831,1,scanning
1.698134886214823,215.29716941591263,772.0689057161172,9,0,1197.2330413631714,1340.3732065125737,1.1347614764231797,1,0,4,2.630643745205444,3.966787599906804,0.2825451516521023,1.421103028659711,0.6943600921858875,0,normal
3.857362391854945,1369.9576485463942,236.7668822134677,3,3,2056.889861541584,3349.1487958491134,-1.319881859836533,4,0,2,-4.262357839078071,-1.684203719509605,0.8693427744988194,3.603370821057717,1.6218387357783213,1,scanning
5.090291836663415,765.2899855422116,937.1485163666904,3,0,1419.99929882239,133.1614707434997,-0.8307755282155472,5,1,1,1.9876863892144112,-1.2130707294345588,-1.1373879668892968,0.7212801469207328,-0.4270693064140245,1,ddos
1.123208961069156,953.7537890176884,701.0830857933221,0,3,152.81605749217758,201.798166392293,1.1302402357105332,0,1,2,3.002991891190369,3.06031260335681,0.0477613203696043,2.0885093087389297,-1.161649764451093,0,normal
5.637152188377699,382.84980449372,109.76514283861924,3,0,1446.9382556197834,379.9953050243183,0.9027452145130096,0,2,2,-3.6180343129756656,1.3336097821138968,-1.2018338808558595,0.7598976191152107,-0.7984936547078815,0,normal
4.470205209546129,1784.035972760552,274.6725533049485,3,3,3921.944806910457,656.3639641546254,-2.285334999628703,1,1,6,4.368536437549468,-5.6599979607562725,-1.6817462142164192,-1.9813010847776689,-0.0371766192754204,1,ddos
2.0022587420220725,869.8151657247571,71.9677508253502,0,15,2566.3191781408805,544.2104647300652,-0.2633723663173086,3,0,2,-0.4972610848955777,1.6863957054892458,-0.9947074068962836,-0.6555974086332834,0.911602712919958,0,normal
6.035455264613814,1468.9835990704294,193.22999368558808,3,9,1047.3393098937197,613.1150698231191,-1.454274669733759,0,2,6,-1.028252775150988,0.6592519595474794,2.052234638628672,-3.4160106467862263,-1.139521426930237,1,ddos
3.5937895826016386,1516.4880674818023,436.9242036231759,6,6,3511.4177196650467,188.8010457124317,-2.454985300932176,0,0,1,0.6271863678802982,-3.562589780320721,-1.3881485322187976,2.213228662899742,0.2147294299920719,0,normal
2.3259624765960147,587.9629480098389,47.25829734582333,6,0,1063.4559884680937,158.83377655579767,-1.554721116632252,0,1,2,-1.5181965981748988,2.463796736592257,1.2148277785047616,-0.8175820706215929,0.7837654291184273,0,normal
1.5576025840199832,279.4770490649516,705.0692836528683,6,9,309.1474893545186,733.8768116840427,-0.6904369836424054,1,0,2,-1.988651539162216,-2.082457154377214,-0.7865932186127285,0.586186327587274,-0.7855740865128694,0,normal
0.314654433024145,136.20533109547162,993.2415332122667,6,9,926.53242313321,824.0651246254055,-4.053715014982315,1,0,3,-1.8590667376193832,0.8433336186449892,2.5389962416940848,-2.5337262444929323,-1.3400551684108912,1,backdoor
1.4045186067417257,841.5987744464762,1253.8038221150669,0,12,3142.586059875483,280.60819688077794,-0.905914893875619,3,1,1,0.1812137540222538,2.6948348710451397,0.8848936823977815,-0.4737755886523371,-0.2033099538065176,0,normal
2.020935908300791,400.84445309233473,464.486936680046,6,3,1587.4424480878674,38.01715431525033,0.139587261663991,0,1,1,-0.4498837755055791,-2.109982958503717,5.107444274226344,3.60441730542503,-0.6219075128526349,0,normal
8.150105492395385,1158.9514282930957,110.38420766923156,3,3,1669.972232949165,944.766930227594,0.1046169090445363,0,1,3,-3.677257455834889,0.0996813024710105,0.0703638252554268,-0.6420087775609786,-0.7468645279258094,1,scanning
0.4391110865506931,370.4939362443955,168.9376022454202,9,0,2813.751210755877,1904.335114100968,2.7520010501927588,1,0,2,1.1637082181093032,0.7320796204153359,-3.075717872619445,-3.8373063197934334,1.2791066667376023,1,backdoor
9.65488890221023,441.8141964493503,82.20941514177836,9,0,1430.394757008905,1922.915371483609,1.4558283190421293,1,0,1,0.1198158708792311,0.5321391041975257,-0.5933619292331935,-3.656708152224506,1.2497452162027975,0,normal
5.350002730156271,649.429872008659,419.2220046989879,0,9,1491.6306222650396,1860.6809186321263,0.8892429789326763,4,0,4,-0.0349839331684198,-3.692827178780367,1.6928727801560983,-5.269922831149192,1.1967041395568163,1,ddos
1.2029148927056246,461.497118372893,383.4311499858481,3,0,1238.7171853961115,1552.6319322482836,-0.0104826034561475,2,1,0,1.272231681635604,0.4217484057071505,1.6803232689501115,-3.23227383422404,1.6038336089054523,0,normal
4.900695082626989,45.09662151916416,143.51694830184624,3,9,1994.552494165064,866.7502043139898,4.288750538954185,2,1,1,-3.852126472433774,3.0743899557903527,-1.8591954745935693,-0.2052351842053161,-0.2764008639670233,1,scanning
2.0785566129912474,2703.884211799576,487.9815718988265,9,9,1232.240786888922,597.8575756064254,-3.4444817717711427,0,0,7,-0.0972777270720774,-1.3407231107053093,5.509011037384192,-1.1213230629656596,-0.3391988435755197,0,normal
2.0337280918732645,1472.3532070139606,906.7704542848664,3,3,2428.980322074328,320.13920586789766,-3.103574326324763,0,0,0,-2.182210776184741,0.2821603360932767,1.244834084549478,0.8235120389641948,-0.6902718007024363,0,normal
0.5918921448622301,672.4367494446396,413.42742094410767,6,0,909.5663005190786,2677.4692695075014,2.836044957002456,0,2,6,0.4578102284422138,-1.7735291413702698,2.1020607416444967,-0.0296340704727331,-0.9726453630799794,0,normal
5.726151858033434,1526.6913643649489,251.96838551789756,0,0,4250.866591956109,641.4732334969148,3.8623769813673703,2,2,6,-0.7042109811658928,4.340561374797502,-3.2776336095988343,-3.507344241832516,-1.078792979620348,0,normal
2.277154443097,678.0143326558269,187.2262809340557,9,6,276.1074752342161,718.1673987079242,-1.6190928556305193,0,0,2,-2.990632701299328,4.649968934550957,0.4526729289915069,-0.9211621876946032,-0.0533928460109051,0,normal
3.4930007786377737,72.99111466026487,829.8607560527195,0,6,1110.8929312164073,279.7387108965084,-3.552933561869011,2,0,6,0.7086004577342147,2.252422511494464,1.176862117169794,-2.2657987028927837,-0.5733544592199595,0,normal
3.462353291286302,924.5970511569096,432.6947154157329,15,0,2354.490249344025,328.9445029830315,-0.7165872942812286,0,1,3,-2.456974859223138,-1.2443848569530245,-0.4279701418770468,2.921260654830699,0.7450256668330273,0,normal
2.0839115213530905,1490.712517428027,318.77947963415073,6,3,2379.327021780497,1753.794885430682,0.5744867212192997,0,0,2,-0.7118267186635625,0.6669143228973715,-1.636146771825443,5.722410376039749,0.8844396015655284,0,normal
4.273266884463323,407.0227144829674,522.2958532465871,0,0,233.1312308557139,917.0270806556508,-1.0329270138704116,0,2,2,1.0961371036327,-0.8030513757221194,3.615189005207896,2.040963975847479,-0.3119162484624768,0,normal
1.6315428666788607,544.5306366682482,247.28907251432648,3,3,1586.9573228668246,312.2935924519515,0.5739260819438565,1,1,5,-2.3224992072086303,3.594417153105442,-2.376704634550215,-0.6366336653764014,-1.1832715716912898,0,normal
4.282856610425702,118.5526228715892,569.6215458540829,3,12,439.28190577670057,1049.4901693832237,0.9401885560189032,2,0,1,3.230424907466434,-1.537534053982283,-0.4821374807505815,-0.1723078007206677,1.0715776822555574,1,dos
6.176977179894059,811.35602846067,357.30117715499773,9,9,613.061787621984,145.7898266738285,-2.669488852305633,2,0,4,-1.6374268504197955,0.813577065028068,-0.8136924005019934,0.6109256185541132,-0.967599097811916,0,normal
4.872379213504251,248.81957495448745,33.05398103325923,3,0,843.8911082569554,569.3152526791916,-0.1864464582482763,2,1,1,-0.3603912604781845,2.125137005959405,0.2324176488025398,-1.8190838324963876,-0.893141045283143,0,normal
2.8808178230770127,1093.212489552723,557.7489604043731,12,3,1431.976137006748,1097.1557542622354,0.2286690096657286,2,0,5,0.0808000524168015,1.601826807518555,-1.910744378845193,-0.0936549497917955,0.2594640215933808,0,normal
1.6141563542922743,1413.954665082601,57.06752251117943,3,6,4103.97421608829,1184.959792164479,3.329324234926037,2,1,7,-2.065392884659331,5.581726504017544,-3.715647891690504,-3.8115087016795615,0.2301107828740783,0,normal
3.041932345223101,350.0291585888045,411.60042628943705,6,3,1480.805413152798,2479.731440647645,0.969904654055369,2,0,0,3.651425521317142,-1.545368322160657,-1.6962947764717915,-3.817433699855677,0.4591527854448379,1,xss
1.0144285374236723,964.8781386887256,163.92045368255924,6,6,802.5806254035679,832.1747215373989,-0.0394462370843751,1,0,0,-2.0606879323799854,-0.3588748318987425,2.1407165801708743,-1.1945161336240833,0.8393850038124776,1,ddos
6.209963934764971,902.0433349945948,524.9099364266823,0,12,812.4106520676575,31.779754449695897,-0.3081568108039746,0,1,7,-2.621872666312693,1.2851445177123957,-1.6485547661131166,-0.4713251229159048,0.7865423171904458,1,ddos
7.640475584408247,1006.0895185822365,70.30243332644709,6,6,1497.801015080153,33.716147200233216,1.3597198202476843,1,0,0,-0.1738741310962881,0.4522180978305938,-1.1204865129902155,2.01317761425764,0.2569011899280177,1,xss
4.185392156641665,971.1466297486796,824.972021994625,3,0,3008.2889997510897,1245.4678191813932,0.4134275986533806,2,1,5,2.9437562234095003,3.542974281097361,2.645681609000865,1.922213145937532,-0.2913771151907059,0,normal
4.382524516166729,611.8999435770969,1211.7591522692371,0,0,1103.3658586223182,632.6602670850757,-0.5121211000259951,0,1,0,2.05648981001729,1.6001646025239973,2.0825570525789483,0.1170089010959249,-1.038322567120712,0,normal
2.6267766607125225,297.4600834979929,647.6452763621108,6,3,2895.029069624839,164.55199739469603,3.313097508834203,0,0,4,1.3489915180578729,3.4891744781636804,1.5578420440540852,1.2354239819857635,-0.6889298887790849,0,normal
2.416149619140278,601.0556510029584,433.0238331598526,3,3,59.930038002653255,564.1197725482505,-1.9501734100596408,1,1,1,-1.1895417862223596,1.504165745197619,0.8969668030787944,-1.5889438189762857,-1.208397537341058,0,normal
2.7826147824552283,2617.850387780517,280.61833027397824,6,6,2084.819593673787,2508.206079199555,0.7912666375769875,3,0,4,-0.3152068869346547,3.302010328282133,-2.730795981999212,3.638304277077614,0.0330191739242208,0,normal
1.7938130647250918,1360.3108189355075,705.2307451822459,6,3,378.1070811200052,2148.7088937804265,2.215002735665326,2,0,3,-2.4335907310920835,2.0759189270108167,-0.278411540097442,0.5500444867234291,0.0683293775194676,1,injection
8.84053886527646,264.79240300360584,675.7277425231372,6,0,320.5793323259452,296.21307326321966,2.053697362839843,0,0,1,-0.0510161843760501,-0.5458560461761361,-2.3892822295173755,0.0562660121312432,0.2979340536825131,1,injection
1.9119705740899484,808.8965376175862,152.32500595248956,12,0,1265.5831874455394,2282.5706935352923,0.381260473921526,2,0,0,0.6870020646876982,3.477917270663906,0.3432987494144648,0.8742935936585371,-1.2837998421739596,1,scanning
0.3084239323153738,492.41663445310274,1078.2905617455888,3,3,1308.5843950057665,138.11093678885672,0.0401121264577657,1,1,0,-2.73889194446174,0.2801514610207803,-0.7001745513229927,-1.269460332301075,0.0927716343580085,0,normal
0.110074527106332,369.8345953391242,917.7676239074088,6,0,700.1868208465024,475.6861637412543,1.4246468065363096,0,0,1,-4.120325137605655,1.5172852733596236,-1.4434129099437654,1.5447518566272804,-1.9186353052852307,0,normal
2.734140633807554,683.02641891925,298.61328700780666,12,0,3065.156795208424,461.2782071066516,0.1319732569458021,0,2,2,-0.3875305883708931,0.1104305909851006,4.685083829583801,-0.3668060420152461,-0.4179572082952055,1,dos
0.5688207114357684,381.8779537347913,40.92634721343964,12,6,1836.6077197237355,493.6434326083207,2.0171301448891867,1,1,2,-0.1453438970409599,1.4967062116039498,-0.8122835675978581,-0.3231783471042264,-1.2827555205299754,1,password
0.89742647981583,634.6469163934311,526.9420574969797,3,3,797.1793936029677,266.8295910627044,-1.7098851893147993,0,0,1,-1.2576298715375296,0.7557800636153444,2.2434256560382844,-2.582294348847621,0.4342596081159008,1,password
1.2470404718559185,382.6242240367352,1340.169561752422,3,0,1522.376314978897,1115.9500620425538,-2.077562605469571,2,2,2,-1.1872632769218738,1.856208101305997,-1.196363594449232,1.287466586575556,-1.0615078975540244,0,normal
1.5759701873232483,2087.602656878304,72.43596752862538,3,3,473.9463714607069,1889.9098078797572,-4.184901407271719,0,2,2,-0.5400667880059918,-0.5444659750891039,7.653492247124589,-1.9650900794553292,1.1482822108989554,0,normal
2.61652266101209,883.5768416539876,380.0884194241038,3,0,2064.425332180538,916.941621100652,-0.6181849062012916,3,1,1,5.223264509092419,-5.400666231435317,-2.5951443836606725,-3.7880036693081625,0.222058768035102,1,password
0.016801350956922,51.09549204873365,1021.4723478805184,6,6,2365.7949889547654,2743.981368871078,3.2290135210818347,1,0,2,-3.6336332901697226,0.0265982245362224,0.4512793250833774,-2.574443590274877,-1.7349040717378017,0,normal
0.3239041220173047,379.5163336007592,723.500458783083,0,3,1296.872339275103,592.2062779649053,-1.7349377364027,1,0,0,-0.9298270460331992,1.519099188511975,-0.3482434675854283,-1.125259002004915,-1.074132477504031,0,normal
4.680957896182006,1140.4886857494478,383.0287664235223,6,6,1162.6172180842825,56.80701890397192,-1.931217711776108,0,1,0,-3.428682336636948,0.3949877433851387,1.1354958160325197,1.5466747081257315,-0.9705797970193244,0,normal
6.142369422540166,1871.8757070273384,13.880428277195794,0,0,647.4886189546309,1374.096755485815,3.1675511860959373,1,0,1,3.8131457660877786,3.175387541030469,-3.4727129202226505,-1.501769047720656,-1.0992177065253534,0,normal
7.86472124255836,371.6697705113461,296.88874926280533,3,6,1498.8188848621603,624.165785568434,-2.556804505771297,0,2,2,-1.8826749872243649,0.9794873920401636,1.1275825581016186,-1.854432126779792,0.7946157207182718,0,normal
0.6979376732190654,1288.21037332681,35.428855670603056,3,3,1400.9007204575707,586.2549869640994,-4.131275701394578,0,2,2,-1.8251238910913028,3.561349869198887,-0.2144008271057917,-1.630590048019066,-0.2458486627339062,0,normal
0.2501801049210569,246.44661049422072,763.173280377756,6,3,1696.3297330326193,1353.9239687694333,-0.3476294841430634,0,1,7,1.538177069061816,3.07995942185327,1.3988133666895488,2.471674108735157,2.1034307455537404,0,normal
0.593301383764236,1593.1422293028036,1209.6883542667922,0,6,668.1748925806996,718.3937965991729,-0.7875076959612752,1,0,2,-5.589367603901632,1.2837472486597812,3.2064753338573238,-0.8825143021317753,0.7679287916725138,0,normal
2.3512958038674023,649.7860432801427,697.9010207394467,3,9,784.6042862327965,1759.2770232043183,-0.5088777385231894,1,1,0,-2.5819656099632797,-2.6083210925645397,2.584886755286333,0.0729262931259433,0.686552672782924,0,normal
0.5595495388200344,1321.9509378200255,726.3634853851415,0,3,150.0951799536131,509.0754444524658,-1.290310033931101,0,0,5,-0.3633666257661327,-2.6586734265522414,4.782436624097339,-0.001392777332918,-0.0801037338892349,1,injection
2.9659485748130217,335.6502667451378,13.848016100596483,3,9,1130.3667743741769,1855.148581822151,0.1481344106826989,0,0,1,-2.867558039829965,2.6678470612497263,0.3678513009541548,-3.017587042314972,-0.0348912082516452,0,normal
5.260817025599756,60.51528125350569,69.00683532801544,6,9,564.9766410645022,352.30641312313867,0.507064555741907,3,0,1,-0.5143609674470422,-1.0790806910047352,-0.323636430769308,2.003165142422324,-0.4754557604253204,0,normal
4.419190783058228,1169.406214541,702.1837506380975,3,9,2153.9048743395,192.42388844054835,-3.195868069548196,1,0,4,1.202741597001024,-0.5375723908589762,-0.4195599993986136,-1.92151866083746,-0.3993768851782442,1,backdoor
5.368392924960452,1331.615405546492,259.7409845563172,0,3,4388.350520468059,2218.7867306943976,-1.9616257212263548,0,1,1,-1.7311625300817968,2.76346771622839,-3.502138153710626,0.4252961013986438,-0.3861188789004516,0,normal
2.506430809189956,212.4836006600659,260.02435205899855,6,3,369.08980312070673,1769.4617295030791,2.9301438378206965,0,0,0,-4.379108884696965,4.561488899348912,-2.2407541702244798,2.720691685856899,1.1174333043274955,0,normal
2.4724431515181484,121.73050607808366,594.6104568040404,0,0,962.1570972405184,296.58239352160416,0.3329108022034666,3,0,3,0.4386631505557934,1.8365986556961824,-1.1857596720266474,-1.2966127180624527,-0.5093492240760992,0,normal
0.7864050393570092,920.5734689270336,744.5361192149047,6,6,71.73330363733075,266.2862545680043,-2.188619209152215,3,1,0,2.860535628882765,1.3634839448319085,1.4179821141248812,-2.874023309657308,0.7259631274250767,0,normal
2.8875821920460574,383.3913883566225,304.4552605672359,3,0,1758.74551288904,1634.4846913597607,5.0235958194498265,3,0,2,2.155542512891485,3.898833617549873,-0.3007693971841025,-1.3665057699892118,-0.3252423220940706,0,normal
0.077726907515262,1291.4056997432108,107.96127905562156,15,0,4059.392783183076,1265.3873299997974,-1.3212059183108895,1,1,2,-2.645889423746108,-0.7843700006896304,-2.541332630672321,3.969891894808141,-0.3902834044059809,0,normal
11.82434318060912,638.5861469585379,92.40896721055634,0,0,664.3229657924053,483.3716319521097,-1.1407114107450624,1,1,0,-0.8294433673482968,1.378847482688586,-0.2270751288562924,-0.8390919357742028,-1.4707244026554491,0,normal
1.6989456736456474,147.66195965411433,730.6626925659522,6,6,910.4648361227132,252.61280478333177,1.7047796052498416,0,0,3,2.311823101413142,1.1005981235615758,0.6646585864244264,2.39983327433095,1.3306786877086598,0,normal
12.445926084846056,305.45771104527995,88.18380539946824,0,3,2202.382944899931,1577.926487957535,3.0796648543930365,0,1,3,1.3548031553609845,0.0034284373255,0.1049942325696067,-3.1313782960138665,0.6381638979429176,1,backdoor
3.6156461677952745,558.8415129464729,604.8424435136627,0,0,128.7509100565255,1747.205661269907,1.707124210670658,2,1,4,1.870394102389795,1.3966222650407027,1.408483604291503,0.3562146901707467,0.2169251232847887,0,normal
2.2460297130131344,386.1760675783082,709.9897438736522,0,0,34.3422167894047,518.8762137364056,-1.7395711935740608,0,0,2,0.3521994534892587,-2.5872704426499347,4.326074678930572,0.1640009600963046,-0.6059140598829392,1,dos
0.4252725972966512,1338.9911688336426,809.7893895341282,0,9,741.2005951930992,1308.541404349676,-0.2508556582258134,1,0,2,-4.330306336591192,-1.304638589533427,3.1904623328551587,0.7664883631314834,0.1317362791499453,0,normal
3.3055281190423056,1.5927780053690554,1162.0363003549528,3,6,807.8237224869333,2079.8440517728527,1.4073662035302985,1,0,2,0.8425561418942105,0.5214261418307649,3.1882055645640763,1.0751323128092565,0.669234362197056,1,scanning
0.2569061695504017,1024.6152943927195,701.119844946345,3,3,80.52036100562552,764.9680716470034,0.0570005456274071,3,1,2,-3.086615296465249,0.0074588769606844,0.3403568383910671,-0.5233076563773036,-1.5057107757958,0,normal
1.1226330169945018,419.8353634192894,119.61267587954852,0,0,508.4647433945798,1831.910294345551,1.9987028864212133,2,2,6,0.4220228773401623,0.960668632102791,1.043840960013271,-0.1319658443906215,-0.8325381661488687,0,normal
9.063058669795952,689.9330369304893,909.2628874782516,9,9,1540.9229879217294,4856.455949892576,3.763753164958005,3,0,3,0.5455684551332799,-4.891644642055328,0.4122139923998844,0.0318801111256181,0.737209156402184,0,normal
2.6312816543189537,194.564350957174,770.6008956264072,9,9,1494.9240795334297,321.0436373527425,1.7452067831560416,0,1,4,-0.2901390724537267,1.5728697221504115,1.016789744709638,-0.1345284293879511,-0.3584481269054275,1,password
9.533466567998834,185.29351279297236,54.89985631208992,12,6,50.51985468586212,2106.0285645286103,-2.2434803284937805,1,0,0,0.6170587507027507,2.200086401801453,-0.1697853281204555,1.6469307661527826,-0.0475589470787927,1,xss
5.0207323702935085,919.810027054003,199.7793230395017,6,3,1517.46801590614,19.350517462651425,-0.880696812170753,3,0,4,-2.8238487646189334,3.584773793490198,-0.0910207993463254,-0.5979017892315328,-0.930759282122076,0,normal
2.3291818594624947,1645.980060793834,16.894630633838045,3,0,1274.386456120816,1392.4817822056148,3.26229047772098,2,0,1,2.030274092129957,3.826121742638824,-2.7321960714374,-2.392907748437284,-0.6218708738880598,0,normal
1.345883977810737,1401.625481475089,544.1868628257281,15,3,519.5511247536443,438.3800608229184,1.010887431850962,4,2,2,-0.7124697973178795,2.3753947121548875,-0.5928322344967678,0.4898061611029065,-0.6646049262679541,0,normal
7.772895207341208,689.016832049559,683.6949753519207,6,12,612.3194861471965,1098.3171743820496,-0.0358441249121832,0,1,6,1.4937235527285035,-0.6099018624044727,2.196213723815314,5.401000326647437,0.7077529648856189,0,normal
4.011332794898768,1168.4528879581908,439.7868068780598,3,3,2102.2006153978355,454.19607286197214,-2.981190338826877,1,0,0,-0.3684334349891807,-1.9598440653875164,3.1691711355913865,1.740112746697566,-0.1062720660909808,1,scanning
2.033850610803995,138.85412620126414,1006.981341426536,3,0,1629.3729127317902,2103.4667334153537,1.6975669838689171,0,1,3,0.9219945877756311,2.2134509274608067,5.365536058294781,0.5040559256430098,1.3115751585565871,0,normal
6.954670672523243,1557.7172857899557,611.9281485209079,6,3,1267.4631582829286,234.69014254550805,1.8467141875780664,0,0,2,-0.8309216737495888,-0.6220431660971828,1.4608412844516254,0.026295639449297,-1.528762682282612,0,normal
1.512255376760498,1690.976703692918,35.11276288430792,0,0,3470.5458516269523,1879.4292983239848,-0.418563259851925,1,1,0,-0.3829173985831496,0.6773421155882917,-3.007928500289154,3.4824553361131176,-1.1192162688870435,0,normal
3.442665881400268,1070.5154793358067,45.3343923307806,6,3,136.24800347491205,1679.7607604222687,1.438201629512031,1,0,0,1.122558885811316,-1.074659166380168,-2.1829757848706604,-3.001784011877362,-0.9184011640198484,1,backdoor
0.5265882669265275,1412.792115423926,459.7159432461336,0,3,2076.371935038471,871.1142381732978,-2.321408708570011,0,0,3,-2.393757315698385,1.088774421130647,1.5891269604786296,-0.844384542728907,1.1459203046196749,1,backdoor
0.3356914403484489,792.1885703589777,958.0947883995126,6,12,242.26640506256223,734.6106835494998,-1.526735961736035,4,1,2,-1.4373666265110467,1.0072762558837425,0.456850996636878,0.3755742441479277,-0.5710672591472185,0,normal
9.356088181634703,78.19231992362552,858.7666969120372,0,3,751.8075750119893,2105.091206884224,0.5018066094841734,2,2,2,1.0656820723849365,0.8876709127422735,0.1083366707085569,-3.923838541352932,-1.176536230969438,1,xss
3.379725541770129,1248.981414911951,433.7606332132592,3,9,139.62965545874255,2265.1000204479624,1.2959176858513033,2,0,1,-2.985419214411797,4.071303450730832,-0.3998515862287986,-1.117976791487978,-1.3224733295063682,1,injection
6.90915795640882,51.32065940454766,614.364753184496,6,6,1088.0101572751255,54.80170601192249,1.9386250698274097,0,0,1,1.5657787805355845,0.1042316805928595,2.617963019221307,3.13733870839335,0.141100776222085,0,normal
4.361721013536795,226.57825388158813,305.7893049865941,6,9,1135.564271588478,1711.1042392600268,1.3477917809699629,4,1,5,-1.8564833171542807,-2.6293184367157494,3.959124037023513,3.2559225387359945,1.1381446686830303,0,normal
1.257615099842975,817.5054076188428,646.417257255778,0,6,2450.9479088106305,2034.684526121388,0.2384295309287611,0,2,1,-2.751725245409867,3.278372889608085,-2.19231552317548,1.8931176931464653,-0.4865390567115453,0,normal
5.856419588204897,4.270889887485252,122.83555019630296,9,3,2407.2224690691164,1354.4988364345586,-1.8357275509632105,3,1,6,-0.5341762477464512,7.820355180188732,0.6021593077711048,-1.0128922304278123,0.4081575043709629,0,normal
2.622377098404253,583.103403557493,95.3853019472497,0,24,1066.490430898917,1723.994772806968,-1.3705743071416632,3,1,3,-6.8644792748981205,-0.0333696734767248,4.372919155109696,2.5030369474740857,0.6241524094801438,0,normal
4.221419940567038,299.3778471317788,377.8565714379728,9,0,3238.23518347155,1150.8651716079607,-0.6216735571421431,0,0,2,-0.7065445694097581,2.6487271561559065,2.152689123452728,-2.282453936239792,0.2092866062941679,0,normal
3.444566443152869,355.58598547367706,429.4544743696817,6,3,3344.096664842249,620.4653144579495,1.5586418731106793,2,2,2,0.4517380077209845,3.215896277049292,0.2747478313983637,-2.7429411268205817,0.8463526568129031,0,normal
1.6538443106869385,1590.701267659426,533.7235615127798,0,3,2237.565761530056,783.8929602307226,-3.24045116972723,0,2,1,-1.5424485208118948,2.67695093866778,-1.0786088859145162,-1.3795760063272435,-1.3893585006350748,0,normal
1.2192601756140404,884.0087673887786,22.56810349679394,0,6,1943.9643944460956,2009.730006055382,-0.5488687208819696,1,2,0,-0.8876416292605616,2.457168459693197,-1.1285522783988904,0.5675394703231185,-1.5491679228741655,1,scanning
6.721206307808804,1003.3473831200924,162.9850221561245,0,0,688.6731846476686,535.8809438821372,-0.2233305788425763,3,0,0,-0.911017495017134,-3.3234699157166627,1.0914421328571977,1.0424726204022037,0.5181078222033135,1,password
6.102789898113469,1495.6235915174516,265.1605348762744,3,0,1168.4692253213072,36.106903096572566,-1.3564829205658548,2,0,0,-2.6405390575529584,0.1315696334725051,3.790669710596611,-2.923713364420669,0.7942085308061915,1,dos
2.757164214475172,511.5724036023445,231.781675426745,0,0,1573.9402918552128,1652.1785100714635,-0.8277699656851452,1,1,3,1.409810625001531,2.0863858122622214,-1.094833086741114,3.1633735431268004,-0.1526091306811197,0,normal
1.4151375921242613,69.77155470235851,732.2722465459175,6,0,2732.6369935922785,20.533663564032377,1.0140691235379995,1,0,2,0.1444755688044481,3.538619990771667,3.4724193650125974,0.0957877722918054,0.3756135341380686,0,normal
7.388594339886719,549.3251861893114,513.300675408609,6,9,612.352430975081,2873.151668451219,4.706028648178803,0,0,5,0.5772459376079786,0.5380932005579222,-1.3226058036564992,-0.1623948688723373,1.5130538415858887,0,normal
2.285306244425316,1053.1294922259983,155.40341420071675,9,9,343.4798492957634,54.17725207395867,-0.6780885181410373,2,0,2,1.3615251879273835,0.8871625869539352,-0.1321561245224534,-2.453301151269068,0.0421850850258543,0,normal
0.5445833194624683,598.7746510947208,510.14175067208055,3,3,17.090526817316906,769.9870009070931,0.6230172916866006,2,1,1,2.1153414556253605,-1.7058301229553947,-2.0535850204058,-3.0523925912428256,0.0124316099122634,1,xss
7.581055200454352,1909.248090489819,297.6900922725222,3,3,1766.9829482869468,488.277455284191,-3.925253953534568,0,1,1,-2.62574821390458,-0.3749368728091464,4.442241652470889,2.3823651228983227,-0.474293648575938,0,normal
3.1933181538028235,1735.1003875437914,1013.3709580896708,6,6,3406.4347751491878,2278.338734925335,-2.328579175508212,0,1,4,3.6048390274963538,0.6194200699180276,-2.2413503713989256,3.62374063326472,1.0032367226358412,0,normal
5.329051890625031,961.9369518218234,668.7363800067944,3,9,123.03902269047352,389.7796088108272,-2.208310709716633,0,1,5,-0.8129390310705469,-1.5886808133778414,-0.7279269515435118,0.007455735788671,1.1537628579114714,0,normal
9.700987812632142,1232.410792943101,448.341120824026,3,6,2048.852366026018,1040.2192490794732,4.323964706505412,1,1,4,-3.9707167002533375,5.253877447167374,-6.1074381662111294,-3.505068487380001,0.1068867531042541,0,normal
14.819097327583524,943.7855562782216,395.0211505614325,0,9,545.4785262689969,400.97879881325264,-3.5198863080059875,0,2,1,-2.3717309473089583,0.4855559142127886,3.187400110422254,0.0014666704430064,0.1701423797254926,0,normal
2.494992004123113,2428.553018438535,771.705602923327,9,9,3164.610779885765,1886.154722197611,-1.8123554440915457,3,1,0,2.806533036002139,-6.044766731448127,-2.7171568822096197,-2.049728706214053,0.1004255387390224,1,backdoor
2.596397764897969,1346.1428873009052,888.0701021952864,3,3,138.35754572805058,1298.6242763728496,-1.6982550451634908,0,0,0,-2.1436575759060625,2.257589344240902,2.8219139998819034,0.0224717159219223,-0.7949518470318414,1,ddos
0.6349178011038735,620.3032959233892,497.1074726119742,6,0,629.0048945607822,759.25528888215,0.6664256376581323,0,0,0,-3.944397227228557,1.6462890889422113,-0.2413695089322529,-1.4097054960478503,0.6436298836952881,0,normal
2.198942568384948,1022.7134030853252,368.48222059012767,0,6,2022.9990477535212,1260.4859413192105,-4.732714214062336,0,1,3,-3.540311997930666,3.4792196197465444,1.4056002876707685,1.5705999505082575,0.5254897197208016,0,normal
1.42108705748806,508.6183000085235,857.5778189598184,3,0,3208.8038425276613,766.698080059879,1.5488809968119168,2,1,2,1.0173100564873134,2.609655434917832,0.4361802686856211,-2.615388597493502,-0.8111371901784615,0,normal
2.57290914516057,2212.710999356498,921.5340933253726,0,6,1598.7575206467643,1418.6669296456728,0.083706191044983,2,1,3,1.087149963864878,-0.9598534758694924,-0.1746486565798517,-1.2242909869959748,0.5657573469055278,0,normal
4.868145766315132,31.93978312349244,147.43868542557652,12,9,286.87663148992766,2680.7234847777595,0.5864137247274519,2,2,0,-2.4278808800213776,1.3733727011965415,0.9358593476330076,1.0370831074652698,-0.0408877431188398,1,injection
0.886653705899802,29.93444628868636,89.84254333993837,0,9,446.5520135274541,945.4503933402938,-1.6881934906140748,2,2,3,-0.7484698257265872,0.4254247696012536,0.7868906768242567,-1.769311190726239,-0.2865147839292776,0,normal
2.9843424613007787,262.31940603621274,117.52928099078022,6,3,2491.062318400795,2116.213357734824,1.9738791047757624,3,1,0,2.039547481743881,3.169004073872098,-0.7112122711541242,-6.67111191217716,-0.1782945195062996,0,normal
1.6739387847579623,921.926006301042,151.18131364952066,0,0,1425.8590660499185,1159.4941052298832,0.2028525834090556,1,0,2,1.2528788845307013,0.3335315853501166,2.648713419813758,-0.6813695695474882,-0.670568765732167,1,password
4.981324406487572,1699.39517062778,497.4816065491739,9,6,3436.280617524017,66.7873935845957,-0.9007422005582748,2,0,0,0.6996885537023145,-4.24814730568235,-3.040897908488774,2.0643906688687954,-0.1956097211849864,1,dos
7.270542231419505,2139.6147852423237,164.7464508342667,0,12,3832.601887164568,1011.6585133618572,-3.206333343678202,1,2,4,-4.388259837116732,-3.5962614798057557,3.5607048666565166,2.091708847266004,0.3415454794439295,0,normal
3.973120321448494,118.24812691025932,7.3672069534044144,0,9,3028.7047172077946,1763.1733664407548,-3.0013070311916668,1,2,4,0.0887748890290731,1.532634492202707,-0.1260094587830011,1.155145775119811,2.360008826955299,1,password
0.1488933925829368,791.4083343727452,39.28097123391526,0,9,988.11813429148,1157.2969256754468,-1.314769285607933,2,0,3,-0.3116906063161494,-2.2105987841429817,0.5676135631049632,-0.7683379770585761,-2.7650230155160727,0,normal
7.077672365001469,320.3679703328592,17.34225237121052,6,3,1121.2939438383892,182.03975479264,-0.6283965803349444,1,0,1,-1.3643685087890511,-0.3556522540453284,-1.907352511183136,1.1788581906230284,1.2679404954192846,0,normal
8.754421047941022,1216.4497828556557,1002.46627445366,0,6,504.215750269072,1519.3251667107563,-0.9256002883544688,2,0,2,-1.053007620621402,-1.507359618024269,1.9017936640340456,1.1780710569339954,-0.6659770254506885,0,normal
1.2907829396745965,1363.042888694922,66.63781005946382,12,6,2955.502283281943,2689.787076625007,4.378098283501898,2,2,4,4.6023168633688165,2.4995717043522205,1.6512133518924168,-1.8910244572761885,0.4786216424234166,0,normal
5.117905798362444,912.5029659514076,734.7653031926864,9,6,450.36858163438535,311.54127295671856,0.918112652713958,2,1,2,3.063480171963792,0.5192812903720365,-1.269241068587667,2.2176654312714272,-1.2935747542198566,0,normal
6.218983589700492,1452.290617784827,412.3407154264983,0,3,175.56068642749082,491.27190243727534,1.8453503619895184,3,2,0,-2.2651601194935016,-1.5693807035431924,4.593022230839961,4.4277726717873405,0.514831009293154,1,password
4.530744237380424,1437.3175997151532,517.5638215190489,3,9,1268.8125487098205,221.60250395697196,1.4131920042984596,2,0,7,-1.8921773526012065,2.863182368041204,-4.129330088808684,-1.0152124182694042,1.6483721654770875,0,normal
2.753855799023589,2162.8369454104204,129.03231452067504,0,0,3311.9575417201586,2123.799683066132,-1.7698765431425008,1,2,0,0.5252057860964956,2.9522192588881326,-1.1174619941536388,2.750887722896884,0.2259345726714266,0,normal
11.312346653901496,532.6177030565991,479.090698672281,6,9,1741.6983192877171,831.9717828352655,-3.601815873349265,1,0,3,-1.7101776550764416,-0.8322858549804397,2.979343979753175,3.044233837677925,1.5798946708725012,0,normal
4.399563445835744,1155.8546743514623,1095.892313616414,9,0,111.57466190453576,891.9087328745538,-0.8059911240924069,0,0,1,-2.889778345176145,2.178832874509109,0.2453991345159515,-2.06263909443062,-0.900803744494604,0,normal
1.883428650969563,1379.3836634767515,494.5616254231325,6,3,64.56429709101683,655.308830562998,-1.363170177486107,1,1,2,-0.213157029851305,1.8817407078491104,1.927177774029668,-2.7322548158971016,-0.1528608763135359,0,normal
1.0825809959970707,585.4213569860867,393.54844677967526,9,0,3958.897435714238,2679.639123187223,3.765497095269379,0,0,2,-0.7475041106359617,2.07169830039299,2.0906330384848757,-3.485683976915336,-0.9255703219811724,1,injection
1.6810056557948994,464.4872993256227,1155.9785859323372,15,0,1770.2335361372952,813.9808845272732,-0.1030975885797953,2,0,0,-1.8011147221312878,-0.3226509731728688,-0.8195409920022003,4.708744655353723,0.7064075909100263,0,normal
2.8890463863144737,1261.8449360946183,681.1624019141009,6,0,1546.748552060228,1576.3943656917584,-4.088522699703174,3,1,1,1.8915134602608623,1.8469880116607564,5.191538603317593,-3.541148795498634,-1.650335389060671,0,normal
0.6344432095713808,2933.682107838571,19.452369881892107,3,0,1729.9090468431675,1768.364067516282,2.817396162186697,2,1,0,-4.37271040184398,0.5003189153522014,-0.0671320508535582,2.4822575508989333,0.5887552472824685,1,injection
0.0992883530159705,1050.603302924179,120.48576483080669,3,0,917.0324197745692,925.1141054323442,0.0508685578296979,0,0,0,-2.577798770365374,2.063197357892477,-0.2694604822073448,1.6988253454032034,0.7544879412126041,0,normal
11.449589972411866,552.1745910430412,582.3280075565704,9,12,812.9819928399397,693.5108307947897,-0.116798193530927,2,1,3,0.5409675022568421,-0.5992832213898847,1.904578042828644,4.691762504646952,-0.2643279353568438,0,normal
0.1899364218739996,1429.2164956958802,161.15921044444573,0,0,1829.7913552798652,2014.9153861690884,0.1436472317670243,0,1,2,-0.2669982391464601,2.955801508226619,-0.7572296378965597,3.82061148903488,-1.4889900924728807,0,normal
2.0946586895275736,1767.5001034607062,193.72079784875436,6,0,1715.7843632663642,566.6988928606086,-3.198318064237771,0,2,2,-1.462721530053749,-0.1119640096744285,2.249873788469583,-0.7358007099533121,-1.605424353569597,0,normal
2.3394582335730747,482.4611792211553,107.07152671085012,9,9,1110.3239394680056,57.07980682223901,2.566257599925684,0,2,3,-1.994915238093901,1.3313623088874678,1.9230984281297403,1.814575032176952,1.2655606144628735,1,password
3.7672889256212825,547.7251038972058,479.9199793903024,3,0,3521.974474637731,711.0661630437113,-1.5481751081558968,1,2,1,-1.1950624863021817,-1.5696801855766152,-2.999760633457133,0.8511351637820433,-0.2492441148051516,0,normal
1.829924936869394,1353.385215028629,37.13737702617182,3,6,1211.457158563778,471.2267033769507,-2.496599079328709,0,2,0,-2.185390430759187,0.2557510962619238,2.1562378175687016,-0.1809173933127159,0.4377699407534617,0,normal
6.433845107716078,341.4897156292088,20.44289651502564,3,3,1319.076872482636,243.2786320006113,-0.9214625703052316,1,0,3,-1.4933492087721687,2.611651828416522,1.289015072730781,-1.2602540034560052,-0.1827272098970709,0,normal
4.347121232207641,1209.5576971559556,1010.6967574417614,0,12,17.52813466313306,992.433297849258,-3.2637381222581343,0,0,1,-3.17872167286166,-0.9087502277087725,4.449609547968344,1.0489524312210878,0.5251281952515366,0,normal
6.8633699875855765,1867.226809644011,195.4916701295609,3,0,2197.278381393534,632.1784648370175,-2.003898467641978,0,0,5,-1.3449342587834214,-2.0476424607022263,3.0873351581515345,-0.2197605719439529,0.6746323868310017,0,normal
3.0153157812540954,457.2023785577788,327.85613006277435,9,0,482.4886745064649,117.7290456695319,-2.413460159457726,0,0,2,0.3649447087424822,-0.3622126150314205,1.966361377583988,-2.3622724887357016,0.0106142925244166,1,password
2.392501159960033,1458.9524680243287,272.0602811258857,6,0,1342.2318445625008,462.1088398890315,1.1017093109037457,0,1,3,-4.595893298125157,-2.4312865598487496,2.134045361075896,0.5322160467991022,-0.9200718079748208,1,backdoor
1.168592322345362,305.2926523515072,1101.7782835478704,0,6,794.4515854212104,52.0276723495878,-0.5778730566796405,1,1,4,-0.9294120165213328,2.474324060917868,-0.7009746234053962,-0.9415542289331638,0.6976332865875733,0,normal
6.307381683387324,1714.6383733212044,329.0685204366217,0,12,4033.614290095925,1672.2009811127004,-0.5417436508081866,4,0,0,-1.5750211303410997,1.7959413072224295,1.2409300203077591,-3.205904127005554,-0.1580391305853071,0,normal
3.8691693738480577,1470.608276441263,692.1646954667124,3,0,2527.2308862979103,235.64785768983933,-2.0831880778377685,0,1,4,-1.7800980218869715,-2.0608495812253773,0.9350033244210022,0.1270278777174376,-0.4613370411081846,0,normal
1.6217760337048008,854.6719833260528,83.49771195713964,0,3,1076.7251419029708,901.8633175618896,1.2503176270330618,0,0,0,-0.0630475401945915,-0.4936369843906517,2.807842922480789,0.7062885950796658,-0.2196400450778448,1,password
7.161625593470353,649.8048805467223,660.9808116381752,3,0,2413.967773878176,1189.1637927510048,-0.2569553909925339,1,2,6,1.9178859049449244,3.0574440184969625,1.484047090157789,1.496767378258478,-0.7455938604121479,0,normal
5.472932370410737,565.4978958677311,120.43498283419665,3,3,1923.2220436465525,721.7785998103416,1.8192917578773249,2,0,3,-0.3422455747174914,0.6843205918469176,-0.6613725515233813,-1.6982336538403318,0.1154529231351508,0,normal
2.640552516266759,703.9061467346372,281.9568773079487,0,3,2150.6709518910875,1987.22111047126,1.4797667210137753,3,1,2,-3.2290831686991144,-2.480287264679232,1.8554972221250128,5.920380554751326,0.830136985797354,1,dos
3.815515195466472,1810.9199477369568,301.0397630920773,0,0,2417.176837069459,1203.521658017616,0.0886635678439153,1,0,0,-3.0179815144954274,1.3489161151428677,-2.814711388532218,1.1362605468360216,0.3816909726170402,0,normal
3.838951798318624,16.294948601294546,205.19723651759668,0,9,393.9214703818722,629.6566058631054,-1.407395877446091,1,0,4,0.7869639250872356,0.0644920658555594,0.4710403135369947,0.5330096763567393,-0.0901093779184542,0,normal
1.8046106373812207,74.70738502929319,457.55645247276976,6,6,485.44831582741887,411.58408641066416,0.2758574537932823,1,1,1,-0.5749564167758969,0.6357250043340034,2.715510123535009,3.0101288447566645,0.4004222829828731,0,normal
1.159959123356055,117.39462073614516,362.9107822793647,9,12,1572.7588797838898,1806.659857630608,2.410108712133389,0,0,0,-3.999488228102885,2.151520032127749,-0.7915051640546006,1.5298204585824406,0.1087450719304229,1,password
3.6454058827824074,241.95452785790823,260.1407921934909,6,0,1617.364102752057,289.94283661472,-2.5071185669732268,1,1,5,-0.6522484938389504,3.40940095051334,1.310591077570446,-0.5680996378538348,-0.3746155987773672,0,normal
0.924870047199196,1245.410900858893,123.3401085363999,9,3,248.09976144320515,2734.172246322782,2.626339267878824,4,1,0,-1.9912728682060423,0.3073703606799589,-1.230603806989919,3.7523914197908335,-2.074881642333267,1,injection
8.776034022095969,126.21074021983414,231.5350241654864,0,3,1925.904751408452,1451.1326250983373,1.0431985724570192,2,2,2,-0.5535783776064553,2.614895896446832,0.777472365511681,-3.3750677948713106,-1.451122180892343,0,normal
1.4913965544864451,362.1252998078468,80.48731039979513,0,3,51.30644496166843,1372.7218391541617,0.7964571382608527,0,0,3,2.499523559831792,-1.686766833881634,-1.305199090770934,-3.906065870085201,-0.2122623795594005,1,scanning
2.2481458272966344,185.0701859986023,105.13910540428031,0,12,2052.845697308868,878.41474994961,-3.377560042060748,2,2,5,-1.2493824782861005,1.7320028899848874,1.242599320422634,-1.9318718727661204,-0.1184523030748694,1,password
10.5925763950284,1652.3265147816523,200.2923236261258,12,3,2962.255794335212,173.30203744974168,-4.163187478082242,3,0,5,0.7235990509881942,3.710976659499361,2.2290602812374645,1.3677975159866291,0.4340903674151762,1,backdoor
0.482714649655193,344.7984735009304,227.7578497093619,3,6,2024.164869189392,826.6965338854483,3.205575614877564,1,0,2,0.3577133139547035,-1.2110210529347598,0.1267487034213932,0.1186194953577672,-1.0779248584764178,1,injection
15.867877327157917,674.6552315268495,311.42865029370694,6,3,2003.363657497066,696.3532893782394,2.0279052971820546,1,0,4,-4.28058597251962,0.0740678863021808,-1.7629733567998265,2.321112327984168,-1.5634121627542192,0,normal
4.921125203916176,383.8403044825531,45.82837526418008,6,3,397.053679878124,768.7741364254655,0.6030027408242239,0,0,1,-1.598803494154799,-0.9204119026337276,1.2356008118656563,-0.086090251544046,-0.134059813395163,1,injection
2.6307419840776807,1025.7207747030309,410.8643882962493,9,12,370.5519755660704,1342.1412022115433,0.4525270302882958,3,0,5,2.984535688504737,-0.0271355831027455,0.3799413137170719,-4.989134333776525,0.5482616849134971,0,normal
7.940429327012369,254.8769098995644,169.33325725963243,3,3,1257.6703363538827,333.5005985224391,-3.5738801688453057,0,1,2,0.2145015583706329,0.206198065454263,1.3232098102466012,-2.530457073484181,-1.965218763535724,1,backdoor
0.2707242179808893,1090.116054574385,214.10341769103204,0,0,331.63087894912144,1701.1353981697823,2.5938538491745526,0,2,5,0.7908882612893033,-4.740583627269263,2.10125375927664,2.4759894741765978,-0.4276062107270246,1,injection
3.5155208702156004,843.6955509427295,1008.4288515841176,3,0,1467.4793781979165,900.4249408055516,-2.4877872094795075,1,1,1,-1.6344750533443029,-0.1989102585782765,5.031887282927094,-3.237136361102378,0.084585401093317,1,dos
4.702719702145247,617.7255587374214,888.0295281811474,3,9,1944.6128845225865,815.4684072536256,2.0641751120871032,3,2,1,-1.695401977922819,-1.0493798897828044,0.6729368293865241,4.853205849286118,0.5132483991595619,1,xss
0.3749684295835384,1293.4479282576006,442.6769113836057,0,9,117.9512637885542,2529.4200755602915,0.9816996306551384,4,2,2,1.231273630831604,-0.0780730386216901,-1.4933602593160382,-1.4124380776758203,-0.3061117614553929,0,normal
5.09753450698284,512.7030719089285,378.0949669440921,0,6,569.0831565374217,839.6212009423828,-2.633697324968657,2,0,2,-0.9582615259057596,1.1849553684256435,0.2730759137875084,-2.1814814558743447,-0.6205510412461472,0,normal
3.495344063002133,539.9807527939166,756.5020906449942,0,0,1806.602068699788,1384.56761204439,4.0041509625606055,1,1,0,-0.4678829992611426,-0.1315235956222966,-1.8882564641248385,-3.38234815810519,-0.3467872018276708,1,injection
3.333124597325379,1123.2531330594045,734.3714118184186,3,0,2661.159871556128,969.3980461254696,-3.801719381021504,1,2,0,-3.302191852446419,2.5428458256270163,-2.319022495002958,-2.1637716930445894,2.297122450065374,0,normal
3.9708101622982,344.7676838139868,489.7821765542762,12,3,842.6605579360146,81.56754063164252,4.209711109082753,1,2,1,2.9091793891930062,0.2871856798601343,1.2779481632153402,3.408752312592818,0.2190859763392863,0,normal
5.874250354383005,745.3005620748049,121.8561953361139,12,3,3634.861195659024,31.667654965874117,-1.602268794104466,0,0,2,-2.730148419917993,-2.806264459915294,-3.747246606373767,1.419863544829372,1.2689050642636686,0,normal
10.172310371404372,1018.7728945881728,487.17156069510366,0,9,705.6106729451171,481.69710354988746,-1.1883942813672923,0,0,5,2.412087554013455,1.0657183380319122,-1.810428149349956,0.7252235409058401,-0.8047016175115881,0,normal
0.2026053987970744,725.5920523377139,181.39492994108448,0,3,2719.5596189677003,2408.2723272771377,-0.6662074278515715,1,1,0,1.1446603859107654,-1.0500592141954093,4.307597808281823,-3.4556452452382933,1.0584683565507138,1,password
10.535633326148004,187.13377499167032,336.83115737680873,0,9,565.4836701523988,1514.839853941467,3.0103104130934946,0,0,0,1.6030724813074535,-2.46311900341454,0.3027281260566127,3.1864488567959537,-0.886440772077559,0,normal
1.0978888409590617,221.92545355012496,91.1906493640064,0,3,3220.6114301941066,1344.002961150701,1.131453561548678,1,1,2,-1.4144693027211015,0.5401993122238726,3.20499386849524,-2.2540521013473827,-1.079044168176417,1,ddos
1.9023594508628423,1064.1403398802552,494.06353134957766,0,0,49.52879890026513,880.6657033409477,-1.4341214319737383,2,2,1,0.6354884147286524,-0.1474168824433124,2.958401594556936,-1.6493485480912409,0.76292226824256,0,normal
5.933488620451928,265.457474067606,29.853445768318984,0,6,1352.7202352198024,613.9795871535264,-2.885959320017896,2,0,4,-0.2687873988163124,0.4850967425784985,-0.0105158297467067,0.283427176908267,-0.2887631477216072,0,normal
0.4548862861930746,1642.4374155859778,188.452228610676,3,15,1350.90519090206,891.3796768417228,-0.543867449966182,1,2,7,-0.1416032202110122,-1.15308178122153,1.229275894900445,-1.2258537112310108,-0.1311386414301029,1,injection
1.2686057600795886,170.5736485202859,853.8174574144095,0,3,1679.816644590009,250.93572155854824,-0.9229233145846736,3,2,5,-0.1594030604640917,5.214074491062377,-0.1130699047886849,-2.792244690433257,1.8191814789570289,0,normal
3.6249152869257975,283.2622953555093,766.8013213255032,3,0,2166.839006439198,493.83122513783314,-0.0235622782085291,0,0,2,-2.97502990761857,3.852360318443632,1.890374536135519,-1.4089972973151286,-0.0862747146488307,0,normal
0.9824657324706386,942.2357257254024,458.8092127381959,0,6,1356.3153828766356,893.2276137197928,1.5568456539352833,1,2,1,1.3637929688892934,-0.4005308523012358,-0.51485374385367,-4.6968901491378885,1.8659075494571848,1,ddos
7.122312089679163,337.16664529718355,302.74599648072524,9,0,744.7653734285323,1090.656935740061,-4.017135081747622,5,0,5,-0.0863732102969598,3.970471326860026,-0.1371364196118649,1.005055920996366,-0.1129912205304623,0,normal
4.001849763831727,652.5539183703438,1033.4587092311344,9,6,617.7666203485178,1355.1926829016966,0.5882863832967693,1,1,3,3.4595697884597643,0.7929400605224066,1.1686703140936705,4.818454052251092,-0.1241843561679107,0,normal
2.2324309787643566,1591.9683870575905,550.8368313709793,3,6,820.3057140863074,1142.540978049892,-2.9120876735666803,0,0,0,-1.2309809299894174,-1.83170233150705,1.9853144514847525,0.5627170261239794,0.6489150983923219,0,normal
8.051594413535684,1208.5324358466917,415.5734079484474,0,6,212.43199759336431,821.0792807126602,0.0527767944590671,1,1,1,1.0255669066873152,0.2656783121379631,3.41790094954185,2.644913766396112,1.6093789458830992,0,normal
1.9670154416873988,1383.9688620967252,691.3816532195118,3,9,1491.5543203615623,842.0587679625372,-3.8142129619085887,1,1,0,-0.5108375774271445,-1.9820884964073584,4.737649976469313,0.5379642573810492,0.185744302530741,0,normal
4.494666083136469,1958.4377356939035,326.43654987349413,0,0,4601.227891190224,2507.2631894723563,-1.409851164384947,1,2,1,0.5396466561183755,0.6894143630982503,-2.1738163922089755,3.629967908286936,-0.4434679942851938,0,normal
4.303006942991319,78.90154699048158,45.13079902400301,3,0,810.6787560026145,1165.7758158266597,-0.100266563380915,2,0,4,2.596708451237793,4.132529678293608,0.7762546143111078,2.146205683588862,-1.3699918828279714,0,normal
2.240632529332168,2555.2771379413825,408.0268366294355,15,0,4875.762015392413,2085.70839613882,-1.7556055441527345,0,0,2,-0.71794965015857,-0.235682188828542,-1.607834564830096,6.731430264190865,1.2538728875534535,0,normal
6.571536012162783,1601.1194592277125,112.82730986503309,12,9,1120.7566875748312,1436.6551866778589,-1.5884767126217616,1,1,4,2.0956607056721506,0.8100222941035444,3.1236292833374506,-4.24417844939901,0.8205680511831243,0,normal
4.708023104828577,693.7682225563601,486.0631671638744,9,3,9.730751494782265,776.5597328755849,-0.6024760742098695,0,1,0,-2.003277189111993,2.544036007150269,-1.0338946194925336,-2.001914162060751,0.7597217644346187,0,normal
0.6556799323278188,1320.386153649897,432.32645782548536,0,0,112.0407086087511,247.48580231246103,-5.376496502030568,3,2,1,1.8819455112181265,1.4269888505436965,7.199139456053961,0.1654475238195829,1.2834929197534937,0,normal
3.7289279621955735,2061.306525954719,219.53376060472112,12,3,2279.367657406012,2146.114458270005,0.4446294179892984,2,0,2,-3.13845030019543,3.677224979228394,-0.610924921311838,4.632748940328272,-1.107012937514939,0,normal
3.063054742014816,577.3772225251071,319.4160614907946,0,0,3159.1138117119654,1922.1876057045845,0.5839215697082532,3,1,0,-0.4712864957632413,0.0301367777373726,2.9958328493284183,-5.103591742842556,0.6181865578905238,1,password
6.008988051161151,835.0428595618462,279.6275370835962,3,6,1423.92007851294,940.206068873322,-2.9891511681617704,3,0,4,-1.098407332198576,0.4540544440893092,-1.095654968307846,0.507685148249616,-1.5159789180904184,0,normal
1.7405727695240056,1380.317643550081,651.0184814579627,3,3,648.2114833826,764.1272481059276,0.6541046941668822,3,1,0,0.2579621725210628,1.226962216986312,-0.8561940506414969,-0.2765282906097153,0.2359889594494522,0,normal
1.360767068767117,435.8454590208769,116.95860244159104,6,6,1962.055737970643,733.8004796481417,2.274309472878608,2,1,5,0.8035366017897829,-0.309432080406702,2.232600579910821,2.9118557115623904,-0.7586097114262966,1,scanning
7.681841331265051,549.9190687356554,375.0882650793677,0,15,710.9551131293807,949.1413496048884,0.0560690534129089,2,0,1,-5.014913316047803,-2.089937118116131,3.107817382810317,2.522338872387124,0.3631781596740205,0,normal
2.1412468973632426,684.3641850429628,672.9138778231192,3,0,1729.2410956240633,1170.4107926875204,0.8397253316016522,0,1,4,1.25911314979527,2.931299926140688,0.0378504507961989,1.3335932815854483,1.0924740324089623,0,normal
0.852480896773244,166.11799838198078,3.580538769794569,0,12,993.9447059050584,1521.9670952103052,-0.567468609741093,0,0,3,-2.821805729979754,1.9606530857569864,0.8580874121314147,-2.037747901892436,-0.1283184524569844,0,normal
7.19027890870044,367.9954069202326,546.1619247471324,0,6,2145.6025605116715,1186.664360014078,-1.056787488135793,3,0,5,1.079607540598358,0.9771975530986684,1.143785343192334,-2.5905018157308586,1.7314056559966242,0,normal
4.702111130005741,297.3585467018664,204.7315031423132,3,0,2379.4088875144225,162.41543618300582,3.567288385432829,4,0,2,-1.4290413006477236,-0.101669125764287,0.5726321483282489,-1.7765470509651269,-2.2799068991717077,1,scanning
5.473441545359524,308.0887060553863,50.91688759543153,6,6,2266.630334463787,1162.355943006587,1.3286601304337498,0,0,2,-0.2736697589870901,-1.2321641734544135,2.126490085969393,-0.6114296737888913,1.3395203015186792,1,ddos
3.135378847976133,1861.661367016012,516.8317084961252,6,0,3482.9593694836512,183.69868598218616,-1.858424031975893,1,0,3,3.060239976822141,-4.785885933355779,-2.3931314933610555,-0.5621386052550807,0.226531398497253,1,scanning
1.1281485753940454,67.8964880546109,648.5884651938921,3,6,522.2819615580636,116.09985082568686,-3.134264419172342,4,2,5,-0.6378832938687568,1.199924854196897,1.7314410060155447,-1.9005494503951588,-0.6366561786028376,1,password
0.8443582317747965,3015.8878486382678,527.8538981405628,0,3,4817.321243384424,3342.439900272269,0.9369673797479632,3,2,2,-2.658300809152916,3.774704084977567,-3.518321852887574,4.682595907267628,0.3140568369181137,0,normal
3.9412958753910834,266.5808067134555,1144.4797107655306,0,3,662.3228120380213,543.3285532447784,-0.4597505606999772,1,2,0,-1.6482286529487036,0.8054297678753407,-1.129015323243172,-1.5587889224121116,-1.4916443171066505,0,normal
2.042431512825739,1670.6718284485862,52.78259254691585,6,6,864.2286603195856,488.2262760963387,1.5500968998532751,0,1,2,-1.7450185402888996,0.6137558761760997,-2.0319477474511007,-1.0735480650813576,-0.2146378528613117,1,scanning
5.739549611501891,1487.1764184106985,650.2355673101752,6,0,404.8540804039416,427.1465452114728,0.7358577622970324,1,1,0,-1.221219684769027,2.4974557067890086,1.3203802571266965,-1.2143065335132823,0.2113340534300719,1,dos
1.6439260134508646,1163.4078509597382,774.7689377018845,6,9,686.9176378606643,906.0115586068872,-0.5781039142722257,1,0,2,1.0921440590480471,-2.124311295727445,0.4189044969796867,2.4366794347558063,0.6680370557311603,0,normal
0.1014948978537804,764.4923438607915,164.99343825716218,6,3,1138.4816324183305,2031.894552353923,2.587738043173018,4,0,1,0.2089481527677967,3.2183196740602256,-2.024356855739266,1.8409560849006497,-0.31117786203986,1,dos
0.1096450692116482,153.6604559893261,749.1429468314905,3,6,2330.4333288889216,199.82203296811207,2.4438221339103467,0,2,1,0.1002424961660588,1.7982620143878834,0.734564125213844,-1.3244196903468228,-0.1297630361083057,1,password
5.656466558986794,307.26025236816497,124.12214253320106,0,0,1011.7332494146262,642.5021612218081,1.875181723530608,1,0,1,4.1846109771019,-0.506835715279552,-0.5143467545166831,-0.8703063277316261,-0.2916217435555014,1,backdoor
4.23687828957503,623.4240101573486,814.4181080955308,0,3,1199.1679960212268,882.5086460478578,0.6648500914473872,0,1,2,-1.7554586829181713,-3.0645666958984323,-0.5248398756043791,-0.7998551509727121,0.3274608840373146,0,normal
3.02415996759672,3056.0240019510825,485.1230178770799,9,3,3628.31247839612,1653.3170411841677,-0.8121365423007241,5,1,0,0.4660513473645149,0.7903780147319128,-1.7869658046568158,1.704551607337509,0.2725018264891488,0,normal
6.808341565274123,953.53868263168,91.5602126291937,3,3,2072.2615720457147,1482.2685260400838,-1.452992065190275,0,0,0,-2.3907498138209133,3.826927398595658,-0.821342026651124,0.787389408285921,0.5358842851440715,0,normal
2.7018803817343917,407.4778551028012,596.701563648345,3,9,186.37828990462768,19.470499231320925,-0.7180361681002012,0,0,1,-0.3616617507799711,-3.0721812568968776,3.379345337765221,4.7352084579406215,-0.858176888356775,0,normal
6.1362639809053166,890.807461399136,491.8187181890932,0,6,1067.1110872704437,663.8346593318547,-1.7710265655780295,0,0,5,-1.1449493471243224,2.3700974482542683,2.940469565400852,1.54671746912497,0.9416521830278336,1,password
4.035118067436539,489.9912530016029,254.49366967702863,3,9,239.2956490702592,1083.775674384507,-0.6389762900867938,0,2,1,-2.8062724925680254,-0.7090333481453963,2.467354382452668,-0.5341625941082855,-2.222163841380421,0,normal
5.071158224589572,3510.3235575916287,707.3057576565586,0,6,5030.540639666974,1770.3191341444249,-1.6009477138021968,2,0,4,-0.4488108275972329,-4.742560867199856,-1.6406175331807689,0.3796817378190356,-0.543662630231397,1,dos
3.704273780889725,1726.7524972478952,730.8734380994749,3,0,2935.596553231513,376.9456674349146,-0.3334760069171489,4,2,2,2.7108334484779104,-5.138674102408363,-2.164580246107556,-3.180838466947181,-0.5702486432172381,1,xss
4.7450003660693945,685.0331683115598,165.22395731060453,3,3,1299.772831185702,1190.937540851614,-0.4336749898239863,0,2,0,-2.807698043579251,3.46993045273313,-0.369708309900267,1.0508284938962815,0.0944108916421984,0,normal
7.481894912706965,844.5023969676115,656.3368197207673,3,3,1592.7843863368091,1088.4671649575764,-2.985432446075742,1,1,3,-0.2965052330537546,1.6917778505236765,-0.7740872269358687,0.7837142558054553,1.859834159584369,0,normal
4.939904344265823,512.9993114788695,966.809830682392,3,3,75.5009781734889,115.01630390817414,0.4290946305496438,1,0,0,0.3269919458987756,-0.8043381959394857,-0.4767264255822918,0.9626151606356966,0.4878207922425711,0,normal
4.338173968870753,554.5948812048655,167.2812326291153,6,0,3770.84805434818,1236.707118886667,3.5063602042136885,1,1,0,-1.3006178890283164,2.341678852233721,0.0108347358640028,-1.876144480767163,0.1270966032608115,1,password
4.710668496670113,914.9113959927898,70.62267837354835,0,3,1695.3611588601457,1864.938161321396,0.4306747678480627,5,1,3,3.086903862271617,-2.349003760006158,-0.465590963468099,-3.7026487733130313,1.4325837251713225,1,xss
1.758274244286615,627.6557200830729,184.39875455823648,0,0,539.7553485930279,1416.0147259264534,1.169449270505842,2,0,0,2.1482307254629927,-2.124320717597094,-0.756414221814714,-3.0327873624658603,-0.7496239340847968,1,backdoor
1.357795754402803,179.07746697966576,247.08708189031097,3,0,1914.1622547924865,1168.1586807446174,1.4366294222191736,0,0,0,-2.584702703717667,2.3886458888993065,0.4801890904655302,-2.177126087581556,0.1621018544833645,0,normal
3.113611678258523,35.115637213492754,726.4563929059184,0,6,514.0079067380786,354.6514285034952,-0.1239167559321692,1,1,2,-1.8368248982590845,0.9478830765142932,0.4680521881215512,-0.2592789477803277,1.0970262874014551,0,normal
3.888535294007456,992.2253017362304,164.00056477044632,3,6,599.403369695689,227.27411185565933,0.8637870774684991,0,0,3,1.7872818206688872,-0.8185062263841671,-0.927730808255124,-1.8029414090381344,-0.6602359413440058,1,backdoor
1.696227313340568,2362.915398564748,251.48578222916305,3,0,4902.516004002832,1019.8316744164388,-1.4920003129410866,1,2,3,-2.046951460614607,-1.9426796326747084,-2.7573520959275863,2.1862777976188674,0.412788248659293,0,normal
6.839748327735277,1099.9431146655331,427.5864582974834,6,0,3627.916651720627,1124.0500607154418,-2.2066638783314265,1,2,1,-3.015550291933841,0.1241545253322495,-3.029242212725036,0.7207072486810493,0.0014847469272004,0,normal
6.197918232710554,1133.219731081796,286.6719926731153,0,9,1383.710241522822,561.4415924231055,-3.480802177907377,0,1,0,-2.120442804988175,-2.1572241485003314,3.04319205140166,0.8214198885306956,-0.7346573403440669,0,normal
3.734287493427259,77.8607525175653,567.2273306152126,9,3,1844.8085648890124,889.9340657173414,2.274911217321862,0,1,5,3.729170524217436,1.401319523687057,0.6510054170423987,2.3789044282748177,-0.7485712692807021,0,normal
4.97009726356138,1110.5275294057742,264.80191588524013,6,3,403.824029531158,254.8921795421936,-0.4341693955796344,2,2,1,1.4814944119444202,-1.6128670296186072,2.7901629083151587,1.7065735455354851,-0.9521959363549524,1,scanning
1.7279815059187509,1216.379081346036,452.8818597264222,3,3,282.8562062588096,1374.3639395230896,0.7270695826149569,1,0,3,-4.117361936780854,0.5304612406435618,2.215063747215219,-0.6719453049347153,1.6532740070730525,0,normal
1.2881474053664128,201.2703172406835,1068.8886565911876,6,6,188.81210922655544,1921.7623174878208,3.239849372191733,2,0,0,-1.0832395803666717,-1.1120049879255405,-1.2734809424075642,1.0962765068881752,0.2775843807639991,1,dos
2.7673526885059507,244.68205903431684,363.210756375075,3,3,934.3009439687132,213.5807583735701,-2.9171225020396734,3,0,5,1.2803632618075895,2.071228390964807,1.3627820456186726,-0.4823332418764742,-1.2137177400326196,0,normal
0.5893133622461998,195.83383496893688,555.6056654353733,0,12,2121.5487020649502,1709.605677000874,-1.4204515117047856,2,1,5,-2.773167815137,1.7551194803889418,1.6302463495138753,1.9430444834242544,1.3797690259874424,1,dos
9.645945967462945,732.3403463263813,260.96062102784674,3,0,628.77890423298,1347.6760161382135,3.060090820246679,0,0,2,4.8234237950756045,2.4818699191548017,-0.5195837848360938,0.0803787845410775,-1.2056478762275569,0,normal
3.457056934393547,1101.0653220366655,338.8203306188289,3,9,625.1391387540012,630.7857230251142,0.4085172660756451,0,1,5,0.117880947798026,1.724120319143858,0.6158014681231996,3.9489044043473056,-0.6771579838055811,0,normal
3.880387737920605,987.314097278825,196.7598091733824,0,3,1010.501206515843,755.398916634775,0.681781910989672,1,0,0,0.4976161270935982,0.6242886306752903,0.7063293711657981,0.8450746085961368,0.0409038912531796,0,normal
3.143055418853474,401.754300639539,276.0313333969248,9,0,1703.6162634941477,346.03936091058006,2.1165729024732824,1,0,1,-1.0908372513123787,0.5272580782769326,3.1245065980913527,2.1188268844013765,-0.3117561690230791,0,normal
5.125330892805781,706.2778059573342,158.23602837527218,6,3,182.52440806146893,260.2356266804132,-0.376323444467981,0,0,1,-3.414677117691201,2.17971843944526,0.2636142923709745,-0.503246467479411,-2.5108387651946877,0,normal
4.229109422809792,1161.2586789702923,675.499216039466,3,3,701.7078010217125,943.0522460857708,1.544744198004999,1,0,0,-1.288520399114468,0.7995045045833867,-0.5018789627880174,3.8382559937940526,-0.9631739733014812,0,normal
5.469979087242657,120.246746577985,21.579759578118228,0,12,465.0418298350186,552.6427895780133,-0.9834515980690456,0,2,4,-3.136400803792184,1.681295575062672,0.7766539831400687,-0.0924398016507912,1.204555311756332,0,normal
2.210592088406764,76.34137235594174,38.849329551631406,3,0,3707.333886702569,477.1799855637232,5.231470371469577,0,0,1,-0.6924396417788243,2.857581652668558,0.4800493104309835,0.5033033521427652,1.5259081354152697,1,ddos
4.97520286970971,1599.4281447773917,171.29427904895232,6,0,531.4699253911004,2350.4586268096327,2.5810105138326103,1,0,4,2.5941337981867068,0.7945063360666194,-2.156679699710756,-2.270809304522436,0.0703932777151774,0,normal
1.1849582113837362,1176.4675671268033,712.598244763199,0,9,106.73283462859057,924.248338688084,1.659308170851019,0,2,0,1.2769463336220783,-1.564680959240348,-0.4291269099947881,2.742913124420826,-0.9339457986424776,0,normal
8.32607235652459,892.7597953272228,228.8487110375948,6,6,841.5044484859907,483.894759958602,1.116786405429402,1,1,1,-0.9204541267011008,-2.2257032676365345,0.4148642026798119,1.569602718116665,-1.191898656647712,0,normal
6.03096223248179,342.6259977335729,579.7664996571688,9,3,375.64639962911,1062.1651818983296,0.1089147332075326,0,0,3,-1.686813958009579,0.3592929981475625,1.3351975761570207,0.786752169530635,-1.204898235720996,1,scanning
2.3655275483184077,1396.2290173615982,966.7374492059056,3,3,3237.3441848736734,569.8033529063899,2.410302858180188,0,2,1,0.0284747938763962,4.115890227262547,4.076690491394951,-0.505151644563862,0.3945739055280161,0,normal
5.613238965231801,431.1252482608373,839.288825536217,3,3,116.96471071977984,1109.9796032454965,4.690889942486884,3,0,2,2.070994278003186,1.597264543604814,-1.1798823205873228,0.6418822142325484,-0.4773300127799701,0,normal
1.617659181068813,1263.8375808821588,79.61966384500288,0,3,1893.887808787584,643.7856156745402,-3.2083429931005014,2,0,1,2.0226908783843207,-1.9006822287328395,2.096104148182631,0.6652883788590562,0.7327738035155158,0,normal
2.99498149163314,718.30066559141,280.807320694975,3,9,1092.6548324087144,420.1609228110639,0.2968322032004342,1,0,5,1.2097666045919746,-1.173221734430588,-0.6895854271161969,0.8353628588692643,1.0610630953654443,0,normal
2.592542463744594,607.855689891152,246.44447242535597,0,0,43.39687318789344,19.96549383411193,1.014297754725653,0,0,1,-2.67554381228631,-1.2915885284957358,0.9859404427417732,-0.1148059857785039,-1.5040949961668024,1,xss
0.591521895025263,859.6029747613892,628.2165328683398,9,3,1106.09152020936,351.35743482622524,-0.6070676966727816,1,0,0,-0.6935173069161549,2.505351267324865,1.507321486570103,-1.4676222270524502,1.1292810990244428,0,normal
5.097388591387308,46.37207472414473,16.98858825592285,0,3,501.0462134931423,178.26481706392624,-0.3766895466706098,1,0,2,-1.4530185922692866,0.8203370939486883,0.3082166582387309,-0.660099067087064,-1.0412264844051091,0,normal
1.847589801230365,1186.4471314048808,384.4552194784828,9,0,2060.6810547173886,986.7416278703904,-1.960183452464604,1,1,0,0.3259988817158239,2.498942976560666,0.0825414777378075,2.927315862695578,-0.6355613929138864,0,normal
3.9433995423525774,395.7553459217976,94.3309948945733,3,0,1073.8793899159614,810.7865213404631,0.449219389424673,1,1,0,0.3035132055603233,0.5078225608953028,-0.6147596430314006,3.291486814385495,-0.19079963126756,0,normal
5.124319236069521,1901.1301423145983,325.22251019614674,9,0,1951.17862390276,2129.857638827435,1.2232696586868002,1,1,1,-4.150066783410665,2.040441375748674,-0.9730300556634016,5.092966851643679,-0.9663754534848292,0,normal
6.12716440561801,885.7687417749275,150.2364969482052,0,6,1787.6452267639952,126.4515844340382,0.3884283810252029,1,1,4,2.3068191467410832,-0.2712224348482603,1.8178271148693408,3.14558782743591,-0.0644112347227636,0,normal
2.9360641067380144,402.30283197661873,349.99365883045874,3,9,1087.4881321219573,64.7509609191566,-0.5841956366225378,3,0,6,1.0611751692484248,-0.516208346960443,0.8154540541694584,2.767349510684336,0.0994663475841212,0,normal
1.6140894458843704,209.80385669541056,331.88022349124384,3,3,3127.4746477088725,457.94710934504906,-5.809691474864833,1,2,2,0.1404501120936301,0.8678218499799246,1.0096330125827686,-0.951996852060862,0.1324794387564783,1,password
1.538457851482549,808.6339781896395,398.05222575083,6,9,556.2637635430528,868.4380745972611,-1.1478493661693958,0,1,6,2.483635387299529,1.927109878925222,-1.0091872124879495,1.194987554041095,-0.5796853019545577,0,normal
2.812576310244796,223.27479478732536,611.4394938172835,3,9,1518.352816865622,220.6471183474572,3.3899963211074766,0,0,2,-0.7412244969396047,1.7857134546334474,-1.256866303244785,-2.1449117158998003,-0.8834575512586356,1,xss
1.577060616695153,1603.7478593106407,85.14250782187068,15,3,2973.52971143416,1773.1976366239048,-2.485111469104412,0,2,4,-0.0254983579016803,1.2893439308746009,-3.6949074863021623,-1.8310982659895256,-0.9136483771499054,0,normal
1.8359998727915023,648.1793679021323,902.1305006717328,6,6,1105.499042172235,2169.863907114483,1.841530352370052,1,1,0,-2.5459991764124927,2.0960453909547656,-1.3263166165608566,1.1528211788577327,1.0114846258414527,1,scanning
11.1064026945146,2492.090566257646,7.201104404791092,6,0,3630.099804553868,1098.396267617778,-1.708189426893903,3,0,0,-0.1716597652065961,-3.816758536899507,-3.1281006806066767,0.1348420332167685,-0.5663430264924633,1,backdoor
6.58481733394233,61.22137949585493,651.036266191845,24,6,39.02447689645295,814.6821045825479,4.278982469235948,0,0,2,2.291391437814196,4.202357939868529,-2.360729944974805,0.7751774458229224,0.3445093859246066,0,normal
0.6392076497194517,2441.0173840009625,687.7485342598272,6,0,551.6220674859663,1336.765706193588,0.8761620575150848,0,0,0,-4.742376237826789,-0.2022522733302439,1.705108014900495,0.2850992719960229,0.6486624768877665,1,ddos
3.4103894328674595,159.9400520227074,291.41817138264696,3,3,1203.0467905450275,2378.385094443172,3.9559543167394136,4,1,6,-1.7694092202391698,1.2386937660564648,2.9798375844077256,-0.4906172673842699,0.2314638838715584,0,normal
1.290033303263598,679.1986392328887,887.4597963999529,0,3,766.6516116362047,1712.9902929204295,3.4564317251057237,1,0,3,2.489656297807717,0.4782169819129055,0.9949018670218877,0.8919813548579629,1.07618364179333,0,normal
6.798224268606413,971.3445584678308,766.6604357253472,6,6,1434.6644338837425,27.73263200471004,1.7312707702806382,1,1,3,-0.3893376888717632,0.7566919394450362,-0.9607517390882376,1.0920725141005256,-1.2545398693951113,0,normal
4.609638282553058,1650.245447556527,468.7917485116654,3,0,2618.7631751561107,317.2478714507138,-1.9862395287661223,0,2,3,-2.440175507290605,-0.2926200129188432,0.4583494053249635,-0.612189642285966,-0.4272157610552931,0,normal
0.2751890874356732,1970.7224374888704,249.74774969804471,6,18,5315.714885211432,1626.3148450583665,3.905982107017991,0,0,5,1.9551497034294696,2.8304692629885366,3.210330266879928,-3.720436176395774,-0.0612762858115955,1,xss
1.5285584613996734,1719.2349538670685,315.42365445997564,3,0,3697.3227488176512,1379.548361104428,-0.9118139593924628,0,1,1,-1.7140606679262094,-0.7100017141272139,-2.080576279350085,2.6570776821431177,1.6431370841066282,0,normal
0.976922461236357,177.98322878216732,359.2715186196179,0,0,17.438180003411794,70.39276797719933,-0.631937642898806,0,0,0,-3.0213549310850545,1.180287521978587,-0.5696254577698396,-1.6606043907215382,-0.8588116147650184,0,normal
8.42442086244278,1433.5303029687502,268.12851291702793,6,9,1337.0150730722737,795.5516861670284,0.1306839314879961,3,1,2,0.7752916066323983,1.5625742620925398,0.5737940759753161,0.4693025344975136,-0.93023285644733,0,normal
1.7637731174462403,914.7470119098402,444.71390598571776,0,6,297.1823640750346,453.96702490907137,-3.1873050385610737,1,2,2,-1.8454166313230949,1.581702449970006,3.011614005262281,-1.4381833482820905,1.4096617115540129,0,normal
1.2421051554997466,1702.2646539343364,88.55101405073538,3,0,3042.9514028490066,1153.9992232433108,-1.1377763258843117,0,2,6,-0.0869702786716275,-4.521439799451885,0.6709834158073383,-0.9539880970811904,-0.3101600710826718,0,normal
3.750626120006648,574.5468107666331,9.153134970640542,6,9,54.22267393300613,956.6829314626044,0.2517375311175087,0,1,4,-1.3326926669352508,-1.513938576813478,3.2190223186438187,0.2494151448100084,0.7087235469346416,1,dos
6.155264797519678,1268.077521579139,367.3706173791161,0,3,3625.0589337673127,447.3404545124778,-1.920128914881448,0,2,1,-0.5658215041205518,-1.721521298612877,-2.3744855447495734,0.7256470221011478,0.2250020996365747,0,normal
0.9550941419832726,1909.582671716028,151.61591500947074,3,6,3273.655335510715,1229.6821023396867,-6.184199812465352,5,2,5,-0.9905985412998696,3.1604167407832007,3.5071829244628256,0.3247533828306161,-0.3579090422959822,1,injection
4.226692664475855,459.7902700881208,999.8095636882564,0,3,3051.701458321888,1973.495170463635,1.2067722400111534,2,1,2,-0.4329026703890754,-2.861910904427707,3.566649037957,-4.230053255738438,-0.7438827866821327,1,xss
1.8862426518010809,1298.2532441221256,334.3564378694442,0,9,1112.8174774352815,2766.608467455137,-0.1129161230166078,1,2,3,-4.274057319988973,0.1611150562996834,4.415656669719077,-2.6665813580296733,-0.4417092507063541,0,normal
0.2664314882386391,520.4710861954758,180.5019920376204,9,3,2576.88288639484,1152.4523273253958,0.2455646394895612,0,1,0,-0.2587429482939091,3.342058493699726,1.6443191354574462,-3.429706814846859,0.1116803761552011,0,normal
3.909851593938383,592.5204415075318,559.5792340999084,0,0,404.7861127752832,689.5086166296845,2.0816973961719456,1,1,0,0.1487902238638034,-1.146905400294131,-1.7896997125442209,1.1152735144894146,0.0427906142477743,1,injection
3.024385086770915,210.4828134374007,108.2210171189245,0,0,102.861022828684,201.06443692995143,-3.0984307806813067,0,1,0,-1.6959139445965683,2.4258848411086267,2.7100661080556483,-1.8047477028844368,1.1299493612832203,1,ddos
1.0511296605762306,413.387629464198,295.9917050120225,6,0,2209.058666790318,273.3264301968895,-3.856288679746269,1,1,1,-0.0144131063443135,2.1255890632680225,-0.665807308562507,-0.2965890365444812,0.395525269181027,0,normal
1.7990164780184934,1260.4714202297296,659.852946954796,0,15,450.5950784548163,971.1152188774198,0.5732738970374354,0,2,4,-0.5971554117795408,0.4996582663062074,2.601225949461316,-0.5826584847596326,2.5133607912889917,1,dos
17.58849956576372,295.26279025710454,621.8761967843451,3,3,407.5919156109347,617.2044198899266,-2.02176296665996,2,1,4,-0.6439624607345508,0.9676184443903092,-1.5939861566617566,-1.5030315503005436,0.2176764669929557,0,normal
2.892873639683997,1258.18430988458,437.8734667499176,0,6,1396.7629966787486,1548.7933581836594,-0.5153862067301181,0,2,3,-2.666104117006059,-3.777454980554072,2.1798190801980075,-0.2852530978557718,-3.5567032524270923,0,normal
3.2626072166643096,129.02389488583998,820.3874712039135,0,3,3933.981240822359,1682.9951199766335,-1.606323619056106,1,2,1,-0.1462632002821722,1.39878341699379,-3.50894377259659,0.4659459046638377,1.0573074800565792,0,normal
0.4006722603179281,511.7004321988712,11.578245707485856,3,0,83.37444494230053,44.79792759213142,1.777146106064742,0,1,0,2.028081638147246,-0.0677922914042559,-0.3275667739241306,1.6986880091657357,0.4059436091626153,0,normal
2.876032033233922,1481.389422648733,667.1121445417076,0,15,1051.2882372495787,1098.4752517772831,-1.7657845220371935,1,0,5,-0.7162611470969116,-1.0417328445542593,0.1399589832482148,-0.9181912172996178,-0.8033301395529737,0,normal
2.697945122609253,1064.2988066508613,410.4502834408805,9,0,320.96915875009233,638.7023606909887,3.212630309886654,0,0,0,-1.8946531962045752,-1.8326851510014937,0.4505902047868995,1.4287755363481105,0.1645623300075374,1,ddos
0.2189468081988227,562.9815943123211,29.238264035828248,0,0,1461.4959968729022,1637.2008531196389,-0.4809386062980804,1,2,1,-0.4650091118006291,2.0302934801686527,-0.7500542044744014,1.5451882211878645,0.2139385808521267,1,dos
5.128420146140138,841.318431886112,341.71353122587624,12,9,1697.1821077563038,2710.023503904249,0.8655680826663146,1,1,1,-3.763957030111517,2.5234736129399806,1.4026567735286983,-2.5953895522371395,-0.3610966034318466,0,normal
3.059340362438162,225.5319098492977,802.9895332201896,12,0,618.3539160568596,714.7239941931487,0.9607224757577666,4,0,0,0.6498677463740093,3.50110640311571,-0.1392978301155794,-0.547566876538081,0.2220284485401246,0,normal
5.213064890842139,561.4253465681944,176.209664593873,3,12,874.1793474492379,182.5061909778739,-0.0053371882820834,1,1,6,0.8946194471247897,-2.099303517742664,0.7444951181178663,-0.8526350552385655,0.9794222828426474,1,password
4.744543707660131,300.0218912434927,162.42056638971204,3,12,100.15406320272882,542.7721130897302,4.140410532780916,1,1,1,-1.8479760417576072,0.3519389728744344,0.5213503869654768,2.710639011748312,-0.8697756802973516,1,ddos
2.715646645229453,889.6336410135037,545.2517789924558,6,12,39.37049134004467,1035.7195380691146,0.4861702210051173,1,0,4,-0.8527344361849238,0.3798527080631226,1.878380354507352,2.010000444276536,-1.1013862330699162,1,xss
7.085979505570235,507.6852249933507,37.8409310733776,0,0,396.4075325501032,1053.453771526011,0.3987890052315084,1,2,1,-0.1701818715206633,-0.8838949894331203,0.0650546514612746,-2.166884099179268,1.218268838214834,0,normal
1.6398197755994843,692.1610088074059,136.25897284884948,3,6,160.69443439509038,277.46232162183315,3.185904431321446,0,1,1,0.8766532956475619,-0.6196129254268373,-2.689344668803754,1.4560942591655242,0.93075947178448,1,xss
0.681999030382579,369.49055873452096,198.9736482209867,6,3,482.2070882011912,716.4249661478505,0.873606872657674,1,0,1,0.4897720985034366,-2.2016874502993,4.564330714513057,2.189598359106453,-0.7423211476116575,1,password
9.559440486179234,232.23155987258335,984.303551257474,0,3,893.3367741413839,2.654996783846885,0.4308283499926404,0,0,0,-2.0240104575916944,-0.6805466210539002,-1.3270567005595442,0.0530543941973873,-0.4551020402880031,0,normal
1.6577669765256915,1037.380659891299,426.6151138949009,6,3,1048.270683408907,692.0858243556412,-3.8155606874732326,4,2,2,-0.5816113240718764,-2.021441357539969,-0.99937227414928,-1.5498198130308325,-2.183282598200392,0,normal
4.087187903235051,2493.0274841826526,225.48096539605967,3,0,3780.881705865281,151.61886391299103,-6.1973004606040005,0,0,3,0.2028454349850084,-2.769482336707757,4.448699299777077,1.1299039244265263,-0.537777376012559,0,normal
3.6541060829299936,400.5673128461624,1023.2181829200824,3,9,392.7858716613704,319.3139171056848,-1.736099672314538,2,0,6,-0.7832314173910038,1.9024187289178345,-0.2995126007576754,0.7728019727208393,-0.487136184661219,0,normal
1.5739284647805318,455.5780862399986,182.54777793224773,0,0,3642.863931133437,2378.4052847926228,3.374785722390725,1,2,0,4.106846625941358,0.7424316337233077,-0.5707709285742424,-5.015445044546623,-0.3543031800096191,1,dos
0.9224641446799652,1692.1892881579076,23.54686636783901,6,3,429.1198015433177,1075.7424948496516,1.0962520079111864,4,0,0,-1.9699792780157928,-1.42993407924518,5.265586253605671,3.8709433695934017,-0.3405122697413087,0,normal
3.0538429908719427,1797.7541562726467,246.65399490291705,0,0,1528.7667081419047,863.8303255413346,-0.0846523238638852,0,0,2,1.7200231636560523,-3.652284111450778,-1.0315925709825895,-2.590143032620242,-1.7787829639715058,1,ddos
7.653151917749384,229.5965053128228,193.88517352893228,3,6,121.11952859047,1858.8323412409677,-0.5848886198028365,3,0,0,1.0074074490677425,1.7931775724158974,-1.5962431806678206,2.643119411788456,-0.799408848546187,0,normal
4.286948298052465,237.40504748184463,780.2386745013905,3,3,447.5214765944811,815.2061334568281,-4.469003894547647,1,2,2,1.4004186432239816,0.7820819415826981,0.8300734697412622,-1.782369445984482,-0.3365372635701451,0,normal
1.5785199323440104,1285.9936249303962,93.51436517979336,0,0,2561.448540441673,1899.367675801549,-3.465350086588725,0,0,0,-2.896328287301918,2.2842042108465304,1.5820772925672792,1.7765768765332597,2.517325110773022,1,backdoor
1.1796013002155916,349.3757456299325,54.69933988750275,3,0,550.3014328185083,381.4661700846823,-0.8865765473868805,2,0,1,-0.1529899047160445,0.9614485059127368,-0.9399060213432172,-0.5070304710038575,1.8000320508122605,0,normal
0.7657807522233683,501.9296791016666,196.745208441054,0,9,2394.021466290989,494.9724927050356,-5.903769646264312,1,0,3,1.3721058026488746,2.05233646498666,0.5637257277028934,-2.3655303362565103,1.7042440850965856,1,injection
0.0545075533119552,2840.1142978007897,569.920881348718,0,3,2718.8934745608085,2560.405979028508,0.2457404823294013,3,0,1,-1.891627307181936,3.193878278644737,-1.5511865874705777,0.5374043974512297,1.558122445371834,1,dos
6.540560845497927,329.1169393747456,1018.003190483223,9,0,181.46494167725356,631.7997221927957,-1.9380297045790809,0,2,3,-0.4775023687387051,-1.502980138776409,6.668924131577752,0.3795372349446808,0.1004085707262597,1,scanning
0.4067737711566638,965.740803976094,737.2866484849326,0,9,3988.614745084452,1839.5204019180053,2.829766304814525,0,2,2,2.470039560421589,-0.0452824279976891,2.388207706219398,-4.69112481184744,-1.634591043254159,1,backdoor
3.087021620937493,170.0843341069051,572.4573603443804,6,0,2474.094514245301,262.5802626399485,2.2650371344510347,0,0,3,2.234480924721516,2.735344189568329,2.772258130491334,1.756867096789886,0.8099320164457778,0,normal
7.068468172954587,389.5871337740179,38.54286640793755,6,9,940.2895706117368,242.40453178189583,-1.7987077724865137,0,0,3,-4.417338803767636,3.537341389368,1.0409292670419696,0.4364016508016248,1.0478496535049444,0,normal
5.5470535742786655,768.4365827766521,1203.6867023467212,6,0,2759.933758378374,1629.5981891043702,-2.3813845709503294,3,1,3,-0.4537828917834277,0.7465297239387769,-2.4558687026803363,2.5390967700829883,-0.8693956377585049,0,normal
0.6348814291036643,617.9251895836081,223.97144359802104,6,3,468.6457267341572,242.49486723388304,-1.586469320133323,3,1,3,-0.7201916079211128,1.1742344344237827,0.2873516720330535,0.4621156532897442,1.3435988462321953,0,normal
3.280702071127581,36.78821565923651,127.45844723493931,0,12,59.12418712512816,582.6535834574369,0.8420267324348816,2,1,1,2.333879713384409,-1.3185691702145217,-1.5187096428601987,-2.6356197823509437,0.3237651929096848,0,normal
1.211927506227234,1103.544393898315,120.4625157199573,6,3,29.34674799138956,642.0483637014491,-2.506361402251001,0,0,1,-1.2371650931056344,1.189668258971922,1.786303551531529,-0.9360112179373924,-0.2011547526298194,0,normal
3.5836571773856605,182.9002631871699,77.60660254451705,0,9,0.8754107993274085,1476.4909276651567,2.174398772955368,0,1,1,0.4640915645449287,-2.6441132204520086,1.799639731375735,2.4866787247379696,-0.384992632333573,0,normal
1.7609160827039352,1041.2051983678052,702.4320477976134,6,3,2829.219375702575,367.06984024083226,-2.7796557878897614,1,2,0,-0.8857899888670362,0.1798420999333321,-1.636470521574339,0.7246953818770931,-1.770443629113529,0,normal
6.691116962285417,572.4119532160282,106.56382331760194,0,0,655.3564708423039,670.9036113470952,-1.7872592866241686,2,1,1,0.0472527825529178,1.6653964430466432,-0.0754492633629559,-1.1348058888077792,-0.9247783085753982,0,normal
3.7693092858450656,562.206988185569,703.6002745043342,0,0,2379.028660642888,1205.0516557955734,-3.774574065352902,1,2,2,0.3562325731251949,2.020692342563557,-1.5014599409070524,-0.809779992172899,-1.279843960229874,0,normal
2.2308108212273106,1553.8232792867354,224.0053863251904,3,3,1012.125275213418,22.576333719960253,-0.1163577714146388,0,1,0,-1.7810330034619313,-1.302376703262438,1.8405485868003488,0.424890535251076,0.9139573454938704,1,backdoor
0.8823174787906403,1850.131340124584,541.5549346227966,3,0,1948.6554497340053,319.90178518777054,0.8167829025323085,0,0,4,3.661080592235555,4.84815907429398,-3.830705570297318,-2.2538809495602745,-0.2812565940938508,0,normal
5.431388341263098,808.722387295362,208.94183285453272,0,3,1387.5543915030137,856.1434344179054,0.9384137038384404,0,1,1,-1.897427797301028,1.8098538181800965,-2.2789184334775534,1.9397637963022036,0.6327197108028949,0,normal
6.476677600625314,2093.7195712985176,274.7018102378695,6,0,1447.573719840041,1428.3071134005716,-1.0085046002705598,1,0,1,-3.694557840568028,3.2584966947930853,-1.4585057416737688,1.2015795088201142,0.7110833165582069,0,normal
2.876017469417945,2139.254927003039,1014.7252700587682,3,15,4359.995787719825,2427.303212960624,-3.779547983739522,3,0,7,-2.962871894231462,4.042680532112003,1.386621249687494,1.2599919591173954,0.3103932734508285,1,backdoor
2.45221002472736,659.4024976762288,924.26847757466,3,3,1458.5998288126896,203.3958035099706,-1.9079291674563887,0,2,0,-1.3071752759092146,0.5096362157849637,1.2683414181847956,0.6307139627338837,-0.3422121073935161,1,password
1.801090168156665,378.6789511840947,352.8592004659998,3,0,1905.8154228535768,1066.3759135766347,0.6136083412634503,2,0,0,0.8004173353245279,0.7796091452104226,0.5673089730375317,-5.010448850155663,1.9778812741582343,1,injection
9.013246982833758,1332.575609516542,1048.6805917915171,6,3,4310.926571482171,912.114786107944,-0.7992124094450832,2,2,5,0.5723932232612969,-1.029051997860466,-1.1142891485886357,3.785524360927844,0.0546505345353813,0,normal
10.420214622701412,602.8285385925988,16.228783293349835,3,9,2189.046115788285,794.0071208206576,0.1336006578728938,0,0,1,0.1681657529933422,5.057775034616363,0.9538332865253938,1.5764314427648776,-0.1974397793067239,0,normal
3.826157994885848,1014.7678783240356,261.9381190036928,6,9,464.0151007883056,1264.9492580987535,0.9223016258349226,4,0,1,0.5358514588496311,0.5120571242195944,-2.138653040455554,-0.8868564051661425,1.4068288642729008,0,normal
0.399797020748282,130.22255003955718,1214.389217000291,0,0,904.5209507043152,203.99835946346525,0.5134433666972537,2,1,1,2.0712455397865828,-3.624892817190666,3.9212567842010673,1.963829164177485,0.6065133179667328,1,dos
2.010945722901591,1096.612709989713,539.0207352501852,3,3,1996.7719461874344,155.55931256289728,-0.964231404825435,1,1,1,-1.1847970326921426,3.1954235363272003,5.192613973673962,-0.2892023859279067,-0.7145051901934218,0,normal
2.485020345414725,738.3945107336642,100.06799076974158,9,6,73.01126486770839,261.4440051986267,1.880432884810708,1,2,0,1.695567178623866,-2.294714601592814,-2.8982090659766118,-4.400591224298735,1.8471560278980197,1,backdoor
4.716104558059715,1003.92723200438,45.169200589728185,9,3,481.034407325963,1201.9449374157743,-1.64664328740225,0,1,4,0.162239832952677,1.5402951607952966,1.7608620632511411,0.4159386226390911,-0.009477625321631,1,xss
1.823709910448019,404.0761475349693,209.56626237686996,0,9,1429.3431755458998,167.55828951877697,-0.5541634573812604,0,1,6,-3.6072977007692657,3.4782434500218318,1.4485980100403817,0.9140795970083084,-0.3775550225617418,0,normal
8.301726484541849,20.58501486945541,962.0169940757878,0,0,71.59496308120143,308.6846933943403,-1.7277141591569127,4,0,4,0.976817352573103,3.0234017209995825,-0.6345173004538316,-2.28456455758373,1.156205512705008,0,normal
0.3770116891568614,768.9976944875318,723.5496171831809,3,0,1004.3590290804055,1483.246214555719,0.5186468599385643,0,0,1,-0.6202938522239496,-0.3383397660181193,2.215096688028231,-2.0036487351085337,-1.1806995679307446,0,normal
0.5587288944434174,906.0742288265424,420.93543382208696,0,0,459.2886304524909,923.0785181012568,1.1755212910710109,2,2,2,-0.9808388687898704,0.194710612848737,1.354680494686864,0.4786236001860151,-0.6721527829530501,0,normal
0.3340297375864982,1562.2137018982728,113.34016124063264,3,6,531.5502061392629,1504.410339559657,-0.1104656118807405,0,0,0,-2.7044914464994987,4.277421780301484,0.9993399793363767,-2.428529713682786,1.1156416726453755,1,dos
2.3543962083043404,143.8626146980258,609.1412483455491,6,12,1947.9810938321468,2707.0739924733903,0.6224222890754667,3,0,3,0.4103552191735462,-3.513645722161714,-1.8853809419340573,0.9129767997936488,0.8296220804988775,0,normal
3.00341526137058,453.1888393495341,240.52833784704848,12,0,1404.297153515255,617.4036708037008,1.0901364959975084,1,0,0,-2.653472555820674,-0.1757102697894752,0.0317996462378951,-0.5823729144219916,0.5835306574352269,1,scanning
9.562053373318095,416.22860896904535,737.2541099923419,3,3,738.8682376324196,435.0401222199174,-1.1381658075196517,2,1,2,-2.857447709900864,1.2665572388492785,0.3844272861724269,-1.2835734314817575,-1.1109222944600836,0,normal
9.308113560526492,1373.6343301407203,115.32830606004596,0,0,1281.995432321451,1645.984560653604,-1.0157411432166958,0,2,2,-0.6534580228047335,4.296601487899118,-0.4912124475442592,1.6509895537218278,-0.4540545434209613,0,normal
2.02133329282201,39.44555734203081,258.7075274859107,3,3,149.31471215375177,1293.4543320028845,-0.4725797399717943,0,2,1,0.914252449434328,-0.5842861179307302,3.908673006237664,2.186231613660913,0.2136378594217871,0,normal
2.835597158984377,804.552828216671,364.2870354167587,9,0,1791.392927515361,1324.0383333931725,-1.9395584713813017,1,0,1,-2.118288210848116,4.233144865875454,-0.8123030307744363,1.397171775669399,0.1624764883391326,0,normal
2.998047756573983,558.1048607362682,239.8415555308793,6,6,1785.6383965491957,324.824984247066,1.4838011919098268,2,0,4,0.5806650043512693,2.5480461510003547,-0.4883460941337219,0.2120251009247482,-1.205839764860308,0,normal
8.995514349796581,503.8083923574257,571.4759810834981,3,0,569.850718010524,1729.3570183844197,0.4177242059343699,1,0,3,0.5120556187631492,1.232056639302226,2.463870362879771,-0.6178198897444243,-1.6406435335769325,0,normal
0.7351607520291548,1343.2835234859012,37.04378643954512,3,9,1797.5291645516456,933.6977335593932,-1.2120712329916634,1,2,2,-4.9988533033005735,-0.3100168705254778,0.4598891871505215,-0.1362669793114481,0.582330160219776,0,normal
2.5009303695527594,1724.144826681001,203.57741046645967,0,0,3230.769507502021,2296.2380722699736,1.8292563072322785,2,0,0,-0.4157372656729576,0.7834809810453451,-3.127220679037688,5.119766952822659,0.116804149946062,0,normal
2.461955103234948,313.66529630572626,24.08097406187641,0,6,1141.902915939546,757.0231123001536,0.218745634821476,1,1,7,-0.3393510225928353,1.8809601535096083,-1.5824360964847606,1.2321424452055585,-0.1137110402372508,0,normal
11.102369142293457,431.3228171759658,466.0206622216431,15,3,755.3382737645776,10.955389291620348,3.870473552635605,4,1,2,3.3444539854067417,2.305493176397685,-2.272479263698929,0.3677152752987584,1.9686040818369628,0,normal
2.299360678340723,1468.1346252472165,228.6627856367264,6,3,171.14947038151612,28.086337358420444,-0.1388098713997669,3,2,1,1.476069909925258,3.1402392728626896,-1.6078005870432344,0.4287385728967287,-0.0673740326508572,0,normal
7.003742285184496,317.679168010314,1282.532564621593,12,0,1190.9291351521483,1463.0139974690017,0.7487835106927149,0,0,3,1.6035059578529145,1.98434926269906,2.2820068430162967,2.9489174626748125,-0.2561185043445072,0,normal
9.922005315258506,398.970287289286,83.4381670094946,3,15,690.1108523743738,629.1796122582,-0.3299741898345729,0,1,5,-3.116418669860324,0.7199507954498824,-0.6109951884607745,-0.1794590238532325,-0.8554603861165382,0,normal
1.2289656339982344,1121.4663895283804,1321.9272440058942,6,3,383.2855520170596,661.7859671847514,0.0292125627468096,0,2,2,-1.8260719062991349,2.065625047562214,0.1267870665826931,-2.7453007208207465,0.7420478528476476,0,normal
3.199793398049584,1283.068428621017,186.1015998363076,12,0,2035.908276170852,1553.1360463990618,-1.6849037023231794,2,0,2,-1.3078356209705548,1.1120618901359829,-0.6918006587360134,4.614156490494501,-0.794721896893719,0,normal
2.1981325978794475,1160.1231451214687,90.2553452859955,0,0,2094.542335193508,1023.1801863064572,-0.3478527189944618,1,1,1,-2.4930529831374337,1.615231567541319,-1.2503709883468068,1.0110451159486278,0.0402311465089833,0,normal
4.660159317339103,870.1128368238382,177.47121646339204,6,0,573.0253680278588,430.5136723164595,-1.9745602600277232,4,1,3,-2.582740382550808,1.6276458994138905,-2.4152981086766525,-1.0263668106311246,0.2004904975612779,0,normal
3.072754820030214,228.10791926131267,98.32019174755024,3,6,1571.311357508629,1266.0445665389614,-2.7033639784998487,3,2,6,1.6170452206009231,1.1118878544281323,-3.1826026703707715,0.0023946213461301,1.331262446091311,0,normal
4.764191682334381,646.4567022008844,266.27536523266207,9,6,2059.3292827849864,3141.672754876198,-1.3375154236039073,1,2,1,-3.0598778233622004,2.4267265029119898,-0.3626453747259612,1.1998658063604812,-1.3165297043644248,1,dos
10.831695519915725,1803.6830919099648,597.2212891822435,3,15,138.32442637404142,672.5654174832893,4.143464840858373,0,1,1,-2.431900659064896,1.052288605620135,0.9758932774034056,3.024782366166516,0.9488947822578472,1,injection
5.862836545779942,581.7721357411255,793.9913848373933,6,9,1038.1911970092697,173.61954043942836,-1.2292601112346164,0,0,0,-3.756056236414894,0.1075098648954526,1.559346691728555,0.4025099508736827,0.514819976020356,0,normal
5.157034297968458,695.6466178875618,265.360522662982,0,12,951.0635393406308,712.0600211723844,-4.798976289633364,4,1,0,2.87732922333696,0.3855544026836547,0.5405310408263153,1.0117140064137344,-0.5928849414179181,0,normal
9.5512107688591,156.5278124926412,332.6753987869601,3,9,1594.8399752696482,1279.9273930216802,0.5684390769518898,3,0,3,-1.6304988471811293,-3.401302545698952,1.2123751087255754,2.215210829620124,-0.9465227053722371,0,normal
1.5521679324247568,1646.352874640956,317.5332730072929,3,3,1907.5085347514805,2733.897040695129,4.985317669702034,0,1,6,2.596674497261761,2.2548768931322067,0.1640408925556096,-1.952399025386631,-1.4076302455455474,0,normal
0.3518056661956598,2560.481174570716,149.02705599285667,0,0,888.6434927989203,653.421693638083,-0.8924863555447027,0,0,1,-0.6820143260027116,-1.1186169398307035,1.43666978681294,0.5041964517517118,0.9538970516141348,0,normal
4.43143999715569,510.38137234993854,212.7959948404331,0,6,517.8613616291169,425.14440484088993,-1.6051163377822055,2,1,3,-0.9463892840815444,-0.1594622641591307,-2.2216468585895184,-1.3145668198953897,0.3749653473312255,0,normal
6.059265377407943,1607.7727415756544,190.40696721048135,0,3,500.1017431430308,1685.640159294341,1.1535374497649762,0,0,3,-2.59479030711055,3.5780677846973266,-0.8131106983614544,3.2037772092807497,-0.6032001338518225,0,normal
7.632174121340784,256.501417540614,725.6593125488004,3,0,929.7962667309266,745.5580664581415,-0.362890899019106,0,0,1,0.8440615190290955,1.1966730720687822,2.0984338762406325,1.439000833013424,-0.9281087740530084,0,normal
3.005102837334579,55.071230586346,645.2728061314023,3,3,2568.334358426762,106.36924763253803,3.298208050559687,0,0,2,4.98522303460383,5.140816745893228,0.3454580864247958,-0.4072635388447558,-0.4713287484879417,0,normal
0.6251622090418831,1054.6174632913114,680.6730461436588,0,0,1185.5497938641397,399.4438945025922,1.542355807761548,0,1,1,-0.0745633745039788,-2.33595889602102,-2.304102978534202,0.3302526975279063,0.0950135735757193,1,scanning
4.161087353765284,80.71503766769916,75.03049463119861,0,18,2157.6009019079697,1460.4461923934157,-1.1198012820225167,0,2,5,-4.481571364916258,3.210330091564217,3.344174542673686,-0.2115663297134397,0.2373466614917816,0,normal
10.023537084647744,158.87452258023748,237.74944037662567,0,0,465.4122660070148,1591.4418993220677,2.114625828279909,3,1,0,3.269775835028427,-2.578227882371795,-2.035149764489818,-3.047570808231275,1.5518550175128072,1,password
6.984959754697967,201.8596958219669,12.812198564827618,0,0,1848.3422460412903,723.4412232750435,2.8280806469619257,1,1,1,0.5945438822129427,0.0288556246499906,-0.8977967715165093,-0.9769964834786764,1.3170688612057109,1,xss
6.923186116115386,2683.653285589483,219.21242424056024,6,3,3837.964160861063,2094.894141852811,-1.081561431413818,2,2,3,-4.1350440502462575,3.5999015993118286,-1.1060269350183562,2.6090191227093973,2.4070727800318994,0,normal
5.365193850095204,699.9017527744529,99.00155180938998,6,3,2799.551938644779,594.9758504665862,-3.591422202283921,2,0,1,-0.1547453515449526,0.1871837487641698,-0.8435496342745106,1.0514510995476196,0.4734158663130109,0,normal
3.150225421700912,599.4025057022384,245.73243441205383,9,6,1182.893022831252,381.8559308642676,0.1167856358289998,1,2,2,-1.7337043607322298,1.700930974019412,0.630468358523379,1.472753539762809,-0.84841152379133,0,normal
9.396344932656188,296.9587311073131,466.9313811071312,3,9,124.110428116638,1011.4158206862048,-4.599613229758091,2,2,4,-0.9513706506571956,1.4742197532549648,0.0383232640259045,-3.0352106258307634,0.4393962104230774,0,normal
2.256162808613745,250.6321830888172,230.39283223297872,9,6,1402.138658878025,3175.490554215455,1.689903180216235,2,0,1,3.6412974961771294,-1.485866971290418,-4.361201580416881,-5.294135273983276,1.245713144018877,1,scanning
6.207190343918674,1929.4689382232025,185.48706499758933,3,3,931.9036625222512,677.9873528077467,-2.3099188217613635,0,0,2,0.5840878501384734,-0.9268858913845228,1.9437460603056875,1.8097847837235048,-0.1490540069301492,0,normal
0.8874450772086506,206.41266912444613,358.33358273940274,0,0,1008.0701953790646,424.3167838454988,0.5820684287216649,1,1,2,-0.7917793367859894,1.6428908490727672,-0.7045645736703452,-2.045282065346579,-0.3421557487775755,0,normal
1.6740639343125014,154.7052912866004,1122.234244073758,0,3,230.6519900885528,729.3737442505435,2.8930150021014427,2,1,3,-0.2785353725139647,-1.069756481160847,-2.2855440005418624,2.122009146126808,-0.3916003163027134,1,xss
7.41885617792969,323.49195637811505,248.6197583686584,3,15,1681.1068437239448,235.47398815667052,1.6458432082335388,0,0,6,-0.3302554752269963,-0.1664249170228411,-0.4763832153124006,3.313640968567316,-0.8664854054824697,0,normal
3.82614888448872,1099.9900203944792,767.7635585058695,3,3,293.7773383270122,321.94811119469733,-2.8341314544240355,0,1,0,-0.7935593217753747,-0.284045016907781,3.3389486316225163,0.2619290268365597,0.1196027753321603,0,normal
6.692250628830272,175.78801408353283,461.3603168145946,12,3,149.47780561233503,2275.183220096937,2.3197440818103336,3,0,3,-1.2055247918707173,-0.2234899376150867,-1.6661864729505032,0.3462223474372181,-0.5956673336448428,1,ddos
0.941543325318621,3082.290526217954,897.5140633467092,12,3,4432.735153726977,2559.2956646580533,-0.4141152366845551,3,1,3,-0.2505046931849761,2.3181181956543035,-0.3292437647459144,7.383920132811246,0.4489846979724693,0,normal
1.0028742137573563,1176.127648320219,195.4918048802433,0,6,417.96047769606434,1008.86902506527,1.836848918152329,0,0,0,-2.2710278164210225,0.8105691218421303,-0.2765985256935137,-2.6741176260148016,0.9177383209051888,1,ddos
2.1517311834154778,189.2698588819043,192.63880616868735,0,9,341.28274550374806,1174.9952774318049,0.1688477866381095,2,2,2,-1.7327683115311212,-2.291107562996449,4.01090678863455,3.5412801943670544,0.3827997451544755,0,normal
3.3093189182692835,1544.0700228661449,396.1042813484887,0,3,2892.142956673803,2281.04508335089,1.0030068804047778,2,2,1,-2.5211113114319463,3.6410661375020217,-2.56857895448461,2.6261581629112154,1.1532993632752755,0,normal
9.981272771656196,1358.3793530458452,655.2266414383299,0,3,459.4878182381823,63.030253428477245,2.371984415055492,2,1,1,-0.7178831656671619,-0.5406423204138152,-0.6458261810346353,1.427679194834091,1.616120507612703,1,ddos
1.0127601764284404,1416.237112661884,583.6137869970964,6,6,1299.2022991822262,1293.7069387155004,-2.327674504921148,0,1,1,-1.371902391888266,1.6353843279186124,1.0314737933382203,-2.2879460546879398,-1.3744894895463555,1,dos
0.7188675530377,708.4673635923433,686.8823341670847,6,6,2731.9397135182257,873.6981788426185,3.71566159624062,1,0,3,2.219983042110223,3.109713249695029,-0.6912426579459363,-0.0223551179854744,-1.0419221894686723,0,normal
1.5889058748712048,2144.8827163536266,106.28295804181174,0,9,2803.89722094026,1386.10970025722,-4.755537905328334,0,0,3,-1.3243712589117955,-4.31993328824174,4.573438490615776,-0.056922579094403,-1.4003490983670688,0,normal
3.4147530150935235,955.6187591791504,82.70996013382383,12,15,589.2812378499451,34.8160335126442,0.1104985508029057,2,2,0,2.07588085776442,2.62118511885451,0.2291419313324878,1.806668718725127,0.1504652620752509,1,dos
9.98663804109325,861.0825785075449,115.08531005728678,3,15,99.99588038210489,903.2820779277566,2.6753910331124144,1,1,3,-2.4247466561763416,0.5010016068443708,0.7891799047958907,1.5617899040544745,-1.1898758224719206,1,ddos
4.671651914668513,121.4093415320437,136.98721032261807,3,9,896.9452640152595,934.886637448,-3.544163087043886,0,1,3,-0.8689844463728262,-2.914480703895716,2.466830528066964,4.262752091848614,0.7515048717826313,0,normal
3.0812496594122383,2044.5797116869544,140.78148553469384,3,3,2306.064609082872,575.9411855701032,-3.181848075549817,1,0,5,0.94442478767744,-1.6507907903985737,3.552568750800855,-1.0965316195797885,-0.1110394401095222,0,normal
4.775376963507729,186.49510019832715,939.0260400469136,3,3,508.3088142592352,186.38909073359028,1.2375170635087074,0,0,1,-2.765845493868791,2.0502675626111824,-1.024650520263996,0.3794056956814752,0.9242253883916516,0,normal
4.916313539462589,95.5920245559878,180.6786499538601,0,0,1261.5037590843906,1141.9331922999006,-2.175625275961915,3,2,4,-0.2950677344431953,2.215760779772624,-1.983206908835604,-0.4572421589846609,-0.6099606315259674,0,normal
5.959864782977125,833.0953331519264,115.43999223685069,3,6,784.5456602799275,1330.9352673717365,-5.803095748449556,4,2,0,0.4461350296627351,3.947867837039885,0.6777816168307909,0.1400720428133754,0.5110279380707438,0,normal
2.1164259692433305,184.2509497196704,449.8244682024281,3,0,1223.4424153446023,49.32345994509188,-0.3450467571839521,2,0,4,-1.4868684189559351,4.260093937119874,-1.6177069287533017,-2.095180117422469,0.0872389997137961,0,normal
7.524732640352997,399.8475145331963,7.337606623960856,9,3,2956.917415845696,394.0283948652419,1.9562837914780329,0,2,0,-2.981797612897477,-0.4005102747919344,3.290905081162508,-3.222037997762799,1.860201288889312,1,backdoor
4.95805469322976,2397.1089634414598,889.5403955625233,6,3,216.66333618916588,1660.87314002851,3.9556233935141982,2,0,2,-2.326313159996656,-0.5802671735416167,3.0154288291877487,5.2251171221542005,-1.117761504990896,1,xss
3.1560623322435,607.3025705032244,81.75320135920128,12,12,782.0678327127201,1040.429286646411,1.293017809593736,4,2,7,-1.674644435511506,-4.025819424548367,0.6163589233495071,2.8888008018746247,0.6677765151679834,1,injection
1.0983784079606072,895.8526084927208,436.06012826342726,0,3,30.15460583672495,1358.186217802417,-1.6515821497723815,3,0,0,1.474541335623443,-0.2970981269905859,2.9453779779025453,-2.451262432893877,-0.8331807521583617,0,normal
5.22422161801587,315.66520972019737,414.4770527831071,0,6,1656.5472132536045,977.667722708377,2.3504654002695795,0,1,3,0.5759905721455229,-0.2803630753671173,1.4291186640517772,-2.245244342621583,0.6491280521194434,1,xss
3.084474413485258,125.3559660509168,128.8456546378608,0,3,406.1791643577234,2365.169940477201,-3.234174482047746,0,0,2,-0.4720581933160037,-7.33889553576408,7.414812352918608,-1.7322549864849754,0.7063407297421547,1,password
6.720382642816349,1112.5125771252997,102.5234278673683,6,6,284.7185826545878,787.1245516651863,0.1966337961378803,0,0,0,-3.191079722357534,-1.2814577363393824,4.853748826671556,0.40489036424194,-0.094719525546732,1,scanning
2.803864906704725,854.4200721097417,899.1225401260756,3,0,3237.043892568656,2124.596919817908,-2.089979376798426,3,1,0,-3.8105768133321143,-1.6761033692897147,-1.4421922432090857,0.9942242785510949,-0.8356071626990295,1,injection
1.4424560115505063,212.97857328475,421.47144752369366,6,6,669.669749909958,440.16505925080753,2.7509654977612463,1,1,0,-0.2018809078017787,-0.9231609592252416,-0.5433063749267748,1.4128184560280592,0.1789953043172739,1,backdoor
2.684334541537126,591.5821822355468,1085.5167868002725,15,9,1383.4700222072097,1623.6070482298132,-3.902355244985073,3,1,4,-0.2326935636937519,-0.4572780475020244,1.8521575728506412,-0.2138874093562413,-0.3271246465111442,0,normal
6.720548132006706,21.758308518797897,521.5633493876227,9,0,1149.271938117472,337.22461476021465,-2.3778151857364067,2,2,4,0.9760956616721764,3.373843380017499,-1.1819358696613735,-1.928468342459852,-0.132219608234757,0,normal
1.201665743514944,1414.6725351866655,438.4007988042517,3,3,1518.014235195241,222.27345796983352,1.014823097426539,2,2,4,-1.7377704585405032,2.338564114670524,-0.8422872617253687,-1.245734561766506,-0.080470831765694,0,normal
2.975786469251611,1020.5309636168098,269.7473483125217,0,3,507.8670210789096,862.858303585821,-0.3227943561778036,0,1,1,-2.7614856762190048,-0.3157163946273247,0.6063929182037489,-1.314062577094535,-0.707103781172348,0,normal
11.11208780737332,185.541210741134,170.99605177075622,6,3,1463.3168095268547,880.083275786666,3.20736822954251,1,1,0,1.330641411443788,1.3527925144844295,1.5899610649726157,1.0873414418438154,0.2033094129358147,0,normal
3.281551982323027,239.59524896825516,425.1934164633779,6,0,538.7022483737519,2457.645581093744,3.393860678322893,1,1,7,2.649722957798457,-2.209263029145623,1.6760941520195751,1.4352176467852602,0.6162016958918025,0,normal
0.5463259842067137,1272.135452261112,30.99463488152269,0,6,2967.2720141608643,582.701446993778,0.5842240688554728,2,2,1,1.1913499764473396,-4.288838610208336,-3.060976246253704,0.072697428168226,-1.3633759100726135,1,dos
2.1886529638289733,696.2225937175217,441.2562510127366,3,9,2101.777950653687,1707.4267445420717,-3.1140446194215192,0,0,2,-1.8192792253173733,2.196956949262208,4.926572376078093,-1.8027384942360356,0.0149159273679677,0,normal
10.726017394757111,415.80924391338107,1131.337640516221,3,15,2111.7112900585976,2259.6651984423447,1.1565479562642456,3,0,0,-6.589679238384542,0.6353811388164707,2.2905756097415804,-0.5417473030485791,-1.466266555394259,0,normal
0.506006577411575,1837.011024369998,28.710069785792104,3,0,1810.653630319988,2126.1617685438155,-0.6053594253451037,0,0,3,-1.7438859065449963,4.011661720196902,-1.7587385748808133,2.972497649183647,0.4145306626020097,0,normal
3.419948833529309,431.2107069271763,183.60154175924384,3,6,2768.282351253027,1412.1416819716649,-1.4262017612467726,1,1,3,1.532963970245292,-0.2732708577179445,3.2983630625411005,-2.195419558538278,-0.1159286194832869,1,scanning
0.3367358512283007,1078.1997701584207,364.8491917859105,6,6,1552.5185314286573,1021.0759838118548,-2.1829236203665703,0,1,5,-0.0410136037829917,1.4860818782609793,-2.271977549799268,-0.5586710836525814,0.7960184354816372,0,normal
3.849764705333514,869.5339025185933,258.71494641037395,3,3,2150.636906670374,1299.9544638335103,-1.3745389806209731,2,2,2,-1.8148366588345184,1.4907426446975358,-2.2321761306172254,1.4737652531519188,0.6756618297197615,0,normal
1.9872068580864903,518.2970851451679,47.48462393130001,6,0,1020.0301205319836,386.9972860604034,-3.9325174671025698,5,0,2,-1.7668525607600252,1.7295488511793629,-0.4359231709949821,-1.2475108305989735,-0.204596850173462,1,xss
8.103559094700278,167.9920195376422,20.05362786690893,0,9,387.0496680386544,22.124251022276358,2.35111981921312,2,0,5,0.8250234477281608,-1.1319789981708928,-1.045897173075409,-0.5952358374315557,-0.1900805688296382,1,backdoor
3.742945603821809,296.7707928312366,209.49724297919025,6,0,2404.4117354843165,1162.966218663049,-4.014821006042917,2,1,1,-0.1147623531863688,3.263139056713306,-0.6728376634105162,0.1867075007523704,-1.19244411178099,0,normal
2.449952466007935,860.9213520516512,535.1566006037742,0,0,1202.8281129733784,632.4318764647894,-4.311636144342474,3,2,1,-1.1719398761955508,3.966444326540169,2.5369637697522265,-0.5685135104341313,-0.1546078601971488,1,backdoor
3.6237817111377946,216.81338782669164,451.1468295234163,3,0,1838.4803629905373,1489.2303622308236,-1.6608591349696027,3,2,4,-2.358075773443044,2.520953005018887,-3.53287384195278,0.1478999211839333,0.3292476815804873,0,normal
6.638646809680479,1167.457368485453,518.6684839198052,0,6,238.6081577251529,615.5469075710232,-0.9330820113043224,3,0,2,-0.7142967741214608,-4.017882084430095,1.405915775064689,4.605571043804475,1.2752845152869918,0,normal
7.818844752009414,1386.4390005969158,111.1411690066918,0,6,1227.3544617922548,1220.9832951734682,-0.7237804293140873,2,2,1,-2.284307374775844,2.2583872575379718,0.4214233253449821,-1.3242975509280428,-0.4558933760842021,1,xss
3.4706567253225176,1529.192731655645,390.4316147412087,9,6,2960.645262465072,1044.887652896285,-0.5440096857873964,0,1,2,1.4429051843035745,-1.8388865677053703,-4.107423797519005,0.0475667385473987,-0.8049278530819591,1,injection
7.304062058051885,834.7300598904285,460.4852317377057,6,3,2824.3247017471053,145.8497447608488,-4.0571629994968434,2,1,0,1.5640925972241215,-2.4584524533794943,-0.1229648687629889,2.043042070533523,-0.2648751218341669,0,normal
12.382341805022609,914.5342782082688,80.67464664635548,0,0,643.6211988601328,1551.1513669495637,0.8073477495215478,0,2,3,-1.574050759543899,-0.7619274980526352,-0.1434664999796029,-2.742997462178401,0.4188606693671248,0,normal
2.388293093452365,54.37613560203969,6.632007806892937,0,6,1481.71755472746,354.411796795657,0.772412702994294,0,1,3,-5.016681736443676,3.945342689739336,0.043551687166246,-0.970646523789346,-0.1699211364029987,0,normal
0.5652793220632326,173.21154023680296,222.8876319482473,3,0,2520.5542677293324,360.5652389515026,-1.7750177991956848,0,1,2,-0.5492565003390597,1.2655190536858882,-1.228604812152014,0.404053158414615,-0.6943662605733446,0,normal
1.6625884988875883,817.7767120718452,92.7545318058257,6,3,795.871247084767,540.6373304890311,2.7217426903987105,1,1,2,3.381777867740367,3.3105643390444275,1.3473529470300651,2.847053051701015,-2.1509348198625746,0,normal
3.961031194594335,2516.0997289176744,104.96204705812396,0,9,3444.042415819543,1787.212303866622,-1.1692833365304078,3,0,3,-0.7757786391781167,-3.26912366626555,-2.008279388383707,-1.1271671261036615,-0.548107178155175,1,password
3.15886439729123,949.2408476774572,1719.0456081701325,0,6,578.0523820679889,1281.095111749769,-0.6859345534144597,0,0,1,-2.169303482118009,-0.4270700923362467,1.956668489939601,-0.6406083664702507,0.9672535299187448,0,normal
6.646355543060567,457.9116021910508,44.586515964918256,0,0,1005.310609304186,1467.695690802921,5.050270485173154,2,1,2,4.958092743751019,3.6843838129797,-1.148796226346661,-0.3391778566496228,0.6692417338332909,0,normal
3.4147577596252465,179.1471670232621,852.3721266628004,12,6,1588.595977349537,51.56776257890128,2.5016019326398315,3,0,2,1.963217530203752,2.686420646942142,0.1662391485023806,0.7645567237551836,-3.076906672292336,0,normal
5.483100810203285,1336.3923371321528,117.30385960469349,0,3,2536.9016880524387,387.9548030654552,-1.2481109127869408,0,2,3,-1.975740092118054,-3.2036786635843786,0.7481702096416674,0.3936581564565209,0.8167275103623988,0,normal
6.060912842879111,1472.8499568807124,854.9656998238073,3,0,1290.0179203205275,796.1549585630522,-2.4932361580232656,1,0,3,-0.3463769631130642,0.5455403626340977,2.138115912004025,-2.5676065357481432,-0.6011692267855709,1,xss
1.367057396039196,1719.5494264847464,22.509272080486134,3,0,2576.294908695379,2500.198899315096,1.4823688160375057,2,1,0,-1.2036078410147355,3.613928495555804,-2.2140244699429754,3.5084431770367965,-0.3679974276679114,0,normal
3.3837524500589544,3448.552104837002,3.909403675421007,9,3,5379.660595001985,3527.906173553992,-3.540312475001421,0,2,0,-0.4998079065513087,2.7526330805488204,-0.8623919420513729,5.798917363546712,-1.5965634144172651,0,normal
2.689957029316324,508.5203804060648,651.4872991962318,0,6,2251.0462841541657,465.50154924218685,-1.503557399423974,0,0,7,-0.3077560764218412,-3.0475096557734944,2.0546440725090984,-0.4485946062446944,0.594331546051307,1,ddos
3.1721621509109466,743.322463665017,763.2988434845084,0,9,953.6258008618818,151.61741869856226,-0.965160252477994,0,0,3,-0.503361574426961,-0.5740466082395614,-1.7929380512133752,0.8449370365998495,-0.3814013996474109,0,normal
2.832273471546716,788.6908408495128,698.5623481897173,3,0,386.5233485981924,380.3091215909506,-2.3063958246834044,1,1,1,-0.9139267651560532,2.4218480035217302,0.3499224662633518,-1.5851181278812292,0.2310905810836257,0,normal
2.4489433521060557,1919.1738010905644,920.4560009196424,3,0,3346.336546180009,917.7153741457396,-4.183247827481611,0,2,0,-1.2312398478226494,0.8428630409561715,-0.6883862962012793,-0.2428984879868898,0.4214193281936614,0,normal
5.396424835973352,1034.041058263627,284.40563143589026,6,0,1853.081800421987,2948.0287300516416,3.325190440734893,0,1,6,-2.27887344814139,1.1357007422248409,1.6509492072566865,-5.0982490443473605,0.3637012615657388,0,normal
0.9271614620070998,13.498029487834296,471.35058144919975,6,3,1139.8460397270376,357.1623035926101,0.128158526049928,3,2,2,0.8580242422201405,-1.4233206440686137,1.4506763561526788,1.92118039066376,0.8593243216190062,0,normal
3.801015900831146,193.4993889329165,419.1419036169215,6,0,2160.308554565226,2382.3699630676897,4.096617474413038,0,0,5,0.9561100992181512,2.1177495944282123,3.4806107168251,-0.1643719887294783,1.1279215097693949,0,normal
2.817979370966708,240.8115022761238,32.16627235537737,0,3,270.26513270933054,656.7330904919396,-1.025416904445433,2,1,4,-1.321352011786367,3.0887190226669468,-1.0162045089431035,-0.144254161303603,-1.1100917762020532,0,normal
1.553668017008003,306.25767099807456,58.975262972565375,6,3,2050.178779265588,873.6331038367331,2.277149226236855,0,2,1,0.4928557015153814,1.2887113703648565,-0.2818967748478626,-2.177351061838794,-0.7912452654307294,1,password
0.3537209265569104,1142.366813202802,309.20976608530583,0,6,840.6999803670165,788.4321199184202,-0.0120938342769318,0,2,4,0.1987191368650442,-0.2130380290335463,1.458040899143294,-1.1939141260726496,0.4329457450422128,1,xss
1.2280305723463685,622.8296551997236,473.5600640721977,0,12,1285.7419081503042,2346.7556081180364,3.1616099604280024,0,2,1,-4.883927782040664,1.6515495498457664,-3.2448367401162823,-3.15597824696188,-1.6177736976383377,0,normal
10.081148405482228,812.3519330596638,627.4315511884801,3,6,1237.7089800489878,851.4404264966732,1.6249199630759952,0,0,3,2.853244775734667,-0.3022625291342637,-0.0523631126096215,-2.9052010931918844,0.1697661217426943,1,dos
5.963583875087445,2857.695291575054,1025.4641612023022,0,0,5361.628091805311,2087.4272764747725,-1.473416962205665,2,2,2,-1.0563152926326134,0.3708148108795793,-3.2894779759786914,2.731314082329602,0.825758504304396,0,normal
2.5002383730142625,1563.3258779814107,282.12874369048643,6,0,1284.7230448976727,1192.6137356499885,-0.8859004378755488,0,0,5,-0.1739513879144383,-2.315381586892511,0.9989134768888068,-1.891958750892234,0.2574207068406245,0,normal
2.7250831245766465,1482.69398220545,120.28467017680896,0,12,1633.471028560138,2384.5130356963937,-1.0211387048602,1,0,4,-2.262608665462646,-4.4350515410802425,3.4822221659649912,0.0131958646318128,-0.9551238653770352,0,normal
7.92167246510324,681.844860395303,528.8531450656473,3,3,2665.950813314703,949.020585427328,4.353032292985521,1,1,2,0.9045517294758652,3.152631424622565,1.7365689346336677,-1.0956980729311627,0.9157327763167612,0,normal
5.598545328698118,2006.179189110332,656.9707361376246,6,3,2174.75928986304,1131.7653442525,-2.2130653572615437,0,0,2,-2.3757624522395338,1.1630243148387172,-0.7704983958875519,1.8038734654602937,1.32098895850162,0,normal
3.8374514588307473,1117.324167264163,1032.8589382630655,0,0,1598.2890676755108,723.3301984990295,0.0333225014299494,0,1,4,-1.676102141591291,-2.58897740862271,0.4418378609661706,-1.33196276867814,0.4783397100452019,0,normal
0.1470675903048483,301.3736757331657,477.3249996564086,0,0,541.5679442219249,829.4541412337793,3.130063072160846,0,0,3,3.210425603483328,0.758781923778256,2.5517462469058563,2.3999376545452584,0.0552846328964263,0,normal
1.1432358985892088,356.3945264633208,500.2417150340449,3,6,1524.1836311469274,691.9064358883628,2.2829226958199698,0,1,0,0.7494589656051122,0.2696541790579767,3.3351941126222284,2.745409822760633,0.2383247626907271,0,normal
1.2988351806800182,234.8204859447346,143.71540126353062,0,9,236.91745219651668,770.1652715322532,2.05253431291687,1,0,2,0.6398027482972827,-1.028511839898275,-0.9667423154278116,-0.2174431781213834,0.1384498506255281,1,ddos
4.186699576083838,1724.366568926155,518.3403162263355,0,9,1580.119337218894,924.1929859164346,-3.187527977574794,5,1,7,1.656568657081719,0.1585262571328267,0.0828275047498439,-1.599914446911889,-0.6220980914341409,0,normal
2.7179446155293485,1083.2504651672175,960.0584467588632,3,3,166.13287460736154,136.94090433016467,-3.397917863219239,3,1,0,1.2420682188491912,2.221213497133326,3.414578333107033,-1.7087695021929905,0.5926893211540062,0,normal
4.1866201271345735,1549.8009757057034,647.7911495481886,0,0,3226.905045334075,1112.891911023365,-0.2326729405328841,2,1,1,-0.0945422272041838,-1.4666331809851585,-1.7424583884470883,2.6611859361971995,1.116873432405653,0,normal
2.4573036161190984,136.5936469731377,341.18699056796,3,3,185.1220118023362,919.1572044493486,1.9496566902394448,2,1,0,1.973322279177511,3.2278547472187613,0.5257626586376155,0.6063464931563232,-0.3538765430064709,0,normal
1.6579549601506225,1675.321972542126,791.942013397943,3,9,2223.9504968898755,57.27493616202677,-3.081479040030773,0,0,1,0.6514367422985754,-1.181859390313942,-0.416886853480681,1.118883505173265,2.164447764797808,0,normal
1.5838085311237424,649.8545977008032,165.28089016949716,15,0,1666.5969875808742,35.59039283963718,-1.338599317701463,4,1,1,2.513196541837368,-2.006759577809939,-3.785418546991024,0.2564534129637612,-1.024301099688561,1,scanning
2.096356277234848,1266.713565026424,787.8669615386953,0,3,1879.2602187915568,1430.4796206276935,1.703859610395925,1,1,1,1.6082618325692777,2.3592079541108983,-0.5239591037838527,-0.931407506557077,-0.8122751265592141,0,normal
4.18407365806568,843.0538434364174,415.3648602638027,9,9,931.2928358430694,219.50295431854784,0.9786456502561944,4,1,2,-0.9896324904020372,-0.9304347746965468,0.0357624648689962,1.2098961996925526,0.8098201066963495,0,normal
0.8922038205329035,1117.7930856862154,527.8086359386912,0,3,1153.415859713403,540.2660327992908,1.7166716102534982,0,0,0,0.3116249976336149,-0.280380207936302,-0.2589020563774091,0.773383175532223,-0.4461411369605574,0,normal
2.70583860099429,1369.8315483257156,499.99157670614034,3,0,2392.0134283621387,1571.6591353191543,2.872416714136007,0,1,0,3.7413260471603342,2.798899826355552,0.1735655795110842,-0.0181440886340977,1.6570610043065404,0,normal
1.148650103409867,15.431681574222589,285.62956012263874,6,6,377.00967154445607,521.3974370006147,0.2487695335801945,2,0,2,-3.173050681786969,0.8318364639148483,-0.738080294942253,0.5881906780424822,-0.3280208832057252,0,normal
4.624030527437247,563.8329740013927,400.532172850151,3,6,671.1597726635947,958.8566822492692,-0.6157768922207416,1,1,1,-2.0094230447106955,1.7257363253621252,1.2933341610934856,-1.3636141128834105,-0.2303532915915117,0,normal
6.891939845351736,2121.9895160484707,136.35751112033543,3,3,1752.579137623184,186.8304555976962,-0.4634737577652426,1,0,2,-0.2200688027020507,-1.7532664974736654,-2.290917281124984,-3.473931020559206,-1.2202077663745845,1,ddos
8.461757839333139,1197.369878161728,692.2043855873584,0,3,1507.207878364957,418.7530644920077,-1.204472493230121,3,1,1,-1.3242655234514662,1.2444892230753652,0.254648459683865,0.0876078319560169,0.2717167146329504,1,injection
1.250868010235153,1949.722803144335,567.903214451833,0,12,3630.974160496792,1944.444564720708,-0.8310949489207993,3,0,3,0.0497259658737989,-3.201211325119976,-2.553194568213726,-0.7453575205236112,0.0645006801872031,1,injection
4.309566518594759,55.83922854328427,398.1036339776045,0,9,1234.73236464048,1009.0232789802716,-0.192885693160945,2,2,1,0.9252636969145476,-1.0257777830140398,0.5673612441194723,2.3082370564911394,-0.411543326398979,0,normal
6.975448129815009,160.34969596312465,483.28531585906734,3,12,2040.8323682231191,584.7879677553295,2.84328732578312,0,1,5,-1.4605424798706803,-1.5761249741636398,-1.4074619301125162,2.480708819447112,-1.2582208280869305,0,normal
3.5569046755249185,350.7436830086317,331.5083598098643,0,15,431.2791824388257,2268.7187140399283,1.849542737762356,1,0,0,-5.451903963507537,0.2906653195560096,-0.0266132477507075,-1.4983353053198714,0.8839890563500402,0,normal
0.914122292965172,1188.6195103339858,431.1759454206678,6,6,683.3296062283748,733.5054660682437,2.1239985921433187,3,0,0,-3.5836468607910694,1.1112204179198546,0.6106357512622308,-2.853690902668215,0.284068679941782,1,password
2.6054715374107,1068.833310503297,679.3258216350195,0,6,312.3117329917061,222.9965450185877,1.4825436169348818,1,1,2,1.872845403322573,-0.6432763507195609,-0.2723532897019008,-2.3091944174191177,-1.1046688456855676,1,dos
10.014909237834493,103.35153653203666,309.84673177716024,0,0,521.4091801856208,433.1191568879823,1.4670561390599497,1,1,2,0.2578675722139809,0.0294014265277926,-1.265848476511222,-0.0191162164849465,1.983712547995464,1,injection
6.362238466125768,188.0248688856153,299.1115298415435,6,3,1598.5085681770624,1759.5564415125705,-2.919844661559384,3,1,5,-0.2809140339719891,2.314991678448184,-0.2155417855868358,0.7764235353417708,-0.0635255605814277,0,normal
0.9169886301854056,625.6999150221782,366.0277199332263,6,9,2779.696396422075,849.6199032229811,-1.3164931745218345,4,1,1,3.900660710817318,-4.476590828677968,-3.746034581857553,0.637514771250008,-0.1797456116843757,1,scanning
2.514527107594087,447.1734237470342,12.519248000811118,3,3,1040.628335337548,1095.0687264146798,-0.4442276411122946,1,0,1,-0.829269306092062,1.1282530989311004,0.8849797004675644,-2.091327292035001,0.5634590648463387,0,normal
0.6447613497785591,689.2554699231432,807.4746748569365,6,3,867.7963608023352,1875.6009795473092,0.7301507718537232,0,0,0,3.322373066670237,-0.5597229689549877,-1.0640623017031925,-2.8532851211369,0.2939173838691166,1,xss
6.408134190880972,883.9902338933332,440.85468426418913,6,3,1291.5100548471742,430.6683810313628,2.709219426070509,0,0,3,2.81284681789631,1.8210698947472488,-1.5971335782103486,1.4322793737178348,-0.7375246386504437,0,normal
1.1632097565455677,1790.9177249418597,323.2322910791392,6,0,782.0080519755936,531.2526778755232,-3.047712149370599,0,0,2,-0.8630838491199756,-1.215266713658108,3.94952338574288,-0.0446773947503704,-0.0416411563288003,0,normal
0.4085157749404965,300.5278247669164,106.07655397310224,3,0,1736.8731118820804,205.12784509433655,1.4706524612081384,0,1,2,2.191530463430449,0.1622871419412006,2.27598920295802,1.9445733979640203,0.6619353669977768,0,normal
8.719116027281569,1737.026996532069,631.7910406325234,9,0,2460.883971808676,256.70709656814324,0.9879573031615831,2,0,3,1.2648856452956487,4.731073996555604,-0.2301020466609706,-1.1118874696807122,0.290720294444315,0,normal
4.159564114581318,206.69603640390872,84.02159198551934,3,0,2402.843544002425,582.3088819448728,0.247837953106043,3,0,0,2.431690704996744,-4.141155699105963,-5.3381173120920575,-1.6844293819808025,2.072631398798838,1,dos
2.207569299017054,1231.2374135938069,436.4069900265627,9,15,1650.7158194025235,469.9579362640116,2.170080626346207,2,2,4,-3.2401869164131005,-4.654448120397873,2.581355808077177,1.2851746890258848,0.5843885514473138,1,ddos
6.934777058516392,470.3642662329118,1336.0605361483724,3,0,221.4589018191356,680.6436583117925,2.5283166614417056,2,1,0,-4.015029749262864,-0.0704845125825353,0.4359379740626139,2.24893808398949,0.6239308680049904,1,injection
8.871069181597628,2490.238896919599,451.1196563649246,0,0,830.4769193962945,1036.021230891901,-1.4902152587990831,1,1,0,-2.829634533598933,1.553310338566256,3.399624141570472,1.3345286906557188,-1.5132145973807865,1,dos
0.5639079965647573,457.2327218362894,387.77197302339727,3,12,2221.350710946873,929.4414936636214,1.836642614550513,0,1,3,4.485739163737708,-0.6429982611147385,1.7663939052455906,-3.7933403610988,-0.5932210054507759,1,dos
1.4058570508804964,1083.3973120284402,59.33130449414536,0,3,1314.9858927562088,961.692623904111,-0.5928880500395373,2,0,1,1.758561882152692,3.055963272084327,-0.5287839361679287,-1.556047248533304,-1.250585141872425,0,normal
1.5580953423529798,951.9741776789346,446.7873899155872,0,0,1439.5908518118451,1190.8293631033448,3.1179967651498988,0,0,2,0.9229605644371088,-2.230947214826978,2.742233940861089,2.2760603635995875,-0.3600170294485844,0,normal
4.207177591848066,38.66135486312749,25.504017071237136,3,3,355.0924276916191,503.4963999313812,-1.2492381781329758,2,1,4,0.5993397114489314,2.734436710032022,1.210790645658202,2.0075317308347085,0.1777190989774845,0,normal
3.4188505250566137,1313.3607151447245,1183.4573756244467,6,0,2913.8565648933727,998.794639065582,-1.1405583550998546,1,0,4,0.217751145222968,2.459482233212735,5.170946079495959,2.376730039442441,-0.6139151632699295,0,normal
0.40071506496539,1401.345662554912,865.2682557599317,15,0,1487.4176395481986,599.9509169027891,-0.7967068040024561,0,0,0,-4.178207629453545,1.9500647628539236,-0.3261181403201246,2.514065295801496,1.3147267526240511,0,normal
1.8764809290711009,2016.6188457906408,840.2788735120758,6,0,1139.6302325319275,2896.496700313803,0.4039138916453401,1,0,5,0.9407436696529814,-0.0324231580341682,2.18037086473964,-1.461525055925046,1.0092859918393662,0,normal
2.1417890356084057,1103.144102947602,360.03940638537506,0,3,1694.582225503333,369.1716348881497,2.0175666195770923,0,2,1,1.2562480179222777,2.918297869213156,1.990603886387017,-0.1498199008453933,-0.2318197173142083,0,normal
1.8272862206357277,84.08620323819127,153.70334043691813,0,0,1256.9796631737872,611.2875574160714,1.1639729852210163,1,0,0,2.4175327113410696,-2.414696524672841,-3.2709475984400367,-0.6072402125497495,1.1813269420478094,1,scanning
8.052253003398173,790.6297682842824,108.48861317003104,3,9,2227.250277307969,1457.0885564297628,4.540923844209956,1,1,0,-0.9388224131415466,1.9220150400216245,-1.3248334736606695,1.0947102895737737,2.1548773072433725,1,dos
7.693139762989198,58.17500555031818,320.47439163354125,6,6,358.2746289603763,676.7565315921477,0.5236142091902856,1,0,1,-1.8209039933008215,-0.3747367310063836,1.1061175824535867,-1.4044606233303782,-0.6993334206147075,1,xss
4.511819316653094,1001.1263033603592,27.66309756323805,0,0,2100.9156704355246,1751.5598244138305,0.5859883334012141,1,1,2,-3.666714924315791,0.979558607090868,-2.925106018250169,2.442034434789417,-1.0078591710996356,0,normal
5.523769161797868,1737.5936842679168,194.98521403876092,3,15,1456.5281236063474,2249.401126348516,-0.0734620454692756,1,0,4,-3.26819944210429,3.61121399910662,0.8892051306700763,-0.5225302577936078,0.7874033530771679,1,dos
8.93656461595331,473.7820769393591,1041.6181686139291,9,6,1191.8198410824366,541.3909598081511,0.4141488890349902,1,0,2,-0.6094115017096595,1.6131763872000715,0.9455104072243496,2.325660325055743,-1.1363225375263544,0,normal
2.262840395897206,552.0295647550439,741.9577512119305,3,0,1452.9281822020591,1416.2451325622214,3.308949078075419,1,0,1,2.11533371635814,-1.5782248328010844,1.1869107577351516,1.6497618329332755,1.2654623131946587,0,normal
0.3353032138050862,1278.7805262823194,158.02533022441096,0,0,2382.7932347725346,2122.94650910746,-0.1422923634176556,0,1,1,-1.0032939774632428,2.435004774985228,-2.3050572402057297,3.2272891384878184,0.5415158232779076,0,normal
1.578922523868591,278.2799667874465,759.1974921697215,6,3,2085.15067465211,910.2043040628874,-0.4544732064815187,3,0,4,1.4865522569898866,1.5541639925053623,0.4133159731672535,-1.8803094510518124,0.5435836812024912,0,normal
2.0639194922926545,405.4126254232544,763.0296056984541,6,12,1540.3786235544735,1815.3198655734204,3.5875831489203724,0,2,2,0.9811870734931192,-0.5206550562907927,0.722626765983988,-0.6019193521734516,0.1775958236617107,1,ddos
7.796489651053457,8.500385921683563,277.5373135563745,0,9,910.8965507067186,18.78733520559418,-0.3894073776888417,1,0,5,0.0447294644317071,1.0402155700608189,-0.0595443712657213,1.1142771536919498,-1.1450640246205563,0,normal
8.648918248142202,916.0780639708304,472.1428848781332,0,0,2403.193484079173,1471.6069720229077,-2.7602577190557547,0,0,0,-1.8955743249883152,-1.4777790702608489,0.5381752811493625,2.4014758777563703,-0.9328300624743932,0,normal
6.857358008424144,163.13972356703204,638.6614988547683,12,3,533.0888602606724,65.77328940569366,-3.070927916664693,2,0,2,-1.1044934438017358,0.6264867523070397,0.0903071725773789,0.3903788221298511,2.520499246330845,0,normal
5.6122873645007685,2539.316997251992,141.66170233057835,0,6,1706.7014276316086,1815.2762278583384,-0.7186422324992752,1,0,4,-0.3458198551254514,2.263668532969937,-0.7141079507159493,3.3801205092168027,-0.9952674989298812,0,normal
1.9316641774512284,1239.6233239386363,157.41330910069553,9,24,2087.6305723251703,268.3861819294222,3.5777570527714584,2,1,7,1.4081870313787852,1.1014579561018665,0.6732790774329376,-4.631972447584395,1.20786401968913,1,backdoor
4.965402526602301,517.1112870807465,697.3206856476498,6,3,333.4078951505137,1325.7501788411548,1.5890906488490002,5,0,2,-1.032263507773171,-1.4498945244637766,-0.651098661103154,-0.1166228882860369,1.596129264336159,0,normal
1.08624183069084,892.4402363100004,609.009800794492,0,0,157.17108087337016,1051.7947696785252,2.0847237523227222,1,1,2,3.480229949973366,0.2749391122835281,-1.935040728223581,-0.3483458787022819,-1.5932819648883352,0,normal
7.611318801544067,93.38691754022908,781.068440281454,3,6,18.410774187297555,217.0097584952968,-1.0832803404103262,2,0,4,-1.0049037882040524,-0.217376336471357,0.0711992560112595,1.2323420525076854,1.2519667749526424,0,normal
6.187339237511593,168.7406478439562,625.7878275737784,0,0,2037.9501618812285,250.7805968318152,-1.782082860350344,2,0,3,-0.6054211511498132,3.149072254506795,2.3579537592556354,-2.0768827048360152,0.0155068588445923,0,normal
3.462099079640596,277.1868152368157,85.69441480680634,0,9,573.9074864477053,1183.4158741553654,-2.7268599270642104,1,0,3,-0.90845980051397,-0.4350282713862521,0.4058316259598769,-2.339694733106982,1.1071456141126694,0,normal
2.849587039756706,178.5344593704834,575.5158802934677,0,6,465.8009448944742,462.76676844595846,-0.8960822386820813,0,0,4,-2.474829589692671,1.7213621584074286,-0.5478211167109044,0.4349421086596929,0.0996786676177277,0,normal
1.6501814545731652,1064.483083906641,258.0618795078154,12,0,1289.7121388024668,86.28782691324201,-0.993117749257727,3,1,0,0.164323706407325,-2.8285443855097574,-1.0993711256152796,0.375429361670516,0.6792902593439654,1,password
1.6108028927346207,368.30388386048907,864.1237253871533,3,3,1705.8113558103964,885.2404286197662,-0.0072935542329302,3,2,1,4.327041869696358,-4.014078188349197,-3.295614251289788,-2.6011095415004792,-0.5934718425110028,1,injection
3.546929889132304,112.0624035797405,254.9858426705982,3,3,649.4698293236191,405.9249742040534,0.2994641754288547,1,1,2,-2.2081097005132397,-0.0187694880172417,-1.929301038535925,-0.1747235373929816,-0.5649770647246323,0,normal
2.175751125994397,52.63199376276706,751.9100758780982,0,0,1322.9872456635212,250.16685129042665,-0.8799699792705168,2,0,4,-0.7794958905650833,3.3130610256307778,-0.3975905807713604,-1.7075402030310092,-0.843326001338446,0,normal
4.613842258695971,628.793305789939,125.41427758547178,0,3,649.8067392217391,975.6711267882702,-2.1308320276167474,2,1,3,-4.19824725248255,-0.3200966423916254,4.921482234226692,-2.84657360401655,-0.6146118988237588,1,password
4.295157588711377,46.35782662679866,291.5687553057442,0,6,2892.670910812023,1501.1739065374138,-2.550167576934936,3,1,2,-1.523504113352714,0.4308165398639889,-0.1803589663036462,0.562532938095782,-2.7146111479794026,1,injection
1.57150891403413,566.1811447138122,259.4392394075875,3,0,3342.7961173424123,850.3112526930634,-4.211190596741392,5,1,0,-0.3592364863882581,-0.5522748915013049,-2.0403642234140795,-0.2450649185139368,2.159939207158762,0,normal
0.3426672313175657,35.46596267305835,175.24789326731744,3,3,479.20844961970033,369.6570371985764,-2.271210090356579,3,0,3,-0.4545963764037239,1.6150685290436906,1.2212574255746649,0.8539825077680223,0.8428870829924568,1,xss
8.73576695576195,859.2948062971461,93.9461085512848,0,9,943.4796188570004,204.04672063109777,1.358180996996455,0,2,3,0.121905996180039,0.3043365004056602,1.3482342661463138,-1.38860136541739,1.0468703369686896,1,backdoor
1.3948306820221634,1131.430321875256,820.5382061943867,3,3,1011.0860839249776,1028.9119680290423,-4.0612193514277815,2,0,1,1.8598579524485936,1.0115316542352628,1.3103842437642763,-0.7352505377729426,-0.8794669155071682,0,normal
2.31568768247612,614.5722677879434,824.1115433304238,0,0,414.264373955386,823.3843533634175,2.4613446913127386,0,1,0,1.57043437901451,-1.3747823082840964,-3.3576740518704997,-3.127542063844968,-1.2299626575550513,1,scanning
1.4818076180062276,944.7325794826078,390.07354751437725,0,3,2227.403798628001,1922.9260395201773,-2.035440360297867,2,0,0,-3.8559105217290455,1.10357037630579,1.4746597228400835,1.3820060072065636,-0.894114811968315,1,injection
1.2497450136585695,1761.2634955721412,109.28022364955967,6,6,920.5475748624372,2140.2196235147567,0.0180277129407493,0,0,0,-2.552206010505392,1.6520580220403565,0.9557849599065738,-0.2139104194385004,-2.326591862021399,1,scanning
1.9634688228362416,1332.1816549022951,463.98998120341,0,0,1910.582943358271,1286.0159009697695,0.5765531810501241,0,0,2,0.1684071046821535,1.9824802980061984,4.51775669154391,-0.0382951649274072,0.1152973094926939,0,normal
3.27680463221383,1014.6081020198254,88.65030064736824,6,0,112.10338248435228,935.6954238361984,-0.2372978907887624,0,1,1,-3.415088916060532,2.442655032066753,0.6840318567649655,-1.8928270021709823,-0.4620817326762946,0,normal
3.48851527587794,1021.591340525999,179.88522886904877,6,9,213.99862060028377,1785.5432788839764,0.0269345578236732,1,0,1,-4.340188671803269,-0.4523298066723933,0.4556823415587104,-0.5873091572925774,1.8461961748060292,0,normal
5.468910002014431,2170.2068308269427,263.69700993303206,0,6,2306.993440794489,642.5434739732591,-1.5908548680593528,1,1,3,1.6320436865350805,3.540680018876514,-0.2745137711961207,-1.7014682677005026,0.4611001162078114,0,normal
2.856221068884971,555.9012824834437,600.4258154185542,0,0,884.1426735958028,650.6436514838397,0.4494911203562828,2,0,4,-0.5795949311526286,2.5385649433665742,-2.383589210659701,-0.7653345120052117,1.1540444894431054,0,normal
0.9251830759232268,177.96597172457828,1048.900998967202,0,3,516.6286537593065,1345.7204706646344,-4.705630920095041,4,0,1,0.8499202694997392,4.748649453491942,-0.259611702735067,-0.7249916910166793,0.832653128265036,0,normal
3.877534139921988,224.81758636388665,429.5959850039269,6,12,46.65650936147547,304.0027200552089,3.4436504240149057,2,1,4,-0.8155900482206833,-2.3969401063597595,0.3754945617121826,4.52414725886033,-0.3139636895372482,1,password
7.234112737405911,1948.41391115766,1128.250701776022,6,3,466.0105617716554,2762.1323284221726,0.2590659695094943,2,1,4,-0.2652352925402534,-1.694824919975687,-0.7434196391669439,-2.072432210584621,1.3989498142120704,0,normal
4.059465645202158,727.4393672995035,988.741914520282,0,6,441.2615256623604,1563.3474741113566,0.7045027853891188,2,1,0,-1.0709686757106571,2.0525091204090398,-1.0270694012590036,0.8042835468146439,0.929062543120014,1,xss
5.003497335269497,699.258211475588,856.479597690114,6,0,989.407842301423,528.1246239822841,-0.0622529291145055,0,2,0,-2.680093779417815,0.9570573806238394,0.8275554760049932,-0.3828738053060055,0.5643856791240195,0,normal
5.954855358093553,2509.723807140606,110.11609688944752,0,0,1298.2332483608911,804.8738007787357,-1.2262000679522995,1,1,1,-2.38141373642475,3.9660974125668416,2.726744909673385,-5.44076986436885,-0.2843425684466912,1,ddos
5.813269573671402,2145.4470830295213,143.82218675992067,12,0,2770.7759055656693,3015.5116189218293,-4.445091681114004,0,1,3,-2.634671058871504,1.6539317478116868,1.6558519295566203,1.3078693820624754,0.4463748938721373,1,ddos
0.5652329892629957,241.03396042150135,884.0417703656269,3,0,2563.401198571581,514.6075795658336,0.2306999310625495,1,0,1,0.3774132521055954,2.622795481159516,6.804062201047141,2.829983097143745,1.3693032125000817,0,normal
0.5779785393039718,753.3325469595565,791.4072075055198,9,12,1636.0551185676052,739.513054545106,1.6313488697828245,3,1,4,2.3609389943214767,0.8181056275511043,5.678065631376198,2.7766865684361006,-1.2669536124087923,1,ddos
2.4496499661807465,1795.0769853914524,1054.344775439363,6,6,919.041381304896,219.6653377081024,2.965156588541797,1,1,1,-1.5551595951240589,-0.0003385172441792,3.134482946448393,1.7180134512506604,0.9238836966650444,1,scanning
6.213379775411757,763.1075475995193,327.70624480258004,0,6,812.657484301727,95.87518995278543,-1.929209666336426,1,0,1,-2.2815724215653104,2.3686378255348783,1.1173160645202913,-0.2551421909135073,-1.232452487299574,0,normal
7.751284226126572,1438.6528074636703,392.76929411162615,3,6,1840.1448995499,1822.394134987412,4.855161269050787,2,1,6,2.357984831819988,3.023144201296902,1.1074263616082232,-1.8410208775007493,-1.8369685063906849,0,normal
6.457441926251752,1331.7467416891295,233.67498871742384,15,6,402.3599450190272,2427.932286976104,1.0204351221134276,0,1,2,-3.2893798306743705,1.7070194440112731,0.5111230134124608,-1.3433672802461183,2.1130779794607344,1,password
2.509807479539125,529.6460757604686,333.0058293890872,3,6,756.2148639719669,1023.1358386894108,-0.6742133028501529,0,2,0,-1.963781749539252,0.333077063855289,3.344448756259034,-0.9285822236640964,0.7705987469745925,0,normal
1.2247332330111755,1197.3137097496087,353.0395503819274,6,3,136.9012132536533,144.44291284603338,-2.798158131645481,1,0,0,0.1937457427320283,1.5567464443075734,1.8857435910934452,-2.0333997964476027,-0.3611102102530565,0,normal
1.383283879352664,3345.312598274646,208.94196975046893,6,0,2027.3336139949968,1389.9928592598728,2.682408302752993,1,1,4,-3.812462476125136,4.234243462048987,2.202778472156158,-1.1448227719855593,-0.4102744217838299,1,xss
0.4394008184242309,609.0447353587437,507.5234835143743,0,9,2138.1875682360887,219.41485584788984,3.513547032001573,0,2,1,-0.2044665363342521,1.175447470320104,0.3065053387524992,0.0560727706182861,-0.762634548324502,1,password
0.6631673314237081,835.0928195909509,101.2043976174876,9,6,3714.958683306586,2027.892377005369,-1.6279606818572687,1,0,2,-1.0186380391142305,1.536099348852943,-1.1431145567869616,4.167794267008961,-0.8005875958328388,0,normal
0.321790782658318,2694.2683917488544,439.6140434150991,9,9,1196.4452159152522,1787.3625575811964,1.6945321270826783,1,1,0,-0.070641873685739,-4.081510465513333,6.772038949985063,-0.2956989015933813,-0.1261333417563774,1,scanning
5.789992897272642,1278.6523112910547,28.999787596339143,0,0,605.6874905989014,673.4728935879738,-1.3906307654264018,0,0,4,3.609425454196112,4.071525725774757,-1.3819502017150744,0.4702376034947704,2.614510903730476,0,normal
4.18019022607305,404.2566171260017,177.85518034851057,3,9,152.24942434131117,832.4808503409736,2.09066974921745,0,0,1,-2.778215134315757,-2.87296316414908,-2.1797621679318864,0.2658024040589399,-0.8061550150274679,0,normal
5.120245879847658,329.6881178366669,166.6418522628976,9,3,1898.437965364328,1526.9825195837802,1.124399767266388,0,1,0,-1.9662590535566071,0.9444855873297604,0.6979811311672375,-1.3524676706082066,0.8039654068750496,0,normal
6.496818375294989,749.003848475039,440.803068194336,3,0,383.0804657976525,975.44299103191,0.6612256053798903,1,2,1,1.1504857915474294,0.3708510427478957,0.8435355761954751,-0.8984895620075031,-0.1208993856798435,1,dos
0.9870636552228516,631.6408959693797,65.48653897427668,9,3,1114.669655864194,786.5598719792463,-4.2703984886486905,4,2,4,-0.8665530937121184,3.303069010067476,0.5603315867416585,0.3847618957778289,-1.6138239637995355,0,normal
3.472273589914719,579.3811474031553,215.53902807385504,0,12,108.28065385562904,1869.782502971742,0.7817592546557408,0,0,1,-3.56903086721165,-1.0413991510423173,1.856091714837384,-0.3851852672584215,-0.1919183131798094,0,normal
6.4639377428661815,775.2697725589693,917.1522370313696,3,0,1445.8529804464836,1147.9103793034774,3.95082126128824,0,0,1,2.3132482619935404,1.4781302039577495,1.3089344243755243,1.288103528907941,-0.2915658926493812,0,normal
3.493873203761675,33.69490335070402,234.9485551813848,12,3,907.7280732408058,2735.1166298063517,-2.6598324375487223,0,2,0,-0.721852951785793,2.530622446604625,2.8137637686150145,3.8735672664914063,1.1215618373330989,0,normal
0.6436839927418907,1280.8898987354228,391.74673628560953,9,6,534.9983053316535,378.945039081752,-2.4838129368681914,2,0,2,2.141517961316991,-0.5113335590952905,1.0866756454715378,-2.776585770552642,1.1701055867310164,0,normal
5.258095928926274,72.50218046360735,370.9289038409162,0,6,4.120974283773164,323.6431784668338,-2.4150234771400307,2,1,4,-0.870728204727786,1.4130591588357326,0.3026063154153398,-0.6983391621107019,0.7918280077741522,0,normal
1.8413475956542504,1015.2084794080762,469.5413302797983,0,3,1326.8030617324416,1671.2255322657122,-0.9902909890388256,2,1,3,-3.1637611013744538,-1.5721461257513811,5.777623570327595,0.6595624488464538,-0.8228681544693663,0,normal
9.74015543866187,1550.8937616084563,128.41280466627518,0,3,202.1752029708013,586.5648510200339,-0.3969436617737434,1,1,2,-1.3979853240429447,0.9079467741487588,2.324634616192509,-2.677771526926443,-0.1138924433701155,1,xss
5.980082200343572,320.3578431981691,134.66718934532446,3,9,1579.1023572405577,1283.885366379522,-3.65070384282952,3,0,4,-1.1997909739783046,1.5683202763709951,2.218249093602348,-0.5012144668838227,-0.7609146397435973,1,backdoor
1.8564899058893176,934.9092526381625,482.7826105542193,0,0,4298.714515835755,1190.2847990506875,-6.44789550198301,0,2,0,0.6591382268497219,0.7491241367591028,0.3874570745002885,0.7313694877033838,-1.5138370337866782,1,dos
0.4224272689926256,1421.0569076654065,556.6387233320487,3,3,994.551422447187,1147.9226798803304,-0.8646066998688627,2,1,0,-2.1915445990917317,0.2275559909268028,1.4864739477245266,-0.9675764730232878,0.5024468406519769,1,backdoor
9.693961318833711,515.1634136098294,154.6394131411936,9,0,1488.9536493138323,1226.7386550558904,-0.2530066008085611,1,0,0,-0.7529259904820172,3.012028298860505,0.8976109630068985,-2.698421409035585,0.0449349360142704,0,normal
0.5074048220153686,230.93245642411364,130.60908532376192,3,0,2642.2281806413343,1814.7050475212768,4.160527804481398,0,1,0,3.397495535903902,3.1182358995683,1.5085667666223668,-0.2491099531391878,-1.3371878672792752,0,normal
0.520074615358326,773.2474210032776,113.47231285361252,6,6,887.482491917276,93.77271583082056,-0.4371811639951624,0,2,1,-2.434365306577445,-1.8898491320248612,-1.863237408887937,1.2068861252383314,0.4370583189744473,0,normal
1.6521475238966596,351.8515099108594,604.683842899894,0,0,52.68863925833196,294.04409884450564,-0.7828978902765825,1,0,0,0.050839752943403,0.3168160786577788,0.089430836102377,-1.119273089987062,0.14494704711232,0,normal
0.7242112132404253,367.5578784610005,416.8434155757275,6,3,4081.859803090477,508.4026260432847,3.8110411347146416,0,1,1,-1.557492824385479,3.8189771786634656,0.4192064077401185,-0.9496225709557036,0.9555562291961822,1,backdoor
1.1360697929405534,1262.8977927059304,481.6724315543409,0,0,1771.9569641148994,1066.1706597201942,0.4080625710682158,0,1,1,0.6311318950020675,0.1562440756617487,4.661262964426938,1.4823280122055178,-0.0239564339934308,0,normal
11.70618172573196,428.672707937802,31.35705688214168,0,9,97.49136651429112,737.0392624828379,-1.1977156465062726,1,1,6,1.2115297608296236,-0.6778394543116393,-1.193021191706796,1.9011258433084857,-1.1765530457982434,0,normal
8.567469012045137,967.6344219353588,392.1124354992967,3,0,2141.9649222924263,34.35014763189946,4.054696044248416,0,1,4,4.993298920203808,2.297369447611473,-2.650291549681431,0.8677981180423431,-1.4073406273936997,0,normal
3.0029272578142896,280.0981592063492,418.75019119115086,3,9,1832.678066310664,320.2857189012375,-0.0237361530354738,3,1,1,1.1425591030482989,0.1992072872049439,-2.761162062067947,1.980203940253919,0.7751102371710316,0,normal
6.660572873594415,280.25430419596023,972.698650615122,6,6,64.00067529064577,587.5960261245461,-2.107947594244689,2,1,4,-1.2520579719708438,-0.2642025212155254,2.330295621998339,1.5836621798713233,-0.237971276132971,1,backdoor
5.497720861616225,137.91271280235983,245.225146067953,0,0,1913.3548595910931,336.95442964956186,-0.4568456340191738,0,1,0,-0.9909222812547076,-0.589493155597383,-2.351096333045916,0.4781773231329856,-0.3943063829278445,0,normal
4.408778561179355,1042.222897616697,745.0311363620574,6,0,450.5588703304917,194.1664515169738,-4.409022601590551,2,1,1,0.6785340694715858,1.5985542010762577,2.220685844377181,-1.283493304956543,-1.5070349371924283,0,normal
3.292730311113787,572.256407572336,445.6554397328707,0,18,706.0183017501492,1555.291616070915,-1.1488694541985938,0,0,2,-5.81960158188198,1.7834679634499857,2.590878263818216,-0.4576412686258028,-0.2210454524595075,0,normal
9.705088627482022,591.171939706977,603.4885204132081,6,12,192.8426465455921,813.536731283763,-2.2670012848952297,4,0,1,-3.41887967859388,-1.6325667193755506,2.6788619306980817,1.6778933101373863,-0.9046253793034432,0,normal
6.388517650369488,88.8523860767474,676.8080603952174,0,6,608.5763627503812,315.1689437599381,-2.356112124191795,0,1,2,0.0071794068409662,1.9094740759896245,1.061991178085764,-2.501632999579497,0.5302461418185286,1,dos
1.0597072897384292,454.2314227363611,776.9533574133013,0,3,1510.0307516845858,730.432369562028,2.847801315929717,0,1,1,1.6470941257880023,-0.3092140147257121,0.7371280212489408,-1.8270408357140369,-0.6088729564499009,1,ddos
5.588994274896809,864.2780451572136,426.20895203493546,9,3,1920.729683112304,496.83229746562967,-1.1759994271104686,0,2,4,-0.8422974030438126,0.5749971083675854,3.352943529995142,-1.0217577410140393,-2.150847046643922,1,injection
2.642308627801569,76.42385762926185,244.6247864400016,9,3,794.8749573199335,929.7189923416314,-1.0845776232689828,1,1,3,0.9689110707210562,2.934072898364362,0.679549755851959,-1.964963780595188,0.5963213076730345,1,dos
3.771090919534461,516.8812576068995,81.87656146421152,0,0,2022.4297778588543,688.4191302302303,2.603303479337094,0,1,0,0.4116193269416195,2.0239253654646303,2.626336383302923,0.9516131071742778,0.4451774944178963,0,normal
0.6094026537673529,481.16366214144045,205.31114362294548,0,3,2935.3218588894106,474.0190410379755,-0.2705025173907057,2,0,5,-1.1574139701066295,4.261403992356945,1.346659001905143,-1.79682904363799,-0.3832404692549245,0,normal
0.8347726202863832,909.2780435888246,141.83810916451796,3,6,802.6403061713676,1021.6548337563283,-0.478093500605776,1,0,0,-4.114186214508179,0.555184344986369,3.545359862412572,0.6750129912257399,-0.2215456173304904,0,normal
9.628041687957197,1329.6967953782182,940.0473217825177,3,6,2158.16683013837,56.091196921116094,-2.1896541479892964,0,1,1,-4.375298445916549,1.2888508365879303,1.1385952794769048,0.6311353515467326,-0.3685727974937794,0,normal
2.1251332869297435,1349.309313328984,266.9138708550992,6,6,1165.2461097303135,654.5066240098175,-1.8087011337779464,0,0,2,-0.2334207561252479,0.576767990715411,0.1462378078595008,2.5529502589783237,-0.4195371727325273,0,normal
6.126035460650783,245.605561762778,567.5049168284779,6,6,322.62835837617223,2571.178400645305,3.322449362754482,1,2,4,0.4994587156556622,-2.1993027689333173,0.6108568050089156,1.1375165996487868,0.783897701227062,0,normal
4.612495701767356,1701.1753047580548,471.5676146879828,12,6,80.36376916952072,4194.054291851191,2.614008276463732,1,0,6,2.921542079731496,-2.983909572527846,-1.5257384337464532,-0.8328128268339274,0.0204859487535806,0,normal
2.2050278450600542,1617.2087533281483,707.3856610592416,9,9,617.9513727080282,612.5885259077338,1.1636165261123326,0,0,3,-2.500545312972597,1.0553665590654508,1.6291287824848746,0.4470251120447461,0.5152831054974703,1,injection
5.801552913955797,1562.64464065037,185.8828287814813,0,3,2968.8858315094576,782.7077310427946,-2.332515858832072,0,0,1,-3.824549883466908,0.0048902967185548,0.561382544329785,1.7987654329044476,1.7156142622402522,0,normal
4.733039524957634,351.78180781087286,454.8380232091367,0,3,121.81900323713027,302.13557139342,-1.7919043731998188,2,1,0,1.1691434084432055,1.6349742337530322,-0.0206857317742523,-3.079196877297377,0.9051951339548432,0,normal
0.958222116277173,468.1310817975692,963.5514349907356,3,6,1734.1712684810886,198.1778003136452,1.2776248081691348,1,2,2,-2.2076281473177355,2.3816813245969914,0.5804523582947265,1.2237077392283104,1.5950212358925837,0,normal
1.0094817373176386,170.00131513107763,202.589386846706,0,3,790.6996174751768,404.5325697482312,1.0887473425236012,0,0,3,2.6798674718915976,2.6171250781457376,0.8396643596776305,2.2036290778651253,-0.2754373605706463,0,normal
6.796592094903287,1853.974643322463,817.8560469685457,6,6,88.96444770366294,904.834341798146,2.150294470041097,0,2,2,-4.285703077648562,2.485021307243893,1.020231047151511,1.138782660551627,-0.2306347780938721,1,backdoor
4.151317539597464,578.5206762864385,614.1982251958606,3,3,563.0027756626126,778.1649613108056,-1.294670164155037,2,2,0,1.4227827064366765,-2.665702889616191,1.7434990699292832,-1.3206972474995702,-1.2907362829219065,0,normal
0.2735910866952267,1220.767759004061,16.938283084934593,3,3,931.103859596794,1111.5936240828453,0.3447257303373588,2,0,0,3.0891269242671564,-2.518969341679035,-2.637038310585543,-2.4527022233241422,-0.0509609201582628,1,scanning
5.444068194610155,1352.106376821359,6.595703272484275,3,3,1711.5936668923314,122.86658742059429,-3.526872536451128,0,0,3,-1.5115355450131909,1.920800912410298,3.068895322700592,-0.4435938921925088,1.6812332357715938,1,xss
7.2667532023711985,1386.3238469403907,265.1359192437428,6,6,796.9927548810081,36.76457311933546,2.8181955672579133,3,2,2,0.5625205762823775,4.990135186001194,0.4393358962504551,0.8406458207862024,-0.7596389154018025,0,normal
0.6961112330610568,1416.138841298128,199.25881951418344,6,6,2314.9063770198973,2586.226284775542,-1.6528392962652467,3,2,0,-2.1960801475146345,0.6064308914542738,-0.0369904102071103,0.0060302937148533,-0.326282909317107,1,scanning
8.513633048421386,608.7400693931188,158.66664070705775,3,3,691.5873698079877,442.70910233636585,-0.352060345270754,2,0,0,-0.6177893658286379,1.7061383553962342,-2.088061116366476,-2.3534009647225123,0.2614437299484199,0,normal
4.311223610804735,1265.2841650916334,182.78157634132765,0,3,753.248988546268,184.59552561874483,-1.569396081032513,4,1,3,0.2595350123248774,0.1068603105609227,-1.4642042795317178,-0.2791095793842919,0.4656345645558382,0,normal
8.692748890099942,652.6058324528215,176.44496681972817,0,6,3265.4304518318227,1982.667776962499,-1.9323731172331435,1,1,1,-1.154997938463447,1.6794646878199513,-1.3652968424034164,0.3375605308988421,0.4042585728999835,1,backdoor
5.523913040715204,43.17006308013116,872.4647656706983,0,0,1598.3780102952137,1165.810227582851,0.5624403872671706,1,1,2,-1.0494870437579773,0.7367836042587312,-3.233644109819762,2.174009818156971,-0.9938797450131572,0,normal
1.3926593051599845,479.0642717842077,925.4367530793788,6,0,2954.9851141599524,63.7963553018144,-2.3703391174125503,1,1,2,-0.512347651563819,-3.4223375900797954,-0.7479722167941623,1.4875195742485805,0.6602203910919658,0,normal
0.9590134553423032,947.8710610872027,775.9442403593249,3,6,755.4720109576388,2855.091909534606,0.4898802536718334,4,1,3,-1.320261109528399,-0.0804403212689934,0.4660566690422192,-2.076185710899332,-0.3287058131530118,0,normal
6.269521548972767,213.0229383409271,192.71794973876567,3,0,1227.3723838703943,931.86005190757,2.0225162369313536,0,1,0,2.5051356378848286,0.6635497185758331,2.4049624949475987,2.110272204118285,0.6997518768744244,0,normal
9.072774561329751,2057.5836452647927,370.54868253456095,6,6,3399.886664467917,1925.7359639537667,-1.1105800848744252,1,0,3,2.154283572129252,-0.6298650021357366,-2.813796213814578,3.156264868232808,-1.5350686274128005,0,normal
1.2261233899597344,1374.6926405921567,605.4418478061817,0,3,1563.6723269267477,1277.285192909229,-1.0518400704582571,2,2,4,1.966502007204291,-3.310233710768655,0.8769183049200988,-3.570540641654653,0.7514184285096143,1,backdoor
1.1636682522019688,261.10153608753893,441.1495429653465,3,9,2342.654847824865,283.3886161830968,2.4978337581753043,0,0,1,1.8805408061645297,0.453324470859739,1.993639032343326,-0.3392241436183654,0.4799178902201894,1,injection
4.893600789777604,879.9646323504526,705.1570667532376,12,3,1883.347432566993,1471.7052220231644,3.953589932191632,1,1,0,2.394711575004248,-1.1741549273157974,0.603551860152702,-1.100164438566939,-0.2879114176322044,1,scanning
5.984489329561241,2043.758126125825,540.3606402076638,3,0,3516.014399074657,1745.5200992139023,0.3747641374537627,3,2,2,-1.2724313268070844,1.531943157192508,-2.4676401376378525,1.9395210253957036,-0.789595765940783,0,normal
4.612760369429166,21.719891312495964,190.4226781689408,3,0,1305.367862833318,565.1220476484121,3.1114398425065017,0,1,2,0.7418402846656391,-0.2534856494334576,3.4871966835222032,2.108474728621544,-1.0974022832908723,0,normal
6.846434141609575,2061.7329069354146,524.0162717253265,3,0,3528.1631980635475,1947.2509630258432,-2.958530108560858,0,2,0,-2.5816473998980776,3.323591229290063,-1.7633991863996363,0.962016098210493,-0.3454307041476246,0,normal
4.050528064474196,1077.2518409493834,97.30724519783756,6,12,1812.4165893571064,1449.53756120459,-1.8759194095941676,1,0,2,-4.936626725616515,1.8854578885720867,4.945014236855245,0.9471069773118016,0.9551683810042012,0,normal
6.19961197934291,754.2098935143795,309.7465752224937,3,3,1012.8060292647584,785.4751745864966,1.8898598221093064,3,1,0,-0.4328753037253534,-0.7514828796177264,-1.1957390172864788,-3.413972707333772,-0.6418694644140435,1,injection
5.306641018898027,88.29839920160765,655.2393148562523,3,9,162.0455179868449,228.17724898458027,-0.3020698689076291,0,2,4,-3.0248199712723114,1.147438776247451,-0.1623122787711828,0.2040282896535923,0.2805225392128687,0,normal
9.23116431866266,613.1480257949179,40.44497182924591,0,3,222.8181663808183,316.53114803172053,-2.811630958285974,0,1,0,1.3944360127715176,1.9933911983069683,0.3657512161038371,-1.7719564242038812,-1.5106168875940589,1,backdoor
4.801276401627798,227.5856249740625,317.827286072969,0,3,1753.5889554428643,489.3888336253748,1.5556071476722435,0,0,0,1.1811120846882173,-3.5902558500156028,-2.8094694610424424,3.836558624900469,-0.95931493021786,0,normal
1.7297056211421165,340.7794122180864,179.81085629578692,3,0,1537.3938864642464,1209.109516781667,1.8956082555651368,0,0,0,-0.915879596879258,-0.000808968673208,-2.556732318049694,3.970288654320931,1.7048717087673495,0,normal
10.9983963581755,2177.3147451687278,209.74635513477472,6,12,383.9437319095477,2255.690551765764,0.5286594139153615,1,1,2,-4.886793202024792,4.211330439876832,2.5728400395654463,-1.3486278358360462,-1.524618397949731,1,xss
7.077319022447295,447.8644486253008,332.41137058951927,0,3,3015.1773965032307,513.0769284520294,-1.6675819556931966,2,0,2,-0.1087263895280279,-4.8722448791055495,-1.922373649625648,0.0999379050912283,-0.8214418833172273,1,xss
2.176941263709472,205.27610321524213,1068.7476719852202,0,12,868.3027835250641,725.785602396241,1.8299373359184223,1,1,3,-0.7776114689338096,0.0536492394829819,0.7630304740018456,-0.5277014409826734,-0.8383271750445401,1,injection
4.900212290813675,965.828864181432,455.8366743691514,6,0,1943.158772679516,1487.5823376798471,-1.7194776234670266,1,1,0,-0.9929423264912716,2.0527867554354438,0.184666157814781,2.706010972983665,1.146970872064397,0,normal
0.6833736377584841,435.58909287436177,1753.976369546409,9,6,1675.612072348572,708.7656950473691,-1.4059180482268383,0,1,3,-2.4468542620428115,1.5587347455752478,2.162644709973036,0.5304559571374841,-0.8641523373016814,0,normal
3.0929683103940486,111.88288247342726,18.48941140592549,9,3,1147.949606902343,972.4846505378702,0.4902505912973429,0,0,3,0.709761681168444,-0.713582503019975,-2.926250981836393,0.5141057424111132,0.1531700856419399,0,normal
2.1086522450473884,820.3204373975102,910.700355156615,0,15,1083.6923216176235,1055.2704761009052,0.293048015307719,2,2,0,-6.7870834467643135,-1.7766256660937283,0.9621637214175938,2.049251870122223,0.5130060991950344,0,normal
0.1066775818068668,689.6333212131592,433.6165026261283,6,9,28.56213781065294,798.7891791000783,2.6989830124120893,1,1,2,1.3392093156380152,-0.3397997288194222,-2.0831667901596065,-0.3681426016319293,0.5080425274746765,1,injection
2.466101825070398,1018.1037303442588,427.7631405876107,0,9,191.11083086854177,118.35121478911051,2.396394897414087,0,0,3,1.5442518936121006,0.2950710085666044,-2.1269901955007984,-0.4924941025406028,-1.523812236702616,1,dos
6.42979282634652,1756.6413614917233,597.5369475015834,0,6,1467.3125507362456,748.4829033775102,2.225740608008388,2,2,1,-4.153306761783301,-0.6468905821902187,-1.1334684828047157,1.9643572504791609,-0.6932859760915112,1,xss
2.092430222764309,24.482585615980824,240.316615904161,6,0,1271.0459177121772,526.1009770415665,-2.153492547813064,2,0,6,-0.2370453589723492,4.175946239852509,-0.5059869315248211,-1.001274565536037,0.0810084528315053,0,normal
2.23211702990128,69.39869052369718,403.25026435058135,3,3,1598.2282716192258,2891.318072321054,1.2592891106746469,2,0,4,1.9292995659967676,-0.3529870792117829,4.233309517737856,-1.938788011218068,-0.7211345136284419,1,injection
8.137078795224163,5.209162496060515,981.9362421707798,9,0,1857.1635344646063,1942.4624609077696,-2.6516585866535616,5,0,4,0.6665656880420057,2.33360443044262,0.100436514438317,4.600634264696042,-0.2211909038928967,0,normal
2.9040680321525936,630.2253138449116,426.3278062126751,9,3,1958.8883015597507,2294.2616513660555,1.1090952502436335,0,2,0,3.451661295449589,5.344262249459089,-2.4009262911664555,0.4646276068076466,-1.42723722947696,0,normal
3.175774218621971,963.1082621856189,462.4931394087225,6,3,2804.998654688053,778.0712129026639,3.355532435487497,2,2,0,2.0862682217467547,5.025210418026943,1.7921471939113498,-1.4778401471916742,2.10591036476932,0,normal
12.211025061282164,1571.4913509283172,454.9757913475908,3,12,495.8781854798327,1503.6400647866149,-0.8775433607955401,0,0,0,1.0952344371725238,3.1318508136364867,-1.403645657303694,2.56273127690268,-2.0992921733224983,0,normal
5.079637560457381,767.2934120653589,162.71103338281614,0,9,870.3967756933,692.3928244932314,1.4393001265438332,0,1,1,-1.5948113868254676,2.207005002669006,-1.9340756981163791,-0.103444714418168,1.105285678893153,1,injection
2.8191540343676404,1145.4343961668249,31.46910224310954,9,0,1507.1426266633268,1148.135185478181,-2.390907514377944,1,0,1,-3.996218418987127,1.847063327478842,0.0135376701905409,2.37971889729869,0.4018805507761547,0,normal
0.4710651880846588,1631.570990242123,262.5501021070923,3,0,972.0010571111428,1674.031450818315,-1.2840708572741932,0,1,1,-1.9140628247552007,3.025504212399655,1.311338548733622,0.8722442561381067,1.1392542441342242,1,injection
0.5910299299481807,1266.0469696329717,215.47936169742545,6,6,1399.6206619700802,38.08726725148124,-2.72099041115348,0,2,0,-3.30399467554487,1.0765578128717803,1.9565646662359517,1.907778673086186,1.2045386074802271,0,normal
4.795225528419429,812.9963507421512,296.5207541314693,9,0,1531.6252546878866,731.9590022468245,2.133039025139215,1,2,1,1.6269344492280828,4.686039449998578,4.270308841096348,2.309819078897675,0.4232498306622827,0,normal
8.719954645247931,434.9615943717685,5.541820579828485,3,12,1743.5849515851482,1234.644646820762,0.5561525898976414,0,2,4,-3.125799695492212,1.6071636821075312,0.6114795961825077,-1.4569527646374822,2.687539475402305,0,normal
0.7289923240469199,9.739232107992102,450.5647501468059,9,0,1304.5565480405282,364.4761452981823,-3.023540673505833,2,2,0,-1.6425944528323653,1.4344326304536974,-0.875279819336582,-1.2462329466312656,2.2933077741486043,0,normal
0.0041615724091893,1026.344037552688,298.49966263178646,9,6,754.6879470321542,402.05797085500217,2.1960262236694823,1,0,4,0.9675968666862536,0.1308465688280029,0.9077322061066032,0.961967729456514,0.2376590915054892,1,scanning
1.0333727434750009,728.5549928727859,380.429685594756,6,0,422.99942786101815,1251.7198989484189,1.2971387708687758,1,0,4,3.392021181181061,1.2660105476489,-1.1387758328901365,2.434609618172587,-1.3918367153174056,0,normal
2.434097306858148,417.11573085624406,53.66566616728081,6,3,618.7438326314955,557.0490775105072,0.7568305008774958,3,2,2,0.6391051874513226,0.3022326255268046,-2.262508236014164,-0.7477721274593345,0.7157377238522442,1,injection
2.6313436690201497,1130.3017088682811,273.1384877096748,6,0,1904.5691062455023,646.6938264152917,1.0257984202217827,0,0,3,1.7011581936474784,1.9604342616623345,1.4437159074376498,1.8443203186150077,-2.015662247660808,0,normal
5.891367592576029,578.6940403617374,476.10594236454665,9,0,1206.3270836986194,1398.139783556017,2.798925546541569,1,1,4,4.307159671213987,2.872971966247026,0.9574130072178608,3.9346013304166334,-0.3260864350630588,0,normal
9.249548182689963,231.95814605321877,828.0543448116313,0,0,1319.5836392013018,504.3947596265713,-2.1941659157692754,0,0,4,-2.970736238749146,-5.201321691506767,3.0736586245804483,0.7461207846384272,1.016163948406478,1,xss
2.5333168841270965,494.0101218232978,510.2280963878505,3,0,716.5526494648798,811.1786108916101,2.6277916157338703,1,1,1,2.347155009707694,2.693390953798902,2.1964198772651047,1.6086080352569774,-1.3812561095289693,0,normal
6.078664958769526,2154.3085831689814,458.47260426011377,0,3,35.32302693675808,78.89354436724254,-1.989114901281308,1,1,1,-2.008638442682589,3.929134495603779,2.907802964290304,-2.69917288611142,2.133463743171722,1,scanning
7.756548494135501,356.3565085087396,172.48755945988677,0,0,16.52298424554886,836.5985400891672,1.483833792361689,0,0,1,-0.8618338290786135,-1.907929181884043,-0.8229267171545571,-0.9008969766186796,0.5534161913608375,0,normal
1.16664137523629,2636.0202932407688,200.22977219728335,15,0,3356.28332163861,627.0271038096605,-2.8670325713046347,3,1,0,1.2266387684088278,-3.1157545507235818,-1.9240223814262185,0.6357881980520985,-0.8111589706454952,1,password
0.5863475909209852,509.0344019618801,187.6937213458732,3,0,1934.5339328780185,104.48818298815654,0.2147579170611614,0,1,2,-2.7335164452739207,-1.603549442320894,-1.6018588104949114,0.1168329083537269,-1.197328652679,1,backdoor
2.192845431133163,2710.0815717282658,73.3123845598002,3,9,1982.2708156497156,1130.361451900535,-0.7687747090335817,5,0,1,1.5617718106297775,-4.533470333105846,-1.8361963765484632,-2.546824006504683,0.9601682290329772,1,xss
1.7037144688210115,228.47945681621928,853.8795302669108,6,3,385.21550661439454,681.6210792619162,-3.6564249790663927,3,2,5,0.3548186885584885,1.6490751509048651,-0.6176692633578426,-2.412183188240075,0.2175308732345826,0,normal
2.4613882974945103,1047.5952559256707,467.83143069158086,0,6,3785.261246230629,1982.4961673268017,3.838962972885701,0,1,3,2.390173134824501,0.9994681169307208,1.9977404281467723,-3.5757138437725526,0.1131920111532169,1,ddos
5.534390424181849,1237.5001261656616,137.71110069374834,0,12,2251.236866559551,1232.5121501575986,-0.9836067190886284,1,0,3,-3.676968620792448,-0.633918965834543,3.548162650018898,1.4388698446188513,0.8308171609094238,0,normal
6.339187477318781,1449.3291663700386,521.1092131475708,3,0,244.15822108785244,2110.405781559606,4.576376916306872,4,2,4,2.6950468344951397,3.0532736153688798,-2.822456569268313,-1.8866399442922697,-0.9408883684311912,0,normal
0.8274713520234178,986.1605887213436,57.81312739620049,0,0,1328.070741497055,307.9128677325433,-1.6231601731290544,0,2,1,-1.23866190519993,-1.440078354585255,1.4443755307048325,-1.05555470589439,-0.0331090976494337,0,normal
2.812077817422725,39.18485187147125,19.39368839211744,3,0,492.1643630074016,507.48766412137263,2.455609056147254,2,1,2,5.050581802037657,6.071873573302138,-3.9948894741480494,-1.346625212174419,0.6913742688134765,0,normal
3.8668341970985503,1070.738488066449,312.1941577148972,12,6,491.2982313892213,1274.7466380986734,-2.7768419092223846,1,0,4,-2.3401788663199525,0.2120722604839,2.193655231668141,2.2230570741422064,1.7391515191344928,0,normal
1.472819892893256,2106.497245638413,402.76840394838,6,0,386.2993885332055,1912.9038563869929,0.1631426557812687,0,0,3,-2.885637453746753,4.121497744442139,1.846865628106736,1.1363512078913522,-0.3014890103987266,1,scanning
5.822233053417602,1480.561004713692,591.0058364445072,3,0,1485.8795183158934,2654.638488899351,0.6206504913104772,2,2,6,-2.417295439219558,0.3509910677388498,2.9600477289654865,-2.0886463518532192,-0.5411586314139516,0,normal
2.0001955925199795,153.71909313624943,962.6457137493636,15,6,606.2650516549018,2186.8514205055,1.0702254453961346,3,0,3,-2.134203605713668,1.1992200857254685,-1.4951567941939892,-2.543016035313956,-0.6913237764477695,1,password
3.552141532502104,1484.7931064968848,172.73678805995286,6,3,1015.5244189081278,671.5374573471335,-1.7136614970151256,1,2,3,-0.4983019825529964,1.3180210465076516,1.0043536477821453,-2.7627380215425417,0.6061267397390845,0,normal
8.089740573337936,113.51001814524577,471.75153872047065,0,12,696.3160424745486,514.1429527563802,-1.911893086645684,0,2,4,-2.20881606570194,2.1378873399969573,1.0069867525131726,-3.946250124549944,0.4081132381601392,1,xss
1.473909067762538,2022.0382070677133,522.8653441587023,6,0,3854.799656384272,542.133345397256,-1.1419336397308666,3,1,4,-1.6297231602755224,-0.7801371643122734,-1.8870050925536488,2.1246455925185,1.3158463990644742,0,normal
6.139359790005803,779.1373798001933,30.17144134816928,6,0,576.6240820151992,1266.441699061358,-0.5001971888278554,2,1,3,0.0264429026232466,1.137629429012696,-0.5265796346397926,-0.2762615540132491,0.8805480357687278,1,dos
0.1533090064898185,2213.437121954716,290.6281269399975,3,0,257.3556782221811,211.91374310791932,1.4325369825047345,2,0,3,-2.8197904159517995,-4.905618432812925,5.526011797827336,2.800757920860613,-0.1416611609242997,1,ddos
3.643939098972859,1518.799121097592,857.3901660031177,0,6,1621.9648183595891,969.1571182264756,1.0675384511862656,0,0,1,0.6819526962059231,-0.5478891616499291,0.9855572536472584,1.2187642379548616,0.6827655652686169,0,normal
4.293778701052565,156.32401484212815,31.707271645314325,3,3,1686.4537578499608,1201.2376115937225,-0.9420227420467432,2,1,3,-1.4633716700664123,0.8712749266873492,-2.9218798229315537,1.546838571729756,0.2466297561331056,0,normal
3.380606914075013,967.0036899100924,885.2701463958795,3,3,1121.3181269755316,2442.2335230370845,0.4757254248141749,0,1,3,-1.135728257160893,-1.4769071921253196,3.2547916569208963,-2.5753093974956585,0.9550216811707216,0,normal
7.272982060960505,4.480138051555449,49.37861067316538,0,0,1554.3661467173188,868.7631438117403,-2.2539357557620887,2,0,1,-0.6510583624978236,0.4149108822909849,0.201898520839172,0.436096291678365,-0.5502723954312635,1,scanning
1.461040429568423,308.3972275291977,468.7358754051856,9,6,402.5911189443742,484.2077672464224,3.49977950781399,2,2,0,2.137971057106587,-0.189764401644193,0.7036028131553232,2.503119886557004,1.0013673456897818,0,normal
11.986103221013222,218.31347387897904,391.4267275213392,6,0,254.1154649149048,24.16739647874831,-1.3149531094752156,0,1,1,-0.7115664976435931,-3.4965931390646983,0.9373571238787628,-2.097149587061924,-1.4494109679692684,1,injection
2.843712766670557,416.7985040366472,516.5742860064071,6,6,415.0790236411318,614.1649880313457,-0.6150325311059786,1,1,1,-1.3482423528418648,-0.1453032460973244,1.4401822823932624,-1.0517107332932654,-1.026377633275956,0,normal
2.9985170840380944,243.88544369565847,102.15246782279743,0,3,1621.5645115795105,712.2650846099066,4.260460060427829,0,2,0,2.616960966168476,1.6493531964374988,2.7692263243860653,3.0905004571955352,0.6330829548099223,0,normal
1.0053541869446627,349.9350626798596,427.2054357125115,0,3,468.4806263235993,159.42962030500644,0.0800501268282807,0,0,1,-3.101953509662641,1.5880657881447853,0.2236018605319318,-0.3077940202310995,-0.4715044364842475,0,normal
3.8826437782014263,805.3933518271994,375.4581476772825,0,9,1965.7139685147824,964.6930129707588,-0.650626765032712,2,0,1,1.7747659243121414,-2.5576903438122622,-0.2810933393039514,2.9617580436853013,0.654294834438155,0,normal
2.1229784888591654,507.0787087443228,649.6398186269374,0,6,696.4216851903388,1111.962526821599,1.0756400590019837,1,0,0,-0.5651922180269304,-0.2442485978063853,0.0151175128530021,0.6428438097031491,0.4642120310310039,0,normal
4.890895390110032,701.0000988454927,132.82424678151048,0,9,68.72475395939858,1978.8204776490013,-0.6830738472040631,0,1,1,-1.7104493395659683,-2.5652627371583456,1.9544519180279707,-0.998674281386166,-0.3552555425284415,0,normal
8.83230598954557,181.56554090177156,457.9634738730684,3,6,265.3715668636128,652.0173644977435,-2.595035866849,1,2,4,-1.0726939748762874,1.178771172989424,1.7439167125375925,0.8191816846723519,-1.3436032399276987,0,normal
9.33749804085312,743.3401463611326,515.9849986766976,6,9,381.4380468323625,744.4763890755207,1.279098720817499,4,0,1,-0.7557416407128204,-0.6695089153080247,-1.53392482455617,0.484440007097639,0.2415581536151974,0,normal
8.581591025602567,161.2900342505378,176.24633144059305,9,9,418.3040879437384,372.81698747171214,-0.2526145349835327,2,1,3,-1.0724013521487927,1.4296971939302376,1.634044722866588,2.151557997087672,0.8428272479440269,0,normal
4.322828783656099,22.059106716577624,1040.6925628120985,6,6,721.5449601930633,1391.5838405199286,-1.6687911814478793,1,1,6,0.9008571774257408,1.0886911460806552,-1.7930845828791715,2.565732191917693,1.3143896749240644,0,normal
9.926762139165415,1778.159664035457,136.74609079132534,6,0,3052.647255999787,1288.0997380542517,-3.3632479614513446,0,2,0,-1.2076757032197185,2.224241033916525,-0.8303379150840532,1.644398355158689,0.439091154644729,0,normal
0.6113885702193957,1258.2712169234264,882.2265050397183,3,3,1433.8392204834968,1355.6017161546984,2.915426162413091,1,0,1,1.1325941241101036,-0.0054845120871607,-2.838166131379483,-0.8568498684401132,0.7243763695991866,1,injection
0.9794726929470888,569.9211470497755,749.6828643361633,9,0,3300.379174952454,732.9792875866711,2.86137562148298,0,2,2,-0.6710807512018044,1.7061831023058656,-1.659448002016738,-1.2535298949987403,-0.1536057135679951,1,xss
1.24271996691336,246.74570418502552,432.1421236787456,6,0,2158.940859117733,394.0091718823184,3.244773601597429,0,1,0,0.6465349359287376,2.1138328423394634,3.4172332372818826,1.9968173101379905,0.0974034357267313,0,normal
5.420148059532338,1604.391422006159,19.77959710972573,0,0,3847.058759343349,35.03954651836829,-1.1593028856294338,2,2,2,4.330886195835746,-5.017054135608276,-2.2082805141481936,0.0111326230461561,-1.2436951682407833,1,dos
3.976863697516151,94.2982534634319,801.507045156899,0,3,1064.762287989311,1152.5789496391817,-4.711978562977315,4,1,0,2.2187850049551106,2.20825524027836,2.7226316487601023,1.1135867242805175,-1.18475603300374,0,normal
2.140647456581635,471.3167855129478,65.82846184498875,3,3,1087.6751191631677,1541.482069130567,3.64442612861918,3,2,3,1.3442462091050118,3.1666784603841336,3.6127768006290566,1.2334567299759114,0.8399249503687837,0,normal
0.329035769065986,128.345706621253,280.547094158616,0,3,1763.9410547648347,387.255255735994,-1.8142796189750872,5,1,5,2.3026314678371724,5.873506902375693,0.0180722677107438,-3.6110503082889034,-0.5510707445690353,0,normal
0.2224870963900991,227.80417731230108,434.2577425873009,9,9,832.1743415230284,1454.7077067171467,-3.895099252331812,4,0,4,-3.738640776600088,-0.4984163070830789,0.0287118109724691,-3.38843011752608,-0.4488273206600144,0,normal
5.745022134493695,701.3156362747472,630.3182531258344,0,6,1219.7514096444238,812.0373669826733,2.0111745863548007,1,0,2,2.2824802924019343,0.7538533239957205,-0.5119462964637063,1.4193707006191476,-1.284047205007774,0,normal
2.9489249549910386,1695.2088690098085,321.20046096585344,0,0,2437.1629878938543,1831.1229833319824,-0.9635579526640944,1,1,1,-0.4867791155754523,2.3831532729419243,-1.7437832639816433,1.8667025267246544,-0.3003471568704601,0,normal
2.243534433955831,3644.185689578368,573.4773332974486,15,0,5709.289083339752,105.61429049872191,-3.131393437094842,0,0,5,0.7182213151676571,-4.58639284768111,-2.254161638455632,1.5002715050964055,-0.3359040722096509,1,scanning
6.255887179533906,77.4263661839475,405.071412316018,3,3,295.95966360035203,139.479648392347,2.424216157669603,1,0,0,3.278122289872297,-1.0796672561888552,-2.5575476947814195,-1.8660134153926,-1.371576823890142,1,scanning
0.5788309566426396,177.08678983697368,278.0491935476886,3,6,1558.8489150815392,638.5728410977327,-2.977686119632871,5,2,6,-1.1720806329946976,1.4474351657861018,-3.3542461799272063,-0.3226014884935324,-0.9486507366950604,0,normal
4.559653829005608,144.58888593559328,512.8295165525881,0,6,715.5750481387098,374.22763950695605,-1.7511384029835249,1,0,4,-1.3889155091604075,1.0878313282458654,0.9673206442676024,0.6542607014667674,0.6719718347099471,0,normal
3.74696669778272,1082.5694996146403,291.2475953987078,3,3,1911.696097134453,596.393625686392,0.2275562707280229,0,0,0,2.1300493061735883,3.478418017102749,1.2120975268841625,-1.4172244212914389,-1.435180769974505,0,normal
2.4623327939220814,335.96191708898283,612.1185743594192,9,6,376.67954424893526,1186.73443004013,-2.2515167353301067,2,0,6,-0.8625288543285381,0.4971532570259603,1.393465456638468,-0.2092734424129084,0.2434019081545201,1,scanning
4.831876724945101,1172.9504032632744,1086.581405840163,0,3,3710.4951930348952,243.1259928902145,0.8607821429986957,1,0,6,0.1679471096927713,0.6227071792482559,2.6250008733785464,1.6440035440562888,-0.6919510112551508,0,normal
0.8333102305932362,1667.8456016964178,654.9276683631631,3,6,3392.624178939297,2152.9446536858227,0.5713671330999206,2,2,3,-2.823810245656799,3.68036887267986,-2.4251370410975577,2.7481517440949035,-0.3274016217295781,0,normal
6.870485359999222,1752.3164140063225,363.072965986506,9,3,3210.83439958508,50.71768404798932,-2.6199185311891195,0,0,3,-1.2579404627996666,0.692418702734855,-1.232455310471211,-1.2746311803412849,0.4381571511987679,0,normal
3.251678670525931,1004.4342233197424,885.721925464698,3,0,4537.683078279993,1302.5157337270234,-3.225809814569577,0,2,1,-0.2358344465237245,1.2452540382443664,-3.217189367972667,-0.9683652096924512,0.1234824003873134,0,normal
4.587798024562904,1273.8690860227491,75.02526041480421,6,15,2557.241591658884,1266.8055857802483,6.036563535750855,1,1,2,-1.026413175673783,1.987616927079428,1.6319617521756788,1.8558935003573849,0.820330396489805,1,injection
0.6000047070703395,340.1095414494198,470.68329131412753,0,0,3675.016760844025,1644.5595042427506,-1.7555135889931557,2,0,0,-0.784610416631606,-0.1479988253096018,-3.124121715349568,1.653764199724708,-1.0108969142978717,0,normal
5.052463608306264,401.854719814238,1117.6222152884584,9,3,1143.0917132941229,146.7554621218226,0.1859135820308932,3,0,4,-2.515188212650588,2.326025056686877,0.3597063566595333,2.279844778381888,-0.0908136868984488,0,normal
5.181273099979183,37.58244075620387,229.04731150107511,0,6,1857.9725112936628,134.49066478370173,2.3978919765215547,0,1,1,1.5658702997460168,0.8411674959353268,0.9698973697235932,-1.324279582971347,0.6359459980633729,1,scanning
6.695249630265376,1824.3711641849336,107.2801613087981,6,6,1346.1844176766683,177.3455669194194,0.4270022846476018,0,1,3,-0.6339564282191863,-1.6453670799019198,-1.6324451355271623,-2.146986507697213,-0.0276887310018119,1,password
5.313411656166462,658.0403876688363,415.3536630384081,6,3,993.1042582392216,358.11432141398296,-2.702175002480868,1,1,3,-1.1734819614051164,2.044356118967351,-0.5830550187740242,0.183415205225077,-1.0309743071351525,0,normal
2.01285248445919,1108.1037293233092,55.57807712163783,0,0,1143.1891189390444,2021.663145027092,5.530493565826439,1,0,3,4.1815404492492485,3.2552787323831867,-3.068264358430671,-1.849952653771205,-0.3792299781807159,0,normal
5.268949481941375,588.7746513071636,856.0539187608449,3,0,170.4766689897538,1153.4753120052922,-0.2973630097714922,1,1,0,0.1519846224170955,0.3797144912430674,0.3917985296316499,-2.6327398474098835,1.1018490988014569,0,normal
8.037171373655879,1462.6081781688752,690.8090929297068,12,9,157.33966379615333,640.211827386783,-2.551592330620208,1,2,3,2.827313293293723,-0.2508343627652691,2.015535539684642,-2.957094319886714,0.7753579956157245,0,normal
7.110295864665405,1430.4067479842847,452.72821405229047,3,15,1503.0095401354056,524.6604529414732,-3.660392408689592,1,0,7,1.7683933399640084,0.5005549722756742,-1.530146737847108,0.3390304421734569,-0.1278758249482773,0,normal
2.196646164988066,720.7673040265544,383.5720954011304,0,6,942.3842469160328,1344.6596543368794,3.4906037662407305,0,2,0,3.3198180587003616,0.9293153120882348,-0.5480578494136881,1.13096571712766,0.411364859557307,0,normal
11.314961199149536,859.5232245101123,134.03798401111092,0,3,201.1182693366289,985.7843744234948,0.6366949257044111,0,1,1,2.1014598418863586,-1.177029603684929,0.0362385921199617,1.2310488009500815,-0.7241858600293377,0,normal
2.566401877315052,371.4768487827951,164.7181041086116,0,3,1748.8743337738129,558.2800235076913,-3.3109773246023426,2,2,3,-0.018411988229485,1.0387005455687943,-1.393019649925625,-0.5535330081365943,-0.1201357772706576,0,normal
9.687248757507977,132.980066234099,301.0114415170605,6,0,2238.1957571147404,1323.4299900376045,-2.989766513325301,3,2,2,0.4192144753499505,1.0926919046035188,-1.1287139259276404,2.091255903529996,-1.4699627729555669,0,normal
2.4747775770973863,281.68563444953367,467.9172674537796,0,6,247.32607284323325,1015.5677553119324,0.4246525961070171,0,1,0,-3.2906141703308096,0.613846937402714,0.4308011711900583,-0.2937715404681963,1.265632485102368,0,normal
4.51771963346819,75.57500290905772,768.1854850237805,0,0,3297.1068445468227,435.17300566171855,3.9115898559863655,0,1,2,-0.5640768830173113,2.891363237085473,-1.799951204874691,-2.4189167078154323,0.5363215755879109,1,ddos
2.223581199659342,1276.322200468761,13.952881597462204,9,0,83.66520015400415,1614.7581529559725,2.39024427026613,2,1,0,-3.17104875669374,-4.103891155793575,2.7537521113673096,2.861763112843888,0.9212895231838432,1,backdoor
0.3136157555371244,1357.037898070744,63.76762570978979,0,3,752.5206258915321,1573.6465321913895,3.350589594429328,1,1,0,4.556351430778305,0.572622260540916,-2.767994394647766,-0.094283144130578,0.2907221612270401,0,normal
2.055974893120904,1669.3506081270823,25.991012228360603,3,3,1296.3844612437922,1551.2886949144597,1.3996682581589392,2,0,1,-0.4918669939173079,-1.0007744719813638,0.782390350911891,-0.341099470375894,0.905967050403284,0,normal
0.1086455182043672,280.70158253048504,48.49886494121402,3,3,1642.3158537119643,1219.300728462484,-0.1608865445186396,0,1,2,-0.8315318477934921,4.025094997703034,3.941114893337426,1.705020670222257,0.9341550306148338,0,normal
1.134639876804528,99.58242678919449,196.0840762646292,0,6,2260.288696238008,1241.1810800936091,3.1809352776395974,1,0,2,0.5982634341324485,0.6065615916939358,0.645035712965006,-3.094990122004003,0.1347872475401927,1,injection
2.81697387590894,1459.4900257418742,205.30060581354053,12,3,2135.436576431061,980.5680323072914,-1.8622810857383796,1,1,1,-0.7840880227523512,1.269526582951752,-0.2156335201776666,4.001658294094935,1.3147071901188443,0,normal
0.5819211807202498,969.2717390645864,677.0457807906594,3,3,435.467359733891,2176.0405160075047,1.3976929808009328,0,0,1,5.183319390473485,-2.8134134713061627,-0.7642675303555763,-0.3339457432407341,1.9895344054159787,1,backdoor
6.663767389992205,104.49115919796476,10.665375511074512,0,6,722.0985501932186,501.3403249067353,1.5526353355419713,0,0,2,-0.4186083976153846,-0.7976217515639477,-2.339172019535876,2.94937823023746,-0.4039171239171879,0,normal
4.191950006982456,53.88596722154815,435.3308522407311,6,0,2534.671827945456,370.7633736357053,-1.745008140999915,4,1,0,-1.3146650967565328,-3.318001827970358,-1.5002370074110514,1.3814632270758311,-2.035464601768018,1,dos
0.099277020826855,771.5735096884847,1036.1811581225882,6,3,51.95712352289365,1135.9005514152807,2.266429752648644,2,2,3,0.1231304893660933,0.4254766198427107,-0.2760848924524988,4.047818942915973,-0.0505196854051448,1,injection
0.5768343959650496,1018.155580017385,274.1005269431603,0,0,418.66125479417633,860.4772209639193,4.105901941228336,1,1,1,3.616607522117137,1.9059345337444265,-1.1308544971623846,0.3270344186832843,0.8130545928730288,0,normal
1.1123026283510726,352.04453360847333,151.1594004776341,0,0,364.166330542364,19.569518389086245,1.4039874312270306,0,0,1,1.3496815651611462,2.043566307365384,0.3539730123405613,1.406042892283932,-0.7726894202469258,0,normal
5.3335211192883305,1163.9299757570695,154.5044875323663,0,6,777.7343066951154,859.4038686976589,-0.3921546015632074,0,0,2,-1.491830449710674,1.5531829697846589,0.9928254116812862,-0.8658173900707202,-0.1629429507854136,1,backdoor
5.8182193203356425,853.285918327785,507.37862851169245,0,18,136.03779466406218,3172.3034873989336,1.6438066670656706,2,1,2,-6.595104953499386,-0.6578298636503175,1.2126042067489642,-2.0608135676726618,0.3710267250505711,0,normal
2.8451007925671807,1178.7028687995385,650.0362861407706,3,3,1619.0279585858182,78.10981907516313,1.453794316577465,0,1,3,0.1625699873574113,0.1538351301191132,-0.2397684478902821,1.324763421927082,-0.2821356435290586,0,normal
0.3045385228445607,1346.0037537412863,1034.816192601317,0,9,4074.9197286244553,758.5064645047086,0.5826676040070558,2,0,0,-1.0717229143321862,4.773805474129667,-0.3093913124540808,-2.432942386507,-0.8944331906247716,0,normal
8.047317297590535,96.18187825241264,535.723791543814,0,3,3153.947703794224,1199.6754964670235,-3.800730857706454,5,1,2,-2.7230117430475453,-1.8344446809328447,0.1618519882855233,2.200248078105685,1.0503930970184343,1,injection
1.588594526583417,32.32848413832223,75.37918444331825,3,0,688.5677856608802,561.6281424766793,2.229028673581375,2,0,0,2.7293616095495468,1.1630179365765798,0.0314036106556421,0.6189795930248676,0.7886529000912099,0,normal
5.90876688648709,150.1320239256761,18.135518380826795,6,0,1123.5394333387285,78.58003865442534,1.475182609108906,1,0,0,1.1172513602042764,4.480021915303302,2.454702606909726,1.0889056681232891,2.257701838922024,0,normal
15.10317177773702,862.3772440161797,280.9678397656063,3,3,2636.167129383125,786.195926337257,3.488053421151533,0,0,2,2.2912702397771856,2.880964190639008,-0.1288541504411804,-0.1989099126630888,0.6719337654363826,0,normal
1.3316628138944184,1895.515458372657,6.941440127265548,12,0,3127.246913339661,1264.006215072725,-2.412677557353168,0,1,1,-1.573881361185948,0.6481350422990668,-0.2455155881137183,3.4031671685232974,-0.3566401221365213,0,normal
2.818530501782624,1494.230947303374,81.02017328296705,6,0,17.1428317650547,1499.262800779949,-0.4353718685395857,3,1,6,1.4991896265156812,1.72516246793822,-2.867562784987742,0.5815010111382741,-1.655771311171692,1,ddos
5.319323679189374,940.894982972957,639.7793913220376,3,6,351.02851102025693,1728.8725730436574,-0.2177680766576792,2,1,0,-1.6273266573958145,-0.1811343246230237,-0.4073558177081091,2.573417290564252,0.0141362765246562,1,password
0.5467287689207307,23.985912060471072,17.90701198744262,6,0,191.264815075348,916.3351940404189,-1.472859761276499,3,1,3,-1.7777506834007857,3.075642689715913,-0.4852907607581916,1.1330512765403509,-0.690498660564438,0,normal
0.7005511472797965,906.939256447394,613.195892354009,3,0,1987.690064124208,511.1023769941258,-2.001489914529965,2,0,0,-0.7957435230000824,2.51935396983348,-1.5259533670900722,-1.9680709346617065,0.358217865830094,0,normal
5.189781578761762,1671.0279180992522,227.62471004013,9,3,1362.4907074664334,565.9708187301368,-2.0281376473204467,1,0,2,-4.039038860229263,2.018485986479198,0.928506997596988,0.2132129031679763,0.7863866179272611,0,normal
6.786785644928377,2488.6882635631496,1121.93677243186,6,0,1414.9773805123318,2053.4827643972617,-4.142069696111774,1,1,6,1.6910878599646944,-1.601178905280734,6.168492480815909,-2.563051016216595,-0.6116648317185065,0,normal
7.395227362845152,911.900261084564,515.845520475117,0,6,1881.9861314128036,70.35194044143005,-0.9992228477311322,0,1,5,-0.349777396598093,1.0583746591375571,1.3945798118436843,1.5690313125174649,-0.9277975272745452,0,normal
0.9416242810736376,48.48386436214602,479.2519326171355,0,9,2723.952026192534,179.310672011197,3.716089285973323,1,1,1,-3.0218842746138765,2.2887244966461626,-0.4321580143638913,-2.2502236333504744,1.3658266766330132,1,dos
6.433706604976552,687.0074789905555,367.6939169892356,3,3,130.32680940560496,569.2837627490258,1.904437276852076,2,0,2,-1.4663844826940524,-0.7311496096858064,-0.4619540742698829,0.9721020229469316,-0.3284350354748345,1,scanning
6.910868523681963,21.397423382327307,277.293512608311,3,0,1904.2744589916424,662.0756494713162,-1.176023351055518,1,0,0,-1.8502410879395224,1.4099507656836774,-1.941997128998555,-0.0543221290553566,-0.5497838120385089,0,normal
3.108662627721242,570.4304931992467,596.156259213694,12,3,406.54736905700463,1033.3901067525223,0.095111264530413,2,0,3,1.0894453715210854,1.3580987444645636,-0.905319587910747,1.0602162240297195,-0.2371821242379299,0,normal
8.268486804521638,1599.8642681778788,1384.7856986773852,3,3,2401.4505053709245,1284.2039252452553,-0.8283833505241077,0,2,0,-1.5204009269583378,3.3203448961100985,-1.3958425105034569,2.334284077166176,0.1462320890688376,0,normal
1.5759861975796214,1055.5590633325885,183.0168501156025,3,0,260.30075372524817,571.7460799379058,-2.624536388362644,1,0,1,0.619223685892965,-0.0742024407171324,-1.0251052963435974,-1.1078754149616017,1.3881871826746894,1,xss
6.349570350126106,263.6183585511699,93.71261804379638,3,3,2227.878594305156,1455.7432520328596,1.6717606028233007,1,0,1,-1.7423797906041032,2.35036536046124,-0.4480462727231491,-3.3610202470658432,0.8331907339268979,0,normal
9.32859424469456,1158.153930509608,530.189974960676,0,0,54.10409654417639,630.2191745149979,0.912203511705697,0,0,3,0.2427600891748658,-2.5392434577428364,1.0886580309389915,0.9787270035764346,-0.2248411852417868,1,scanning
3.342092248343986,373.0550575278852,34.76033967139177,0,6,826.7082668616546,53.851209689650695,0.9898808892155206,0,0,3,4.120214292964405,-1.820318085283977,-0.4942807874949804,0.038379858646615,-0.0447835778841337,1,scanning
2.8563887359300195,624.9519826393852,185.18839008656087,3,9,214.34528845752612,698.2370821229109,-1.2332681338697908,0,1,1,-3.8516390879299776,1.2187879735958036,1.630485049085875,0.1187480889151055,-0.0951170384909975,1,xss
7.076558078946185,1333.9466547348309,4.515854145445099,0,3,1031.7779502274866,1627.1796539117474,-0.9558665824740658,1,0,3,0.1400634492745009,-2.623692151533943,2.719056593886253,-1.91365829414646,0.2671302695374361,0,normal
8.5471220952883,606.418472812288,153.75229576404882,3,6,2297.857927101264,2248.619590825998,-1.835598439066596,1,0,2,2.102016034749285,-1.926456503504731,2.853935080694089,-3.624105853942904,-0.7353463463502558,1,xss
5.433897314297749,506.2459712602285,535.0324183812062,9,15,912.4476944588322,1439.0389654753867,1.8979408778318732,2,0,2,-3.4308198771974743,1.0912710640705092,0.0996498767953797,-4.159616585213386,3.637911114232349,1,dos
3.7203993627259897,428.70821222229694,430.1882836026646,12,6,1341.894953072568,897.9956199667381,1.2256427888948145,3,1,7,2.7560143265286614,2.200531414934172,1.3294842889712548,1.5966085054305696,0.2164266779612184,1,password
3.332730260349976,356.574324771306,246.0768145820959,0,0,1048.2944356298085,856.3687061054572,-0.7503688964350722,2,2,1,0.350995026816193,1.9951415352716784,1.3842950529562863,-2.361255953323817,0.3791731075140763,0,normal
1.7799101637806185,2342.832395490452,526.2939052355789,0,9,2804.3836769528048,722.6325423954221,-2.243253896135804,1,0,5,2.208462739110682,-3.3709250414042256,0.3806673357512822,-1.749156562208892,-0.1964494504580262,1,injection
0.0606121353678804,215.40759066835264,57.253737214686446,0,9,298.1612935418175,1704.5735412947963,5.621623287817624,0,1,0,7.799093153293141,0.3806060168016614,-2.907784231545849,2.738623961001968,1.256730072555083,0,normal
6.054668670979034,8.395337890338084,340.953990604123,0,9,1738.4279339331924,1650.6751101721766,2.210199764854063,0,1,0,-3.81539122178929,1.718163279463334,-0.1218173181999771,-1.951636008799272,0.0251169758425574,0,normal
5.307061374822181,670.2734062894142,306.509889594729,9,6,1758.2244362502595,1874.5437607071367,-0.8099931861376441,3,1,0,3.8316488008471534,-4.191937038231623,-3.508840159850748,-2.191525378410199,0.0807046471771093,0,normal
3.0847817012603924,2598.7136210445065,500.2211212838541,3,0,1221.7477305840162,856.5861782066822,2.91414960290854,0,1,3,-5.918985924052182,-0.131422240969341,2.024497017701677,1.4901048532325911,-0.179761053669122,1,dos
0.5574400219636345,436.46926644431096,246.7412845194412,3,6,944.1399664544978,349.15049218488224,0.8710144336154718,3,0,1,2.793815416613054,-2.486837014331128,-1.377327671753191,-1.411774927114436,0.0693145466521833,1,scanning
11.210742413090376,1156.8705273026376,123.62046004797894,6,6,193.2253172591646,1311.6959336255015,-1.2135249795906808,0,0,1,-2.776391812454074,0.196326400872935,2.2274109727317315,-0.8914713065619406,0.5930744415863409,0,normal
2.923674691131999,94.8479045338174,380.0893283845623,9,3,2966.440903734552,279.7110660646785,3.734816937526636,1,0,2,2.1034056629863547,2.9477592012030387,3.2220468649376857,1.5711050515862617,0.9384807442819616,0,normal
11.02578790901519,602.3550650063477,109.1287190308314,6,12,1773.1138120520325,1733.5459819804985,-2.615788794205903,1,1,4,-2.891340878790185,0.7687371226495329,1.4324923008132937,-0.314939433741062,-0.0350240306363825,1,xss
8.20090067704004,1674.3931103368666,206.71441745430727,3,6,2389.3068685797525,95.54814700359276,-2.326314426191008,1,0,0,-0.0626226374330438,-1.841851179814588,-1.260496718497903,1.5149352618728458,0.909514634181145,0,normal
3.747913424687966,922.0843289713944,576.5883559776098,9,6,833.3768551519732,1114.5112747185042,-0.2052797536743851,1,0,4,-0.6919096662856286,2.3900337197528456,3.260533851896968,3.1677047836724856,2.1979340037124664,0,normal
7.548023081239696,617.4346282804178,912.4886743950468,0,3,2539.4015952117024,538.0358290915251,1.9504939641055,0,0,4,-0.4430554143964733,-0.7736792101465051,1.264966637783617,-2.563541442460494,-1.015646958437498,1,injection
1.4478148464110896,1104.8092784485852,242.5770878442519,9,0,2259.4605159928574,454.79513972810446,3.11623730523921,1,1,0,1.7918711145071091,2.32965192366355,2.0981548985029,0.6031382944739795,0.4943228713986957,0,normal
7.608616258655702,86.70519167501445,16.91087617090272,0,3,427.4095226882294,679.167849200031,0.118970107890475,0,0,0,1.038672917364169,-0.5448087104507393,1.86499694425987,1.7392046418843934,-0.5698281642662494,0,normal
2.826322760203805,1593.899191076346,1019.467869555852,3,0,2084.240701903931,1594.2651619163546,1.580306326482918,1,0,0,-3.134933689798611,-1.7193912615794604,-0.3115802467679969,-2.4819520169310527,0.0352579320914565,0,normal
1.565499721530676,1893.9889098810872,54.70804377656094,0,9,391.6801865480194,1801.860402522248,-1.0101336329034118,3,0,0,-1.4940834632471869,-0.6264431992756427,-1.3059521964190657,-1.0165255663487434,0.6867958647640829,0,normal
0.8014877337348892,780.7571082345509,140.92884945022794,0,6,1837.265675276571,202.28143950394343,1.4555841631670718,0,0,0,3.8870815980935776,-0.2563234020659117,-0.7656584471913188,3.8720925892925857,-0.5426728644345112,0,normal
0.1747708833969431,232.12701297659487,108.12784888415526,0,0,635.2728926204012,1155.4143907641828,1.1206461842583113,0,0,1,-1.8354606941260871,0.8720296930044626,-2.125611959241678,1.80334094017002,1.181673536549107,0,normal
0.2221813738092424,382.90838912479074,555.6150794022722,12,0,2395.843805151374,240.3146195712659,2.343949420593467,0,2,1,-3.426073947802897,2.549487549950216,1.3073380638826622,2.458603573318663,0.7932034462089889,0,normal
5.251995060458564,983.9295208282144,481.4705506595821,0,3,1758.4292322487763,1085.1844382319944,-3.83001783207963,2,0,3,-0.8867660106292609,4.035099873815311,-0.8241911140280611,-0.8462463096723118,-0.469863009818179,0,normal
4.058586297003642,1660.2737103565914,993.514994851938,3,6,1045.1958852432597,1029.56335321625,3.4186466668746087,2,0,2,-2.8306897766661763,-1.5318088335587323,3.9908586516546745,1.9923076797008488,-0.854272137549563,1,injection
8.884926546769975,671.8542046598035,512.6489526505792,6,0,1111.682892475777,1225.2845791899692,-0.49977536187202,0,0,4,-1.0871347726079084,2.6768734564920447,1.2008164023925938,1.5706534955740357,-1.3833096676971572,0,normal
3.366859893502929,692.6189718438158,96.23151944040656,6,0,3899.085264942417,66.07780510922422,2.360443266894223,0,0,2,-0.1180664745532773,4.368048902544406,4.998510188942084,0.9021315014817342,-0.34904324366788,0,normal
5.801332533491072,1088.3590825520207,462.5074174052006,3,3,2341.4796349783546,926.6026461069264,0.7187123977551714,1,0,0,-0.7590965156696463,2.1142780865691853,2.841506486495722,-0.0179808948011308,-0.2637980290499534,0,normal
6.092846160439377,970.130054673278,988.4633723450354,3,6,1928.7872807871029,109.84545357680078,-2.7746812061147383,1,1,0,-1.040583979465926,-1.1004054945509136,2.6508732364015315,0.9822099736270772,-1.012188083213866,0,normal
8.806229506397274,483.7852104581247,520.5503604021836,0,9,1422.6032213949577,952.8697865771272,-0.4372730789411223,2,2,1,-1.1005238300047202,-2.060178775768718,-0.0598359294522135,1.902278010195591,-0.7547272696622238,0,normal
1.778940076661858,1479.1263988045243,536.4754541157855,15,3,1578.1898255285869,608.1713310782983,-2.189566496355277,1,0,0,-2.578479394477476,0.985685752573742,0.7653712592953885,3.377132139326004,0.2740936357600665,0,normal
6.728298352384652,181.5311834886521,688.7373786640386,9,6,181.06365914708712,1477.2432724839075,3.712331721040396,5,2,3,1.5541392935485316,-0.0493263191977317,-0.6653912027942088,-0.3304282510531102,-0.2829023201270736,0,normal
0.1105977733892295,851.1088888565607,476.297122070564,3,0,950.6745247197156,779.4168521617697,0.4812716591783845,3,2,1,-0.2918100118218942,2.022128359658794,0.9295030130854904,-2.2335776502190106,0.8254177414923104,1,injection
2.6484152060125226,479.3218769581421,45.19786658686751,0,24,1851.417738052532,770.3271894511278,1.6684438990405244,1,0,6,0.4715726187713089,0.9366839968610734,1.9060860568794007,-2.360222275037583,0.7342993383930818,1,xss
2.1313934534025405,469.3047886623029,69.25269957397148,0,9,450.6244394720212,354.37295425393046,-0.4488341189055018,1,0,1,-2.671383776434084,0.5925736396824297,0.952403204073352,0.5507642555360641,0.9869330750426786,0,normal
0.9437685397886996,805.3732380574976,94.49160001570247,0,3,1846.763322944655,1389.4716018554527,-1.1843432325776404,1,1,4,-0.6553500019449741,1.4346035212060992,-2.254571350342744,2.258000856429341,-1.1686503761401632,0,normal
8.341426891065533,373.40799755277845,126.1530546023747,0,0,1217.581681809856,1031.0321045490718,-0.5459150040532319,0,1,1,0.3992301625994068,0.0400881358631821,5.153577215479896,1.817888926778369,1.8781177343516064,0,normal
2.5970671482543044,635.0977083229751,376.4103316004715,0,3,780.8147931184292,709.299179298234,-3.271478469947694,1,2,2,0.1220121809218792,-0.0781104371986469,2.4937002452795483,-2.831833872577048,0.627880321436044,1,password
1.7216717943327975,352.1629203423061,261.6096796072882,15,0,2669.659231064928,2180.0061422349945,-0.2631697847761138,1,2,6,-0.8708295152731387,4.060427539863952,4.601238583754494,2.174651536822626,-1.2203826802981566,0,normal
6.262975707827913,895.4792336584129,19.33267235262877,3,12,1899.758793968466,1929.0001880400912,-0.2357770726477731,0,2,2,-0.6585483686909889,1.0308972282755984,-2.1186226413562856,0.0879939536556828,0.0322726493418094,1,xss
1.8152560652162224,996.3146586844208,112.06947131445898,12,0,812.0959004889464,2248.4652334031416,0.3829789854587637,0,1,4,-1.9547766204447223,3.3401738178752947,0.2547899425661456,-0.0054249372433048,-0.5584673883846103,1,backdoor
0.3491407278932807,327.1603873387169,557.0110909472503,0,0,77.72947907768433,496.9285305374423,-0.1627560349391359,1,1,1,-1.8751886333278411,2.3405755441774723,-0.8084497905457535,-1.0871441421177663,-1.0418459398951598,0,normal
10.48405240577982,2235.839299931816,464.69667253489,3,0,3234.9764507339046,324.2015925118741,-3.610731747558982,1,0,5,0.3260100792672982,-2.687016566228186,2.852359513899427,-0.6684691407147215,-1.1349268784160018,0,normal
5.218562956165219,206.1149139052203,153.3165209016071,9,0,331.6676308407197,268.5466399352146,1.9178392122462256,0,0,1,-6.158825627420283,2.8783457242276493,-1.421797011762575,0.0756661243038836,-0.1085843700640505,0,normal
3.3759557136649447,400.9254804432941,362.08277086226246,9,9,634.0180251725704,1281.0164079389567,-1.8569506990657736,1,0,5,-1.4795241118134428,2.748680270256737,3.840668176411664,3.539438918157842,0.4338636692475792,0,normal
3.2610304779309427,475.9785450236368,438.3935975202904,3,3,191.17508754750708,599.8974984860826,-1.7933957215354066,1,0,3,1.3145836859951554,1.44019333898191,1.2977387779729757,1.897745166822292,1.6631518341312332,0,normal
2.5234424540395697,196.04513257975563,53.68647002064007,0,9,1404.766443927338,357.8305705519872,-0.1002520975430241,0,0,4,-2.802033028905356,2.114175012603516,0.2457447011537481,-0.4959056317205789,-0.8905137915061189,0,normal
1.1262265329137775,232.56650004186287,711.1812664160476,0,0,931.7598450883507,534.5977241437922,1.73358301353982,1,1,1,-1.2664807620470853,-0.5808678186471172,-2.829807500719851,-1.8518635257174807,0.673967189746192,0,normal
7.867380768841199,341.3556310793586,773.7843389916537,6,12,1399.867099568571,1257.4811016791211,1.956040650348191,3,1,0,0.4739106548736544,1.125606808069756,3.072502670552732,1.5679990818956104,0.3831630896488601,0,normal
8.053073415403698,1025.5960106417162,301.2424195747857,12,0,1398.5276242576003,2810.765028837264,2.1347864185695884,0,1,7,3.695671241745168,-2.405520049823864,-2.385110476240472,-0.3635292833067745,-0.4236647695944945,0,normal
2.4011744419264764,1025.2182400622237,489.0031612191464,6,0,1974.448823128225,1575.139786431938,0.8278087919403581,0,0,0,-0.9332968176895328,-0.1810286355086015,-1.2840822096755626,5.043947675965815,-0.0118389560899673,0,normal
4.011097315859498,2061.7966136959326,220.4114416228437,0,6,630.8418361521677,61.92682560812105,2.45631316820592,2,2,0,-0.7759024382753921,-0.5837927657180478,1.588105928358556,2.4566476964048256,0.051622051992593,1,scanning
6.439128468068539,1697.9565459651708,495.22726047320873,9,0,3116.811285482792,2014.0146553354389,0.4123716614296377,1,0,0,-1.7468318955493585,1.9124305273865596,-2.754301075557578,4.605755401950144,-0.162384969862975,0,normal
2.632297631476089,1346.1909784943696,259.44668414069224,6,0,358.6071272675871,345.03323884243804,-3.05823567469192,1,0,0,-0.1041239856076401,-0.5017113004123939,3.5583077484404173,-0.1942575823923291,-2.695146755084425,0,normal
2.41132750805686,18.906382046444016,359.0753030998445,0,0,917.021076192204,970.3426958187868,1.6256062019856192,0,0,0,2.5870593067967325,0.519804760941819,0.7741798096651842,0.7532953994000671,-0.1092140540598276,0,normal
8.656171093078306,1352.4036120252763,722.7347642789699,3,9,568.0049336582888,748.6166099248937,1.5104796018830406,1,0,3,0.3738637508250186,-3.4187793284855985,-1.9326677947243005,0.5168358125609829,0.4691122552910044,0,normal
4.366462776528971,1089.4429921298126,549.6910079130163,0,6,1630.5581285597746,351.34977087620047,-3.7434503336349847,4,1,7,-1.0051754248564293,2.061488474336363,0.2364082388620116,-3.704675075887661,-1.063192532911177,0,normal
7.384592950113626,1763.220579464892,390.8591302015702,0,0,1953.102022341263,2104.1911183934226,3.749468665675897,1,1,3,1.7197792879262117,0.2417015505372527,-0.0806160434183145,-1.35168714116454,0.4110118371910343,0,normal
5.192399199341122,466.799347156014,395.3833755944664,6,0,416.6989095987757,260.22437158010973,-1.9924021865189008,1,1,0,-1.033279981589004,-0.6247311331276912,2.0586917328181715,-2.0221218161004773,0.8604914935621256,1,dos
10.051818001790515,1361.8472204374102,212.0627528777873,0,6,1619.528949610612,1198.340066516642,1.01796866146355,1,0,1,-0.6804904594591858,0.2360916593271048,0.0283908521543101,0.1970956620682251,1.4189611436495102,0,normal
3.682063195557931,1141.5013840243755,228.82376652454133,6,3,2214.64399971506,634.3722694204247,0.2751310268470605,1,1,5,0.6341779846846696,-3.6531270266591553,-0.3726208403327672,-0.4649954751421026,-1.3778479306215283,1,dos
5.661063812151772,587.4904268995185,660.4430288650844,6,0,2207.931509748956,738.572217840869,2.7300447518673656,2,1,0,2.541343401975124,3.2730518813500806,1.8972841231317688,-0.3177222919773508,-1.893173125391038,0,normal
1.2287245966949158,371.3949080292881,705.3941553170474,6,0,254.8875343777586,910.9742374788264,0.6880431332930778,2,2,1,1.5402104959575222,-1.8967587525674656,-3.1842997306943124,-2.4269945573583565,0.2246215374142461,1,scanning
1.5562338756875045,1259.8238396072825,38.04102109828313,6,3,40.05552287686518,937.616647251498,4.85012413588318,0,0,2,-4.032458808825223,1.3094934344287428,-3.1502691688006594,0.4706903962487024,-1.1754353818031744,1,backdoor
5.218143713248299,100.05066573721643,140.65432538876075,3,0,2621.987304693869,804.9824583491521,-0.4223804103917301,3,0,2,2.0913820040872046,2.065751845765666,1.49475973389651,-3.338683267873243,-0.9453548880036364,0,normal
2.3198957534076765,504.9011513570757,247.58561863139164,0,3,1021.562470308958,747.2325148588001,-1.5915794188511094,0,1,1,-0.789894668177308,0.9313859167610778,1.2096212814427514,-0.2330264495118948,0.6793101009228371,1,scanning
1.5075898126611746,1279.0544666448,640.8420744162704,0,0,2208.8598532837204,1162.237335022329,-0.9409249264854112,1,0,3,-0.1757624438827663,-2.461286901941741,-0.1382934380318734,-2.3376094343839453,0.9209117937210944,0,normal
9.469785584443564,1769.9144684538694,184.5797427119536,3,9,3980.716678036663,189.06692857742917,4.785848613615489,1,1,0,-0.8416908937558933,2.932512472477764,0.6703707009515363,1.3321000250235533,-0.790534141120563,1,xss
0.116793799952596,472.19885741245326,920.475604851065,3,0,2198.2122285691803,1514.2292372043723,-0.4504068949427893,0,1,6,0.6579324641823494,4.808586761827887,2.552378639834238,1.8404291409692048,0.1302271008254238,0,normal
3.3559514482183355,1280.7765288931812,502.5027216536503,6,6,326.8475670253538,490.1277041035429,4.150302205954502,3,0,3,0.088959799872325,-2.5661057129501383,-0.1821930935347036,2.802612648636808,1.3188875350550358,1,ddos
1.6528658167680463,681.6731265621482,158.0883358947111,3,3,1528.2261004272475,505.6862419952446,-1.513025142467039,0,1,1,-2.0537204432483582,1.1880996087485636,3.3466309239281022,0.2013894029102729,1.0218460264511422,0,normal
4.820437087751239,1093.9297315604626,396.4195725708404,6,0,1020.1558751046751,1425.9048339369008,2.155935034067162,1,0,0,-3.7615495509166736,1.960554594075857,-1.2763330427041202,3.678854652844037,0.5974173114185023,0,normal
4.345234450734296,48.38058895243202,242.9096142681709,6,3,288.9545065503386,1271.916863397372,1.3431435312368678,1,1,4,4.092781489661182,-3.251708099220046,0.2830116415173427,-3.0554604659505795,0.6485213401545981,1,password
2.5808589744461043,179.5965460189048,513.1351491201375,0,6,1006.2372024728304,478.9085091776354,-0.7010253435499463,0,2,1,-0.0076803677413186,-2.607163762196211,3.7321847620399744,4.263760350402896,0.8399109568822773,0,normal
10.072664978101082,1155.5276855166246,533.7572969339831,3,3,3457.8191472859103,1017.188495981349,3.4822117833816364,0,2,1,1.254679128766991,0.43016993642298,1.910572580227298,-0.1906366506115822,1.2818208602778216,1,dos
3.852544889953593,1979.6905098939744,52.250150355038606,3,3,3142.8280102004364,1541.483904429159,1.888559791287019,3,0,0,-2.4781762829489398,-0.681744400226217,-3.913818302791672,2.361536276989675,-0.7473082538947555,0,normal
3.919230851282877,1334.931284963563,35.64411551608002,0,0,269.83071690573104,540.6367257372516,0.9168539105137328,2,0,0,-4.070732199475366,0.4133943367322488,2.841683877984996,0.3540483090597641,1.748320560542791,1,dos
9.315707146610734,302.63701374060224,464.9279765012573,3,3,1548.4174764243355,154.5322784252143,-0.7895487834415437,0,0,2,-2.123380202316945,2.1057300668437686,2.0575857471563324,-0.2118636975783872,1.3555241448356536,0,normal
6.707587999451309,252.78896421414387,913.2353531111248,0,0,454.0341755766553,1989.7556550677807,0.705262135379604,3,0,3,-1.2472626905331374,-1.3187460514801737,0.6795363041425414,3.1424408445454897,-0.7766811238183272,1,xss
6.96833663668997,320.88235868636195,669.4534914354733,3,0,2818.1876230386065,59.28450559044288,-0.66932567750171,1,2,3,-2.2491757935602887,-2.3941211800177804,0.9972539891436268,3.110629260787014,1.2665891085915495,1,password
2.403232404947273,1637.2674193369762,3.2775790137587206,0,3,1897.8017182740464,618.9094324694686,-0.0517796513416237,1,2,3,-2.0616946912263936,-1.786634413145913,0.8047014517149885,-0.1266937251651252,0.2441533184677128,1,injection
3.2368894794938607,427.2278261240954,213.97294848477995,0,3,2232.4734204947035,560.7351418551849,-1.774801447239279,2,2,1,-2.8708124861125444,-0.0959973101009989,-3.2207065066886686,-1.1419430374697843,0.2343577748684107,0,normal
2.5774948923653422,510.19650081281486,809.2519524090945,0,6,737.045260951871,539.5740015425728,1.147826923276823,0,1,3,-0.392215212097502,-1.6339400638469863,-0.9326873189960648,0.2213808623369542,0.1601513743859559,1,dos
4.725161998193771,1128.999088148296,744.3916961648488,3,0,1552.0518390595676,2238.4387874196104,5.081763882516412,0,0,3,4.573420985800945,2.2131074996002,-1.028177415966553,-0.5153014321335903,0.782586138363663,0,normal
1.804882712793872,5.865319156655557,212.97466796513223,6,3,469.010439862798,282.0327831747863,-0.2396079026848608,1,0,1,-2.321373251013986,-0.7264050027840347,-1.3636465562448064,0.7481481389290892,-1.5144867972693443,0,normal
1.253135757057132,107.03706930845914,216.94300977128725,9,6,189.78771134607803,1892.9842089161853,1.5088921437824028,1,0,1,0.8961650123629518,-1.3125193198777263,-4.473827746890817,-2.92842137146655,0.4148879822328015,1,dos
8.132143595729103,1933.545143405516,388.5746054108408,6,9,3561.2082716650066,388.69066982190094,2.854605558987558,2,2,6,-1.140664918533686,0.8370049172226094,2.8864337835282976,-1.1354066514457564,-0.6022307013838424,1,xss
2.108595936867049,1854.98322846896,561.0375717524613,6,0,2320.282235516344,646.7039238807536,-1.2740971348999148,4,0,0,2.432179372174099,-3.441861039088576,-0.7186672808463233,1.09669075180397,-1.5800190227166426,1,password
1.081700997815778,757.8661788383928,834.869361611726,3,3,293.5161487855174,75.99898089119733,0.8326505065840866,0,1,2,-0.9534790972672924,0.4248951420617288,-1.9524900681896409,-0.6311581317132176,0.4587549742038958,0,normal
9.211013192529489,1327.8411538554017,146.20372311011408,0,3,5373.734367987863,2676.772924055609,-2.6969116750205906,4,1,0,2.8925277839573726,-5.348843236008118,-2.0995424017018283,5.237231926562243,-0.2747516846282687,1,scanning
8.70250652400059,909.8250343865608,575.4567105023524,3,0,115.77522472230817,2686.7973806788023,0.986495104143863,3,2,7,-0.2020203756775878,-0.3137793285304291,0.5358233647404236,-2.723649149734179,0.0128946243590581,0,normal
4.493523182040102,424.2599061517246,528.5646860521366,9,9,491.66948413888616,399.5485359764382,-0.0880874579760797,2,1,4,-0.8595731588788336,-1.1606028696752455,-0.8980223458315886,2.650980662530685,0.4712469075471857,0,normal
7.2239712274438626,1606.9149388594842,193.0667939364295,6,3,1126.9476694124287,770.9502272690013,-2.4002709366031034,0,0,2,-2.1364773066726253,1.0578278355243331,2.6898150657317528,-0.7241283947049717,-1.4605182277786155,0,normal
3.5926950404538966,278.2100429661129,152.13536940436538,0,0,2734.461614008466,759.1625179302397,4.5479366278759095,1,2,0,2.2392456927021867,3.898557522533043,2.8751117092151093,1.146042158855573,0.3825522308751559,0,normal
5.657898972283776,601.5652423369957,660.9475728205462,9,9,1552.5265568983596,2706.084748940659,-0.9440550728835456,1,0,0,-1.416446533630021,2.69280450990159,-0.5129547270446504,0.5344157389006732,-1.4409495662806917,1,backdoor
0.2639993266060771,962.1300048839984,54.36913669961016,0,0,1770.04528219168,1248.440929316685,-1.8983862221094,1,2,2,-1.9692199964808743,2.5961287937197035,-1.1920007103761745,-0.2782202351768472,0.4623488271691169,0,normal
0.4530981767882779,390.4300877992819,105.7454123409271,6,0,1405.3010390260667,1421.233534403336,0.1183308482031586,1,0,0,-0.3216777857100211,4.433783340725921,-2.0015520285971498,-0.2349944950762665,0.4541311443087981,0,normal
1.867569174403397,2069.829187042977,169.37351757800437,0,6,2700.6131422320723,1438.5384015305958,-2.020841507581881,0,0,2,-0.6726669927525736,2.4597251085083767,0.123568137340926,-0.5915198893433078,0.3660505527813254,1,xss
0.5071579668261507,1498.7454944173562,314.2288353309267,6,0,3592.462127759513,1509.6098680307712,-0.8579039982406911,1,1,2,-2.234214467615475,1.0982399805351035,-2.64794032317866,2.353254044309319,-0.5885862598731942,0,normal
1.7242502953119518,1071.0432937589535,335.6013968869165,3,0,537.9217968354867,346.8237040706329,-3.3082599589140558,0,1,0,0.30020362239352,2.2387141191899413,2.746397852725173,-0.7920155276721532,0.7688055398299457,1,injection
3.2750074040355344,386.4793833704594,283.2001498734022,0,0,745.3620237702087,52.11539963575616,2.1552497774516217,0,1,0,2.250553206201599,-1.4054063297424906,-0.5392883659205963,1.035349615775946,0.0234926837668938,1,backdoor
3.830111286848752,347.6876040588748,26.90909619601656,0,3,1820.133248952047,1302.796677258465,-0.4989615120502224,0,1,1,-0.463971092160071,-0.7858135813363885,2.4718365751519364,-1.3785383924761074,1.6079893688469806,0,normal
8.749903534202986,79.42467622143978,354.17444901515387,3,6,1814.7386504906187,249.6540197432849,-0.4513650086955709,3,2,0,1.3033220441908793,-0.5009607619884333,-0.802180153428403,2.152414137430835,2.155921230877954,0,normal
3.569831433091915,216.9815659411272,523.4942463862747,0,9,88.7238205531886,1268.9407880415067,0.5072074288399782,1,2,0,-1.6516225298302916,-0.2145670588272887,-0.0796547099149886,-1.191910493131902,-0.8206281619112539,1,injection
1.2053560887286028,397.804164164698,722.0289918264735,12,3,2957.723585120312,1511.929605332544,-1.064411659902348,0,1,3,-1.7916780504373808,4.574462719824373,1.7758002886851745,-2.8356731257175327,-0.9717948905544634,0,normal
0.3159551380142908,139.13881532937046,231.30712264174585,0,3,247.24744714427075,647.4672567742526,1.0998734165528574,1,0,1,-1.81565265491118,2.8428110243006786,-1.5221012138171932,-2.2491160024652257,-0.5099397727060785,0,normal
7.050136021193524,891.9349057995707,622.0286705058563,9,3,3587.3577748021285,1698.808726720467,-2.609473360245232,2,1,1,-3.3775431932290134,2.819454579676432,-2.5433034775689167,0.797001957586889,1.0983015705676755,0,normal
1.3631876876225664,2754.498020985522,169.30784500573654,12,9,1972.0943554191567,78.72851750746503,-4.284922028998241,2,2,5,1.0651391356004103,1.0899968802365971,4.962059093753391,-1.389135285164212,-0.9532176862204452,0,normal
0.2763112889302845,358.20310755553487,566.5188833072747,6,6,755.6037847728876,2374.752486596275,-1.8703497770482795,3,0,1,-1.2908390442936857,4.749123698853484,0.5547924486444008,1.2955674021820316,0.8806022237094108,1,backdoor
2.0359743323955173,603.6014415556267,627.1979624212709,3,12,1293.3721415142538,963.601115477932,1.0660614365965773,0,1,1,-0.3129477002874101,2.6474506105275357,-1.5672999461696715,2.2654336823249954,-1.5735069719300352,0,normal
4.324989776202874,318.55787203834217,612.4765529033432,6,12,462.09325587464775,1200.5555486830633,0.0652155425212648,1,0,4,-1.8349386458649384,1.452018815330998,0.1171980430448369,-1.6937606147679587,-0.7486976409610394,1,backdoor
13.246485882568258,672.5701382315183,557.6611676892265,9,12,1512.5227935132643,292.2765350734028,5.738932814584225,2,0,7,0.4657793123553888,-0.2920153566873554,-2.507865367494965,2.526137163890273,1.0477249197580465,1,xss
6.000238865672415,1543.1061872714342,307.58976718757043,0,3,1841.3844654648087,691.0497627248353,-2.0393032792560613,0,1,3,1.0287330944529531,2.441516730159387,1.0173964220762652,-0.3390116655050306,-0.3297205349254619,0,normal
0.6102423991105002,383.8192069383352,773.3199384161592,3,6,4098.432435557242,986.1052082032676,2.119785888910096,1,0,4,3.1282851445594506,7.849774179605418,2.551782148947054,-0.7147415859750699,0.9530309257587594,0,normal
1.657303381193881,344.2093367543012,235.20764864370372,3,3,1075.8512379344718,547.1148069815533,-2.2655705538569717,1,1,2,-1.506283465016882,1.9550970761981945,-1.3367715465838814,-0.1488665516514467,1.0503675609695529,0,normal
4.427491061660484,135.02354999989896,489.1675439417738,6,0,102.0840213791995,1331.8524317042293,-0.2320402873398857,1,1,3,-0.3855700140960787,2.3667889814061245,-0.7175321283717615,0.0201040260402907,0.7393249785316388,1,ddos
5.013582518885409,753.2043427373101,441.38720322109737,6,6,611.5802392005444,989.9854204928045,3.620795126981261,2,2,1,2.8366848151898427,2.4103336626433007,-2.272587833249238,0.5331113432925361,-0.4555320814846561,0,normal
7.474534263371391,526.8643296923091,562.9785895377086,0,3,346.3347719948328,62.27111044230745,-3.944946068621033,3,0,4,-1.5599903204597934,2.443784184841921,-1.3639667763981216,-3.6875630044080143,0.4493835276683834,0,normal
7.689274215493004,466.0500824328259,720.4489380521419,0,3,549.6027610287438,569.3187749387048,-2.7640858003165283,3,1,4,-0.035101293131625,1.4440158513071246,-0.9836722146043524,-0.5390133927927434,-1.3286881550071652,0,normal
3.445140312099028,1406.1432928510596,219.5184988374728,0,9,3462.257994398936,440.2647616553443,-1.9672009240815127,5,0,2,-0.7307697728011449,3.623831156751709,1.2632044897373649,-1.5400062729325332,0.5961553913848416,0,normal
4.71655662931238,570.5028632324908,245.9401218609132,9,0,1847.0886895247136,1279.1851208084977,1.7384535302245383,1,0,4,3.72879137889485,4.849602758802819,-0.403796049221754,0.8754474710476848,-0.3576771667086832,0,normal
9.091636949159586,703.3505303918004,759.922714684744,0,6,1782.7062994406158,239.93224771652004,-5.428218639020408,2,0,3,-0.1001502158101281,-2.203393811852921,5.80992752901491,-0.6340376931904994,0.010663442139962,1,ddos
7.7021054864694225,1347.975430639318,797.2388719154167,0,0,3309.3338089553663,2374.6888900199297,5.304568700216825,1,1,4,-0.6524717476312596,1.2448075283560198,2.7061601493374505,-1.734367687469635,-1.0883919871687384,0,normal
5.87671112150025,186.04458614115816,231.06064457622895,18,12,1425.6935241748615,1004.5637269526732,2.27151094480429,3,0,7,0.649837581336124,2.931991934834337,0.3539298678514785,2.8517682930153816,-0.3389297075516378,0,normal
0.8252036663634907,750.3545050847654,51.88518784002071,12,15,1388.3900617205356,1012.4341544445606,-0.8931333106799957,1,0,0,1.8631746145391388,-0.914655569755545,-1.660185264885192,-2.422050120070324,0.9001919377759586,0,normal
7.086679790375083,645.7677824509279,314.9626167246544,3,0,921.2022267255712,488.0979219155198,-2.605574524942554,4,0,3,0.0831470011447572,1.546124717948654,-0.7279489746269809,0.243707256176173,0.5099993169151091,0,normal
3.924522362772583,21.97068059007279,693.6561536828259,6,6,1928.8477519791272,212.4164056057109,-0.6735869933805863,0,1,1,0.2762251040303054,-2.965045605280657,-2.5196563613477325,-0.2936174658665549,0.915614222506558,0,normal
2.7044254725026624,945.3850283195231,691.1741694440257,3,0,3348.7370315745225,1045.572596826981,0.9559415592030832,1,1,2,-0.6454934462828447,-2.366560840751771,-2.3002264291383216,2.8128552450475723,2.030443054080084,0,normal
4.024119220354536,567.0134386910734,812.2610915602222,6,6,1510.4311767998302,1569.6308788094923,-2.430333193456292,5,0,7,0.758771718327955,0.5334747023805917,-0.8652688974976328,0.9064548628097432,0.7635279758432838,1,dos
1.9331141418889008,2819.870905872256,395.5331223999296,9,3,84.10822745267248,71.20444797202032,-1.9835913411535444,0,2,0,-3.1433599950982947,-2.7271757727923287,4.970836186573974,-1.2596609700108583,2.288654016959545,1,backdoor
5.616223915132354,737.5302369822411,196.84775621896296,0,0,2509.8672143531458,1272.0387229355697,-0.8440178771785454,0,0,1,-1.9101532862808583,2.469241155648932,-1.7092132019608623,0.2380016675260239,0.9743682957121812,0,normal
4.134998875100481,1239.7335789272456,695.8672757820821,12,6,684.3094344375013,468.2866881215477,-2.2113878694895,2,1,3,-3.5987965745687047,1.252543022295337,-0.7821353761845025,1.1841605865517368,0.7226671296302921,0,normal
4.6727420039666505,2097.245300168732,525.7460628178803,3,9,1620.464426766058,158.81263919525068,-7.044915415174671,0,2,1,-1.6960059670830447,0.3380172026350051,7.058191180355287,2.57776793280825,0.8364675610115889,0,normal
5.876704103959931,603.2718158969354,7.384453544987013,6,3,2383.27380997066,1571.7510167113785,-0.7158420438641947,1,0,1,0.681524846230982,1.9540870876565812,2.6513095291452373,-4.518820661446005,0.5758970169945189,0,normal
3.7975485740275454,901.7534975227636,673.23165236911,6,3,348.3021715137769,928.2250278576422,0.8675363567885634,0,1,2,3.970469849872523,2.2031319947924417,-2.236942687288145,0.6419209259630435,-0.8441361249097117,0,normal
5.020583632508479,580.744252873372,191.7516781360552,3,0,548.8198290795158,239.97662250390337,1.625240293003418,0,1,0,2.0140488573711743,1.3942658938820478,0.0649749257603875,0.9148408209893744,-0.2500975671018783,0,normal
1.877095688694116,536.4509048959998,484.65213454702285,0,6,964.7580869781096,863.9365406956438,4.231902244114614,0,1,1,-0.4085127381173773,1.3352119378136826,-1.422144285381709,0.4141826634922506,-0.1304173034142032,1,backdoor
0.9628057338925636,1569.365844897229,915.3759789689432,3,0,1055.735366660642,6.028094522229587,0.978747066242592,1,1,2,4.715613278214727,4.577454523012544,-2.4581593305251106,-0.7630755954681427,-0.8385119516985323,0,normal
5.070808017402644,19.653381688807706,719.8912876102092,0,0,1342.700737784955,644.1754360441712,0.7126738787205482,1,1,1,1.1842273580468454,2.2143980383169204,4.064758438345242,1.157064942309669,0.3148569290665347,0,normal
6.608687111920224,2645.9918891444368,232.0585430309275,0,3,3503.127066397235,2767.9914766841525,0.1699877888892544,3,0,1,-2.7349831862626908,3.3907130538326564,-2.4728201046326284,3.1322716755350086,0.5216644975909324,0,normal
8.606494650988525,643.2634091364732,380.30487453362286,0,6,1646.1916767742266,1575.3164722325153,1.904918677076272,0,0,3,3.3305872326159625,-0.1509128844829683,-0.4562347459378628,-4.033190335336286,-0.2835018703781682,1,ddos
3.2321621972696333,1019.3495975775596,68.69186676158681,6,6,951.3484410243772,1332.4182910872405,-0.8874300123589458,0,1,0,0.7741948584251381,1.531862833971417,-1.4555163417519357,-0.0808159425603718,1.1755128076155088,1,scanning
2.916499120886053,917.1193475536536,23.395421881738933,3,9,1560.539745495097,1505.372160985905,0.1834478926892211,3,0,4,-3.8529171792917394,0.0017497572913034,-0.2615052647431177,3.0414971583405586,-0.8619898795604873,1,password
0.4092050794031321,89.59880362863915,420.8474934632082,6,6,1591.7088546846385,1311.6924461346148,-1.6542193485726673,4,0,5,1.1798648994909728,-0.7242034547537117,-1.8312986255652817,4.280954822328449,-1.9507005907302888,0,normal
4.601876750838719,999.9344854677868,154.61134286123786,0,9,1260.9657122127142,474.0913015968042,0.0229090340349864,2,0,4,3.4929421773141787,-2.434104410132299,-0.4588986122669822,-3.238395611671205,1.2420374087448365,1,ddos
2.317576552445167,388.29647385334266,162.64935167959462,6,3,50.327329618098645,431.4395226189881,-0.6037801912742565,0,0,0,-4.74934129447834,0.686847562882363,-1.1542429542257953,-1.6182844596954868,-0.3149430293262572,0,normal
2.6552296212607667,1754.370767603433,288.02955057891336,6,3,2746.972240037634,1377.8049125031937,1.2388630248934962,2,1,3,-4.777780366380725,2.589143059729668,-2.5633815955925687,1.8820727777256323,0.1059489606286081,0,normal
4.950271459664619,1089.2726368040392,929.3401509848894,6,0,437.3051899352294,505.7127950364392,-4.623882894309533,2,0,1,1.1359157118418035,1.5585292051038595,2.5036308635817024,-0.2531850558614655,0.6280997077407446,0,normal
2.286110910778362,527.5845491605899,84.55807804991463,3,6,1782.1457824463753,337.59792826570896,-0.2812063286967045,2,0,5,-1.974932639909321,1.962073332473467,-0.0341536002133973,-0.2948207635680691,-0.3756906994168542,0,normal
0.9646653275563196,25.42104002668533,1255.1606363355963,0,0,898.8073622129883,624.4752167057728,-0.9926189265952764,2,0,4,-0.9359868359001112,3.5104122317571376,-0.0861532611935009,-0.479891434506117,-1.8013046832754018,0,normal
1.8131032756218517,893.8812045556837,343.7986152419358,0,0,1363.0750155585008,224.39723388987295,-1.792790894317299,0,2,1,-0.1356967095909822,0.0198075553555019,1.6309914749938983,0.3632980204700369,-0.99258486020211,1,ddos
7.585513818131984,1435.9498998006677,527.2946718946566,9,3,524.4077314317035,1465.805515103229,-1.2175013720081973,0,0,5,1.4013944534810856,-2.3501712194543227,1.6698863622227316,-3.028495164316728,-0.3147662032011485,0,normal
2.1457549396055478,921.2306549900114,181.59151900862688,0,12,1234.3773500817736,1440.488171791102,-0.1476630438339203,3,2,2,-3.168398492626076,1.7500844092694954,0.0997423300719402,-1.667701206062765,-0.4387169975196849,1,backdoor
9.502803772184304,1175.3026238340983,1086.438981715162,0,0,501.8889236558836,850.5282489150854,1.7368588006472967,3,0,1,1.39459828991527,-1.4295255342565736,1.13375525066431,3.667780948865365,1.2701068151345274,1,injection
0.7983790864445605,1417.0734393495857,270.9119035334582,3,3,266.7915912369635,1817.600913598427,-1.915395314445785,0,1,2,0.7780223339783068,-1.8808486606550632,4.793234630492264,-1.5604723537420024,0.2243699199327106,0,normal
2.214206753463903,2741.3906881744547,473.74205566774816,9,0,4796.283252925074,710.9525252350168,-2.1306883177865705,3,1,1,2.5940834721743657,-4.564777969832484,-2.109207857420393,2.346063542648549,0.8333154395910263,1,ddos
2.0170067656177024,1086.3053816921697,267.2592947667441,9,6,1883.4610552189904,2675.461166119669,-1.4974042316430138,2,2,6,-0.909513546945692,-4.977248890140519,0.6354406176412015,0.6506138167280232,0.1571548116968905,0,normal
7.290139720948382,736.9951200657564,254.72379674117215,3,9,1168.687659146295,1355.0996863878418,-3.1694851377398305,1,0,2,-0.3816307699836399,-2.196737041368229,4.658242597047467,-1.9680025538297992,-0.5857212575782542,1,backdoor
0.2302080496515089,804.8546051390457,314.0741020659488,0,0,3001.174409629218,1371.3855070460895,4.068172901914021,1,0,0,2.285867966281913,2.945964948185656,0.6767172656933317,-1.3617417372253091,0.8563904077293903,0,normal
5.717189734335318,1893.7243961037088,306.40191518794,0,3,1571.0985961056756,1608.216836266089,-2.030596985916333,0,0,4,-1.1037640414461485,2.8497042426169115,-0.7342018223209384,1.683348160892865,0.5112129847958157,0,normal
5.504475923450306,1045.8983104436927,775.403459536238,12,6,363.16952450836,2166.798832488508,-0.7031010502362802,0,0,0,1.1758632310462822,-1.490792196422276,-0.1162326150333543,0.2825791814364858,-0.6607863557449416,0,normal
1.9376249253129532,300.33254093324655,41.53540660783501,3,3,278.100380222265,1179.33602623169,0.4192428110948968,4,2,4,-0.949447166941444,-4.563554271128522,-0.4819298513420988,1.9500427030797904,-1.861215434872599,1,backdoor
4.145098632064511,1225.9001388797928,712.8489485945923,0,6,665.3635807463269,1297.5295272634287,2.042368073069286,0,1,4,-3.764990238836943,-2.489514987333819,2.7379141534396103,3.2871225716548613,0.4857728853418654,1,ddos
10.829975215327092,1270.5088771647124,227.2528134181659,3,30,3995.8299225990713,53.05903159891615,2.4277648596323527,0,2,1,0.9613323696095633,1.8276090225927355,5.773706791837089,-4.672142226942374,0.01675082000371,1,password
1.3672550025822638,1211.994765340739,622.6674887611894,0,0,2039.9577741453209,1409.379626713323,0.0231962823022167,1,1,3,3.7275979707014057,-3.753774738118178,-2.283334449012451,-3.391810580996536,0.1365117313298869,1,injection
0.1782342753842556,1679.5654193043488,274.82799064881493,6,3,2464.66691186543,3074.258722961508,1.5525755296315022,0,1,1,-1.2390414095733744,-0.6760907242521976,8.231782779121158,0.0031100287723,1.9934280270472968,0,normal
5.309930039032853,489.232705967292,440.37441111494064,3,3,1426.6124609265214,554.5786301919889,-2.243965875410036,1,1,2,1.121927482512081,-0.4226101236208335,-0.2171796119120959,0.616706863661594,-0.4108876419815985,0,normal
0.3094664084352471,109.4688516128094,203.9901713648636,0,9,268.3604964958341,1276.5100769158823,3.7858830008148985,1,1,0,0.6725921660649006,-2.1338714231826126,0.0067538975943921,3.0061027891684646,1.1424087157554357,0,normal
5.535537243669658,53.47339663058792,609.061866425063,15,9,2278.941792363482,306.6077126863111,3.0165403778839104,3,1,5,0.5090787037409703,1.4184870076905671,0.9007821255884308,1.918671211850268,0.7389057863331228,0,normal
1.2154328536281953,1377.1157505310612,249.8047777239477,9,3,2195.5755505951543,556.3587081665869,3.1986678807852438,1,0,2,0.8474726992364224,2.077961513545755,-0.2660364158972133,-0.0389855654591437,-0.0467120679249534,0,normal
1.7225797001300056,464.8190107269231,685.3023035701347,9,6,656.3861993942965,470.9894983261972,2.956435460382818,0,1,0,-0.8706309811357924,-0.0112526345389827,0.1264558613421729,1.305579047293871,0.3604038627189789,1,password
2.9786556300152296,330.4416078110665,344.79469327353905,3,3,1068.824843828295,317.89215147904883,-0.0246507289893493,1,0,1,0.1535152262833141,-1.7349655573067817,-2.159831593342292,2.0754016343921657,-0.891400069064057,0,normal
5.905489325358139,419.1676586281816,113.48446538715903,6,0,1128.0852748368443,1573.5675248536102,0.1977650599976255,0,1,2,-1.058199120015677,2.929087019061725,-2.2619922477366288,-0.0859515111277957,-0.1617735574242011,0,normal
4.184103411485621,76.3597132067051,351.9279809033251,0,6,554.1173168130719,1021.4842214754736,-0.0780731784972741,1,1,1,-0.7573906634943741,-0.1959625284897272,-0.1932940435563133,-1.6503700617475212,-0.2193118447533532,0,normal
1.414974804583349,377.26826389106174,290.63132422405806,0,6,404.35573670502765,390.80987022518747,-2.2439574343570934,1,1,4,-2.042044976881712,3.9201191804330096,0.7348304303122685,-0.475243478789101,0.9892498620309949,0,normal
2.702585620176021,519.5825378440848,835.7571211155895,9,0,661.1417489590638,2139.3496279782844,1.494768423329536,1,2,4,2.244558985468088,0.9259493181710476,1.4468344540533915,-0.2259267076984414,-1.4818960308067135,0,normal
11.917878276174848,651.3489109034089,830.6859378525096,12,12,2756.0412999781106,413.4873092145017,-0.6407834945126276,1,2,1,0.0257215335385843,0.356714552181464,3.010460864296122,0.2054336690891889,2.183847444799877,1,dos
7.853422295946027,271.4437695647791,1060.2370557604993,12,0,40.48588165628642,1035.941013243918,0.7361715784196774,2,0,1,-1.5981328527472074,-1.3507995662579722,-0.712146450313396,-0.3303961702274742,-0.6217936272229544,1,xss
0.653167511797036,632.3095215035294,521.014600674261,0,0,1148.669737094389,932.2301526414312,2.4808416954344423,3,0,0,1.3588181383330242,0.2759489713132943,-2.7175806886675185,-3.6254635028905815,-0.620959455522105,0,normal
1.5754564009431955,322.17851942332425,440.7433314215942,0,6,784.2960838825899,679.4156598952599,0.5375663250228615,0,0,0,0.6748585439032753,-1.649711181943544,3.573395553636793,3.070738096226049,0.6424212364441821,0,normal
0.005287655292703,414.0085334360354,269.6694605772953,3,0,3226.273527807564,1970.7337929926832,2.120955941934327,2,1,1,2.932286538453928,0.2039788523456263,-0.393234730478091,-4.359902291156049,-0.9499179780166996,1,scanning
5.680274068048698,411.5535047902213,702.7766760347489,0,6,680.5750593518295,1763.4008600724308,1.8813458400223868,3,2,2,0.48566898677742,0.3825111324625307,1.4698350567211589,0.5080486425352086,-0.3276007389610896,0,normal
0.2190420723743735,1549.3798657415034,270.83150008494977,3,3,1331.7313554932098,484.9172373491964,-3.888247402779567,0,2,0,-2.5312287056075005,0.3727827920088509,3.0993700894631,-0.2049887237036269,-0.4910184417280275,0,normal
5.410810432998964,346.1893580912481,446.0253511746057,0,0,2037.001880019996,1104.325180271985,-1.359208072025161,3,0,1,2.50478276997985,-0.2581936231437842,3.86362772723502,-2.3318468064532647,-1.1124967520054334,0,normal
9.058443749937432,1454.0162515679776,501.36029018837735,9,3,594.2288371805437,476.1463939945791,3.210465252424416,0,0,1,-2.446684939010037,0.0452542211760707,1.4677358149616009,1.208777240250203,-0.0933442599816108,1,ddos
4.36574615054789,721.4921204960684,32.948467071199374,0,0,240.3845321056293,61.47659162721549,-1.331549416563084,0,1,0,1.082226599197358,0.2321940319791829,3.2022937634640654,2.751953136890513,2.0693825622711466,0,normal
3.427294028833596,1903.8136324351296,230.15616665401015,12,6,2414.328290475535,188.63167257169465,-1.81956446496347,0,2,5,-0.8960650645000152,1.2264582505372996,4.20517673856325,-2.6114724592325977,0.8691166704694455,1,ddos
1.959614108826345,1285.2364699542402,26.30487861270473,6,6,4208.73739908112,1271.1355039737089,3.4306081890429194,0,1,0,0.6334822999096014,3.1825430219164543,-0.8644022333943739,-3.194550948879233,-0.8675535337394261,1,password
0.3462032269431813,999.8752243180576,74.506501624465,9,3,745.7774958152906,1240.1493296127842,-1.105513980209851,0,0,0,-2.8461755051252267,1.922106484263972,1.9598783733370435,-1.6385606586625807,-0.333665464391406,0,normal
2.6136135981151427,549.3548315244127,520.726599832099,3,0,1310.3912093858648,1682.2816160851107,-1.2745887423538027,0,2,6,0.8500042493745263,2.4756018035218075,0.108017598168161,1.283622468600515,-0.2349228469617241,0,normal
4.253273869378143,336.3261173074167,155.37496931567162,3,0,948.5222153654516,1474.1397650046088,1.335588951835707,0,0,1,-1.6609144463704677,0.1443415137315533,0.6399268744543367,-2.284503003456478,1.6354816909689032,0,normal
1.299572711122856,1365.0389707848317,391.9012393799061,6,6,197.4438854175627,1454.1458012246514,0.7755142191383038,1,0,1,-3.351814663544093,1.4463056658628914,1.130241917345009,-1.3184609162175471,-0.3914651277297584,1,ddos
1.741922625340062,1309.7989784989586,374.6094631447648,0,3,1808.4300944117624,1635.8599364229751,1.836601549253885,2,0,1,-0.7654000036484261,-0.1258291641151814,1.827821103551973,0.043685837979192,-0.4076000660214885,0,normal
11.86994632112285,1073.5666785086578,1062.806185151761,0,0,1903.7025926336128,1411.3653962427543,-0.6724389390794314,0,0,2,-3.4121695860341683,2.108556883706183,-3.24918002641183,0.4722286396155313,0.5826059635190978,0,normal
1.422641328348837,88.67825046714628,179.6192837900919,0,3,3789.9946697817695,270.2366953845603,4.678370903170844,0,0,0,-2.13448269375346,2.7958471718414355,1.6067066825334966,0.0300383713030207,-1.2528880491705514,0,normal
6.205598852006718,1086.857644084164,727.8810487543532,3,6,2939.878444839944,296.25273177317825,-2.7361418567432576,3,1,4,-0.5819712298829807,-0.094286541898602,0.3242861219836594,-1.8485190457772989,-0.0504191284297183,1,backdoor
0.3124568486464396,96.78452717904084,437.8569036461386,0,12,832.0865218514841,167.67079411060553,-1.462089887021401,4,0,0,0.2301987600553217,-0.2963640563047807,-0.3322831631481708,1.3229115956249111,-0.6822232172579408,0,normal
1.4783608379079445,177.2861754657845,52.84145362409813,0,0,1528.4556129305986,227.4277439400314,-0.8482979857019497,1,0,3,-1.466225134206442,2.8762462606233465,2.205519053820959,-0.8683688734892447,1.3012997701186464,0,normal
7.136908760790012,744.6329933865437,348.9867983996949,6,3,969.9747802554796,860.0359574700497,-0.3544213325746138,0,0,1,-0.3532400115009456,1.0801843348051876,-0.5777137437534036,3.161025089693945,1.386395295280444,0,normal
8.463791445885713,1493.901808301024,960.4379376315904,0,24,1577.482648361521,1857.9426497094885,1.1511246531677626,3,0,2,-3.965528492832199,3.090422921432293,1.401376484371318,-0.9576498103158846,0.5990541725905045,1,backdoor
0.5966019701466317,755.462188701412,94.33054306836551,6,9,1370.836604358967,762.6405548032459,1.0710108516020695,2,0,1,0.4027519253196653,-2.9011790873429355,-3.585732920700905,0.5913123131589655,0.6034277410987788,1,password
9.127516289945826,185.6218400260408,47.39592284197085,6,6,620.8181507214451,1209.380064492735,-0.7761227615701525,1,0,6,-0.4704813364006064,2.180042062722734,0.3504960844029672,1.4434673705590175,2.136219640270615,1,password
2.3292079528149605,1818.721628225775,439.9715781830467,0,12,3630.377392985255,1251.8122758220468,-1.8393364015028524,2,0,4,1.3512381979837618,-3.8513196708182607,-1.6574148153544843,-1.4670303098487243,1.296762647963196,1,password
0.9063437556127644,1438.546314608074,893.1548290843513,0,6,907.7104841034798,1263.6007195456475,-1.5074025570457037,0,0,5,-0.8996757932401875,1.084213187503458,-1.1226750176023716,1.2078892705475386,-1.7007852492453508,0,normal
4.33856603457146,999.7883393136422,371.4381225428561,0,0,2802.086172281068,508.6300132512324,-0.4747458509018867,0,0,1,-0.9682953329636984,2.719475048565712,3.442146868810447,-0.3522550559362503,0.3355959261261638,0,normal
2.874585918777039,1780.8740561342563,138.3935324218305,3,0,849.4545389668699,1005.424179307373,-1.945223591729131,0,1,3,0.1680810304317794,-2.143429687284791,4.025637616842688,-0.7573820650383571,1.195955903825124,0,normal
4.21762731080985,464.0827456115032,13.917919084474953,0,6,2445.09082644703,929.0105435417344,-3.780653262398281,3,0,0,-3.763243105311039,3.5874730350550337,-2.634766587458373,-4.391578541692421,0.5980928552243931,0,normal
12.503855153584212,86.03211331308447,30.17834971626493,9,6,356.2601553998546,41.16935639568873,0.2622091455030124,1,0,3,-2.123434752173908,0.7693554056319823,-0.5448048972612164,2.61903301780916,-0.1462493472608427,0,normal
2.878636404604535,3044.1043000674663,10.79308785792654,6,6,3485.503481930165,2356.291071016096,-1.0592635094166485,2,1,2,2.5471682185960125,0.1332244991057634,-0.2467507963010728,8.03105022822848,0.859190381504136,0,normal
0.0478079680844557,760.0394111318363,254.32354309019024,9,0,1498.1634771860065,63.30082447382003,2.40636248522546,2,0,2,2.525959351200566,3.303346153050195,-1.4643871716890844,-0.280091864055777,-0.9221326823114124,0,normal
2.220378685925307,411.1287259820327,115.37293076270244,3,0,2853.4158414816206,211.76993099108884,2.2011277193944387,0,1,1,2.310189369092245,1.3402714720598072,2.8588415573968238,0.680954245820832,-0.0511851144631091,0,normal
5.927569435401647,822.9429578350365,839.2497903562285,9,3,970.4139005680444,535.5575382685277,1.999705858442424,1,0,0,-3.2655053065641138,-5.672016223070546,4.166930302789031,3.218098540913453,0.7186658468023013,1,scanning
0.1283618356837073,2051.7619755392734,199.10936165021184,0,0,1895.790971869314,3285.7895865020814,4.5478890528285545,4,0,4,2.36175204779306,1.8168533033346184,-2.5397202726539625,-3.790709084774904,0.252273421545872,0,normal
6.725214496849063,895.4570481694799,205.7448765676791,6,6,2063.915008589427,203.64429608076028,-1.0171897933175176,3,1,3,0.2862135823386287,1.1126850764112783,-1.0528096732913357,-2.328272005165884,0.8710573771749662,1,dos
2.1824998478814197,487.272066505611,423.75995526903193,6,0,2014.9651619806875,1218.231669084288,0.506500568595357,1,0,1,-0.1051723886364897,-0.3079678722103656,5.470037873751052,2.370871249652861,-0.4450337821180752,0,normal
1.583393368230758,175.70029161874746,375.50422379153895,3,6,55.689569059525226,680.7422315992299,2.774579320319545,0,0,0,0.4714343116064936,-2.103826312653616,-1.2562184001411765,0.7324343654766113,0.4282340723817815,1,xss
4.665655049652612,946.2682755268654,1405.2588641080256,0,9,1526.9626883469805,678.5751157404085,-2.027379467852601,0,0,0,-2.234114426376181,-1.0542404848719282,1.799764026760124,0.1333755588784679,0.2202230397333974,0,normal
0.5047345472714229,297.25216228827026,363.1918036057012,6,3,2775.305128891312,1551.4476148068863,5.026113283207601,2,2,1,-1.248980419531686,1.6512663369417837,3.466847582226668,0.4399878919785526,-0.3319199166423534,0,normal
0.8712770960050359,1436.3139896464586,238.67248771283528,3,0,3686.7776146512297,46.51379753569621,-1.3173141031454996,2,1,4,-1.7977988172463475,-3.280385390958992,-1.8418302177038437,0.5991807032767622,0.870797910236286,0,normal
2.396318357903664,1394.7749162460511,10.763057724629228,0,0,903.0541559102796,456.3305389524269,-0.0970207621308305,1,0,1,-0.7278251294532622,2.7805925157111577,1.612601700904325,-1.4189007449042412,0.8670437575073218,1,ddos
6.701998273604911,416.1879938118566,240.83758390815888,6,3,943.5703734468,1404.6819696193577,4.462779247481367,2,2,2,2.064797593145166,0.5917264433962252,0.4857517928857542,0.7563798031766462,-0.3908698945980366,0,normal
6.229982791994978,413.7201495113244,146.92000863499084,0,9,838.9728894866975,681.1477761220232,0.0849154517147576,1,1,1,0.781506870191994,-3.0472250875579663,2.606555096972425,3.720855549283781,1.4620269207964605,0,normal
2.979495717937501,1303.3333435376298,721.0686730971781,3,9,208.216535841754,2254.5166946677577,2.063679241781876,3,0,0,-3.251127664707597,2.973305410994884,-0.3288302173571855,-1.0821972818330725,-0.9362699385777866,1,dos
10.47527618860578,296.01421945686184,110.64190240879442,3,0,1926.35447918762,1889.023681891559,0.4371072085485263,0,0,3,1.4140423557564474,-4.358142604524492,6.931502387891219,-0.1685359888825579,-1.4939109652824254,1,injection
1.7704454540771373,5.945246892167688,188.7147622525344,12,0,2188.4835456468186,481.0868122876581,-3.4649680828061244,2,1,6,0.4219878804761265,5.8782839621794105,1.0973257940712893,-1.0770479840279903,-0.6028956080274894,0,normal
0.8173516720274527,175.7516367033911,253.9958990211392,3,0,2071.4321708006446,1036.1958991078266,0.3935196758245627,2,0,0,-0.2035314050829506,-0.7462221840517382,1.9696515981029956,-3.2880699872716868,-0.3608946575098951,1,dos
2.00629154493759,335.3944514726732,244.51467397883027,6,3,1302.377804856173,1077.1715265252778,-2.9538754084471712,4,0,5,-1.110816459306456,1.5825245505309633,-2.685913206709567,-2.627172005876269,-1.2202407478682875,0,normal
1.7547749101374626,484.14701681173,343.7554652017391,0,6,656.8085961062424,1072.9738978211549,-1.6056754224194083,1,2,1,-0.2853527787040328,-1.5220253093671603,-0.3783681696077837,-1.1347849277763455,0.3267146248971051,0,normal
0.9076824583378782,1093.1958710786005,774.292459579562,3,9,549.7628669124686,121.89408862939068,-3.701893425626501,1,0,7,0.737654470264651,3.471003709973198,1.5303854837768036,0.0256088627043407,-0.8698738655101187,0,normal
9.364292779697148,1543.89660364078,708.5784152453909,9,6,410.3054367265337,2467.183725142489,-1.497918191972356,1,1,3,-3.1563502818704223,1.2014621962202243,2.524797124228531,-3.4483178673744144,-0.350837472974391,0,normal
2.502329960262969,442.98511145789456,104.30320254724232,6,12,829.4076719192541,1976.897818875968,-3.631402593987385,0,1,3,0.2039504830923508,1.1955755679943791,-0.4565575553056986,3.0938985596767044,-0.2671597695871404,0,normal
0.7999205531245924,613.5503887672237,888.2468085284488,0,3,1505.1566047448678,87.55601533574279,2.365755559056973,0,0,3,2.549148670158273,1.850922991020321,-0.4844899520373302,1.4470294490666236,-0.4625432954900077,0,normal
0.9271059973011097,1604.4156890181805,110.33441374669876,6,6,1078.8108120437978,639.2557403447108,-1.4969091295088075,0,0,3,-2.874119379094674,0.9911788162182378,-1.1520196481919356,1.0716499560877384,-0.7608316350741822,0,normal
1.674763253077266,1377.8500496477432,604.2921913113223,6,0,903.27124145884,102.65990059161284,0.4452728634274243,0,1,0,1.85712480335282,-1.2352612078772451,-2.0406816237114684,0.1182872239149677,-0.8278375169186387,1,injection
6.191634411981442,913.5442668879916,718.652590183951,18,15,84.83488493892612,362.7259115027896,3.237471526854706,4,0,2,-0.6545514326758126,-1.9079373953221983,0.5875233704574949,4.049548740282482,-0.0569963877958947,0,normal
6.110007186278827,1868.1857795034464,320.1153079700809,0,3,1916.80642736186,1160.0614636987443,-1.0647508066683022,1,1,1,-2.314255570673204,2.7343624872023398,-1.400838248781214,1.2263973520632618,-0.4154698823432728,0,normal
2.8546089825323624,195.10140858511005,620.1926329085799,3,3,2021.9052448894292,310.2431208077318,-3.272691383058976,2,1,1,-2.514063700666882,-0.694395123656852,-2.500836632986948,-1.797721986840043,2.057541455351309,0,normal
3.1087626421278447,114.36478601128051,417.5842903365085,0,6,1337.2946436903158,286.7978287174336,-1.8554524229112883,2,0,6,-1.7488498731074524,2.3891031671151,1.365913414446977,0.2326942497115589,-1.2685666585390318,0,normal
8.699580078222663,1131.9022392973768,778.3419261673287,3,0,2556.535015595337,1317.9517575876796,0.866203309436036,4,1,1,-1.0129793871838089,4.340283574018839,2.133666898360429,-2.711575868167708,-0.4512593776719877,0,normal
5.201721691492489,742.7625135508697,555.0173033416646,0,0,1128.5917681938165,235.18271389851165,-4.0518877229978,3,0,3,1.3941843481233558,3.311023730278908,3.212667040980696,-2.2604091248116758,0.0499563400093888,0,normal
1.3479256876807688,927.4141058847102,190.1622677712972,0,0,1466.0716874065904,1895.730331119732,0.7165473585249362,0,0,3,-2.229577943482809,2.298194639889515,-2.740604527505403,2.1158375942443457,0.3236742894926493,0,normal
8.660201938158439,840.0416733139672,208.5306709397808,0,9,1752.5933522199964,54.92924869946736,0.1626599897103535,3,1,7,0.1484875315939922,2.2002683811177253,0.38563757289395,1.5963812848959125,-1.3007088945547345,0,normal
4.475398574789107,1203.0260691188869,278.9571617540081,0,3,1208.8939195697749,348.6558227805575,0.4643648934452955,3,0,6,-2.308720774529709,1.0762555841188883,-2.4467617169705465,-0.7015129761877603,-0.8170753975358285,0,normal
2.616473103659944,2298.7849718802418,340.5541129786746,0,6,688.6645439456398,123.22468021869976,4.479142098280806,0,0,0,-2.3736528909016235,1.3601313179917474,-0.4485999741712909,1.0760972046517838,2.140966488965184,1,xss
0.2675385956468082,161.6924487915351,375.0975161784369,3,9,1032.030178188421,540.7833066373574,0.1575439858525231,3,0,1,1.502799714063464,2.633565216577636,-0.5889879555715585,-2.4452948224976327,1.2115044168680562,0,normal
0.5374971676486848,1093.8861164892269,245.98015899894173,0,9,703.6284662652995,1892.003526030103,3.088532334489998,1,2,1,-1.767441748161912,2.436285407089297,0.976023377514849,2.7498771579591743,0.295811384307266,1,scanning
0.8569286880767714,112.56943728327262,204.62609476067163,3,3,1018.3075793944364,1148.647278889286,1.1672595704090365,1,1,1,-1.389944753050666,2.400834307502233,-1.588903686617012,-2.789148450081828,-1.3169305464330083,0,normal
0.014168365790868,957.3774968388276,440.0955783650824,6,0,2053.8184025918467,2021.836410620078,-0.4052555100980891,1,1,2,-1.0649297961900797,2.8253423376536744,-1.6742327773720702,4.033859045246084,-0.2782223107809591,0,normal
3.9248427988838697,1095.387300841123,0.8185413681941854,3,3,1229.3275495928983,516.9578904887712,-1.0199165547581823,0,2,5,1.402018089060968,0.4928169956398257,-0.3045414598308122,1.3873109060476028,0.8860704752044543,0,normal
9.761903581439894,945.4695224486992,611.3033385726751,3,6,1006.7049490512164,1742.7787100977612,-0.6069145217378212,0,0,2,-3.029059203894771,-0.9132145750360798,-0.0065148871690363,-2.271833562539278,-0.983577627727638,0,normal
4.837580720477195,1860.2420650846643,3.3000840000488023,3,0,2553.3935798257608,1216.6978910297112,-0.2517723178474127,1,0,7,2.936304100204121,3.2255514190779424,-1.3438223544413412,0.2463116670080076,1.6138544340041872,1,xss
2.418043274532525,1216.0297933672516,792.2323205074363,0,6,731.5006617398527,236.55345926261663,-4.082203254063803,2,2,2,0.5086595650666226,3.205380878664455,0.9073096865857116,-1.963547567585169,0.7862931602254798,1,ddos
6.831467472720039,260.7640861303002,1587.765380534952,3,9,677.5891399298437,618.1864255197692,0.2766882480270792,2,2,1,0.8351558487939236,-1.0985631041978368,2.898543350671213,3.4274759917664435,0.7832400080535532,0,normal
2.345875325525194,1013.4310635789808,290.4890216599454,3,9,36.22625438341214,3005.8650991902946,2.735608962431513,1,0,4,-2.3772527827562198,-1.926408976772315,0.8605826208339139,-1.0604721950898284,0.3195812534173657,1,backdoor
3.761673284261367,90.8639387874456,284.85054008977164,0,3,513.9051661888051,1465.4714119295236,-1.5258065046123197,0,1,3,0.8574695931112484,0.6308763286324699,1.5305271943592902,-4.290242078812108,-0.056296979541724,1,password
6.545547619466668,193.6241354299269,333.4714715624588,3,0,1508.0208687757795,1845.4783959849583,0.0345043573774432,1,1,2,-1.2768371587784972,2.341047033121816,-2.974128084210081,0.5891294903651577,0.1471852304693588,0,normal
5.403466178545421,99.9489617642456,430.2275398694291,3,9,648.5824217964813,337.0236034956332,1.3672539983857188,1,2,1,0.2844442114068044,0.0253571366089415,-1.1807575216180035,-1.653731908612628,-0.5677910928548823,1,ddos
0.6928678944804563,1152.533388779188,697.1067891494847,6,3,278.9032600253084,348.7795984089054,-2.94393117639729,0,0,1,-1.826465924660857,2.327797352710859,2.800025760106683,-0.9992317622718606,-0.0674459003339068,0,normal
3.942117640102754,355.97143852975955,391.8788728710632,6,3,915.1454977945006,515.8207278956197,1.7668483006862057,1,1,1,1.9644515486257343,2.419902368686032,2.6402846274151672,2.835156647912492,-0.9816845645212248,0,normal
4.434298828033846,765.772277706585,92.66457558179522,0,3,886.5169090910504,786.0080292303741,-1.3992523259269112,2,0,1,2.860373022392447,-1.3174241971083789,2.9907696407228843,-2.50057407174939,-0.4947893144555854,0,normal
3.33995561713734,724.9935328681481,211.55799131873565,6,3,312.02396830399766,804.7793792269417,-4.117597237978432,4,2,3,0.2406679667576976,0.2269025591270679,1.9777005037072373,-0.9128913313907938,1.3193045732953657,0,normal
6.047604699989297,1251.155129226907,107.0274265909778,3,12,3084.797945688972,697.3287680082786,-0.4522899435192009,1,2,2,-5.518723929861195,-2.798643346843213,0.4101745901841064,1.36810314166382,-0.0789079530752986,0,normal
2.453142746173848,1159.4564574421663,448.48747113285935,9,0,277.8353474923657,538.3687998848112,1.5119233374147834,1,1,3,-1.5118807559366887,0.3068536665970411,-3.751847682471999,0.0784883601508938,-1.3758307336164874,1,scanning
3.767412180313075,530.5338495198786,153.64084741764756,15,3,1476.992195993478,2724.325632129014,-0.8715224472545253,0,1,5,-0.3023457507376008,2.3016031829619683,3.353778131031455,2.937577208974947,0.4702031791944739,0,normal
0.7872025483333146,1631.3219394594914,162.3837532397899,9,12,288.84902558336785,2533.993447218176,2.3262445455561265,0,0,0,-4.106382422755512,4.06494991233439,-0.5453307238869225,-1.927868337479249,0.7502358256513826,1,ddos
1.1066556152924891,369.19442985803,36.43639063371858,12,0,2887.1374187899823,390.3803087352404,1.6326708602295132,1,2,4,-1.940941455781977,0.4665988307225301,1.6968836642059608,-1.5662658793232118,1.2928516095743594,1,password
2.6991500769280616,2102.022605812077,228.00394125650277,6,0,3198.975090858475,330.90009281605484,-1.3077519197698904,2,0,0,0.3059272912163543,-3.5514423063029907,-3.5275689394216725,-0.0482357303305884,-0.3681958922327992,1,dos
2.188969328933186,192.3374125146572,10.004653848370085,0,0,1896.1585804869464,87.10901701564016,1.078987028464969,1,1,1,1.2809298965018543,-0.7196204778064259,3.9044834153736137,2.647080750673232,-0.4157415294870039,0,normal
2.297559311204145,84.71917099942972,961.2483552101854,6,18,1644.3526940795753,1592.7658054249064,1.228828950652746,0,0,3,-5.265869409174619,0.5975668473263648,3.013191886300836,0.1557593493738278,0.7969499621485133,0,normal
0.1826661226641381,1094.8228286755227,230.9956681243297,0,3,861.1187660436422,481.4611351590587,-0.7724450806915133,2,0,5,0.6592700144081054,2.9348275887619923,0.842461737362516,-0.7590564547283153,0.1456780205339257,1,xss
9.081504233288548,64.37874761581186,453.2526626824956,0,3,973.8747380965387,912.553273464682,2.261300965637586,1,0,1,-3.601149791949229,1.609567524654692,-2.918601418892868,0.4322027028777271,-0.9607586678600142,0,normal
6.996231578212639,901.0266038541812,409.212880564273,3,9,1085.1297492317017,619.3278806990241,-2.497598323379,4,0,0,4.380896313125641,0.2057619271778259,0.2420613093557386,-2.003198378229715,-1.488941983653853,0,normal
0.7218559383341172,971.979333611338,271.47152311059074,0,6,0.7243976438200721,319.95003615540287,1.66853188141334,0,0,0,0.9577374693303292,1.2665194504575894,3.98301931239459,4.921396679010713,0.4381388423561914,0,normal
1.7179930157416956,1347.7833623421263,478.0281053649556,3,0,2057.9389522906085,154.9821143200685,-0.3795862225443607,0,1,4,4.998697784101246,3.4401775312461425,-1.1992002429089792,-0.9763456103447516,1.1927509055396384,0,normal
2.8923269852513083,71.95535575501533,388.08916922782976,0,3,1067.7613951939215,826.9862925966329,0.796141260027242,1,1,1,-1.5860080346537375,0.6189110671067386,0.0619792597688173,-2.0653939927075893,-0.1196148592138233,0,normal
2.447674736918804,1381.7087704618086,281.6204999075834,6,3,2656.5474460444834,715.1819505096157,3.934444418762789,1,1,0,2.0388185193539883,3.943593068682146,0.6817185224163919,-1.3296759819443145,-0.3162536719415977,0,normal
3.417262266615583,1102.290966892324,192.66065669474145,0,3,1490.1825572386404,2177.870189688648,3.2877937175748286,2,0,3,0.150993067369977,1.2762778480172887,1.1981563013582772,-0.5039789622058217,1.2288236692481662,0,normal
5.617896249579228,1895.372575819603,167.54735709523493,3,6,1041.66316964188,1125.7863383596246,-4.707469434163456,1,0,2,-1.8584517546152024,-2.8523358280190827,5.498979495206946,-0.1964159522603692,0.5800517033994694,0,normal
0.6627848366300814,1484.9349846975354,161.0696590717305,0,6,1788.159916321949,800.0604550622068,-1.0793132374339236,0,0,2,0.5430855525786769,-1.4007232665609133,-0.9556346571414058,2.69186374091083,-0.8569142495999252,0,normal
3.644562917323957,997.5974645509564,695.879514255171,9,6,2913.9600849393214,1914.2714290868896,-1.9862574594358609,0,2,2,-1.350797206535428,5.051302730662734,0.477181555942795,2.9613956819139813,-0.6111363851666606,0,normal
0.011412927676132,1223.0101742470542,350.45108882366065,0,3,718.5770923633296,1033.1947322186738,0.0981562110560902,1,0,2,0.0283186503520036,2.6517308647327,-0.8889456057784308,2.7383752522623634,-1.012848937763308,0,normal
6.755263604866371,366.83997018492687,503.37342737342726,0,3,1485.8830934751225,1173.0534446844551,1.7771672360951192,4,1,0,2.404623528542833,1.6125921877807368,-1.9920441578742585,-5.147020568594661,-0.3405694367631433,0,normal
3.2693469913929696,1751.0843630148413,243.87241598294227,0,3,2003.3132910457325,819.953503200788,2.0283875493886407,0,1,0,2.6637178029754125,3.333264840168125,-0.4891135416335161,-1.4388715844463371,-0.9875540345647468,0,normal
6.779073223021568,468.9960104042922,133.8586802109345,0,3,4410.810471698425,1672.8797460836429,-2.100271945450845,1,0,1,0.0125790528889317,-1.166537717489618,-3.5099926191408475,0.9932848531052548,1.3941526197395882,0,normal
1.72018479405884,247.759498280724,457.8412242833522,3,12,112.58305841122063,714.3760969903135,-0.00122294156581,0,1,3,-4.156045277767015,2.515790225272111,-0.248958570545773,-1.1992195702390158,0.2564623276250629,0,normal
4.335362891589199,506.4850516619306,60.268957743568,6,0,577.4938459691014,280.9942933813053,-2.5759751695887845,4,0,2,2.866448681008784,1.1114775635801504,0.8832528985318244,-2.262279611082148,-0.3733793600534579,0,normal
0.3609466782891258,1057.2136081522203,109.86157252868264,3,6,977.4197642574168,1728.2488515587204,-1.7823293607963773,0,0,0,-0.9570611152316452,2.624428182597679,0.6008335133397572,-0.4275652132839316,-0.7534238182175145,1,scanning
7.026823766043436,645.1610524914474,660.6765550964286,6,3,180.6935614563399,1736.7009240195798,0.1987461859632948,0,0,5,2.0335880345287944,2.715458254703018,0.5484932753500803,3.644326436666187,2.53390805864714,0,normal
2.4793203097877288,1039.646331838948,525.2662548867152,9,6,925.9351106682586,1468.10149514706,-1.2610664476437938,0,0,0,0.8788304958001307,-4.22894587276288,-1.3067623862227598,1.60085838436408,0.6416183590908562,0,normal
5.175329721321517,949.2707066138852,407.412169775892,15,3,363.0380887088514,1871.8584427576063,-1.7563039204273116,1,1,1,-3.9429617912761454,1.3857180259390167,2.663850623733621,-1.5218531874624175,0.4815151622548102,1,scanning
3.62771068717711,1144.0590828957645,76.06670904401773,0,3,315.82814852741683,14.50193980352314,-0.1751239479129545,0,1,2,2.5715450346409945,1.7533822390678508,-0.5200068177614339,1.4091458904867509,0.748579172084112,0,normal
0.5635317137549399,2129.520951176065,668.4511742490968,0,3,502.2894682398787,278.24111493587424,5.573972930682314,0,0,1,-4.177361512752553,-1.929061089194667,0.8122634045365982,4.261761673323143,-0.9767959913609868,1,password
0.994544527155442,1420.8380692995636,307.4554557524352,0,0,1505.0656994733502,420.6655604725387,-0.7506265812963857,0,0,0,0.4208490437612994,-0.1720535553662381,2.1671464535571063,0.634249048788977,-0.3168272582321657,0,normal
8.290156089415806,421.31849628280816,13.328165672065104,6,3,1069.5693702465917,8.608945035452557,0.2249905651000501,0,2,2,-4.333552181786784,1.2236277410964316,-1.966602899511209,-1.1768105596845413,-1.0092026487961263,0,normal
9.728703418548982,389.2534474474324,891.8328337396981,3,3,3488.381798471168,1302.9596920743256,2.5817241887416174,1,0,0,0.8242037627419976,0.9594624961930724,-0.3492666804420157,-3.977891165403612,0.4313945469644507,1,scanning
1.342148079027955,711.9400362330927,923.03619855144,9,6,383.7093880277207,615.5001327599158,-0.2472194441651678,3,1,0,-1.1454726187504003,-0.1084084304798136,-0.47609096874207,-3.7269971842660814,0.1018638392675352,1,ddos
1.9856683408087303,1693.229504210278,369.7745539685244,0,6,297.0241163991044,1101.8902180780378,-1.596890649414802,1,1,4,-0.9764469433417629,-1.5967628964247151,2.0809175100456345,-2.2794091028550008,-0.0414873882802088,1,injection
0.4191480083728794,2076.677836649295,350.5593594930848,3,9,5258.9299545800895,1496.7288101156958,4.302001748044088,1,2,2,1.7522217374689537,3.0385307196962765,4.0337453604035565,-0.3169242625999191,0.3666123220301293,1,scanning
1.7527443712805015,163.70447224298815,356.7503668536098,0,6,671.154168018955,228.1407891517391,-2.060867517188637,1,1,4,-1.0361608071625468,1.1858599047515723,1.2080342872599446,-0.830120306889818,-0.8083058899066888,0,normal
1.362810517547446,801.1890579708743,345.8157661281788,6,3,1481.0809092573495,1448.565309666736,0.2765313555895017,1,0,1,-1.0521840980226191,5.231975824718551,0.8106512485364772,-5.633845831895546,-0.6246666381658733,0,normal
8.865740715697552,578.2408912577358,188.17370542371089,0,3,106.86024892003884,1748.6883686852018,1.873161511525068,2,2,1,3.239122970980138,2.303605943520239,-3.1581125945005084,-1.995605972083278,-1.8256314129986129,0,normal
5.630117334400414,40.34865391707765,128.42815529246607,0,6,2554.7639765139224,874.2808423523393,-2.011743090076843,1,2,6,-1.9090816504531016,-4.396048451196042,3.9306071764171326,3.420388650871467,0.4883631597830469,1,dos
8.105960490096626,544.1438043116326,675.3260456955198,0,0,1633.9548711916284,823.1144227285275,-1.7198448062030764,3,0,1,-1.2407839251692834,0.9710192335671934,-1.753011177850862,-0.5655145699793276,0.2330560560538363,0,normal
3.5433971801301767,539.5536875639251,72.63021657700443,6,0,238.0013573871836,979.7115734249576,-1.132696157428034,0,2,3,0.6982475837749474,0.2873325118172221,2.8339330184978486,0.8048768852150538,-0.3487971069570247,0,normal
1.2063799612856827,407.5793465829615,248.949890696206,6,6,479.0649776566544,1074.4375384824193,0.1694070295746301,2,0,5,-1.012512131168242,0.0266213303969187,0.5853165960244909,-2.463248160058588,-0.2897742191916105,1,backdoor
6.835721085663613,53.436731793673474,431.7646458160228,0,6,1326.912344758901,1126.5532216477557,2.054435260968805,1,0,3,3.475179874048175,-0.3443723012612903,-0.0161302672143817,-3.895877307372203,-0.6543740863506953,1,ddos
6.387497901887422,1155.56497597896,517.5680952862585,0,6,1829.5252672871532,1920.343430252347,1.9363255514502569,0,1,2,4.546079278919047,-1.404067370684303,-1.870336303911758,-0.9138687454735306,0.1251847700812201,1,password
2.357038149090797,2107.1119034747658,274.0006610011609,3,0,2918.5947099791424,1519.140412612266,-0.952322707888294,1,0,0,-2.19905395717231,1.190580344772089,-1.6293848714832253,2.2365285189426665,-0.4198572334232973,0,normal
4.174148402177552,546.3245595003358,329.64102832362187,0,6,329.74482635250524,1241.575016743607,0.0327144298724824,0,2,0,-3.3553885041016542,1.3277733590746896,1.2974389464553977,-1.142455238213967,-0.4828715019961523,0,normal
4.819426033615019,230.02804952514032,18.32032261259926,3,3,1700.072257814855,1277.2620941655464,3.0629497869624043,0,1,0,1.0981310584889894,0.0319654169768104,-0.3888638198132657,-0.0914448903148623,-1.41361286275882,1,xss
3.802015612577319,1463.0796289299578,459.6843222999165,6,12,545.9735957155581,536.8154914744141,2.0015992730083667,4,1,4,-1.7448842657292194,-1.8656123462241925,4.1103918179605925,4.712449203940556,1.05045357801649,1,injection
3.044251091178828,583.9842721854268,122.88147496091224,0,6,131.06884599435608,913.6580558071053,-0.0830657076936127,0,0,2,-1.9922511346864096,1.6997331489875145,1.935163490761803,0.5121067747543022,1.1045831913709483,1,password
9.53710261600705,1638.086235129044,313.31109575602176,6,0,1211.062277864066,592.3619122520292,-1.157267251614546,0,1,4,-0.9570345931611718,-0.6736442308804016,1.642439359251219,-1.0363904363383998,-2.0217288523121093,0,normal
7.449000551208966,659.1339968348965,1022.967808204316,0,12,3180.340713117191,1309.720293616521,0.8242662198064055,1,0,6,-2.8394616443794183,3.497760967165222,0.5994455745478496,-1.84686699987575,-0.2689601616429622,0,normal
3.825415153830727,2189.399840062852,263.0648198246171,15,3,599.3729332226414,756.1628184392936,-5.9564094163350445,0,1,1,0.0297774206876733,2.233745071761743,6.09704763858729,-1.902148744817086,0.1978599797122332,0,normal
4.027491251533673,13.80573646933958,494.152728143487,0,0,345.7063462678339,858.5492355699384,1.2346357247997164,0,2,2,1.9095215807383796,1.902281460307932,1.5054437785194916,0.2814042906535903,-3.643380871977088,0,normal
5.630988682774609,454.7597913690765,268.63731171894153,6,6,1609.7208296969857,282.54613783514577,-3.1506717805458684,0,0,4,-2.415363057838963,4.262826333079775,1.9250215202529224,-1.1496108374844851,-1.6100130470388196,0,normal
6.474278581259027,1141.766447281888,39.99894648401556,0,0,227.07340517977187,1340.9007887807954,1.378042939673947,1,1,1,-2.218000678298142,3.518178643554572,-0.087362032971592,0.8803516588916456,0.9221434722490676,1,dos
1.8111452710070863,611.1565010462442,228.1767979373807,3,6,108.9696953751417,102.3204149828587,-1.0112965899251705,3,0,0,2.150541872860911,1.0057768664852087,0.2403605628118974,-2.5885953206057604,-1.338015255605993,0,normal
0.8646894298877303,952.7580868426448,62.72946030919628,6,0,193.61292109152677,714.2638692234294,-1.343895479861153,2,1,0,0.6490500610961079,1.435836591398089,1.1767020769622163,-2.4548417482329543,0.1469127365522433,0,normal
1.783266350724256,1054.5837052205618,110.78171254954948,9,0,1219.8129968185622,708.8541927147111,-1.3570246314852918,0,0,0,-3.0008625195834955,2.283816324268071,-0.5382353981654873,1.532593169158407,-0.1672476987777118,0,normal
2.772583084937326,747.4344243516548,1373.9701534397548,9,0,1343.5826687699816,1060.616657830574,-0.9196958013396062,0,0,0,-0.9281464356039812,2.15789132155082,1.782106835215738,-2.661014651238301,0.6194572893291326,0,normal
0.4584109411166297,560.2816290180248,61.99208486074144,0,3,1562.0674493628935,723.2578079561595,3.349361317810292,0,2,2,3.236338542085392,1.7322951103632556,2.228302822771082,1.0261265764867182,0.2550890962467075,0,normal
1.4053046613032307,355.35220460373984,127.89926759298012,3,12,1904.0892615711225,1406.7252341082117,-1.997982291858023,0,2,3,-0.5039867670458001,2.6074829797581973,-0.8394422239864212,-1.902802447123149,-0.334234581519115,1,dos
4.447972916247879,1050.866250978643,267.72851651529464,3,9,1098.61185607002,1336.5113345887517,-1.0385119794546005,1,1,2,-1.1626509029339835,0.8040595058332742,-0.5060501037171521,-0.6490924390836035,1.2020800558670677,1,injection
4.846476357667767,421.8581817291332,613.0599722762504,6,9,739.3750192659398,505.05408544524056,-2.259230820879597,3,0,0,-1.0802096625767272,2.8185492781472847,-0.5130798611134411,0.9449849061178948,0.6729927785178629,0,normal
7.104142730290101,1594.3854168598557,338.1513329029499,0,0,2871.024279690513,2522.8201885048297,0.2252357120403738,0,2,0,-1.0109875203800918,2.79663930163388,-2.065870223587808,3.543499258262491,-0.4859198294769423,0,normal
1.3405362446689102,377.14641115630377,382.4321034496575,12,9,784.2090498302406,1759.5617523777858,-3.000339829719056,2,0,5,-0.7529448939340242,-0.3073945442472574,2.105874159302224,4.402574614319816,1.5057444672134692,0,normal
7.9397317711333715,533.7871890397521,329.3392061489209,6,6,865.7552439858932,1773.5229841513994,-2.8940463066864317,2,2,1,-3.163176359288748,2.71762718191429,0.8620371320469733,-2.660643528947515,1.143568056327315,1,ddos
2.315222724108736,457.092733513848,246.35126579229183,6,3,1599.3988911801805,295.6896348977461,2.603877703586316,2,2,1,2.9631396308187457,-0.757219123976681,-2.996004656956287,-4.111136876524893,-1.119131053230653,1,dos
6.308892411469995,1912.536329690801,390.4679676676405,6,0,1390.94388382712,1111.2360968008363,0.0212188920417197,0,0,0,-4.730821889881359,0.6186821788886514,-1.2357310701781496,-1.932121320758844,1.103323934380832,1,backdoor
4.785918341651295,20.880073227158125,325.04122369088606,0,9,879.1915298627314,2723.003331423125,3.5290599219528174,0,2,2,-1.8541638761304964,-2.9620715183335165,-0.4131661203504764,-2.6633534362400626,1.0124914465161488,0,normal
1.698104799976293,285.866907415301,212.79773045848188,0,0,922.9511449988624,998.2761091254926,2.544340002859986,1,1,2,2.1057388347326795,0.7606836497507343,0.973845107684925,0.2531316457368119,-1.579369282984861,0,normal
2.5095938446873034,590.4758485989944,249.12163698524984,0,0,452.0861854039396,1580.2424807420246,-0.802187552673688,3,1,6,-0.841933375583217,4.972066194174385,-2.369365559954833,-0.8872107309880299,0.5391183575909392,0,normal
3.604694394655279,508.5498792735451,27.39967535104602,9,3,392.5006381120613,202.1977078246964,-3.5876229907672217,3,0,3,-2.555753156100937,2.125911450296924,0.1310803517891863,-0.6146505699973326,-0.7774546148708031,0,normal
6.731256403383599,439.643911935639,794.544119383954,6,0,216.47939899607545,431.2616649074788,1.3395206446221657,2,1,0,1.4534031701035752,-1.5331064010260258,-1.2645518523256587,0.6095718467615872,0.8727973773841102,1,dos
1.786154081335083,167.71752419223162,260.09721423878125,3,6,963.7606034422688,263.7132253730481,-3.2531597170198445,0,1,2,-0.47912482402321,0.0038229460063867,1.353643357837346,-2.674660544808644,0.2684201585987462,1,password
0.9676585708888732,723.4584352959994,61.96162057370036,3,0,3028.241759548388,1350.2334340865098,-2.941168096791769,1,1,2,-0.4653562933238945,1.6398113333573172,-2.7396354022501983,-0.9500837802005088,-0.5468366285972915,0,normal
1.214715181508633,37.95547113870368,107.74682389322672,6,3,2059.2216539547226,15.88833079767135,-2.1322649806159237,2,2,0,-0.1995528331709031,-1.195332756739116,-0.8285381459108696,1.089098167902072,-1.0002166057761823,0,normal
1.3016389699980695,562.9792932514014,226.44822117944744,15,0,2855.758826047089,337.5249614867524,-3.301463130892878,2,0,4,1.0520875649290564,5.297355611331044,2.2601790222460485,-2.3704648342245207,2.404398099098277,0,normal
0.0936021085645048,331.81417964550263,116.9861164169327,6,3,392.10802087545335,490.8515680931565,-1.8834594555270563,3,0,2,1.9768368890574683,2.111067010797302,0.008234709288774,-0.9800319603671874,-0.987901237355386,0,normal
2.853731266222751,727.8988202604396,556.7077901884305,12,0,3977.887633717147,1670.884544656532,2.721928806827254,2,0,2,0.0407953011890602,1.422314056705751,0.3331071163359165,-1.7300089567577943,1.6640695521462698,1,password
6.649288125612855,1448.156994700868,330.9025292525501,9,0,105.25959729589763,1394.6723792046816,-1.2741755177875191,0,0,3,-0.639792590205814,-0.8124812876885972,1.9581900826814749,-1.833107717056213,-1.1670973497844233,0,normal
5.357441791708917,295.13819682469,293.49908815438755,3,3,2174.438729675574,1089.731851246676,-1.1540645387538586,1,0,2,-0.9177772328797044,1.6619183916480982,2.330362427312349,-2.3309167700999684,-1.2643003282960648,0,normal
2.500455966571514,231.51286292189604,213.7582636734012,9,3,1852.8990821152536,720.9765186785352,0.7692238144885177,1,0,4,0.3317348705172682,3.471560799970355,3.026086465124717,2.483479085754098,-1.4105406866904884,0,normal
3.897270698685124,854.4879210601607,34.789207714947835,3,0,1378.4399912915665,1600.2869960363298,2.3531452696417983,3,2,2,0.5198187147545187,3.062785778076736,0.334039191274351,-2.087910785106187,-0.5138273429168314,0,normal
7.708261041936499,1066.8862895703107,455.6652737286202,6,0,3144.2182933814315,2035.4305066471904,3.3582213013214925,1,0,1,1.1042826416678957,-0.0550903839115803,4.059729661713081,1.1240092388970224,0.0235047753290598,0,normal
2.965525729957995,643.7209021492422,362.4306277182853,3,0,1632.6303084646863,1486.5451988879784,-1.726888864557437,2,1,3,-0.1584628517548034,1.5679520895109156,-0.5645252409447553,2.738354033064115,0.9322211566222848,0,normal
3.391624566684172,2472.6839117236063,308.03039303762625,9,3,4007.003404627266,1588.7863797683117,-0.9722560327869084,1,1,1,-0.9662998002562732,-2.264228160045056,-4.287638559129459,0.6589547579592303,0.3238570392545317,1,xss
4.763567935732965,976.5936868299298,610.3199919992807,0,9,2650.6408971590427,750.9942356754069,4.347631183269795,0,1,2,1.5187896947894637,1.8220663990267003,-1.5223606550648512,-2.995543074021588,-0.0924190276222837,1,ddos
2.2002517836289943,2472.868158024539,658.9369759314692,0,9,1732.3420834464262,1656.1907296952295,-3.721048326686324,1,0,6,0.6263227856968259,2.892106894319854,0.6794554259961496,2.7285550836705026,-1.605929472652547,0,normal
4.138400866493869,239.3522832112529,884.0197933916904,6,0,1179.078554372705,193.88870571558516,2.0817663884311943,1,1,1,3.6970195495867175,1.634348768929587,0.085618921050707,2.646728995721327,-0.4922911886059424,0,normal
1.7748765277828975,387.80360844117945,287.69073262824605,3,3,4.947404452430376,314.2176328111641,0.3481062613052161,2,0,1,1.6042689078281631,1.319392558085026,-0.1817006128533755,1.5162299143541145,2.1275183419630657,0,normal
2.370554839238668,1910.2863788527045,685.921281398873,3,15,1789.3228300139365,548.3886212430587,-0.7669265527502238,1,0,6,2.488691834960163,-3.800668771661859,1.3126429359359302,-2.6875107744565443,-2.220415384995512,1,xss
3.751524757726992,744.4508165428612,5.235866273090134,9,6,2777.6959540776456,293.5063080927407,2.335564624922317,0,2,6,1.865161508979366,1.7113773004210786,0.2007394131170969,1.168234728371344,0.0056206675081904,0,normal
7.930177828290335,1091.9017168286236,0.1623461429702007,3,0,185.97242746366643,895.3589741225916,1.2005524926787647,1,1,0,-2.439740987628273,-2.4492625485104664,1.8807792690910283,1.7951807842558958,0.8390422030970368,1,scanning
2.363710674256746,49.814802583355245,318.7233360256565,3,0,712.1958785434964,467.2033040656155,0.62797020974132,0,1,3,-0.7367007979604662,-4.121286415366853,1.9771859247938075,0.9137670299792396,0.238605583825206,1,scanning
0.0628362210685227,361.1411624959296,191.6661119870272,3,9,1952.1928801864117,687.5291675326612,-0.9303974704136178,3,2,4,6.163465162173306,-4.846185135553422,-0.6473489948540295,-3.7011455330124905,-1.8390289718711064,1,injection
8.096841045251168,314.52978241139056,203.28261099379137,6,9,1557.5366647317103,1012.3801467509664,-1.839737807979405,1,1,3,-2.447269637710622,0.5061371189261203,1.2586244610388022,2.678709346721696,-1.1658820786016415,0,normal
4.56910602405586,136.00745256103764,253.86127529521437,0,0,1180.54128925314,24.5206090908788,-2.1026100337862097,0,0,1,-1.815242392244803,2.3922772027110137,-2.158164513488223,-2.781793388320877,0.7953167972533124,0,normal
3.759698951176353,4.126046952790952,267.8251293367649,0,3,1043.6302184246351,63.51752020435026,0.7797592996673426,2,2,0,-0.1551914250911765,-0.7970328357395562,-1.728239218980159,-0.389973439729918,1.373407056686848,0,normal
5.887079754188138,1266.432596901644,631.0248218009476,0,0,307.26743479443644,681.5549271007158,-4.664028237176033,2,1,1,1.0810649940667678,0.383539312309393,5.812685636558674,1.415587711218558,0.1985577839153465,0,normal
3.2831081041524337,689.4759118987508,692.3408703972027,3,0,1010.6448832954824,713.6820186570695,-0.3637501770753106,1,1,5,3.798844167858473,3.5545153076633342,-3.0021016471933075,-0.7499087242012734,-2.0018993788248527,0,normal
1.0533022600851036,980.3705802292508,249.42763857955492,0,0,702.3482312894447,253.30208435102347,-1.7885261113111433,1,2,0,-0.5851764025403519,0.8446238508078638,1.5675070748270763,-1.5279841866099098,0.1055528225776567,0,normal
0.5647073566116474,834.1030306910773,8.000239127140546,0,0,1101.9666243135423,772.4470597413482,1.8331784690970143,0,2,1,2.759418181900952,2.5026699943702804,0.9904103434464792,0.5110880805356656,-0.4532000477743444,0,normal
7.784507999141718,1184.8263064179334,438.7487941996905,3,12,594.6025510709029,318.89042771734177,2.3490098114977584,1,0,4,-2.317504403767556,1.379361742942489,-0.0483595062906141,-4.942017772820235,-2.9200982545450693,1,dos
8.717515868512773,904.696093078651,414.904942510263,0,6,766.1540683831792,577.0005387997246,-4.073335526615545,2,2,1,1.1677372454569543,-0.590354863984432,2.4278022995546267,-1.222156781165388,-0.2646305469640421,0,normal
1.378811853400537,462.9734185707155,945.5281334880306,3,0,1211.6202791680726,1229.2070817493984,-0.6513362788245541,0,2,1,-0.9268091877935116,4.126876286178577,-0.8419619302181873,2.104740825826916,-0.047783742700437,0,normal
6.526962637139331,1388.4589335057233,289.62739815897714,0,15,822.6994053265979,1373.3141109617352,-3.17250851532414,1,0,0,-4.333675968695101,-0.8192605578301226,4.950519068568678,1.1167363969316788,-0.5251682131682927,0,normal
1.0811665791350815,1232.2262229171924,554.4898045190862,0,0,2349.2068416278707,1114.3847035980032,-1.322579270285971,0,1,0,-0.2203320916550936,0.5057978366697418,-0.9499271063573946,2.343086293954731,-0.4818962175822284,0,normal
14.471588907015391,1047.672459479042,1351.0498760576963,0,0,2387.9901655909903,547.7966178802511,-3.159795792768829,0,2,0,-1.5273388265066643,0.8106235920137715,-1.2353760394042783,-2.0972040428426237,0.4739286524561585,0,normal
1.1282617179669276,1527.2216646402785,215.86641441327225,3,9,322.46724072671185,823.7065372128313,2.2533902008404394,1,2,0,-0.561243436902935,-1.4054514975187966,0.8573677750535418,0.8046722611509076,-0.8990433674867977,1,injection
3.369085436518381,351.76480309441826,954.6746249646312,6,0,536.3982663410324,44.99152187369813,0.3260253899887853,1,1,2,-2.6139936736030407,0.3175011754549364,3.464189173881937,0.1565204185667117,-0.9179914917036932,1,scanning
1.380942843206718,1050.25674185485,159.91050946276894,3,3,662.9656582820309,853.6050494709425,2.391557525428278,0,2,1,-0.7399429160970283,-4.802252580750743,2.616555946079857,1.7955817119152555,-0.0283200664864227,1,ddos
8.368882175915584,1721.7932305226768,236.0421627473157,9,0,118.91331261829488,898.4063777586284,-3.1050846543296724,0,0,2,-0.6531060012228198,-0.4243011461323367,4.170952247027068,-0.670555153030991,-0.0914504428169819,0,normal
3.774279323811188,1103.0238862377596,226.2777293571449,3,0,337.3473451950849,672.5503986397147,-3.912922401832506,1,0,0,0.4852975893463938,-0.7747249075788385,2.929236483851093,-1.1915455927719856,-0.6985093658905205,1,dos
1.052427652917781,352.884631931334,15.56597706908008,0,6,2072.2885268539844,833.1396541243997,0.6522382192135954,1,0,4,-1.0795187206455787,1.887927580797525,0.3662424964724613,-1.4156444347026766,-2.213848419092169,0,normal
1.8035818998411544,1169.4726949194155,450.12611593244,0,9,664.5159990070883,1688.206558952645,-1.6452689699821204,0,0,2,-1.7099878808971845,-3.714389546522095,3.302528765495091,-0.0247941992427804,-0.0516455936661399,0,normal
2.296445137764673,1020.891091719651,58.861648812696686,3,6,7.155086585396768,700.3742628364411,-0.4100332925418435,2,2,0,1.50084930717462,0.3570811707957046,0.9593551708404826,1.5214450540202349,-1.0559577100041466,0,normal
4.279550466916183,426.7201078208983,150.23920292897262,0,0,196.46296813151568,1000.4226590272982,0.1617317687537949,1,1,0,0.2826718399853729,-0.4048295455569983,0.2704066013975195,-2.091785163948074,1.5154173789628045,0,normal
4.791498307610072,698.2407717132878,262.9411923988264,0,6,55.10380944548364,837.6318176525368,-1.4708245398582565,2,1,1,0.7794684701413512,-2.7460731432011576,3.0232395139789787,2.707576697298066,-0.6469370895765786,1,backdoor
0.2826652280788593,488.6359443016034,389.08626080439007,6,6,798.26577522,397.0542579882112,-3.516948691659433,5,2,4,-0.2946252965241539,-0.32984645626181,-0.55791091627983,-0.4714689899604238,-0.2116190875726828,0,normal
1.5613536854590415,63.75439611191991,490.1224509150295,3,0,120.64757815243884,840.3233211151455,0.3652219362368233,0,1,0,-1.9776096517585344,-0.9986453780792957,-0.0632742635016481,0.4290671622495809,0.1102389316607592,1,ddos
7.553389731898337,2165.1169090381745,118.98373565643335,6,9,1842.0565675758485,1142.567963224842,6.188679480304887,1,2,5,-3.95652318104177,-2.454252040721615,-1.0820718117782688,3.421837149550165,0.2896050184210578,1,backdoor
2.3012694014896917,224.14233443977983,187.29218235897423,0,12,2289.707667822084,1035.4673639347066,-1.245710701395897,2,1,6,-1.4215141696966231,3.304404990182781,1.782906218170667,-1.798963964506514,-0.5960803418548485,0,normal
5.957379420533235,568.5495724450014,786.2505508520354,6,3,2589.258009083457,93.50322506912568,0.3989217731760814,1,0,6,-2.1165549885166985,6.254925913984902,-1.75969593258328,-1.821135407115761,-1.7798244757423929,0,normal
4.059975336697682,1231.424754587399,199.1509098747483,6,3,1091.7440824925827,601.722986550283,1.9185309904913856,1,0,0,1.2603302864136752,-0.3866445947715803,-4.510533849687384,-1.5105315351368211,1.1472169656468023,1,injection
2.271916042456654,330.3463646005288,215.28266618296664,0,0,1573.104707440264,2221.8022643267045,-0.3270914631077981,3,0,3,-3.0852159574065965,-1.331349981554268,-2.8708280096265097,2.7049229215487154,0.2306044361775245,1,backdoor
3.822568023732628,45.5464631971052,285.50460438561305,3,9,811.9046987911682,10.536243278114735,1.955280479979676,0,1,2,0.9922068034872792,1.467576269665763,-1.0177172541006525,-1.184173896357911,0.1909243496055886,1,password
2.1905601732065927,936.6536812613244,1123.0312951511512,3,3,1610.1923960745607,288.3119411869145,-0.462500451475879,0,2,1,-3.0618800973694857,0.7841150187437964,-0.7310157252865608,-0.3224546652745165,1.9145661464347503,1,ddos
6.206497570362703,678.9556210141409,543.277585385735,3,3,1105.263557390901,1962.933267702023,-4.432989399640653,1,0,5,-1.6074299023550798,1.8146078549166973,1.1620852502208192,2.823826857575071,0.4670716838770843,0,normal
0.5338960743632083,899.8182412549145,322.606161739542,3,0,848.6948458861672,869.128755233344,1.4567796825573889,1,1,2,2.5218384753801937,0.2575479489544848,1.400134527119838,1.1512090033832756,0.0148365223525495,0,normal
12.826615851309615,816.5253888251234,326.6439651523584,6,3,967.441804279836,174.81485362012577,0.910875072591228,1,1,0,1.427680781729575,-1.3288979855752685,-3.1890084966436687,-1.0249651356514844,-0.6141106784983745,1,ddos
0.7128172922672305,699.2781014144218,367.08399887228256,3,0,316.36104388090814,1139.4066851142586,-0.5386121895746951,1,0,1,-0.2761604922254395,1.4334075466063578,0.0258490715155299,-3.2518575413559514,-2.861484446996059,0,normal
0.6245809622412739,289.09695434525463,1232.487586590608,0,6,1158.8258188040302,128.0859857791074,0.1732386918587052,4,0,2,3.268932920796588,1.369139592537066,-1.4001269262711464,-3.715830194383189,-0.0252288804564445,0,normal
1.9403092898551435,1018.315950355804,985.1903524933624,0,3,3535.2493016188523,2101.02721198414,0.0653365619880517,1,0,1,-2.3154779569140294,3.1130377306422736,-3.8993730671341975,0.6479823701955024,-0.6240985020665223,0,normal
12.797737184014489,589.8795882976796,2.8781185135367977,6,3,1497.517546448725,733.7537869095811,-1.053857590350712,0,2,4,0.0259384852226165,-0.6036790760325543,3.4031034516005203,3.055105902072039,-0.4975776848015902,0,normal
1.7362234877421727,786.6532949210174,630.2968466769897,6,3,1039.2867725705476,1867.9159297794904,3.74583670265807,0,0,5,1.7769410374989696,0.0183675340618101,1.7081042442554033,-0.0450208424837819,0.9522473571144534,0,normal
0.2094472304858211,566.005346194981,462.7050749811178,3,3,487.0412919461544,468.2291876600152,-1.1708057231443385,1,1,1,-0.5480614339106682,0.0260266022901034,-0.4506607824877671,-1.033919782833545,-1.2196960081390755,0,normal
2.8653170313077925,327.8222155847856,186.83962484445743,6,0,317.50146898532927,2355.184828874472,-2.611431757476232,4,0,2,-0.5242707444654503,-2.6813891391994407,3.2987515969148147,-3.947925301927562,-0.5572809133989434,1,ddos
1.2668096026775189,1237.1839552182544,532.7003030125334,9,3,2472.594564129456,128.24228889788435,-0.1417285300770749,1,0,0,0.5279466733929726,-1.2999355950971794,-4.651872316548297,0.3819410372523621,0.6734837275585965,1,password
3.762466473944171,639.8031417240105,264.3769373248759,6,6,1600.8117691820676,197.623557674276,2.303481706768934,0,0,0,-0.7167017498510535,1.4228719327988932,-0.0828060624008286,-0.383672367250178,-1.5945946663716033,1,backdoor
2.684773049360405,297.72254506228523,759.6364465047487,0,6,1081.1708838258994,233.30407959222495,-1.0790548007925886,1,1,2,-0.5673943636387667,-0.5552873165709007,-2.1188683162194493,-0.0533892576064995,-0.8856930687469405,0,normal
5.116137553573516,593.086869966767,112.0519987943987,0,9,324.84967829492325,895.2348389226371,0.2723601903183682,1,2,4,-3.436342862816809,-4.273181294913923,2.88446116838776,1.1054497430065433,-1.0715047780328906,1,scanning
3.80842920821762,1749.891625838619,439.8680108326696,3,12,2257.6170828559734,1547.5095864406787,-1.6275291626681871,1,1,4,-3.262931813833577,-5.01556369174408,5.250967574170224,2.2887924328309293,-1.4090089851394043,0,normal
2.9783788005498675,788.5367272969867,449.5898870073984,6,0,1106.6638496577295,518.4701103014467,4.865887957348141,0,0,0,-0.019920273652966,0.1075762030522864,2.2378280860884026,3.757486654195753,0.9030125426996268,0,normal
1.7343666749273712,1323.6462971912451,939.1530708512598,0,9,1204.5725007787778,1123.995052124278,-2.5612004326681284,0,1,1,-3.416874228379512,-0.0854708868339693,5.775709429136899,-1.1750189750814477,0.6692166278978441,1,ddos
2.127156847541399,1209.3818704560022,181.2565462630374,0,0,1310.4378160689332,1349.6714007046917,-0.591370383385318,0,1,1,-1.5509893469566245,0.1557159161294314,-0.9772309834402082,1.807280905797396,-2.23038310408258,0,normal
4.420454250661719,1068.2544095361654,422.578882187969,9,0,593.7679755740752,670.603774707401,-2.588438581025187,0,1,1,-3.0029446232293573,4.887093088120335,-0.1778856599109606,-0.9740868203228976,0.9664077487225278,0,normal
6.039928903124889,323.9460606811252,171.00726703140177,0,0,2461.280781238016,1812.6876272891816,0.0368621699518674,3,1,0,0.9354009805536092,2.2922426736984165,2.2220675340954905,-4.745430959888139,0.3796749231747529,0,normal
4.021900055313356,1263.2033756996625,889.6349925251133,3,3,1749.8943787524524,1928.781723239816,0.5982446909274963,0,1,3,-0.1486482676612794,2.7180426933741586,-2.0156385965602963,2.856524552459865,-1.1151754767603774,0,normal
2.740874606245656,616.6208354950625,127.20322790078814,3,3,138.54591761158653,2024.5705039082256,3.5163881057731388,2,2,4,2.5427157523737183,-1.3236491406261706,1.7314437579670483,1.7876823921343936,0.2069432233639934,0,normal
4.0064137972316685,478.39062957085264,113.13987070307977,3,0,2118.6087205001195,1575.7383738630865,2.402561284530653,0,0,1,3.646954562726521,3.283842985098972,3.099327781964172,0.522244538647407,-0.365098847909948,0,normal
2.2775693970391733,209.1177649909617,895.1684161696708,6,0,1590.4304011780844,2280.617187098816,2.41128814309114,1,0,1,-1.0549217036003755,0.7820838078436012,-1.353704932848878,-4.769359131622977,1.6906797052589788,0,normal
2.569036550912756,998.5429145460585,260.58040258660657,0,6,2441.244665672405,1118.4551666815744,0.3835324961352875,1,0,0,-3.1824459969187644,5.78229949842396,-1.5966133110488003,-0.1350838409017718,0.8260842831904938,0,normal
3.170886679085622,702.4577442077626,457.0230156073005,3,0,819.5568913575806,813.2862946620065,1.2646967948009022,0,1,1,-0.0745709785872075,-0.2019660883290956,1.8302917044975069,1.7316675464090978,-0.2947583633511537,0,normal
3.3070999302937247,1523.764115740113,834.0529353324788,3,15,1418.7182575805098,1203.5563696326365,-0.6912308468455227,1,1,4,-2.015005479550167,3.3382048998994804,-0.2521720239349587,-4.115221290778622,-1.3599417236652955,1,dos
1.026901174400088,1329.3809767354935,631.759775028977,6,0,447.0928692535383,2549.1767339343696,1.4817551367659014,3,0,4,0.222168213893288,1.699586038477309,-1.694483887111055,-2.8615810137897686,-1.5402096359126805,0,normal
2.8269600895121867,162.37900285153583,234.9768156208344,0,0,1137.1838567001314,258.6294284376722,-0.0125402292050043,1,1,0,-1.8565004676486836,-1.659677638866215,-1.0053475689533633,0.2721326563401212,-0.6198406395686817,1,xss
2.6989592280990067,441.68304827331065,154.44606679355206,0,3,338.2951989998863,122.72114241606538,-1.8913239293089856,1,1,3,-2.2773840090395265,-0.7486303104969709,3.447608930251646,-0.8205215637599705,1.0376585752143257,1,scanning
12.050586362519864,1088.5666576285248,289.9551421000857,3,0,1779.8408603360656,1124.3015183575944,-0.4039364389793634,2,0,2,-2.05005456232296,-2.236318090880692,3.749773053343195,3.481614358811256,0.1979687252742845,1,xss
4.318674406577436,1535.1192775162426,697.7827222441111,6,6,1296.2879318478651,533.3771909506453,0.006309399677755,3,2,0,-2.968577551821236,0.376503041299516,3.4914534919863645,1.9694337466473015,-0.7398039673000758,1,scanning
2.3141379239466344,277.9946661098709,84.4124483386238,0,12,2126.3286122356258,478.5692828494957,-0.4940102394021075,2,0,7,0.252164218711584,1.2599417318200394,0.879472535103037,0.296170801634345,1.5801397288130712,0,normal
2.132237021581937,391.96431528148463,10.686631272142538,3,6,1850.731438399872,621.9692590714853,-0.8091010729863084,0,0,3,-2.713289117201153,3.0183502958355923,1.7716440809638254,-1.4845409460036585,-1.048166232729949,0,normal
8.15935866238293,570.4813213454837,1035.9134372987976,0,9,2561.4253665444244,49.73769101080484,-1.4220785462034553,1,0,0,-2.11398973222083,5.419673608874559,1.2184739357487109,-0.7545521120661957,0.1362971538331534,0,normal
2.5008816975129595,1609.0636059830042,374.7118180325505,9,0,410.4145076239122,1279.2186613331955,2.375514855871981,1,0,0,-4.999874967976502,-1.379481858561586,1.3069819048040954,1.6318034887767243,1.1231424956434366,1,password
6.091052814120302,839.1124573892049,491.02215713835056,3,0,788.0257231871292,483.3673204353698,0.0624087160279638,0,0,0,-2.2794707785322785,1.767203257946715,-1.1717128360021287,1.2290973440615485,0.6900274679203614,0,normal
2.4036317101909086,1460.382201633154,369.15290423999136,0,12,325.4869829025934,115.59992293259258,0.3589150026372067,1,2,4,0.8994363840741664,-1.656202842495907,0.9730782130705152,-3.601877944458926,-1.992789511260676,1,dos
1.2162504641038516,1912.3158600236457,268.08183440015165,0,0,1286.7147062272384,1485.8231509255784,-2.7640805167821245,0,1,4,-0.9443070789049772,-1.0473246256168396,4.089175513809599,-2.4691989327653983,-2.425044334241234,0,normal
7.089723168188189,917.9757056056054,117.2209432733353,6,0,2771.9886460243715,1824.7986395523385,-2.809802173502763,2,2,1,-1.5688035392577313,2.2535201798088496,-1.5871895792442268,1.754729256481138,1.0274561136108298,0,normal
2.0811710319362624,1047.4981655685358,672.5959525945816,6,3,1930.342309155483,1166.7315584941666,3.7497669317363087,2,1,0,0.8417044262092481,1.4504309384831249,0.3230315919470916,-0.0053897651620049,-1.8901411205275565,0,normal
1.9621905100533124,1444.264127774729,595.0891349908336,9,9,1623.896371539206,184.0705238160259,-2.040556309928637,0,2,6,-1.009460861879956,2.3466041821071206,2.249464062069713,1.3407471802497355,-1.9644445354989857,0,normal
0.3019667368804056,1094.028359835201,946.1538511608286,6,0,1329.9375511133428,1748.3739195511198,-4.036807954281497,2,0,1,-1.1642452128978775,1.417538636846556,3.0896901309615297,2.06804735390111,-1.259345616608165,1,password
3.346373723243523,1382.004010923153,617.0801890176882,6,0,2839.086966081428,1338.3808972797474,-3.1874212750244326,0,0,0,-2.366122496483076,3.9038863318955537,-1.376193181871838,0.1909433392359094,0.1259411263159025,0,normal
0.0548258617253028,429.0365018777688,386.7451048802219,6,9,165.27218453587386,831.3157428607182,1.3043555864997392,0,0,4,0.6771387776341566,-0.5639325834316009,0.4367291602871236,3.81947714493564,0.1098805833386898,0,normal
3.051662540927349,1840.440195033179,357.14872235246963,3,3,4044.2141384074553,2513.912806294057,-0.8767326082095628,0,0,0,-3.121985533871567,2.9065435403066178,-3.239489236080713,2.2378186229521875,-2.2066377472151606,0,normal
0.5555353169934625,487.64497213763633,36.79300539360954,9,9,1503.1402514389006,2360.229669050442,4.430629584033023,5,2,4,-1.307063120385539,-0.8924219974498115,2.716072439368247,0.4237782428356302,-1.1448786958297372,0,normal
0.9143614752509038,475.38519330037326,38.8634534820342,0,0,1669.799175572447,695.2586709809618,0.7073103740037254,0,1,1,-3.596318691963356,0.2236181069987749,-2.785086924412756,-0.6024563715203175,-0.3431466785808086,0,normal
0.4420774734368896,518.6605300031814,177.34210637206206,0,3,2049.6585048101456,450.4010832299539,0.1662306370363375,1,0,4,-2.853364782111652,-4.374219072938387,2.159608757871169,2.351930457923452,-1.6218929551866734,1,ddos
2.104878332692491,1198.5236306015872,116.71782092389714,3,15,1137.160090614876,621.7089172746687,5.07172283602618,1,0,2,-0.8111613820999936,0.557230313498992,0.1381870874138628,3.1081461122100364,1.795544611110045,1,dos
2.312412369461052,1444.2215012908384,269.15868089903665,0,0,2433.2915830340685,460.68135346343286,-1.2756126096214495,1,2,3,-2.694032228318963,-3.825781803511453,2.2943825508383,0.8534410067506778,0.7155809173252211,1,injection
8.25074027534241,113.17979928500716,921.2953557951504,0,3,406.1008903225149,131.61704910728793,0.3826850287569477,0,0,1,-0.3559265108610505,1.3110725548142637,0.8222422214719378,1.740412769371018,-1.1280083177312186,0,normal
2.52081922096301,1128.590641919164,241.3630054539153,3,6,2928.5113449622145,445.7493479367517,2.290905157799785,0,1,6,-5.104724271091889,5.255128111467047,-3.23475328914547,-2.0237082621629323,-1.3087095982000785,0,normal
3.4739557615681265,757.4508018150337,142.35650670737274,3,6,4104.4627624112345,1856.755646108896,2.0458263722644423,1,0,4,-0.8683764044856008,4.196673375391506,0.2275745846248132,-3.4491879781939643,0.1937137724834293,0,normal
9.44419005299861,94.28533310399024,1004.1594067207496,9,6,1319.444156342343,532.7919387372153,2.7131995942576905,3,1,1,0.9435382329663644,0.9081766940738556,2.31109357577699,2.2308720935816027,1.1205124825785309,0,normal
4.53418009977984,2145.418548205119,426.4968794402636,0,15,231.98201813678236,1933.2768001538604,3.56647283007082,0,0,4,-4.963441205685346,3.3298594322724497,0.5467285815765172,-0.7425528556218551,0.0700676187595192,1,injection
2.961709682326953,447.9617828344698,689.6772504799576,0,0,2474.33649760828,1716.158695118001,1.6567652314765222,2,1,0,3.229922511450724,-1.358368036202104,0.5821509492490973,-4.342865076953888,0.1560405434221086,1,backdoor
2.069781036746764,232.21394189127247,263.7933465912644,9,3,739.2595963110889,341.91545782974,-2.594256488967255,2,1,3,1.5599718353101328,3.1478389389401427,-1.0570043885857123,-1.871531275781584,0.5334168164272477,0,normal
5.188679165328925,222.0812954744048,613.2571012360687,3,12,352.0005625699853,1418.5887976264246,2.3146528903856245,3,1,1,-1.0176993415044495,-2.6116229549026047,2.170743743687579,3.0748564480986538,-0.5128075248839398,0,normal
9.072256673460762,986.5588847014726,213.55436887424287,6,0,1372.655096525264,82.68695910362148,0.1212732099960716,2,0,0,-4.1911333315086505,-1.8328156034567555,4.382891895919335,-2.0810697274225176,0.9303098313448784,1,password
1.4940031737285522,734.8553802824157,558.8038557966213,0,3,514.6607650229131,48.79984273673915,-2.788047380057985,3,2,4,-1.2336157342746443,0.4181710995478713,-2.132227569140716,-3.1829955972063777,0.0418427637599779,0,normal
9.90608663675722,651.4335611682453,790.5399974185792,3,0,534.6594664568524,140.86539866264943,-1.077667204933504,0,0,0,-1.2633983054741516,1.1851538751021962,1.7548394781704877,-0.7896423441407101,-0.0340438507618364,0,normal
0.843178831651681,691.7680503597295,203.0587217921985,3,0,160.40259691757436,453.59724792701206,1.5995895637043864,0,0,1,-2.189386547996953,0.4148376438641075,-2.889585301651977,-0.8046174428355954,-0.2497437779892633,0,normal
3.046490634352594,290.97923456069134,656.935849966214,0,9,1531.1496197724994,1080.8973969094657,-1.0256931353549037,0,1,3,-2.49813485377107,1.807387579546348,2.452117734871029,-1.3798202566960465,0.1567516447204376,0,normal
2.758817629329028,647.8036886672206,622.6922442827614,0,0,214.79220658300616,12.807774819006124,-0.2231621665891083,1,0,1,0.1746883362354658,0.6219976584264078,-0.6810459171636183,0.299465884287755,0.2705927787789822,0,normal
5.3720022240039125,202.47565290839808,256.44696405759623,0,0,922.0950791294124,1531.3242187196377,2.07110540449821,2,0,0,2.513450242229688,-1.9244868184530384,-2.0173414383765627,-3.6135263972095073,0.0423954652053339,1,dos
5.457623140426162,15.165343875409576,13.672899624049256,0,0,1240.4902169110749,912.2706738386272,-0.0222176792365693,0,1,1,-1.6157176766523298,1.4893441751433134,-2.6367791767563333,-0.0937186410621928,-1.0026173455197185,0,normal
1.8829584020106849,337.70388010118035,788.6044872347122,3,3,918.4882953736374,796.4139377140497,0.3684764567492016,0,1,2,1.9421050383470289,3.447595479845738,3.029447443638228,2.845818023252747,-1.6881200981896325,0,normal
2.5427870479158226,103.6234241815236,1.8530790251477092,9,0,2292.759883415849,183.28668067621624,3.265997948144273,0,1,0,2.126700576811813,3.6106528439522174,2.9864639828219746,0.97525624259855,-0.5004159489924714,0,normal
0.8124543374632607,2479.950007624647,45.64684916031467,0,0,4529.775474303663,2972.951555518481,-1.9676580078386772,0,0,1,-0.275010925564676,3.45053187405804,-3.025924631161792,2.822381785725581,-1.3736136480321508,0,normal
3.1499522778430307,1729.788554395437,237.4080467866376,3,3,2614.140442190973,2245.630246051788,-2.82215034759197,1,0,0,-3.059004030545573,2.698957533967244,0.4896624792724268,0.0307257035358012,-1.5184856617453903,1,ddos
1.1885846148520671,2822.202892474475,637.5305404425038,6,0,3265.534841351063,425.843358724557,-5.594891185747506,1,1,5,-1.8602612295716117,-3.243398099039867,4.611349829061766,0.5665378300582542,-0.5272551390915334,0,normal
1.2818336999847286,117.30025442019232,1341.2099139915624,3,3,1919.329446076645,465.0876664383885,-0.549856057322841,0,1,2,-0.9291408979876682,1.6802119805802933,1.7989491544507905,-0.6848871979855259,0.9057399537254884,0,normal
3.662900751499599,429.4200324899852,100.3579467001839,3,9,379.8557337960437,658.2045624829676,-1.665659850838444,0,0,2,-1.469519006027898,0.3989463770674735,1.1376845996940506,0.0936773068550118,1.295396997695596,0,normal
3.204979561021985,1371.4156555234104,358.7866745829834,6,3,677.9041214650102,1657.509406009076,1.0693538021336435,1,0,2,-0.0434119400950196,2.092499572664164,-0.2694620340032136,3.022691226366251,-0.0651453278536861,0,normal
5.728568706342157,805.3557925224529,323.6511992681436,3,3,1126.5297328478314,995.1392588040084,-2.4706881108711087,2,1,3,-1.3494590125887638,1.5715019477482748,-0.1778905801333559,1.021636214656596,0.0715998163835713,0,normal
3.084417320027761,490.6235384868885,21.75118094371808,0,6,478.8178704400432,1270.4079438722572,2.518738438972681,1,2,0,3.66850849832001,2.194328690706379,-2.1614052454012267,0.2395170089854764,-0.4571023420464701,0,normal
1.230059032010384,697.1217431478177,44.35771452126705,0,3,10.926055509944783,365.6640208436816,-1.4613145647413182,3,1,4,-0.2209141852414585,0.8542870844150845,-0.6525642784399992,0.1348495895992203,-0.0260654852708414,0,normal
1.4380365264769917,1494.325659175667,239.19945369405625,6,6,4303.072316622935,3638.968300306729,1.3745439939054742,1,1,0,-1.2135585997355944,3.881813909894453,-4.2059180808866,3.4226098701896044,0.0596491934296117,0,normal
4.551937200363072,843.7733777613216,434.8641133027256,6,0,7.108722906149616,690.1578077189463,-1.6035483053340276,1,0,1,0.0051335528244353,-0.0232865884734452,2.813972107411084,-0.2704763020947989,-0.9278529476065293,1,backdoor
3.485553055788872,249.5079000890687,573.853784977807,0,0,590.8346812487617,498.3863256853346,-1.7289735303994709,2,0,0,-0.5744521841488539,2.586529039834991,2.290246461851434,0.2076844419013344,0.7683108156688263,0,normal
3.936591007140625,842.6742601565375,954.9907652465575,0,0,2601.480102757298,1325.951435244858,-0.4444909200120057,1,1,0,-2.0462028499603737,-0.4752209963520131,-2.0619121614360774,2.096054948761436,-1.2235937303842417,0,normal
5.733942192521461,1568.1943880970807,231.14218919020325,3,3,1129.9713912023772,125.96821691942137,1.8141636206659089,1,1,0,-1.5358240107578585,-0.1244619898103995,-1.1261194176869502,1.1879458198833128,-0.2701986027244228,1,dos
2.0240222040483085,570.0542453527734,308.0131492603238,6,0,1463.7442455226906,1983.8158228580517,-1.7906919356616695,3,2,3,-2.326354531978008,4.118711636359073,-0.9721070142174044,2.1983882582499743,-1.4126965195971557,0,normal
1.0197660569778957,1625.2168883087231,148.44215124319192,3,9,3763.1982175311914,1862.9985489767705,3.5821839283240493,0,0,3,2.676792547580023,0.6260519866920962,1.6258762797380946,-4.446391446537841,-0.1071071693506743,1,ddos
1.759621370440844,59.04180357207211,910.3563632855136,0,0,86.77853273482701,1942.806163504788,4.752957163888121,0,0,4,-2.94138635495816,-0.4844303082823813,-2.8863828213346947,-3.08114180663891,-0.8150552518268954,0,normal
6.160669047508211,784.1854847881634,890.3656470025302,6,3,3480.347631359406,4256.366059171398,-0.3824462493321465,5,0,1,-6.536396638615477,-3.2534233748472365,-0.4153105248020168,5.5597097850125206,-0.518992428703316,1,password
12.712681082585489,852.292203047658,125.01724434861792,6,0,587.7433463707138,204.22574765444415,-1.7071970977340467,3,2,1,0.5008933878107336,-0.6856681841153454,-0.9167728185070384,-2.91067722968338,0.0063396299424108,1,dos
2.527186925810485,173.99422482675377,150.23838893590292,3,0,2465.2171224462463,484.21576493636513,4.575859478818297,1,0,2,4.08696210241057,3.444367663894024,2.105935467049209,2.443942397024637,0.5412571948134237,0,normal
5.529244748440297,554.3424113800611,103.90694066258725,0,0,745.5210917204781,628.3472849341575,-0.5371143826481278,4,2,5,0.8811976706556679,3.207287725555605,-1.5047350890824764,-2.05548145926886,-0.3229018672666861,0,normal
6.916154637796214,288.86321816046984,90.28056108411056,6,3,1858.0696184785872,84.76975768008023,-1.986658144521336,1,2,0,-1.7750572587007034,0.1404416161435295,-1.164770345213184,0.0847563413256142,-0.4927744884067421,0,normal
7.780198036362652,79.55255156450158,126.07158855971586,9,3,2029.536961478898,366.106263730841,3.0551027259450443,1,1,6,-1.3338081367901655,2.4241742773280155,-4.351587438050781,0.3779204009473662,-0.7974737250798222,1,backdoor
2.756878859086916,3.4425165985390027,312.4316511904225,0,3,3329.873472563713,1441.5893040517708,-2.221169105057678,2,1,0,-0.6234957603180313,0.6729951292146198,-2.553095837614766,-0.0192793653961422,-0.4590604102554366,0,normal
0.742787571557403,576.2393429761404,48.26012851201283,0,0,1144.1982701670404,1245.395386889235,2.141306647808103,1,1,3,1.4361567757757234,-0.4885985706513018,4.945161745484609,1.7857257091024068,0.5984675257453937,0,normal
2.063327015601364,1955.7134447144929,385.280627741672,3,0,2330.411249953745,1644.7151312944363,-2.999961854136278,0,0,1,-2.1282164937145422,4.961443059303587,-0.190096105386172,0.8930572413003033,-0.4583270210476396,0,normal
0.0203899555771978,626.2969104831011,349.80781347466507,6,6,2665.239348151369,286.7144499822252,0.1917432722712304,0,2,7,-5.544048993980542,-0.6149147240464583,-1.3700257101729731,-0.165619637248034,-1.325964485991424,0,normal
0.0876408452193035,349.07093249029055,175.7744599359805,0,0,2294.548513842698,1525.7931007176226,2.343988147810101,3,0,0,1.4905692700311228,1.3268856509419675,-1.2596287842945546,-4.93314378939619,-0.3358020628725377,0,normal
7.7082037929833565,488.76062303628015,285.773473736252,9,0,291.398961984069,1802.307791449064,0.3161176627514157,0,2,3,1.6467463780501082,-2.238638541479811,-0.8484948691644458,-2.693236121629248,-0.2362362133918124,1,password
2.2843895010056112,1342.5565395982496,277.9322618159202,0,3,2415.6592237046902,1418.6321236296835,-1.0099229101877774,0,0,1,-0.030236944140211,0.5464443103245334,-2.039386874594674,2.6740200869066686,-0.7815241337217208,0,normal
2.9847479236501435,936.5058098098716,95.90256355485285,0,0,1122.4327597318395,795.4407109583503,0.2451229905010118,2,0,1,-2.489441078284986,-3.0456881432894667,2.2844334503064228,3.2457681768195084,1.2849669026731958,1,dos
5.58494132571788,651.8222935065202,354.543211374465,12,9,2225.0081398074285,3048.1570642965567,1.2091083864961496,2,0,3,2.7270400390697027,-0.7628424256652697,-2.2871253663048723,-3.48542137783637,-0.6614830752127295,1,xss
0.3027722733030673,775.3637318952324,566.1679394337515,9,9,3750.210368224826,261.1351235954464,-2.50115830797167,1,0,2,-1.857042547179205,6.346318843317019,0.9150311589569264,0.1132301175056611,-0.6635070530438879,0,normal
1.1411837000679472,591.5109345630538,174.01508954610958,3,6,2269.611124932558,336.5258739988107,-0.9259055202549284,3,2,2,-1.0676740934106392,-2.2936724771366626,1.056632020512275,2.5595719504536043,-0.4938922679107537,0,normal
8.701313546296813,1201.8620869158044,503.142219218693,6,3,2594.4907662646765,269.9499609228725,-0.4970370989872141,0,0,2,-1.0661723944423909,0.3413576091037363,5.93051265925626,2.547745703299192,-2.266310307516684,0,normal
8.18007834429245,2438.742129845567,115.9293394721231,6,3,255.19606697187416,637.4308538283934,3.4422866263214367,1,0,0,-4.17734603752838,-2.437380634161117,2.055903436424343,2.1469819445649136,1.839887393898417,1,dos
0.5078783719214093,124.19887450455292,278.4738676237228,12,0,1918.860117170865,518.7922744188306,3.1314315224182288,1,1,2,1.9527443967978968,2.605107588097812,2.3640401763905974,2.1294156651866127,0.2317995283653903,0,normal
4.88218881335065,1035.9714949124675,24.521712959910666,3,0,1038.1177382455978,119.74191354372763,-0.0802549903556568,0,1,0,1.5381103324590009,1.5859598511583954,2.104632173053151,1.3356504149938706,-0.6872137853880793,0,normal
3.629041403038149,1807.5285216701227,366.2197782645848,6,0,1986.74546916049,9.570231833307393,-3.934775969991239,0,1,2,-0.6215801416214948,-0.9682102826338804,3.236392844407087,0.8715220844781257,-0.9952474221481116,0,normal
6.425467092699732,1019.4929581822367,184.9050153116729,0,12,2133.1748620386124,79.44843674184582,1.7687825637423586,1,0,0,1.67883229847762,0.6014282556737272,-0.7916137976867516,-2.609841110073125,0.1682271242676059,1,dos
9.26373150901776,1014.172669207716,11.97437193149133,3,9,1374.949585898618,11.819159087543513,-3.1479553752070077,0,1,1,-2.392513804397449,-0.1079151407012581,1.7231228313874216,1.704682908479825,0.3184071152390847,0,normal
5.11297960800135,2467.182081515333,527.6069870516209,3,0,1806.429962796084,1674.2599326429397,-0.5236854905728663,3,2,2,-0.6340956890682662,1.4688624458404511,-0.4958713332829345,0.0965815891939367,1.6470782716641243,1,backdoor
5.814931050703872,1243.9106321536765,143.04873162578548,3,3,485.84202943625945,1079.664773032243,2.081885360265119,0,0,2,-4.282340517063511,2.449528946591113,-1.7164831670033167,2.8612790397898173,0.2855616329767665,0,normal
2.831546375045569,2175.4970193462573,636.4441384653662,3,12,1796.0050529539722,84.51266223599994,-1.6468674811596065,0,1,6,3.7668199187932734,-1.258118939377325,-0.8259537668852417,-4.030852987775044,0.1974694543841241,1,scanning
4.812257463297681,660.0899803623662,23.636248364578854,0,0,1054.4440036514177,1076.6191127410643,-2.381809833924521,4,0,0,0.1168391585328241,-4.720141898127095,3.2519384982883244,4.111027584504845,-0.0350996958637088,1,ddos
2.537645552411713,1139.9765592300823,21.34957137360317,12,0,66.55752204325148,3260.359021224056,3.301414707903626,0,1,6,3.6330040649875857,-0.4326942614742157,-1.5375213927074685,-0.9935916023420648,0.3414921506267031,0,normal
4.278901211424207,709.4957129111863,177.28768542501086,6,0,1296.886286743127,1224.9516556927165,-1.3499038658876257,0,1,3,-1.5643337327873004,3.2543412995192984,2.1755854998212367,-1.4842778028256507,-0.0482976264249533,1,scanning
3.1072036631495914,40.4455898739966,411.2828515344205,0,0,1689.4383518866423,553.9513281982703,0.02739872571261,1,0,0,-0.5337903177262956,-1.293813152694728,-3.3179262548581416,-0.3907575350534894,0.3938144612521389,0,normal
3.180088376611121,432.89582647444206,8.979339357248252,6,0,2586.007114745797,1710.5424592486822,0.6157774731841614,1,1,1,0.8540502311985707,0.928640482462506,2.4793165237743056,-3.2893587773730117,0.6897298400642502,0,normal
14.191420114598124,1029.7304958991454,208.9184269489775,0,3,1478.9303053490023,535.0943043577362,-3.451996744625076,0,1,0,-1.5390363592882004,0.0886246763675022,1.597642944905746,0.6558346193068192,0.4747107857939718,0,normal
4.357512490090646,2471.411327397652,347.0387788594416,0,3,28.80755989822868,365.59834219232255,0.077050723506127,2,1,0,-2.905503254229573,2.49201092873582,1.9998484596869783,-2.3559045281985167,0.3675795420049442,1,dos
1.1920512538040966,1366.1072315920712,373.4608001727103,0,0,1195.1645323586558,280.60706933174566,2.3324416594592323,0,1,2,-1.4816402820304797,-2.028584766286184,4.092213697100967,1.0789907544176889,-1.4389163974340031,1,backdoor
3.9177295220601502,337.4908273811313,371.78898238057855,9,3,300.47937727057183,306.45220405641845,2.282716448595192,3,2,0,1.8630040405494688,1.6728238055072897,-0.5200705969889801,0.8289630030323436,-1.0044021118536006,0,normal
0.5781637408425356,392.6203898992112,677.0166643600817,3,0,180.25437608262743,321.35133717741763,-1.4627396673290174,1,1,0,-1.1164078195310925,1.851441721049968,1.1766485685432546,-2.394621367787365,0.1658718911247035,1,xss
0.4439306316568769,23.89370571320759,10.749062283465806,3,0,1043.9837953668828,1890.6811512603576,1.550930079302148,2,0,2,-0.9271948518686493,0.2811670025435311,-2.4409702276125014,1.917406439831125,-0.5109883711977379,1,ddos
7.16090328640338,385.7471495901101,47.1258708314428,0,3,852.2067584117254,408.6363066808933,-0.8741620081975355,4,2,0,2.541338540015212,0.2906971670963065,-0.5957045921621955,-1.889658461456659,2.027096637042407,0,normal
7.575667211966763,1870.3248703171776,132.12443302725578,3,6,1966.4124498819397,1292.24171401914,-2.745397955654896,0,1,3,-1.983177611257928,-1.831474687330482,3.797034315399123,0.1464654499331341,0.7484199450841769,0,normal
5.920170993394503,484.77390329855217,729.5758368611309,0,0,562.4015114598753,696.2052764559613,3.365726760732945,0,2,0,4.71247157877247,1.1691208909162474,-0.1960156346850567,2.0700493321368074,0.8079268313909429,0,normal
4.597955460050307,156.1690559657829,326.0458359674327,9,3,1972.340319180088,637.0083541387988,3.264710363870347,0,1,1,-0.4958164832411018,2.151328887260308,-0.2886362116919375,1.6378825693887256,-1.4495579880817533,1,dos
7.259356382967902,1717.573440801207,295.1126348893875,6,0,1710.4255757298347,1395.7095231039457,-1.0645948643165886,1,0,1,-2.5550629049701863,3.5566187552275226,-1.6128633139839943,1.6210864457601817,0.0889333108741035,0,normal
0.0650080456608703,793.8117448076671,195.0659245333981,3,3,422.1236899346697,686.7126745042597,-2.263622177972194,2,1,2,-2.6211861464176662,-1.0945665246965242,-2.5180988800129307,-4.799172680514294,-0.4888926379109965,0,normal
12.418773392752726,612.0307820537051,787.802491183973,9,0,3036.348902891187,1781.9441687954952,0.8955715253934429,0,2,0,1.9067309140106208,3.925262712367444,1.7159044772084693,2.203118885116025,-0.7220970473590017,1,backdoor
2.2173646095451938,166.1049541210496,4.12647310607368,6,12,409.8143686688932,572.7693267579762,2.368973075857867,4,1,2,3.1082737573410704,1.4713145211997718,-2.672012198795352,-4.03953544234132,0.3341529863664857,0,normal
0.1161904069464413,859.2133299385883,30.209223498441453,9,12,574.0336933254007,183.9624797052076,0.6221964774517619,1,2,5,-1.4898389530483882,-0.2147917450656578,-0.0576478983360246,3.963928067421916,0.7680652003824717,0,normal
2.5621702775984563,837.3492472701696,382.6701715025672,0,6,383.3328632332915,71.66471162276103,-1.8800366078023,0,2,1,-3.129454052733183,2.012188421589845,1.7351666460498971,-0.2776327862721272,-1.5289057324579234,0,normal
0.5281254243315967,884.455845423556,101.75774120992637,6,3,2633.9609027802985,896.2822317958742,3.7488848765357297,1,1,1,2.8421167796759432,0.0993063498911521,0.9465937229428748,-1.4005077971318605,2.003020959986828,1,injection
6.7668661666102015,584.5547585814139,592.965702427712,3,9,703.5455332724965,510.0183941365455,-1.9577538841141784,0,1,4,-2.8203239678626417,0.6184750039296212,2.556791423517448,-2.384100479890084,0.5931573115487075,1,ddos
1.930286267644584,2149.328916733698,228.99591999763464,3,9,4617.18729391369,870.0696411714194,-5.504672334033763,1,2,7,-1.0388919317247,1.411707767891434,1.854630307827721,-0.924292341440029,-0.197414031341663,1,password
5.039063106999128,153.79959443019152,175.7932551391369,9,6,363.1080101527869,1027.6274585487877,1.9092339482843392,2,0,2,1.6261054584557928,0.5452492451588156,-0.8757802368348682,3.1328748609448125,0.5161286600837633,0,normal
4.671140073411833,192.12483957167703,868.4010051379837,0,6,799.4410386485041,952.8421207293944,4.027010897204715,0,1,1,-1.5648937155694234,-2.3554809217650687,-2.387665403460536,0.6008205976040712,0.7893076593182006,1,ddos
1.1506110302496393,258.0968555752679,330.58633490947943,6,3,106.9764619195578,438.6492537709884,1.688275601766163,2,2,1,-0.1786663582204002,2.597732247794449,-2.9223628782567825,-3.236166100054604,1.673784034567199,0,normal
1.6799390337882314,1318.8827983075105,482.3817421272961,3,0,1037.053311756291,2124.082186056464,1.6090741896888574,0,1,6,-1.8898045561696024,-1.0705892956561576,0.6159366273462643,-2.817772003452692,0.429724951603649,0,normal
3.3469526675420465,641.5831068085141,481.5908993354767,0,6,90.21662664950902,330.41221266899765,-3.393208528135439,0,0,2,-0.5699117793287323,-1.2097342287598771,2.3617670240280546,-0.3383687209967116,-1.019667324490685,0,normal
2.8882756809551284,450.4377391031426,549.1573058028775,0,6,61.2541660627814,399.2258020203223,1.1081944001368604,0,0,3,-0.1093008105602868,-0.097199563781583,-0.8183607656019998,2.998616879478992,-0.9885945009254404,0,normal
0.3997539373868736,299.2403157568492,198.1932149515271,0,0,212.35707949944097,91.56854797581218,-0.3181828757273811,2,1,2,-0.5812505450187404,1.7032602489357385,-1.3660017331116483,-1.380647294548939,1.0461495495770747,0,normal
1.403044235609573,536.2755625788769,114.28144602804016,3,3,717.1974054699772,407.4008015580317,1.2660829554579835,1,2,0,1.062663872168891,1.5056441715180635,1.2641762588217191,1.4083126445564769,-0.7337209257111377,0,normal
10.56219351218753,1738.7618494148126,189.4344326184134,0,3,2069.1579100716795,226.0164029980301,-1.3986398271070577,2,0,3,3.034033281243578,-3.799632746464568,0.0542347383722281,-1.3466057272164174,1.2224121754546229,1,backdoor
0.5549628665884702,1171.5286982397884,38.58883729640687,0,6,1141.3017655027052,44.89123618159113,-2.548985576560818,0,0,1,0.3208501725010968,0.3693025561937771,0.4134652410476724,0.1487181964718416,-0.8073694792289672,0,normal
1.9090701537906227,275.6221082459774,860.0185667372276,6,9,40.54010355783756,1516.0659348380295,-0.6157803882176811,0,1,1,-0.5842700630479475,-0.4260378500340857,2.072912339388882,0.6797086168875519,-0.4447505052791015,1,xss
1.4144137794379006,1871.6517806493544,887.2460535617938,3,0,2507.681111072197,1894.7500365692115,2.008721885693185,2,0,1,-3.5818604342471225,1.8792204030823787,-2.549047968745473,3.7362663727693,1.21821605477366,0,normal
7.101822271717242,224.6733934390724,52.9735091189093,6,0,1342.050202950402,214.0090450955625,-1.779641842913021,3,0,3,0.7504666269786109,4.3919699687651175,0.3576065100471216,-2.169990119582275,1.116980870895634,0,normal
4.807589386843182,308.1099244081622,454.8779710102556,6,6,1119.9543918612767,2472.0907131776094,-3.078278794452592,5,1,2,-0.1441945147289018,-3.5653729539277554,1.4650651885932715,1.4822673324953255,-0.296822687795003,1,xss
5.52000738798696,942.5466358008748,82.38501462763189,3,0,778.423986219797,310.2047993286975,-2.660466102993482,0,1,0,-1.705102048952893,1.941267369916953,0.9914501894793422,-0.6997079144911492,-0.3600559528499721,0,normal
8.914338544786403,521.4693909052882,472.9557609290361,3,0,3029.1976685398167,1978.4297080154588,0.5275834185146537,1,1,0,0.3881154269904305,-0.981852274352914,-1.9440493880834315,5.537319417735751,-0.2111192460738444,0,normal
0.0174777596589732,270.4659257130064,176.52640877686648,6,0,2237.4298342532493,21.116532595706257,3.068630415461265,0,2,2,3.358228202887666,3.0366766792524964,2.8595048573372104,2.36784530590015,1.920568994980779,0,normal
5.876919052005947,649.144775966491,358.81714644195904,6,6,711.7101962253892,574.8212864480744,2.310621941362191,1,0,5,0.3486520418967569,1.5962657715917417,-1.651493476883881,0.2462335415158272,-1.2292066831105246,1,dos
0.9012648360355356,1223.3457890425686,59.80921157516859,9,0,1139.3116404774914,1981.9938205002352,0.6144650519982857,1,0,2,-1.1436747313317328,3.031451551123804,-0.3282023813178647,5.769614016399848,0.128923907512068,0,normal
3.171638649542279,978.389070791996,922.8440310745724,3,9,701.7930272165416,886.3447599223122,-0.0187074379992422,0,1,3,1.993606380218598,-0.4395079555582617,-0.7477122612798359,-0.3908532291346409,0.2221826158873579,0,normal
1.5320258186644409,461.2939018608625,481.7936834970697,0,3,485.22190259499257,1051.7902680625018,1.6054177608118851,1,2,2,0.4110175791443602,-0.6986386492777461,4.766981567148564,2.873059880068717,-0.3175299454763443,0,normal
5.14206002586831,45.18327205754902,578.8566401036002,0,6,239.1011223576572,879.9849612460023,1.965369200081469,1,1,1,-0.3598812164635085,-0.5433009977669525,-1.3089400435245335,1.1380392885337154,0.4948382080870334,1,backdoor
13.098903439192656,267.22617002261904,144.70844717460238,0,9,1506.691113255693,84.6715958230826,-4.100966059880152,2,1,6,-0.211972972425587,0.5961144973512797,2.3107812170904545,-2.1384489317202333,-0.3633776459096834,1,dos
1.2118342141875271,1218.0892197894182,542.191083410883,3,6,2988.3553024907105,79.23987763517665,2.4148585574691896,0,0,0,1.8878682852967072,3.731433709244257,1.897086463151136,-0.8133783370970205,0.9071097890211208,0,normal
2.813903847786757,884.6045395645361,415.1272752216411,3,0,2381.884277552018,245.24009455859647,-0.07517641711609,2,2,6,2.514301804928301,2.4803377757097884,0.1666698113089564,0.7856793679839075,1.0236195685455791,0,normal
6.554743562269328,920.6301395724412,113.9675428176022,6,3,579.4577425901664,613.6902080615437,-0.5329990695571436,3,2,1,1.2661101024079449,3.229222743789437,-0.1093966550367431,-0.8294947274903459,0.3795831470765491,0,normal
5.235903272898501,696.4683096961371,38.4781209379046,9,3,1110.7528318277211,640.012207171584,2.95830101532423,5,1,0,0.2548550243792101,4.117776966229273,0.4410867250445383,-1.0030702620378766,-0.430834211249558,0,normal
7.638678863422452,2180.1079334041124,259.5402211444602,3,9,1866.1191145847931,843.6095769373793,-0.4512043052617156,2,1,3,1.7703600717800954,-4.4191992684991375,0.2134526580564286,-1.9222476416214436,0.2350342436847363,1,injection
5.46215435121306,1066.924733984592,787.3007470951047,0,0,2305.3836475026187,1302.232816058188,4.046943984272459,0,0,0,2.405449796280611,0.8994276992646648,-0.9686820923977286,-0.2391105081690765,-0.9407834258818574,1,ddos
3.9121306346462936,2097.32348962344,879.7953560074968,0,9,38.0972206181835,3269.145022728541,3.0606225987801787,3,2,4,1.83000946403384,-1.5763611857579816,-1.0997381750958517,-0.3296295536228062,0.7437981709829311,0,normal
3.5993490036181126,204.84037731273415,423.6481377497888,6,0,1768.1014900468915,333.9436045769476,-2.1177976672892798,3,1,3,2.229417938089182,2.411016616490647,1.2323369936744866,-2.4151888579203926,-0.146286373568237,0,normal
8.486898315250114,365.7500459168598,254.45370765079224,6,0,2001.1273877100923,679.7578004637274,-0.6317799134113337,2,0,2,0.0467433190240751,3.230779049242325,1.6600135349354228,-2.330801325177786,0.0982749005048269,0,normal
0.6361939910565294,414.51316973179655,566.5254462624075,3,3,2184.1322294570377,1006.911942366788,1.2330514176399177,2,0,3,3.23478413623781,3.286009815294751,2.3864248569280413,1.7292183187966486,1.3032856008532163,0,normal
6.716192472546654,38.79360397006271,66.52727050610311,0,0,1403.4199134317237,1052.57804190004,-0.5440078366907022,0,2,5,-1.070656077787136,-4.207132107677434,2.3990290982766744,0.2669432179303405,1.0164734668865654,1,backdoor
3.9829417752019274,1593.462368442445,60.73619789202843,3,0,1273.3094783579386,531.7339486302187,1.8633092722206264,0,2,7,-3.715428582773079,-2.014370797330134,3.174869452146772,1.5791328509102875,-0.5410467729380328,1,injection
1.7540454464815525,1080.3624098002394,207.2292809049509,0,0,1482.9694241596635,1012.8248017039456,2.308146445054679,0,2,1,1.4423594582482728,0.2369623162598524,2.8419856448342475,2.080472842004708,-0.1114887731081642,0,normal
9.551907230925115,289.738559897001,365.1310755324406,3,6,560.3531531334409,784.134171308167,1.4755999543357254,2,0,2,0.2353232604430363,-0.416354295539481,1.8505878977418144,2.610470285366869,1.4240649961842813,0,normal
10.4578578147512,1765.5657235947065,549.6241640739725,12,6,763.514977273227,1443.459669117423,2.07335754119742,1,1,1,-1.2205234800171625,0.1140159401881204,-1.2023711639694126,-1.0357940937713757,0.790167575111108,1,dos
5.741321592021765,306.31397535160033,1024.6898526648702,3,3,2532.8324598639247,423.37892016983056,1.8868920947470271,0,1,1,2.907795642946221,4.117376365742245,4.985532723858156,1.7814842433599896,0.6508313072904487,0,normal
6.54097300450636,1101.0459806087542,592.9064436573302,0,3,642.872620703796,1522.5092082920708,-0.4888185143108584,2,1,3,1.0130930410430448,-2.55204074633453,1.248031712191059,-2.9400582782611338,-0.3209438984462153,1,dos
2.64773344973548,1214.793237225963,92.77703133672615,0,0,2908.8772886308507,250.28516968199008,0.313386768606906,1,2,3,0.2240438426747604,0.1941164429033306,3.339787255837483,1.3936264775806682,-0.0055932947609105,0,normal
3.2997374401093795,1384.5295841345812,584.919065254342,3,12,2459.4274575366376,958.02242756153,2.7470815178683767,1,1,2,2.6610595175192566,-0.4032525360346116,-0.4690972406905345,-4.168474230262533,0.6427452137717896,1,injection
6.849925527619406,166.77649920111116,915.897214414963,3,12,671.4938641615391,581.9709409251935,-4.219178927809125,5,1,1,0.3572853860244533,1.0028838646818865,-1.609539918244275,0.4501663630040141,1.2347929520559429,0,normal
3.65199411057114,310.11037447038603,356.2352387696584,6,3,3438.7896006192277,696.929284058609,0.5263857896866446,1,1,4,-0.9098796431759668,1.1155959798155777,2.434785089275274,-3.07274035010248,0.1448476963473179,1,password
4.141567139069296,907.1062796346064,60.04828388627722,0,9,12.785573426935828,1017.8165762537408,1.7470756848738789,0,2,2,-1.1858907864233987,0.0285408207411252,-0.9675679346026388,-0.2497088528730122,0.3037422980076492,1,backdoor
2.7117645342074552,522.3769580392917,296.9755565082573,3,3,231.5499765988797,447.9252865689238,-2.020255749429846,2,2,1,0.1917438867993914,0.1233503938792408,1.8219113343000088,-1.7346554986367049,2.042907095039089,0,normal
1.8128117698336488,1272.9324400327869,10.874859794155215,0,9,104.43615956684906,825.1088937319878,0.7379642452469188,1,0,1,-1.8000660995338478,0.340408637278861,3.3482279042263,1.8287613553685251,-0.3458371020485756,1,scanning
13.286986012067816,295.65951560729,315.1129993530677,6,3,2717.742869544053,258.0018552607474,0.991531678517542,1,0,3,2.54008413406498,0.2124238368940225,4.878254602724505,1.124096563477197,1.2033460902742985,1,injection
1.3388581095802428,1886.4251537985544,353.1172963222359,6,0,654.6784191256446,2357.366508703621,-0.1487896835715445,0,1,0,0.3069172882447524,-2.904283161976178,3.675662751279447,-2.846656478661658,-1.1002320379930606,0,normal
2.1341002578857498,304.2822433410595,731.712987567447,15,0,4249.219206150641,1142.3662933515652,1.259090843312334,1,0,6,-1.7610793288456617,4.141175706286565,3.720220098204189,0.1170676523919702,-0.6664055180225567,0,normal
2.19191417049635,10.065464772082256,976.6926511245412,9,3,2392.779229275489,900.3057551441316,4.310127804642743,0,0,2,3.521871415802191,4.989001492232513,0.4428284122819621,0.4632991585523323,-0.9085148596263524,0,normal
0.6430394985882855,523.4985344410071,1080.5879862049312,0,0,623.3432115466128,513.8742212564102,-0.284113053537683,2,0,0,2.343099141497428,2.5122991895753186,0.2303483747093648,-0.5543748692605195,1.477542477250745,0,normal
8.874960859668711,19.283610041885503,577.4217031298222,3,0,399.4713829433086,801.1339216687579,0.6752809454684463,0,0,3,-0.7787426615010902,2.228105084888578,-0.1833661819920349,0.9621766899133612,-1.8914583580654132,0,normal
1.2571374512787714,310.7846249947036,153.88534905674345,3,0,1479.3447867984603,871.1345606804718,-0.4866483736220277,1,0,3,2.131443536411821,2.147883824173339,3.884060991764226,2.9196310864031574,0.5505095828084102,0,normal
1.1603981311342322,1545.520699414941,437.9143222618493,0,9,2404.8898327612264,978.427553641723,-1.7309708113498594,2,2,3,-5.550491093097539,-2.986439369947279,1.2479635373055336,0.4429936329323563,0.3846366965732258,0,normal
10.597339529627815,1370.9483622328808,525.1638456352046,3,15,126.2962523615063,120.19662555579696,-0.9086820920055784,3,1,7,-0.9185358183711289,2.99378908042304,0.9773272455107244,-1.4827944857234452,-0.4569968296547573,1,ddos
15.89806726870113,129.30079653445807,0.3384132468305705,0,6,61.00444014004592,1326.4260112616776,1.1908240857694488,1,0,0,-1.2578548974703905,-0.8396425047167255,-0.4971720193812279,-1.5916807495441168,0.9010403819071284,0,normal
10.14733718363381,141.40849738551387,859.3691769150929,3,0,1479.9752863304122,987.637964352636,0.1495303453159207,0,0,5,2.772103148871921,3.981395436838128,-0.028347065101602,0.8686101944807193,1.4493376053065326,0,normal
0.3990404566061645,85.05357273089598,754.3832454810587,0,6,221.0088533318113,759.749459334165,0.2758220177909716,1,2,1,-2.0380728310100817,-0.0040946658365292,0.0726881817196207,-0.9037347528791216,-0.0593115637564463,0,normal
3.866045645667011,1000.972123886676,193.4877541310124,0,3,1176.0469258006813,455.661195411639,2.3014069247823628,2,0,0,-0.5553108590713475,-1.0369335423102486,0.8514892138437488,3.4212231242362128,0.2304496079817256,1,scanning
3.822677783844649,526.245193168786,88.14917064481084,6,0,655.5124810608652,842.9641619526501,0.6188567789727488,0,1,1,-1.794861569896013,1.2058725003956192,-1.5342910121079487,-3.285034978343826,-0.9274108727539666,0,normal
2.3583702790931502,2910.5237057412123,296.74357316582683,6,6,2293.8315322043777,3029.431691665545,-2.752850435879086,2,0,1,-2.164145559029148,-5.641023927237383,6.399389728338225,-1.0065539165788573,-0.3447913545955148,0,normal
2.2943864171120487,984.3620757049152,963.5317201809096,0,0,932.168591830003,929.0707848672204,1.6024154492471652,0,1,1,3.7409085892238254,-0.5257926444854886,1.6530455335991765,1.5750553525024384,-0.3203459705979566,0,normal
5.720687365812834,2553.8098075866096,373.1472598411747,6,9,418.6213258147269,1470.0735503435153,5.062599007246989,1,1,5,-3.0536448103038443,0.4412358292418168,-1.8614564055304,2.321550788862005,1.371095936346379,1,backdoor
8.01621954233473,622.7615242346095,598.5290021872697,0,9,2141.5058854896697,1486.5943281959262,-1.5813789653918444,2,2,4,-2.382369975692786,-5.4398638595487405,1.929211106012592,2.869217239682697,0.3704505934793789,0,normal
2.4007092713400757,1105.4805162038665,494.3794105684772,0,0,899.6517480161806,227.83410939584567,-2.3703971585798578,2,0,1,-1.5113777668208166,1.2286231858606067,3.290703599326271,-2.6028487540063425,0.6720688522254517,1,scanning
1.4572823465690914,236.11984022964413,709.5869196417244,0,0,979.372580534604,254.60454403154608,-0.1370666604638037,2,1,1,-1.5332445502627787,-0.1956501869007709,2.4398440418429006,2.4586460124071365,-0.2441424074920982,1,ddos
3.075194303380761,2817.683086146388,238.1120586438286,9,9,1718.997244136289,2944.3224387609034,2.0475320829952564,2,1,7,-0.3463249020470283,2.7133887264386507,-3.639195614424756,4.468198929414237,0.5055247147827981,0,normal
0.4098717003871316,927.4165063319036,589.9918031698868,12,3,1703.938984527586,2128.7706824826537,2.415543567530652,0,0,4,-1.334488752854077,1.4342079472053184,0.0440649963820389,-3.802284457663117,1.6784711988960084,0,normal
6.387650839701808,524.6421988418687,450.50048572799903,9,3,680.9872961841846,1477.802127547552,-0.7333231278066676,2,0,4,0.7805316230380848,4.83820513548144,1.1927716197749738,1.2569768321317496,1.3068250700593274,0,normal
2.989139164433703,487.717227950471,342.170888944358,3,0,813.427740788089,561.3982849229288,-2.3185093640464443,2,1,2,0.1742367793971571,1.646786855312436,-0.3844705580243113,-0.3147041422048314,-2.957552515202059,0,normal
5.057363138486989,7.734570952366737,532.7681078670495,3,9,1588.9277999953538,248.4752273409665,-3.7859138501432903,4,2,5,2.043741480606169,-0.3433676852403355,-1.081368591011564,0.826914884245614,-0.5783176544425548,0,normal
5.453116936786957,987.7140158374,682.706707666156,3,6,1152.9838144489836,168.83015314977897,-0.3862369309632903,5,0,7,-2.257158835194572,0.4010539600701202,-1.7593735100248753,0.150787220844772,1.283305744225799,0,normal
9.091133853479532,976.9007608277818,291.040815550657,6,3,2379.0886981418103,862.7701698753066,0.0148297300983353,1,1,1,-1.1649837317249945,-0.0886363384692765,2.713345743679785,-3.424777348773532,-1.633988963138877,1,dos
1.0427231811348827,187.7973860004703,310.7506623899529,15,3,1457.3106869442072,367.52093426134337,1.940352229490533,4,0,1,-0.5576074179338222,2.10681600875413,1.990177147232607,0.8362348724479759,-0.023376943932142,0,normal
7.932741122815656,84.08327005172444,445.1783154718639,0,3,1447.8883715142254,1680.5183635700462,-1.3858307250113442,3,1,5,0.9029026154980782,0.5310198974442893,-1.6632694931921537,2.9903424545673403,0.160763949310751,0,normal
1.7252156741265632,2269.4819102438337,367.5741227986276,6,0,2568.8367434533,1189.206830820042,-1.28572185470457,1,2,0,-2.844391450852142,-3.357014537888681,2.946690661083179,-0.3809596481182422,-0.2246242853043689,0,normal
10.718562046455515,184.7587973903364,252.09651413650343,3,3,453.63266289829227,2013.687525758156,1.5426901305580225,0,1,4,2.626524619971345,-1.3720155707577306,-0.3245489568501771,-3.381789578534473,-0.8408089358213563,1,scanning
5.306165483727977,1086.8244321113675,239.9695263111169,3,0,2440.853872408856,490.4988224346631,-0.4053824641847302,0,2,2,-3.920238929556812,0.7321410294937105,-1.500284839001403,0.020009395924696,1.544597328207735,0,normal
6.858480454004285,588.1577019492906,439.9059897099049,0,6,1761.9352241215945,537.4385015166758,-0.9258823740167724,2,0,7,-1.8192423892917529,4.827182523232217,-0.4247932402503889,-0.0263248433983704,0.3718423459832083,0,normal
2.26292994667904,372.3562072004269,722.8694866211664,0,3,618.9736067379778,711.0430634815464,1.472030181555361,0,1,0,-3.794730200461292,1.5045563586685724,0.2179311313757199,-0.9615342156895887,-0.1345139653285093,0,normal
1.0792791507313542,1011.1047706188358,477.319464629575,6,6,226.50985875352663,1828.3307497448495,0.6143293477651969,1,0,3,-0.2238067442329933,-1.588547886712668,4.3033474644651655,-1.1506630489512857,0.8347385365659978,1,scanning
2.103661523372799,1730.767101849647,449.9306559028244,0,6,936.942261910179,281.1201410078352,-0.2098809506288559,2,1,4,-2.758698772927171,3.5792153061004277,2.2322268278862616,-0.797303379129173,-0.8336853270707898,1,injection
0.8259133409867893,80.21308861105425,788.4469234024413,12,0,2453.105776396435,169.12893555041225,-1.9645965721834369,2,1,0,-1.894219488272614,-2.04523305227547,-1.8956288741542309,1.4727435393434731,-0.8395237175661371,0,normal
6.553248143263369,1595.517617570616,134.2138902025808,12,9,2333.2312074898373,379.7865829488512,1.7823011745496782,1,0,6,-0.7785799736454795,1.6177853601204275,-0.2992275702366693,1.6013141889785998,0.1763196189956273,0,normal
1.1021224745985352,308.0652716001358,381.76043544249984,6,0,564.3759043561274,1925.5092445321984,0.885398580876548,1,0,2,2.0557386023422675,-1.1985626646299434,-0.4835491842988055,-3.36956751332015,0.0980771965581375,1,password
3.7659921055848495,941.611645368732,4.996618508204573,9,0,898.2957891325949,487.8515029696446,-2.117806255513736,2,0,0,0.859738041364231,2.3975275660623696,1.4624707572187794,-2.5800395154987514,1.1452067453068742,0,normal
9.330995621581843,523.7113019350311,273.8198714882948,3,0,1129.6148879360633,310.4274035482944,-1.4099122019391477,0,2,0,-0.9422686876787848,1.0366334570045117,-1.218989433249422,-0.9694813064615706,0.484156592862474,1,dos
4.900821801726268,1428.8333952668586,604.1557863540178,0,0,1139.1906053127168,177.5686011419758,-3.780286801178116,1,0,2,1.032985476652622,-2.423552202858936,4.525400937342835,-0.2226683524453453,-0.4627907491815142,0,normal
2.470722558557527,429.0834281965401,501.1775808627915,9,3,4812.653935185416,1894.1663287325623,-0.0731721874184567,1,2,1,1.198688048267387,4.626470138350103,4.4520925880959386,-4.488675910688755,-0.4302082621542205,0,normal
1.1077259909156747,832.5810918536794,805.3220646732638,0,0,575.0167772299104,944.5230189325544,0.9226500910133272,0,0,2,-2.926228743794502,0.0002851129235867,0.9469278138846684,-2.1077747660558,0.5680776917245646,0,normal
4.523565528105368,450.0806278852648,353.2241934539283,3,3,1867.7620114417027,120.38657671258154,-0.8431817835356437,2,0,6,-1.400697157780226,3.8084471147441783,-0.7518034396850335,-1.1994736373719477,0.9531326533326404,0,normal
7.247024275380877,177.21243905109563,584.3785621557114,6,0,263.84434065023123,453.0823892835817,-0.6263044410782062,3,1,0,-0.297336035301821,2.166679047015334,1.5250743687544062,1.3286188925393136,-0.1602224366728019,0,normal
1.6035953769792224,988.179066978909,134.4634263890262,6,9,278.5498472702485,233.32703656965683,-1.4115609025050695,3,0,2,3.153520728100693,-0.8811777904337401,1.5324315751811022,-1.9309552109267571,0.8501951219829318,0,normal
3.3221282764961195,364.0081461206856,1134.6953852209006,0,0,2223.555038837428,1370.6662777323963,2.500859730343844,2,1,1,-1.1601082572669486,2.561187658784128,-0.6526452992071909,-3.999746817125726,1.803504461297201,0,normal
8.377713733232971,1474.772258453156,210.69966492221403,3,3,319.7146864500096,1791.1258113021152,-0.7208576690217743,1,2,5,1.2229072391284543,-1.6917847349719823,3.191836688759236,-3.4035816867724336,0.8338008554095744,0,normal
7.428774356167152,685.9659166537635,292.05497535517674,0,0,2704.7453918740584,530.8788689951673,0.2201499115778624,1,1,6,-4.448539426680464,-1.7055300492247765,1.1208381247856694,1.401627067570196,-0.2122729764776814,1,password
2.872762949008732,836.2788460712005,438.9278560695554,6,3,437.4831094296411,1002.7504209582222,-0.4802746015020254,2,0,1,1.0359779644174212,0.9095511217411464,0.4151591181775501,-3.183196427935384,-0.6608356951516162,0,normal
3.2144862423734546,809.1542594886838,728.9871873411007,3,0,562.8554308302112,1470.5246634117775,1.2581752649886937,1,1,0,-2.4774479345492217,3.778112627682397,-0.8321421742286182,0.901141108547851,-0.6579835689617175,0,normal
4.313995401231665,1088.2268561303342,862.9807564184581,3,3,729.9223474193991,1739.5251575234554,-0.1758826786657197,1,0,3,-3.122670161197955,-0.8371619546249744,3.347189851914772,-1.3927006508905797,-0.4028100500489907,0,normal
2.749972499347445,1105.0276109053416,721.8413222066165,0,3,1379.7015688283568,159.55907084105414,-2.0775125952602957,4,1,1,2.0761576457073225,0.3616984905721799,1.589301712034833,-2.159558421282472,2.0808122665968325,0,normal
4.191490952488747,78.43761869118937,424.00757479291536,3,3,1548.957900633966,464.54308125043633,1.7691155180048406,1,1,1,0.4344773951061127,2.504996237936544,2.0262506140791405,0.8674876406729572,0.2510474258854814,0,normal
6.94623162799652,1906.3347150735692,72.45242070097676,3,12,389.6845654828056,1607.410018445591,-1.536446939390428,1,1,1,1.314631767125116,3.8379842807568574,1.0355425038301225,4.607260363995901,-2.720624577349454,0,normal
6.176962294423923,110.32766758225748,649.7796240728502,3,9,1080.9528259640454,26.15201578811208,2.244829795636285,0,2,2,-0.8420329014229992,1.8013344146815629,-2.4978562856803554,1.0049469323412314,-0.4378045997443587,1,scanning
0.676730570799078,294.59631582441824,128.57903520062277,6,3,1759.0643986787943,336.46354424847203,-0.3936027448067083,0,1,5,-1.7222426031287346,3.136370788544383,0.8918521918742879,1.154645321622905,0.0067815095449733,0,normal
0.4841938378608681,455.37145651900414,672.7288278048909,3,0,1173.8976657163664,1877.3846478558053,-1.2067143482140144,0,0,4,-0.803408001216014,6.0844918868327005,-2.4225336927339134,-0.4296793732646498,-1.7318391026385718,0,normal
6.897688402565398,1524.6605088828385,9.877517532425326,3,6,198.8015437754508,119.1438466384228,0.96804050732895,3,1,1,0.4529640689575153,-1.8415183691776509,0.0835404221737758,-1.384143991735119,-0.3296046737399662,1,ddos
3.5865653381762117,209.6609474190676,68.26774690890664,9,3,1626.1539899069653,132.57892328266007,0.5924148036004762,1,0,1,0.2911873921071065,0.0378755123730785,3.690935670238024,1.923069514202404,-0.2012419463689684,0,normal
1.0053281834539831,62.61308083029349,629.7558804708078,0,3,1699.587913192559,1804.8646581443968,2.591104398451318,0,1,0,-2.2116213107191505,1.2057485172961029,-2.747200477716383,3.506535720801735,-1.3473090771574463,0,normal
13.44074993016549,399.2962043113448,252.1059461294797,0,12,737.8169807177665,714.5584881738712,0.2884334286602183,1,2,1,-5.115079941172176,0.2971910327940713,-0.1275942017617046,1.7559150998854995,0.1981668111298406,0,normal
2.9321942389489046,975.8115251558748,608.1411519012804,9,6,2056.1183051257326,283.92546190942784,0.0541543685393663,1,1,4,-1.5235899980086198,0.6519433720181914,1.7048428262359383,1.224287732341793,0.3987984657069957,0,normal
2.8079848033023014,2076.6416287802244,458.79600417603206,0,0,3175.1608879897904,742.9677586464644,-5.430916995218637,1,2,1,-1.1384393391109016,-1.915070465336684,3.957738254424026,1.8943885465166603,1.419724532375776,0,normal
1.8427280499941323,743.5102793372237,500.67257289129,0,3,1721.930526045505,954.5249794214284,0.1296880422524573,2,2,1,3.713713511400373,-4.233201016555949,-0.5088894359118544,0.0094549244359953,0.7024050483631517,1,xss
1.9568288390419952,1131.887484794379,1001.0593005492674,0,9,27.04995352285836,807.4242337261489,-1.1225549019289944,0,0,6,-1.205228757424359,4.006793228029946,-1.4075220082772966,-0.317601627864061,-0.4391684805067684,0,normal
0.8488928378782589,734.469297372104,565.4406793837787,0,6,707.9682593615909,1236.0052522995006,2.595561000845392,0,0,0,2.1725223070498005,-0.9226539530751094,-0.4215181534761449,-0.5851789769190363,-1.3197912200911996,0,normal
7.991267943815544,324.1050544516307,110.0706023083879,6,6,2491.7039159239607,738.2366644218397,-3.106578978002349,3,0,4,-0.499681378584589,0.1161485664250192,-3.2721121584028445,-2.4345530853715704,-0.5603963006181598,0,normal
2.5150334234922207,141.62828715332475,25.89846567334021,6,3,2005.472409368837,752.3523905641312,-3.0999052536492258,3,0,3,-0.0610510802672426,-1.364877531477369,-2.1838937961807368,1.0502111432855985,0.8447715636306359,0,normal
6.338369425081919,1413.071838706294,422.2021770717839,0,6,479.7995081516812,1534.9833182241432,0.0805535131409114,0,1,3,-2.6239728635279618,-3.023892011653655,3.507904186487349,0.1455911205926734,-1.6204895339096697,0,normal
2.2984953430617354,421.02057872103046,28.64676864315527,3,9,1157.264310581459,1398.6331034259026,0.7005968230668,0,2,1,-1.4248330035655807,-3.866628138147181,-0.0878903194450568,-0.8667515385879039,0.5553095027639957,0,normal
7.943568074512926,276.2335489963851,228.4347973604989,0,0,2423.508731321187,1495.659221477968,-0.2803801750660046,2,1,0,0.3440018257235746,2.3418668276974364,3.1381924805794337,-3.3744624037085336,0.7856532883484312,0,normal
5.706006984575113,621.3081518632283,240.13487350771828,3,3,2353.423247213091,383.74689357713817,0.5678751481557203,2,0,5,-0.9271213763371032,4.532763115310575,-1.6033087687357022,-2.282067199962992,-0.350240918583897,0,normal
1.5816139577111836,392.8732183198868,288.14071288852546,9,9,65.62700725193166,1919.575461464215,-1.8672450046920304,1,0,0,2.483618561614125,3.3884454277374525,-1.008054839324535,3.098468224131907,-0.8716641968235187,0,normal
3.5472183927879946,1862.3297892449264,480.3436799169877,12,3,99.39881086310352,406.6532821596111,-2.643960649143258,0,1,2,-1.5281239950245264,3.6080125457222954,3.5387393896397974,-1.970207895710442,0.1870016441850334,0,normal
2.59351218999484,416.10402938665527,98.6872550217156,0,3,88.6878244408601,31.027923957914226,-1.419398884512997,1,1,2,0.9445572211585016,-1.0109986774760102,3.9288044622895466,0.8292649947458045,-1.2839419425691123,1,password
0.0902958536718767,1205.0043951410837,340.5764719080378,0,3,1409.8545973488629,444.02345151489226,-2.1854298868803594,0,1,4,-0.7925058591040854,-0.5143787023284707,3.165023788069893,2.904643287323206,1.444863068443054,0,normal
4.264034612667712,1056.8752164476773,518.8990042709077,9,9,287.2238162651515,241.9652458156491,-2.5635442094392333,2,0,0,1.850010762245072,1.4190880531422287,0.057168969457253,-2.981419508297172,-0.2991820920881489,0,normal
5.910631736489776,901.7099612694694,597.6837013972951,0,9,25.413460405203576,1120.8413814589514,-0.2993095106145721,0,2,0,-4.672758380135701,1.2730499285365435,2.1388610514536093,-0.2455727809521637,-0.0111096095939737,0,normal
3.4654249297714057,1107.5533952938672,769.8845903570806,3,12,2002.034169024621,1547.3823158887865,0.1592753562234707,1,0,3,-1.3945415609094565,3.9731239046543,-1.0422343150737057,-0.6610496423026819,-0.1340086621068272,1,password
4.069427754287535,492.5602072039833,591.69642038813,0,0,332.05279666584147,2168.946603868449,2.9924217453389854,3,1,5,2.772338919470145,1.849233609432403,0.2720473258932311,-1.07733038093504,-1.6299568417638053,0,normal
3.76828623697892,874.9493902973708,116.09263940664596,3,3,754.1170979249239,497.85165298762087,-0.3293728003604581,2,1,2,1.909740331348137,-0.6227826644562177,-3.3348745848658243,-0.4651566831089817,0.9619903715955276,1,backdoor
0.9232035874072876,444.3765609791567,2.2899660376766184,6,6,1553.2712282917307,618.4993087799002,-0.0608820982974913,0,0,4,4.400238837023948,-4.380647250702454,-2.3357042897274103,-4.582356430911755,-1.026581314531529,1,password
4.87226974971993,1456.187288173803,427.1452169694788,0,0,1538.34089795129,868.0143683506257,2.581775756448458,0,0,0,3.392571873273874,4.492387289288922,-1.4820552075189506,-1.3912941999560242,0.6295595742657193,0,normal
5.527160885853774,487.0036367069438,376.97259274141896,3,3,466.7187229206768,318.2101822388309,-0.1049375454054335,0,0,1,-4.307464676797943,1.6474903767194038,-0.7677040643574007,0.7691333755804945,-0.792680451595318,0,normal
3.699217398559063,173.92034663224533,682.7144120540999,0,0,1548.8198386278486,765.5604030100532,-2.0871062435472183,1,1,1,-0.2714146842269639,2.344779489417291,1.628777245960263,-4.820088134869392,0.2649247175542449,1,xss
3.683903621202607,553.6793501518931,396.5428266391464,0,0,25.948613720074505,1127.382424117157,-0.0126629433836964,2,2,1,1.0475401575828909,-0.280339275885213,0.2200934712339975,-3.740761166385604,-0.2784734725323786,0,normal
2.834938551067514,1431.3556558753737,303.70064356800606,3,6,4370.609500738859,2690.678862162737,-1.1645370568264473,0,1,2,-2.7137667763789723,2.6467900382777336,-2.55408580039037,2.771643864474566,-0.0951344684277474,0,normal
13.86286306147884,1505.0626300496017,245.09724110606467,0,3,4472.480296713435,1740.3050064008323,4.496880432655896,0,1,0,2.7078830412950827,2.2625709326560166,0.3903474232928206,-3.127693127558296,0.0097211795719593,1,xss
5.223566290087182,723.0062695918298,186.6999816471805,3,0,255.02087717574648,1569.8131777019266,-0.7839329628933871,3,0,0,3.9596655481395873,-2.80728194171082,-0.3934867455163852,-2.910924911343053,-2.577696839485102,1,password
7.824595362503249,1116.1806330476406,635.0174008573439,0,0,1034.2657569432338,752.6009002118674,-1.315053633676628,0,0,0,-0.7130258766692064,-1.4004318926428942,4.129605734962123,-1.625297654765572,-0.5953589287980044,1,dos
8.652060914084569,1277.6523747443557,1090.5478977274304,3,3,1223.7669696911232,1482.8035156792632,2.8335997807546582,0,1,2,2.07845779414284,1.26273628477113,-1.244513623443895,-1.445626984000074,0.0773677262901945,0,normal
4.009849162262024,511.9544570070128,235.2009982926742,6,0,2031.4057942947077,1258.8350134749664,-0.0094109786729406,0,0,4,2.329287721617604,2.715296445083684,2.806550802057074,2.1661822760981977,-1.43544268269498,0,normal
2.501464971413519,470.1878007937065,358.1033009792296,3,0,1397.2700008642298,509.2424906227242,-0.92234063569079,1,1,1,-1.4326165184376674,3.511172579080513,1.7535924158900726,-2.3073040664559867,-0.7574256197036465,0,normal
8.31078006780763,884.0083731250098,455.7576972735106,6,6,1889.8412815929223,2636.725058532424,1.9637692756291167,2,0,1,2.130785853934533,-1.6071906665883688,-1.1812912956031294,-2.420008815715767,0.3682461473351771,1,injection
3.3076394938040945,1632.5697434558465,217.96876300873828,6,3,2024.4644160375744,2395.875888750696,7.217270927751398,1,1,3,6.609856234891503,2.227932141192552,-2.321719485604548,-0.8741347325861473,0.6211527296345034,0,normal
0.2554279296007638,486.3431386061321,376.8985293244692,6,3,847.9845496080104,1096.9269568268353,-0.1807146675709938,2,1,0,2.073913855294369,-3.092110493463528,4.088195501161673,-0.5340851236536268,0.0680377670987994,1,injection
0.0116136499737297,1049.7823557477907,191.77244141271103,0,6,1114.008497949352,486.4412421680749,0.0217396942495462,2,1,0,-2.343296169170308,4.965204597931265,-4.091245226234124,-2.0387952844018127,-0.5130537132563797,0,normal
2.7610156173726037,608.1170098102544,536.1605205281991,3,0,2061.622421408828,591.378670981423,0.2019504089582149,1,2,1,0.29365207333538,2.8087404064543904,6.471116168119275,3.5309143246788057,0.7270335722989928,0,normal
3.3437448281660265,1174.2758585847034,526.0238990690451,0,9,1688.6165374586503,1113.6545191611292,-5.079299801809496,0,0,3,-3.99608475950938,2.191201911031544,3.701216718382817,2.900766752087345,-1.772824447305995,0,normal
7.990267480917326,228.0332935444616,190.1592912057657,12,0,748.3841992770431,745.0586254982621,2.196328490044364,0,1,0,-1.717526063639715,-1.6977523625928863,1.2575816092874974,0.0088665852763598,0.7431123307070511,1,password
6.982625281997748,590.1769815725446,70.61298133854841,0,3,578.8419802383956,834.6749318514343,-0.2134776530702817,0,1,0,-2.8979314362510227,2.106477964071828,0.6442773582507932,-2.250253452496511,0.2642288107344126,0,normal
8.668844630249398,698.437724746083,581.9820645501912,0,6,951.0881242508808,521.990035465527,-2.6122254737825337,0,1,3,0.9164513043760852,-1.869415688885732,-1.5038577055029732,2.094450140228509,-0.5611016170033151,0,normal
1.304713118405907,381.3927729235178,592.3689695445106,3,21,682.7486726959573,996.6227145623532,0.9867053234473134,0,2,6,0.8174423510329749,-0.5024420411604793,2.731585664943718,-1.5638091511673449,-0.4688740403836374,1,injection
6.049848744983577,1419.8502124324284,1209.9576812827645,0,3,1776.9585219149903,862.1851285522938,-2.1226652934142294,0,0,3,-2.01907203251212,-1.8925856461446555,2.4042559202632177,-1.0086074818387518,0.3857689411932284,0,normal
3.3137646614888445,786.6391307422114,552.445537105586,6,0,2285.146612595424,1290.7332299464306,5.072584740513499,2,2,0,3.361367742708381,3.1832536306411034,0.357239916775843,-0.2934365494429169,-0.7872823435819646,0,normal
1.5086548725873543,93.367869233691,585.2727161339088,6,0,689.1231912984458,308.9440012710135,-1.3657358893019182,2,1,1,-2.235378323869204,0.5867504263487102,-0.2460195960169878,0.6683352329144574,-0.7754681131799858,0,normal
9.154807845516508,781.627215398428,110.54481393678304,12,6,3524.725116627965,693.8261014406821,-4.137300066792939,1,2,4,0.3432561814823953,4.69509764254284,0.3126593061615523,1.2169323224250042,-0.8372398754416414,1,xss
2.113323541066765,1126.5679903976934,619.2944619500831,3,3,2604.0645651405234,1080.3667363479276,-2.960588427184082,0,1,1,1.6042574067047106,2.182690500466765,-0.4325537791390894,0.6631816196848594,-1.3704084027771706,0,normal
0.7032239869609771,1086.8830141707235,726.6675362149588,6,0,1311.341640453012,257.2407417826744,1.7631434790800533,0,0,1,0.3481866578469538,1.843827602394,0.6244919732266507,1.3191141286001191,0.7587651978126397,0,normal
3.1403061206833054,1472.709635893577,514.453472536894,0,3,457.74129175676,114.1120677576962,-1.2836751069904746,4,1,3,-2.519608385703388,0.6531357449608152,3.0518209101400418,-0.3399605101332146,-0.6432247670911259,1,password
1.4497845551816215,845.1565358626747,396.0626140072273,0,0,871.5695517038815,111.5604488654412,-0.043499597375576,0,1,1,2.781245139326748,-2.214831929481789,-0.7570146083143453,0.3235595020903072,-0.3462113783010552,1,dos
2.3591713043179725,296.19784927679973,312.4101185479199,9,3,234.2779999596349,579.476118914741,3.0246115479726035,4,0,1,2.3363648805946475,1.1669842145494518,0.1165334785502021,1.435158757112724,-0.4211465159064985,0,normal
7.006612270697053,411.76561527771696,357.2509575391449,0,0,1967.7450605138777,820.277621094756,-2.497881196595883,0,0,0,-0.6841624090286162,2.2074220777437814,-0.4840328737975651,-0.0527483742581402,0.9235179861257324,0,normal
4.223037894269261,463.975354393063,429.9807004057109,3,0,4.176967581374703,1719.2376550529918,-0.8387246807110442,0,0,4,1.1265361602969322,-2.632430138536157,4.467340154123557,-0.5198314468659664,1.4026642178996545,1,backdoor
0.3063851877202542,493.0586518132336,430.0581622134735,15,9,257.09813262692376,306.2099178935728,1.6789365355550965,5,1,3,1.4951321746088602,1.8858413163977488,-2.964105427465271,1.114946165126956,-0.4155315415897243,0,normal
5.207094194263823,158.91386238845973,579.0669211097143,6,6,1032.3112998463102,935.167452657934,-1.7442207171311643,1,0,4,-0.918541835802823,2.6488926793787435,3.742374621600198,2.6518981065119105,-0.9841360299999188,0,normal
4.670744694241554,144.67287805758488,620.2646444953887,0,0,1674.3688621171627,816.8340951783548,-2.823101812087016,4,0,6,1.67747814999291,3.360415945388282,1.5735394021403253,-0.699337949480212,0.2008897575599532,0,normal
2.874105384583205,1167.458497076344,353.1463272623173,6,6,500.917934840952,585.880032043181,-2.0373771179713778,0,2,0,-3.625091721070615,3.213906636810673,3.348223965218006,-0.4185694896508118,0.4369228183417319,0,normal
3.8638749047705394,478.3604375503075,885.6943313193904,0,3,78.08004624299966,82.803595072124,-0.7836991744544035,0,0,1,0.624280503863522,-1.2713494239518293,1.462099772700396,2.585425405353289,1.3049532512091693,0,normal
6.379973588596615,157.20369496498893,101.57430092948483,3,0,1386.648333890433,366.4822642496837,-1.763010490025695,2,2,1,-1.9410070545025715,1.23260644478807,-1.1536990217539032,-0.2416365100490465,0.0259449543404054,0,normal
3.644069064488277,1076.5629132351914,76.05537268265392,3,0,1467.3281718680084,1059.3104364945689,-2.8588199623853154,1,0,0,0.214752372365345,0.2520208477980808,2.9367504575208176,-2.86926604255318,-0.3015301760932047,1,ddos
9.917170459389087,326.28060501797154,381.94627639651145,0,9,253.38002555233444,1699.1376450216198,2.2561544407806737,1,2,1,-5.16911134236069,0.6258921620885054,-0.767656536640291,-1.639234208904285,1.8185057415430208,0,normal
0.7769364108889782,1523.5178502693327,78.30829533295939,6,0,235.0753733182648,1220.3680532536907,-0.0953922262006012,2,1,0,-2.985327538310797,-1.4143061387093596,-1.2425386434139143,-1.3263108957537555,-1.4232203337761642,0,normal
3.711249366542406,1781.7271555304228,507.87455471272347,9,0,2604.146751045155,613.1667032302348,-3.279178313795009,0,2,0,-1.4793422777343317,2.025833094663566,0.1815359880760767,1.2112224594947054,-0.2477785610670405,0,normal
5.998147304914687,79.12198906631917,188.09587109986427,3,9,926.9858281983052,305.1801902962558,2.521199951388837,0,0,3,2.142546840282008,0.1167581364281868,0.0178026213049693,2.945174808288842,-0.3836103201353444,0,normal
5.352281499831984,1447.781747530018,308.6356566155406,6,3,2329.183454452028,666.840009603733,0.7792721771737172,1,0,1,-0.4331890889796042,-1.5834408240689264,-4.663537014586178,1.6677439130106826,-0.7157289206057981,1,backdoor
6.323076318756913,1512.1799134243795,58.44615487047614,6,6,395.3469717622116,1257.575613149398,0.0231906194799669,0,0,0,-2.6417685241114253,2.109281771530929,1.7684340808342496,-1.6962075517515858,0.0489468364428714,1,injection
8.002737797779872,17.878310730091385,183.2112524621664,6,6,1087.0197219403872,831.9296795109148,2.084109058459399,0,0,4,1.181710172072174,1.8078627377126608,1.511993782524889,3.5833914584802544,0.5524487704814891,0,normal
6.831407432197871,985.6729897376254,397.837262837213,6,3,156.21911016608544,2.1914442827035976,-0.5622398363656517,0,0,1,-3.0570501864805117,2.132492789420147,-0.079938424147179,0.7381547620658098,0.7486818402798143,0,normal
5.369290018532038,557.8277213986738,1086.2685616807269,0,15,230.73226561505805,1354.3237575112014,-1.9076295956597693,0,1,1,-2.748422567286541,-2.0605906031556884,2.188106000453509,0.4129878381078,-0.5297202387339666,0,normal
8.501117172581804,1249.190735142917,578.5296273402381,3,3,1086.6796593805686,1326.2823098407046,0.2405769167697036,1,1,4,-3.3637581916003354,-1.8295841773436552,0.5760298122513262,-1.1752720235062628,-0.1269712308783679,0,normal
1.682395016149016,121.87584364928992,599.7628825696985,0,12,716.4785999168041,1446.0516585845194,-0.8830266154272052,0,0,2,-2.336437249672151,0.6104350911210428,1.346492107262626,-1.613704444060673,0.2962158555570591,0,normal
9.550346939176093,157.9065618565527,663.0608705421573,0,0,3316.734085108284,880.9570152949385,2.537988241703013,1,0,1,0.9390407705030483,0.3942640816055005,1.1711778971711315,-1.9706587045808248,0.2261832444769733,1,injection
3.174372645525592,3553.4950965662792,358.4489742577984,0,3,6548.345989111236,3665.0104696046656,-1.056441329089621,3,0,3,-0.9136355832981458,2.692948083151728,-3.86505484863884,4.295356582143298,-0.6659873097145486,0,normal
1.7076336369041012,1419.8732461067527,258.08570125471914,3,6,2872.63216280931,323.19242430173546,-1.4598791372472926,0,2,2,-3.334479982361228,-1.367042796167938,1.3961579697606028,0.2655893185539868,-0.3082284120972635,0,normal
0.4061150407319855,827.441037468018,83.10471253754108,6,6,357.26902400537324,198.5815750141616,0.4564148232278486,3,2,2,2.186217151923297,2.830341077818529,-0.6389227127163415,0.629647948687576,0.272493626438095,0,normal
4.195509505093744,1206.5146752855303,469.0564022162585,3,0,1909.5091721267177,250.30959052596197,0.892360961516693,1,0,1,2.1731718364399866,3.919793324676301,0.4215457062115321,-1.0668273987133146,0.9101631524765764,0,normal
3.7526556816928016,545.6845129949489,21.974893721634015,3,0,2870.607774821223,972.44138149789,-3.901023122209264,2,0,1,-0.0802284040598289,0.9915047353241512,-1.5414853793178442,0.3581823127890721,1.2955532746011489,0,normal
1.333910332997548,75.74430258591947,243.23091720818616,0,0,112.39763794640962,1516.411903549548,-4.549486761733376,2,2,1,-0.3152921923189128,-0.6974306635320291,3.624923880270197,-4.167397290212012,0.5157092533733777,1,xss
4.072413954022066,575.9568534604308,20.32899064731045,0,0,414.9477637634639,836.8130015540708,2.909983672524235,1,2,2,4.097641244499068,2.104810510377118,0.2398847912747793,1.87585966268586,-0.2396998869573171,0,normal
1.5753231159241,428.7447099833281,62.12639381823173,0,3,150.84504540344832,1073.382867771812,-1.751220287665069,0,1,1,0.6468744359772789,-0.6065051366789201,3.8534153786155594,0.4031195977310168,0.0548803755278938,1,injection
7.009675307794802,518.4067016885209,304.65660795784567,15,0,1346.64702026809,2059.778900783325,3.729756770876657,0,2,5,5.162776756440222,4.630546513218251,1.9619471564096251,4.601878794076519,0.0835841626752548,0,normal
9.526455092577308,1744.802479649625,421.624825920769,0,3,1306.948209007563,1693.0591716964375,-0.269419426318906,1,1,3,-0.8139309928844372,4.079669719677731,-0.9909242558674596,2.534743354013051,0.8486274857802909,0,normal
6.4786108031594045,2301.307156107723,326.0322180699673,3,3,5329.452858780498,324.99822678050043,-2.7023565202705946,2,2,3,3.774996459386844,-6.299475379345072,-2.9831171313650646,-0.3004158939927728,2.553074785163279,1,backdoor
2.061744126222459,618.9089655353636,75.2517222843597,3,0,428.25893804740167,378.3779596698813,0.5026790803686614,0,2,0,0.2492010927055346,2.212629437234442,1.6570293683350164,1.389318502122492,-2.0234662145554263,0,normal
4.474775857752039,180.9425483619458,574.7203024888009,12,6,2174.004859356573,686.3525552976276,1.4550657259316049,0,2,1,-0.997409601345884,0.2404866235920557,0.7228244797856086,-3.4133105252799147,-1.6138753814359592,1,backdoor
1.265749629622931,539.7335117107044,591.6007168446454,6,0,1600.9283676204873,1777.7653299766534,3.002728750577896,0,0,0,4.739064828080513,0.8451513350411276,-0.1164995726193696,0.4387819132457115,0.7064662347103892,0,normal
3.7238182612007487,618.4972424266521,765.7811830773596,0,0,574.7895787929277,361.72254500957285,-0.2881149555883373,1,2,2,0.6239178452490286,1.029936542737539,-0.6173584553200978,1.6008936453675142,0.5573026121360459,0,normal
3.4401723871307017,3754.6020615592543,443.3529855776617,6,6,492.16776995658415,48.716706256523,3.1492418403618734,0,1,0,-4.720500263877447,-2.3749826934304723,3.569181971503757,0.3424170105207196,-0.3920144280836236,1,ddos
0.5136141886726308,1651.785718657469,196.79179563480315,0,3,635.9996494823279,182.0909395548628,2.5018971677180817,1,1,1,-2.37716953126637,2.691698242680679,2.2237310269828487,2.28816103592978,0.6264052328839147,1,dos
3.5514489389802035,268.49762114226473,559.4589909566441,18,3,1105.988516857277,796.849079177646,-2.424205628696574,2,1,1,-1.6948800389634258,-0.6892615884447535,1.2383302962290963,2.228779422070674,0.1987013005600197,0,normal
2.741756063418841,666.4215146723782,458.8570382412425,9,0,845.3822125378505,304.922635261231,-1.6440899314369393,0,0,3,-1.938955797401232,3.968250623763107,1.4454458648024815,1.119613457907522,-0.8683114575676674,0,normal
5.944107089470125,1299.5848698283692,369.82226815848736,0,9,839.8512128760235,601.8832001312835,0.8954968105012193,1,2,2,0.1682047775409694,-0.0213342607324822,-1.6266950924282433,-0.4015655771821266,-2.4325726435847965,1,password
5.513692574676109,305.29087101076016,262.06132625961163,6,6,1291.3242484310283,2047.9566220691809,1.0565892728944366,1,2,2,-2.824163114562575,0.120605205138488,1.6076578154573324,2.852733064640673,0.2576818060076417,1,ddos
2.789689410128316,2262.577101804836,122.13263885805084,6,0,965.9276059438998,631.2929300534341,-2.519785952772758,1,2,1,0.0471261463541465,0.6634859590562298,3.050467682204535,-0.9121096092209288,-0.4775723887130994,1,xss
3.2079250651846736,1263.6668161582063,295.6237828150267,3,3,275.68270515639466,558.6650743967322,-1.9734624851620868,0,2,0,-2.822993953789116,2.5511284382891484,3.4005682169818305,-0.950276875093664,-0.207233688063045,0,normal
0.56824117370784,745.7531276807167,533.2661512840708,6,0,482.1251444104753,1140.2669294734849,1.6480175167789732,0,0,4,4.334570202895308,2.5231990860376583,-1.6743372995792327,1.864659553877512,1.030768536964525,0,normal
0.4896448195854416,766.9238964761479,1154.8700290459635,0,6,2101.403677090589,1611.9963346674808,2.453979576089285,3,0,3,-1.3452805950555562,4.421948168085193,-1.6921646940196668,3.467004020636164,-0.0484859160095963,0,normal
8.125594449655594,1214.1481603606358,168.12355940848258,3,18,1869.0943637462155,1121.2165357296858,2.80865410851797,0,1,3,-1.2144118703513087,1.3784583240372277,-0.5542945228351484,-0.276483099650002,1.268790294548643,1,ddos
0.8764955518381513,899.7024492806447,718.6867142409008,6,9,1417.8741428958112,1384.801871182816,-3.1718808470960616,1,1,2,-2.779040905269412,1.0074001683346374,3.766454284592825,-0.636133317680803,-1.172685562964092,0,normal
10.79910828644472,640.6683140298513,599.5782300840721,9,3,2462.9092061703423,67.237061014939,0.713175154238503,1,0,4,-1.571896847768237,0.4662327404111206,1.9607388161252624,-0.4528504018457369,-0.7826101554491179,1,injection
6.831923720200491,1501.504736867666,247.825403680333,6,3,1879.139211655524,1602.5936727395592,1.126508630264144,2,1,3,-4.8751565439617535,2.798824803224234,2.61477862237134,-1.141414246333038,-1.9605816139268248,1,injection
1.8834908951007232,513.534941908746,657.7518825215841,9,6,5134.210438844412,1832.583063109088,2.9576061602109647,2,2,1,1.213140190143225,4.716863391819563,0.6318687701998654,-5.518747467414438,-0.5517301552280769,0,normal
0.5733799382524143,122.02914744413695,161.76744155947063,0,3,1025.4074312109517,830.1994234322801,1.9052651066126327,0,0,0,-2.969499380879089,1.1845322695415867,-0.8488016608822935,-1.4353786329098264,-0.999143873393774,0,normal
3.699378339119982,1443.2335510401906,169.75073652739482,3,15,2597.8123292636783,2532.6312671323426,-0.0425590974563874,2,1,3,-0.6837838023845111,-3.171655093816341,-0.2163796104117851,1.2479254541164877,0.0039336269286954,1,scanning
8.827221725107822,1280.4725886363706,874.019927919931,0,3,527.201057934363,1662.875888016414,1.392484999268187,1,2,2,0.9207548478542904,0.3239789896000331,0.2526835618547834,0.0356946042600878,-1.3934614962529106,0,normal
4.054145392859145,736.5384616279175,916.1833445353432,3,0,2050.9994097216468,71.3968908805006,0.127292172945185,3,0,1,-2.1997339309490025,-0.6177359883569298,2.6290126085896466,-1.3871238816045608,-1.2014772941014007,1,dos
8.317615626262485,2477.659238842982,892.5429244197704,0,12,3734.7277757520415,2055.2102057027178,-1.7601647625532373,2,0,4,0.915222189238373,-4.263215470140738,0.3925072252652788,1.2810515538429856,1.943728906007286,1,dos
6.984172095523301,785.2582466177821,783.8893202934995,3,0,301.9915740518902,556.1863170971889,-0.0948016066192309,1,2,1,-0.7717829238265863,0.8202493997451885,0.3071415414687036,-2.071700150589465,-0.259588475594912,0,normal
2.1497947005197693,587.2950082138343,107.35157748745458,3,0,1958.8543719456468,855.4205879452746,2.147754178436622,1,1,0,2.985926284961386,2.423120175015759,1.651412301155607,-0.1507683936282515,0.437735840250882,0,normal
2.246301390216777,288.234254562416,116.45599227521552,6,3,1376.1236701983466,437.7448957605608,3.303234311162618,0,0,1,-0.9698877020513536,1.0028194314541523,5.107102087134853,3.0731062716916675,0.6942565314010629,0,normal
2.8359332501512107,296.8807914462511,468.1542235945102,6,3,1818.7804185216053,719.1684693639202,-3.3846749925236503,0,1,6,-2.386839784299583,4.627864312513117,2.429971255967801,0.607177552713313,0.7916290010603179,0,normal
1.7301084892232186,660.6889619563934,88.11218261237889,12,0,2003.3443933465717,333.1444461384088,4.247252984288249,2,1,0,1.185171136195107,4.078833911568247,2.974355014811417,1.021706228487639,0.37795494727155,0,normal
1.2218647216626546,89.95815492637482,82.74180751066255,3,6,1980.8632746119524,118.26121479658748,0.292780537117947,1,1,5,-1.433385799213999,1.7506712044515529,0.7267774707491832,1.1133110357488047,1.0877321765109411,0,normal
2.0422953393675245,524.332930949101,3.22355499048859,9,0,1724.57282595095,206.45040839885328,0.473249060828804,4,0,2,-2.731433776836314,-1.1445975788576324,2.125288014934604,-3.134313862394816,0.5538019230956107,1,xss
11.357458285771523,699.614492332433,395.9387211722925,0,3,2031.6783985737443,370.4407378562059,0.04108359336658,2,1,4,2.63665343084877,-3.971747955411056,-0.5079698300527774,-0.3845993884657641,0.2245117003220594,1,xss
4.068568184487628,1164.210503008323,427.0547425534149,6,6,236.526576209022,122.142479519609,4.32567927198854,0,2,0,-1.9773331661885185,-0.3146300973273503,-0.0873399838129354,1.8511914162537475,-0.5629801191198748,1,xss
0.8180118211998035,833.8327569631125,61.141147376085065,0,3,1340.9421829860405,1198.5848488880956,0.8042891155998595,0,0,3,-1.7283745028561674,-2.128522498658258,0.1577769639565225,-1.4472724351632515,2.266309512319181,0,normal
6.445292579342087,2205.5692731083627,666.674105401183,6,0,556.2579905082976,1804.9598226932956,1.017808667430925,1,1,1,2.3942917101679573,-2.296820716598975,-0.2515122579064535,1.017915466757622,0.915540058452694,0,normal
0.5349745390419841,495.1682171384881,55.69036511527313,6,0,2542.836619212024,570.8725746853147,-0.1710664523641818,2,1,3,-0.3882326084541404,-0.3394067267683807,1.889193823588374,-3.4077340134285965,0.5243637353183164,1,injection
1.5972495703334677,210.075428072006,246.4054049421579,9,3,1848.211351693119,1407.6177080214145,-0.8491601719495925,0,0,5,0.2774628883845461,2.4421595155036986,4.608039374547014,3.193675393029684,0.6617998983671446,0,normal
4.144022147944506,230.7300858289585,119.21292415744654,0,0,2265.239259364256,652.4624466398259,0.4392692701811163,1,0,0,-1.5544777894185504,-0.1573788741501793,-2.917561423732685,0.8722755330341921,0.6608556565487744,0,normal
2.7007576484880373,2098.6122311391828,17.10847302572696,3,3,1197.6684290171966,2881.744398501279,0.5032150363276366,2,1,7,-1.3303206895729058,-1.6943323645094577,8.175161824457248,-0.4200320115658917,-0.2043823849361037,1,ddos
0.6656567858326811,3552.035789620167,388.0679720557647,3,6,938.076702991324,247.16407167192,3.93634856389692,2,2,0,-3.952497700310932,-3.963197123467421,4.646393812446603,2.557335874084583,-1.7404981620227158,1,backdoor
1.2218691285193493,1916.0320822217784,568.4208819135195,6,6,2696.3825160724214,1635.969055534802,-1.578501628262182,0,1,4,-0.7669477872663232,0.5308372419039393,-2.626650465647838,1.1351336625224362,-0.2566964938195066,0,normal
1.750811774158537,1690.138564348268,377.70179444623454,6,0,1350.5431681862974,612.7257322789092,0.1024668613030188,3,1,0,-0.1283752039487398,2.82620858149959,0.2580141160665382,-1.5824547422734148,-0.3514312336290228,0,normal
6.196446477071149,374.9580140113847,106.50524116865104,3,3,1617.9117962527564,425.6873066823608,-3.161687755209765,3,2,3,-1.239028436087878,0.6019203865611331,-1.2964283654464337,-0.1781612915814496,0.2638458975253851,0,normal
3.3451610126915647,607.1006103825746,151.563331626943,9,6,355.5764765837304,1008.1078669914436,-1.9880016969159144,2,0,1,-1.7976937165217122,-1.595210476668752,-0.7560878723613935,-0.8402933889870441,-0.3094178440500074,0,normal
8.550236901198128,611.7893224495347,597.1456416228081,6,3,466.1182469408492,658.3030521268414,1.2690446062705965,1,0,1,1.2551938184391112,-1.897083890653549,3.7203822478337054,2.216459170501045,-0.0128516968261692,1,password
6.0743304033802055,891.0840183907522,1188.5235990636086,3,3,385.06803469174,586.0528637299815,-0.8566323408059036,1,2,1,0.3403561644334768,-0.5044904737648681,4.7234776033513,2.9145362527835488,0.5406930007206878,0,normal
0.6563848198158146,2144.3952537482683,673.1526426530977,0,3,1730.7591255775126,721.3300684384739,0.8703370130503288,1,1,1,-0.7519853641521288,-2.614712823759268,-1.4630153509679236,-0.3456328332909334,-1.1494629652350088,1,injection
1.9174139426526635,492.11314788244687,384.2512639972026,0,6,399.7362764161125,779.154791982152,-1.8522370677111857,2,0,6,-0.5936852707514406,2.897128153167316,-0.1522808091950465,0.8402346095832711,1.7025733658827675,0,normal
5.1992190024437335,2354.236268066596,535.3671285817887,3,0,1488.6465892839349,1119.4689931171515,-2.348204584191831,4,0,2,-2.1771610257653635,1.6042201615122291,1.1062778178896973,-2.078348695943823,-0.0685072250336911,1,backdoor
2.037021921908225,1208.625429173924,330.2355641401439,9,6,2970.885831727463,503.29732971755095,-2.163367195723155,3,0,4,3.452965985900624,-4.085748105622607,-2.045960909261009,-2.20544626872441,1.1793942334092058,1,scanning
0.3494167795985075,445.7708101593213,195.24310259717612,9,0,1265.5387255762332,661.8957868819525,-4.727841173759949,0,1,4,-1.1826307441242037,2.515415246960491,-0.2933421178594826,-0.6597208941919777,1.2320150780525516,0,normal
4.986689751182167,86.38724935613551,253.90049026904995,0,0,730.41211701579,400.711652196287,-1.050141297556137,2,1,3,-1.5921333008777343,4.111118060148192,0.2128605995069168,-1.1518092450830484,-1.885027208993378,0,normal
6.746098368747626,660.401478048075,45.6536378161677,0,9,2342.5372753349743,859.6525495028125,1.046335148245391,1,2,5,-2.649066241320735,4.410971265299768,0.3509357961453683,-0.3981478939740472,0.6350471904234513,0,normal
2.943438881232648,832.5884770779032,758.3814523431406,3,9,411.4100607104732,44.56676446659819,0.4698477132290636,1,1,2,-2.4906702453351715,-0.987456193560858,3.5682790401664386,2.699974990947661,-0.1356717367374489,1,ddos
6.395137610505831,83.58643106746311,691.6795439000936,3,6,200.7518555049052,167.2041228976231,-3.5015460053553067,3,0,4,-0.0266951036671168,-0.2628926285647226,-0.0352699542168677,-0.6362240593464803,-1.831550622329136,0,normal
7.735490241288367,338.6652313113564,125.06903382492332,3,3,2370.9543630408502,1385.3093337686048,-1.5469603048757066,1,1,7,1.4803135052004297,0.4123488483595436,2.9037279513597367,3.0859724196360263,0.9906638612895956,0,normal
3.615722926663926,1400.001131131002,399.4680624254339,0,0,1811.3974524942,1060.037904641354,-0.2477254967218549,1,0,0,0.8441603897111916,0.4160911894173518,1.268352760103263,-1.9001027072933296,0.6232060216528856,1,injection
0.3696640435602325,1467.993462502752,61.840144175565776,6,0,1485.7340352581718,1725.678301111498,3.43333402949684,5,1,2,-0.0131039084716046,1.9183389271050408,-2.119804968277477,-2.851858260762346,-0.4575972896799251,0,normal
1.755098515589584,123.97072684054817,66.83204975140636,0,0,1323.0221920748918,785.0072779853084,-2.278043182866037,0,0,2,-2.576346460197641,-4.087062816025792,1.1127926191814237,-1.006666057038366,1.190974716409409,1,password
0.4593014002725925,3055.711877958056,375.2281829426634,9,0,6313.369297870171,2623.3934933216274,-4.488987728900868,0,2,0,-1.7458739765431068,0.433227312102158,-3.56519761923114,3.262116639501748,0.0285133239985341,0,normal
1.3086343697686744,1300.0571112570383,456.0690387624973,3,0,395.3877822072831,837.9765960541179,-2.664171957753055,0,0,1,-0.8513302532306114,-0.1804773420237648,2.641057791035559,-1.2676083994334335,-0.6967494136433418,0,normal
1.30414488566729,1844.9976448658283,463.6567990831969,3,0,4223.896002782135,1690.8640302703734,-2.260400422488566,1,1,0,0.392876853182607,-0.3782320320913688,-3.644399940825116,1.1999271623645624,1.6602705566378737,0,normal
4.198364714278442,391.6511291738194,615.5017214165604,0,0,6.0620440763958,1331.8524295866937,0.5395248278007078,1,2,3,0.2421364226426576,-3.2907775555753087,3.9834108582944823,0.4081038454185774,-0.7369571210328413,1,injection
0.2251641631097865,1038.5711056988168,628.794825245859,6,3,602.6056799587362,965.3454546309044,1.6855809625053395,1,1,1,-0.4839409872817403,-1.1747722647300851,-1.7847092434376328,-0.0347233047902877,-0.7881694589848356,1,backdoor
1.6285524453555844,769.4416849984153,411.83154972295546,6,3,4881.306060383131,1647.2091719190655,1.9720526064470567,2,1,1,3.1498921654413063,8.520180215716508,2.1548273649741927,0.0711127446361905,-0.2297176136914716,0,normal
0.5470241402479775,790.2927039261687,86.62262666749473,15,3,237.97904658344532,107.68537127515116,0.7581911994522503,4,0,0,2.0911942538553507,3.0595339441552616,0.4763825112269179,0.6454516931760254,0.4040991912688259,0,normal
9.947816266712602,1158.7855215372226,304.2217896957898,3,0,24.89055428499101,1692.7360099999216,1.8926907970266167,1,1,4,3.56436551452419,1.5084310547144402,-0.3778538180075848,-0.4556861958456666,1.193185960874306,0,normal
4.361651913906624,1901.016427489588,74.00266265642128,6,0,2296.4111720427723,1338.029542922125,-2.676107696868802,0,1,1,-1.122189663667808,3.215103626358263,-0.6293366355709006,1.748789126917694,0.2596581779884815,0,normal
2.497706418903812,145.43473178219023,180.03245887134025,3,6,1585.5182190611904,1986.4585452355184,2.010252594278705,0,1,0,-2.936835774735149,1.5192898167088646,0.1208293569059792,-2.877383953723787,0.8291108840021776,0,normal
6.86556788151684,1329.8435700493646,304.7349978861996,0,6,591.2546186553556,141.92805083955494,0.2834856647446651,0,0,4,0.9238425701471114,-2.370749202932241,2.047897481057276,-1.331634979083917,-1.8323588427949544,1,dos
2.556692205389326,1159.4733170197098,508.7283467750093,3,0,1179.0383952082384,131.09263477313814,-2.780443886127189,1,0,1,0.8322572244894466,-1.8964241974679144,2.148115513645931,0.0743594311673405,-0.3452879806461802,0,normal
6.185411266934214,991.2275659118824,167.5756490472425,0,0,1271.3749567690566,1339.021527653581,-0.3430868868622632,0,0,1,-1.587120908483609,1.8843233530746208,-1.2913105783910537,1.511054105855356,0.3733607711402408,0,normal
8.923803109809741,355.027792900197,425.90015585478,0,3,2323.660947750494,710.7677396418554,-2.39678890926393,1,0,0,-2.041147307134672,-4.919600685445611,5.273355253959088,1.1290121188415003,-1.3045559811231764,1,dos
4.55663214449057,128.11795460574936,364.1601848244352,0,0,532.6820600419851,76.4857877259443,-1.3302861775117412,0,2,1,-0.2933262726646876,1.772464502503837,0.898338602303506,-0.5752263429538208,-0.3054165136505519,1,injection
1.169445858957911,982.03638829883,403.1504987208502,3,0,1093.329898073912,2160.9384948425286,2.887825453115967,0,2,4,1.1075371613063665,0.9065243957644102,3.195200804970732,1.0046361260371064,0.3045197626749506,0,normal
3.1943036835629384,283.8646053741641,45.313454816808985,3,6,922.156952730899,573.4475692546379,-0.5162300752016171,3,2,1,-1.909090686582235,0.2730196149928335,-0.1177140574398039,-3.0277501742958077,1.4767698138014989,1,backdoor
1.5022353845588352,1336.007732142983,265.7025019451364,0,6,660.7633926117576,279.6282638961434,4.547891195169865,1,1,1,-2.2686125368894148,-3.38750283910033,1.3086458164902677,4.364698795859033,-0.9983375994763332,1,scanning
0.8934294013197831,1557.4165586029596,538.6112041169364,3,0,1948.7733775833517,1758.7123139389569,-1.722211985045207,1,1,2,-3.870576663707019,2.558893475365265,-1.4411318925760863,0.9942703481908683,0.1603213926133256,0,normal
0.967788943142534,527.4852530927859,783.0965838964139,0,9,1100.1962897500357,160.3349902622676,0.1543644664558014,2,0,6,1.0562570773949027,0.2015395176906702,-0.4406746244279791,1.5225667101814868,0.1637432876421135,0,normal
3.520480634695187,1636.340475289122,733.4918180129723,0,3,1053.5423915091656,1128.7492895684377,-0.4296374020671736,2,1,1,-3.659966870066085,-3.0049249446848574,1.6588743129560914,0.4911698202469233,-0.639325046902644,1,dos
0.7806395235777894,1383.6880406883934,348.0413294036489,3,3,5443.920718107378,1430.781141901673,5.204596176243986,1,2,1,0.8250746101838144,2.761096991577741,1.1000303690210849,-3.989970574267908,0.9842259011520018,1,xss
1.2674393699727216,182.07449220394224,931.1547193713816,0,0,425.10701008542657,643.6122539335449,-2.009013148475641,2,2,3,-0.685715658305193,3.4588608705846395,-0.924535001506176,-0.4283579637478183,-1.476395964865025,0,normal
0.7906906269215281,457.9734075405815,273.63841265013536,0,0,590.2042972829998,2079.342478059497,5.663912831749085,1,0,4,3.458707774773361,-0.5948472648551928,-0.5658179428916441,0.8680312631429938,0.93977179746138,0,normal
3.8796590547499896,392.9958981559185,442.8199088335337,0,0,1221.554501068327,83.1759362016858,1.6883658922802265,1,1,1,3.623935542838039,1.674456238892953,1.706993047839453,2.4490181876663764,-0.4664253063875764,0,normal
2.0605358565781917,1367.1293726320766,297.63929402332445,0,6,504.046538849418,2362.6413345399337,-3.08175286705042,1,2,1,2.025684310679874,-2.316937499841287,5.6045619021659885,-2.8671047258112825,0.0468989415896617,0,normal
8.113790979227891,728.8720791190588,224.596064520076,9,3,1333.1894360529966,655.7346648972053,-6.3157764407719865,5,1,2,-0.9201357892559568,0.5274034984235334,-0.2361825842881438,-3.409687785318611,-1.1327852430064551,0,normal
0.2233120931753015,36.69527583276344,210.1438679773789,18,3,1115.0996450942096,1689.713519025797,2.1432179562323164,2,0,5,3.5244062621319,4.553143071741476,-0.3167698239168148,1.9551464159904204,-0.5445179129138351,0,normal
5.940579097515539,961.5991037310624,40.13441594438739,9,6,1913.8047360535863,2201.4173373341537,-1.3185337673479596,0,2,0,-2.695398104171853,2.620844371938034,-0.7205983248640022,-1.2360031539113463,-0.8131698050372121,1,ddos
1.5590117277468107,765.340123246796,567.9422432470226,3,3,2306.937813690802,1340.785005009703,1.6525579558375605,0,1,2,2.0537667886257767,1.512359945535196,3.6716503918555032,-0.1513196514389521,-1.1254508934631473,0,normal
5.445561119773631,309.41981343621427,133.76565993919758,6,3,1812.775726798273,448.654685871514,1.9176899619009788,3,1,4,0.5107526488303737,0.3278330158365298,0.1258699490601071,1.7978598460578947,-0.4216708641090917,0,normal
2.7079174189746134,1151.180906462297,465.34451664541575,6,3,3603.717775176996,580.1814399191117,-0.2044598923926911,2,2,5,-2.3891084664956264,-0.2537275681348361,-1.800329151126665,1.903263853139841,-0.5649390823793785,0,normal
0.3316102434886513,1950.720736223428,193.9352464858792,3,0,6045.898365145002,2491.544236195524,-1.8741239847276463,0,2,2,1.4631253271630278,-0.0702136729300362,-3.290050048532964,3.389636904572692,-1.6711906839450268,0,normal
2.339979939260878,39.989586632560695,1002.48728593229,3,6,1117.1475628661074,1286.940449426407,-1.5441801751550548,1,0,2,1.0336162127769557,-1.1348188041107592,1.4592672514494538,-0.7679316757704471,0.0319222827586821,0,normal
6.107486968887333,48.55422867677572,335.5014385266137,0,0,165.03089260338334,2004.045814791441,1.2106996944421284,4,1,1,3.758795928910505,-4.033352812474055,-0.4533220517446675,-3.226507172675687,0.7161875141539333,1,dos
4.71300629509748,1555.6398903061258,176.238786582996,6,0,1748.8427910018024,222.9703072514658,-4.078529173384415,1,1,1,0.2503422107427295,-0.1743508783959724,2.195328626492649,-0.7083005513470376,0.2921772802719137,0,normal
6.267162447141216,300.2392781692784,463.5755717591314,15,3,2569.367900072278,1080.0686662112505,-0.0739547088574661,2,0,1,0.7520205442577075,5.402071397643443,-0.2524386073823343,-4.39938607030548,-1.530834428874166,0,normal
1.7069212112495475,1137.5565177211904,205.95341797500416,3,6,4276.4331566052015,2888.913901775684,-3.536813012867284,1,1,1,-2.1118557586049573,2.7976530432228546,-1.0698634384036183,1.0159773351286023,-0.8790530087806016,1,scanning
1.1679845051574242,446.7190298190968,232.17335013782312,9,9,802.9230654462417,554.6707338690959,-1.2831059698149625,1,0,4,-0.704691252067926,1.1368365291105476,1.3070125991186268,1.8612224611470516,-0.1225782445655137,0,normal
2.586254750598475,3083.698732108413,225.28890437014317,6,6,4045.75559451193,713.6262399762273,-2.4015678654409864,2,0,4,2.25288152610195,-4.454542692094771,-0.4301583866074614,-0.0359855372104684,0.1345749781889188,1,xss
4.763229971186095,720.6090644161787,83.96928236571333,6,3,13.251521143194308,2394.352780565551,3.258898154054416,2,1,4,2.467491770603707,1.3156228087327762,-1.7550155220816614,-0.8088858886958594,-0.0906328585627729,0,normal
1.3859613135690778,978.4440186753668,309.613293619964,6,3,1228.787489584726,2910.625210138441,-2.1905424448437447,2,0,5,-1.583689633721153,-0.4419598101180049,3.557573076301317,-5.543415935369015,1.4798700540744176,1,ddos
1.5375200392977229,2165.129517168984,303.07431431646114,9,9,3572.531391039471,731.3713624755621,-1.7869697155599609,3,0,0,2.3016804029601765,-5.614629044250668,-4.766029043833844,-1.112013694769367,-1.909393298703096,1,ddos
8.982615569527725,1868.8247531952304,186.9902097760404,0,6,1402.1399237675623,233.38632220177476,0.6925684891863273,1,1,2,2.253405843720364,-2.212366787570639,-3.247540339921738,0.5871164263806266,0.606639471303848,1,xss
0.9671499431708608,479.28850329476137,701.4167862830179,6,0,455.6622674059036,563.4025374291027,-1.8460576945290503,0,0,2,-2.715438697853782,1.2609250588981045,-0.68982229843579,0.3034272555946338,-0.3209089071799949,0,normal
2.13880520422377,468.4334990937084,0.6232929185615503,0,12,17.11815378986894,265.6383710446563,-2.55402898646507,3,1,0,0.784227563965652,1.0232473815438357,-0.4021680359803683,0.4541370490985934,-0.2676435666495685,0,normal
3.571912527165763,445.91066409949696,262.4605925732854,6,3,4149.039757906784,1849.4680635768289,-3.927754202372309,3,0,0,0.8859379929917506,2.27497258368257,-1.0689718838274538,2.3258651945975792,0.5687931016700982,0,normal
4.666399575349871,65.99369909500052,114.85150117908223,12,0,900.955905138097,889.6671152474269,-0.6078261401520273,4,0,0,1.5866927194777896,-3.285886010563006,-2.920442596896266,-0.4311153039854607,1.4767414024136023,1,backdoor
2.341466743999635,920.2086772573804,430.3908914932728,3,3,148.72292385637544,248.22210557571637,0.1675351566643321,1,2,0,0.1607838390747089,0.4505709736410833,0.9310362249000352,1.8259018790128565,-1.1711682776644323,0,normal
0.5481625467214242,1401.1053443082867,575.7950777713222,3,0,1069.7367240321068,604.5615717639636,-2.8931328191251326,0,0,1,-1.6455229829996167,-1.1624931013170576,2.104441358071118,-0.7841420068478555,0.7952643017159454,0,normal
4.790079736476666,74.54795172959605,137.06014618598948,6,3,1560.469119751379,137.8009667742286,-0.5960710775544048,0,1,0,-1.726026997562836,0.8224375487441651,2.601905345886193,-2.136665279371154,-0.2632355723353636,1,backdoor
7.251771887726663,236.13327637419084,182.8737495588436,3,3,1834.4537220814973,451.02058003215166,1.462880178035121,0,2,4,1.5510629570984455,0.3636560234965025,0.7322074885289003,2.1139498398797096,0.8443015310628535,0,normal
0.8679667973451004,396.06107506661925,585.6063891055445,3,0,750.8559675628287,245.67027085693655,-0.1489284240452284,1,0,3,-1.2885379531985577,2.306774920634485,-1.9857437768988215,-0.9788021808736752,1.6046897687588717,0,normal
1.271373251858279,618.4781312690865,500.3796643565354,18,3,1725.2556341722784,2328.0774996776786,3.29091443815033,4,2,1,2.3629185912258057,-0.7182955786754273,-0.771568774223871,3.479436223164983,-0.5938334460801598,1,scanning
2.648358090924288,397.503881040389,294.313095149776,0,3,711.5300406940072,257.9667985820153,-1.6564805564040348,2,0,1,0.2140950192035275,1.4414506653367154,0.0940614389998739,-2.992025557402098,0.3875661128516071,1,injection
0.1275729754770835,277.815540193626,200.38430270244805,3,6,2682.847387959051,470.6385256038819,-1.6574131794471922,1,0,7,-2.119456972183388,6.520002535934352,1.6411931112234668,-0.4812687540502165,-0.7546749281992197,0,normal
1.683711079238409,1319.1086038377557,78.41498687115266,12,6,1234.7117050850352,708.866220516663,-0.9441451577724558,1,0,3,-1.437096564554529,0.3298719969314455,-0.6085706040533236,4.057464637080045,0.7010425343981723,0,normal
0.6062471758181543,552.8283465568754,96.3996323855909,3,6,177.66950245833524,263.65905784108656,2.4046002223444765,1,1,0,2.684976068305949,0.3328457478126581,0.2735444555493133,2.807186155753144,1.3903190665943816,0,normal
2.678470884624753,1160.2934267442631,183.57429595811857,6,6,1274.1491890036534,53.22652228814832,4.098565234491113,1,1,4,0.8401853783157864,2.066166993755908,-0.8906113656758528,0.0450581555323539,-0.6795228537144283,1,xss
4.954681002447067,1397.297209100112,480.83707430665055,12,12,894.0084326117786,2535.2658323349438,0.4595572363977506,3,0,2,2.733690963880042,-2.430178621652744,-5.076312405420754,-3.590644883788048,-1.197128096302145,1,password
1.9306514428804415,1093.6812633639872,205.3858254663104,6,6,1571.0461770163297,648.2498903865906,-0.0492725639473674,1,0,5,2.6843730309445224,-2.4592445735229087,0.2545670811483569,-0.7166434478432343,0.6994881555282308,1,dos
2.967169202031475,1214.34562934444,343.57366192714767,3,0,1369.1728835821414,1493.357924785256,2.036599990231953,3,1,1,-2.75944376205326,3.76559344738704,-1.476785185198369,1.4517337908146049,-0.3040908402604292,0,normal
1.497546130633848,329.55159906038847,537.1454038576554,3,3,987.7471010284964,1365.3392007588686,-1.189054979011858,2,0,1,-3.3560645911905977,3.0529458657961186,-1.8634239768786685,-2.249155148980692,-1.516237282534528,0,normal
2.9367689707962668,1493.0091994239265,434.578738246139,6,0,1118.0647941465356,710.4920051355476,0.1756035101940114,0,1,2,1.1302624561832817,-2.585515716974494,-2.245889177691306,-2.4905858604671094,0.3399425269632741,1,password
2.637607422626327,506.93624857486265,216.3711459314184,9,0,1373.9693907164803,527.2098687830519,1.9116474670033716,1,2,1,-0.642614543447021,1.20657660206149,-2.882577700089371,-1.3056679003964868,-0.4740294244360112,1,dos
0.6574674149917042,432.0318351871156,413.506315377577,9,0,113.27294766653672,896.4792726535494,-0.975432522705216,3,0,3,-0.2630119531567639,0.954709639834241,0.0159246309679592,3.276188279037924,-1.0565039120690116,0,normal
2.586884501623309,1033.1876367008404,656.9181460128758,3,9,1535.923924316295,2386.6308590499502,3.877118345184159,0,1,3,0.4847042104921686,-3.2126912375946803,4.426724173527149,0.5813119116924632,-0.8726476465616203,1,ddos
0.7627500534541636,823.6980185965282,892.9794099736798,3,0,962.3701288459712,110.77974810220825,-0.7684280166161246,0,0,0,2.322548563568525,-1.1628228319908624,-1.2584262386132845,1.696629392468569,3.187162391525922,0,normal
1.113176678596149,362.2462503226448,56.45448243573892,3,6,1322.7920772747734,288.02608311201874,-0.6297848244353237,1,1,2,-0.7170423122944158,1.3952283219419508,3.610052031259178,1.683977286077961,-0.1266973001953764,0,normal
1.6440308836446784,10.220867498843656,833.285662233372,0,0,258.1098072476364,441.4087194055543,-1.3864907718839588,1,1,3,-2.4862520405606467,3.837356974250461,-0.8844346401945364,-1.4614287314159211,0.2566053942367523,0,normal
5.02935503272681,250.5556109576872,361.4935164015844,0,9,595.9728681410562,1309.8220610644623,4.101835293190077,0,1,0,3.726544448165841,1.1645969983854707,1.3627809125937491,3.780629715712936,0.7368453980738239,0,normal
7.35234685525434,183.5864054474895,87.88616234509695,0,12,238.87582396948235,314.1833757307939,-1.5153026105244676,0,1,6,-4.746678093220841,3.1672764529959982,-0.5154179741961427,0.8012672848141673,-0.3956296574753296,0,normal
6.041171398678892,1345.433727505152,349.5646863572248,3,12,1981.569867886436,2014.2313339009484,0.2596259720951657,1,1,5,-2.6368913875359112,2.1741242693490825,0.0649765562367887,-0.1828655179703084,-0.7727639470727902,1,backdoor
5.8550505569162326,932.2266900758816,565.3260071393413,3,3,1745.1960737338306,353.32139294593463,-4.088688829002412,1,0,1,0.3177056016020325,4.02414283950462,1.14445567705606,-1.5370242810188064,-0.9225510796496428,1,dos
0.8408843875084621,1217.4630774753466,367.5158283106627,15,3,3572.856057531029,1131.4213544477204,-4.182952646816543,3,1,1,-0.6368086363948002,-1.2339981452199975,-1.0808406442730047,3.341451751682138,-0.5928967907043263,0,normal
10.492761434857766,564.1869441280342,378.7093114077666,3,6,595.0740433203739,864.4182166157063,-0.96692527924551,0,2,1,-0.508085223981392,-1.2069267872259042,4.297194084308208,2.3747155152771238,0.5410433037759288,1,dos
0.5790143179988189,1485.623324162244,279.24214600453547,6,3,1581.7925415103534,1214.693460276544,0.452686048113603,0,0,5,-2.869149655160399,-1.0079981622345042,2.2543463970686304,0.8755783370227651,0.3749591260647602,1,dos
0.9742357201055848,688.2210248188994,51.40945362547673,9,0,3488.0574752957145,627.9399614271069,3.061651235053656,2,1,3,-0.3864341780471991,1.3344606525537934,-1.3667620866324852,-1.2864471097227088,-0.9860534144211116,1,dos
1.537340101390854,450.1627323087957,847.389108806723,3,0,2360.453049222426,202.96791123993384,-0.3874536848352182,0,0,2,-2.162513525397368,-1.5857795435425264,-2.4920468582159607,0.5124410838102185,0.7441561608489374,0,normal
5.222826009965517,413.8547737331149,2.598051148464674,3,3,2146.504294245599,2093.296194567246,-2.1206241209812737,1,2,0,-0.9980292988716896,3.949209116962408,-0.3431900379510244,1.3006274697351243,0.4515282190477295,1,ddos
9.04009267773533,413.1026877578697,462.3657850246651,0,6,590.6576012659978,596.5420822610066,0.0171046823389331,1,1,5,-2.2524014670093004,2.5248254639523537,-0.8837217955271128,0.8897844997364353,-0.9127025472617372,0,normal
3.993642208058215,594.7195717032702,631.8723934595716,6,3,1359.5883264728045,205.36734127729508,-1.652950259905049,2,0,0,-2.939054492945089,1.5129180051017943,-1.404255255944029,-1.2899149239000296,0.5372048221830629,0,normal
4.543847697210016,1501.9634894934245,145.78519393741178,0,6,1131.0750537775684,1421.0042005562616,1.683947493971476,0,1,1,-0.0001680235967183,-0.6687281298542241,-0.9355117397085478,0.8646491626873767,-1.0272645466354555,1,scanning
6.499070550990269,87.87499580696078,498.35933462260687,9,6,1391.997113550092,1215.9495115546697,-0.683750120639439,3,2,1,-3.029165485677092,2.170477312379572,-0.0532762263635373,2.109891965894925,-2.2661941867362905,0,normal
9.281668350195147,1119.5336124104624,144.08404323989149,3,0,2200.702539329048,680.6254890721547,-3.9244667030150193,1,1,1,-0.937423907665248,0.4133354330516565,-0.4001467220773953,0.1317079745975109,-0.2586460355304535,0,normal
7.963078862060083,155.32604227358638,20.247679641644933,0,0,3072.005862134691,512.3787566193148,-2.95674247536839,2,2,1,-2.59099292401608,-1.516010256204418,-2.656426292407872,-1.810163835422868,-0.3729370137791962,0,normal
4.889907161495201,1314.4316249906703,54.68121020571753,3,3,2593.744455505064,148.34118502073682,1.3487701893775284,0,0,0,-0.0960991216852604,1.7405393489997398,3.278259631102081,0.8644454512136331,1.1356302265544078,0,normal
0.1358812736495863,1013.82692775741,359.7127921895527,6,0,202.34419337996536,683.5922371107462,-3.9005755516793945,2,0,1,1.4900455379277553,0.128963376042037,2.579243680441434,-1.594987111004998,-0.2919897141804078,0,normal
6.208180999563261,152.1198417451688,22.84528102901691,3,9,1287.570003217897,193.2533983759201,-1.7953783034608155,0,1,5,-2.6076160206873933,2.099327143352156,1.3674231745213516,1.279342633314163,0.5466587043134989,0,normal
7.904972737530991,331.1616653245746,433.7534746903322,3,0,1038.0804465175154,868.81565206265,1.3102247281239434,1,1,1,2.1139005423612183,1.8266649315864336,3.325516271993175,3.628759839170885,-1.102418693734478,0,normal
2.890270083392308,1268.02732852771,677.5769738415596,6,3,2332.657300261749,310.0686950854175,-0.1443578545729755,1,1,3,-0.6456876981981625,1.4388323817551067,2.1373680621814968,0.7332407287727578,0.6725984368045075,0,normal
3.2854242105342184,2388.888461295275,19.826333839691525,6,3,2213.339200405558,111.54618869902978,-5.689823927271354,0,2,1,-2.4714195929925755,-0.3516445462039301,5.200431913149521,1.389887080523703,-0.3635173019341063,0,normal
0.0483201031870701,9.191162280927312,846.7611811333538,6,12,688.4719575145939,1357.6945620215818,-1.4075696267590467,0,0,3,-0.0660111713748119,-0.6617325616558587,0.6404514363610501,0.3536880209854248,0.674472742280825,0,normal
5.570360049698943,1107.8396320442728,545.0854028846267,0,3,256.1718368831446,61.68504420616081,-1.4175394496667335,0,1,2,-2.61474222429731,1.230480035305369,2.968992572636658,-1.5081916359360867,-1.099026915959498,1,password
3.3027302980074813,105.90340189891413,518.6371365559704,0,0,60.5188706529007,957.250012664851,0.4070513271566915,2,0,3,-4.967324570899869,1.8092528712176008,-3.2622584153897245,-1.811111822272289,-0.9698005974907242,0,normal
2.8389084989928186,1520.940856982029,603.9469208425477,3,0,1814.540659200248,338.38117749975856,-3.7673384736234574,0,1,0,-1.8931466393976968,-0.7826257614667764,2.4198535056477315,0.6396779096317018,0.2461635339523273,0,normal
6.514510668406359,56.37180125411712,311.1188265892754,3,0,1595.6063756877345,21.724903618497557,-3.108728911626834,2,0,0,-1.4261072356270057,0.3865561305396103,-0.6295716041564642,-1.5522911450658932,-0.4641734293050211,0,normal
2.5196544535664334,473.2772131866014,407.2979316554928,6,3,158.964647126833,243.17066088914055,-0.5712359745987591,0,0,0,-1.4911890482480934,0.8156794764281794,0.442851322864638,1.1154638963315389,-1.9609870654171724,0,normal
10.682700033269017,343.2856211507263,61.60733198971838,12,0,3005.351713742952,568.0437863314091,-2.3825528379587477,2,0,2,-2.321594002145643,-0.1880754064767189,-1.1721503800404411,1.5574335819907923,0.5551504491742023,0,normal
7.774097291841263,4.9735346424441,470.8528085087,0,3,491.30152451178935,949.8835580247368,-2.64248963830118,2,2,3,-0.5983082262607786,-2.421746381016705,2.804053805284313,-2.6216576572576,1.2895260960324633,1,scanning
4.927452278620918,68.65570970945112,1071.6065171666803,3,6,564.0556755688871,506.61799737844814,0.701459196685086,0,0,3,1.0837951774076653,0.5773356492444445,0.9163020104506966,2.9199970854165005,-0.5876778128899601,0,normal
4.836443539144462,685.1533636826085,197.74701967256533,6,3,607.0501734022357,591.2971818247893,-0.247152287969386,0,0,0,-3.0804360290445905,2.511356411341957,-0.1997570284273719,-0.8726826189750455,-1.4415122935804352,0,normal
3.4995052384793306,247.15527310198425,32.17634014155525,3,3,371.5700202861604,961.5416355946488,2.911737559138538,0,1,0,3.1688481512056743,0.5202735255916324,-1.77469635021689,1.1851448646969538,0.7897824113076574,0,normal
0.8358891701532961,666.3932107514387,29.084032613594665,6,6,917.7629631350852,1028.578648218656,-0.9920133628687772,0,1,0,-1.832304710378996,-0.1449258927195988,1.966684845136829,-0.1067290710862507,-0.0349773488359018,0,normal
0.2511450137682303,140.3835827439583,229.38314836068307,3,12,525.6873898990553,783.6791472911689,1.3682605701381922,0,1,1,0.6053022983530228,-0.774031098997662,2.0640105994854308,3.5795139584003923,-0.212314893593124,0,normal
3.0409056554813576,727.3708366498989,101.5872611456565,9,3,1267.1810837854396,526.0699517935911,-0.1499042503685381,2,0,2,-0.4402110247262918,1.8142708851210851,2.170456757809146,1.1286639999780634,0.7452717947322318,0,normal
6.825341499244876,259.45488573744734,179.89173395667274,0,3,376.3039422788588,1308.276661247905,2.952051494392226,1,2,2,1.4129113714741872,-0.5576001923640144,0.5695523487377151,1.1736459094711802,-1.3023701565465964,0,normal
1.516228939526688,1238.627774471436,863.8697248818272,0,0,763.7696155246713,1099.053728106549,2.1030081495001327,1,1,1,2.993464549807456,0.7915201660332174,-1.2961525696589389,-0.7654454343854091,1.2298822638355946,0,normal
7.116424874600453,1299.1286417741585,329.6986482883748,3,3,1450.0939079863565,197.13547387358688,-4.1625015178401625,2,0,0,0.4514037833593098,-1.153811677242632,4.9346692077489935,0.7294738126179408,-1.1443842231917565,0,normal
3.171938059851599,1373.858940209436,2.570209128695354,9,0,2319.3067215768265,165.66509378512373,1.6950958191686043,2,1,2,1.101598124811542,3.050466949625205,1.846757598016324,0.5269586771813564,0.8444595603353621,0,normal
8.012518539786946,418.9895544083101,617.1052776473803,6,6,156.1370612454036,1509.7492548821326,4.936911567180056,3,0,2,4.013447228819823,1.6560685364880667,-1.2586452470144562,0.5429107961454045,-0.5456223888343875,0,normal
4.549177269653769,686.4615110933236,1143.4437929457697,6,0,188.33883413399357,276.59442977383213,-3.16048075975922,3,2,2,-1.928820150430998,1.17213314107649,-0.0854843338869713,-2.0899735719042853,0.0014149255914047,0,normal
9.958880901342022,56.916906049293225,824.4080938732998,0,0,794.4113951985437,904.4407350839392,1.7015984340745416,2,0,0,-0.6981185003914827,-1.6506388289046623,0.0552188735113672,3.5535067352598384,0.9544831163248392,1,backdoor
5.562112090901435,2036.1785960711093,203.235887429192,9,12,1748.1629263174816,3131.709118374805,-0.6688475746756494,0,0,1,-3.7683461879181417,4.086774302025705,0.1923262108552454,-0.7141313576749632,0.9293585367258193,1,backdoor
5.117502961383763,342.67871534922745,963.2828490246296,12,3,198.52671370086105,54.42195437043544,-2.052071929261896,3,1,3,-1.5600658740483833,2.7705457541144405,0.3006882503141854,0.9502210259449838,-0.463083753202303,0,normal
0.8308516441380456,957.9436740534858,233.29312029042185,9,9,1028.7176361760182,679.9781703204166,-3.934040985192557,2,0,2,-2.0800718275225747,-1.0843292898124013,0.2531172306335154,-0.4748200857872928,-0.5042287278325527,0,normal
5.125504775439972,192.1115654414736,390.9242667474096,6,0,1161.342584695033,325.7969321695592,0.2461131332316131,2,1,3,-0.1484180324796138,2.934592787928273,-1.8586109238036908,-1.2707214872478805,1.4053464810929472,0,normal
1.0849572330161057,1574.7070464024944,775.6236402351509,0,0,58.64746477853888,1211.7928794454212,-2.211257415860348,1,0,2,-0.2705863183522473,0.4569995546409653,4.871548691752982,-1.9631721460100708,0.059133367458247,0,normal
7.349663764908106,519.1665460144259,534.047685379706,3,6,1740.559603674371,661.2796746768516,-1.80979783459362,0,2,3,2.2266436604407653,1.0895679859086846,-1.12816009676801,1.165418130607392,-0.6511391289051786,0,normal
2.5682442921629045,1466.938888719745,778.0329103490917,9,3,1901.5988609529948,640.5894334609778,0.7823702074965568,1,1,2,-0.1294661153995191,-2.31945371005487,-1.1017725326916743,1.1333052305802689,-1.1741522213621436,1,password
5.066256578072971,1169.5191125443323,386.6382865561061,6,0,868.0400819533033,209.3950846389513,0.7674737082270264,3,0,3,-5.419745713558537,2.192259530143039,-1.0239817660756776,-0.5169735341159689,-0.7285545699025886,0,normal
7.885762515771473,765.0804244698943,844.9805336622215,9,0,2007.362843516246,1760.211413097624,1.1996480047652929,0,1,0,-1.8792127348238803,2.031345765768516,-1.5207432236461431,5.070744144216553,-0.4521302619661434,0,normal
1.8309516277258355,1423.3228909090612,471.8933210850747,0,0,498.2067398468141,271.89908494049024,-0.9519043766878844,1,0,4,4.089264145335157,2.862792574512456,-3.577707427216253,-0.6740337632828053,1.2076935375537785,0,normal
2.2307723729902875,178.5552319311917,311.8299912404452,9,12,753.999719457897,495.8835960808104,2.0892328182586586,2,1,4,3.367096396808372,-0.5699726317313237,-2.377907572080551,-6.110795873428247,0.0783835538164386,1,ddos
1.920834307710534,1121.6450049271068,127.74528138323996,6,3,229.18768454354884,818.6829618189837,-1.7752461298801756,1,0,0,-3.024599199966273,0.3138924798601867,2.22175963081692,-0.3974858526536898,-0.3754163320972559,0,normal
2.1038551977804607,254.68983280167285,299.66474902182847,9,0,1028.3418362463296,266.8873159295504,-0.982304292899636,1,1,3,-1.4105840619920724,5.406934139008347,-0.8348066277447674,-2.0677083651981447,-0.2863974679664826,0,normal
1.4414226572208686,387.7106270620839,155.4515188047625,3,3,1501.2362067394197,71.49888345744496,2.707218810947523,0,0,3,1.0220082631824716,0.2734178794315414,-0.2775867475249554,1.7691642716050096,-0.4332851934978557,1,xss
5.571219873043667,736.4652586021833,979.8212767546376,9,0,1337.7771386739746,367.60374185551626,1.9502899912124676,2,2,0,0.6847016101125504,2.470138782454339,2.557336246578134,0.9127731657991984,-1.3785388942932613,0,normal
11.352901605970263,369.1972269059533,59.315979726514016,0,6,389.86647997826987,436.09916317126255,-0.4025051777771149,2,1,5,-1.8870873519000888,2.4782057103517583,-1.380316566427904,0.3722229480666756,-0.960831436580384,0,normal
2.8228777435796437,441.6310627333794,122.26583467833352,12,0,1340.0662184070804,441.5720945739674,1.957722477359634,0,2,0,-0.0551433021649068,0.95474443497844,-1.00823954792043,1.0227829174675416,0.7794884253046571,1,password
0.899589593732435,279.8164408206271,236.428236590374,6,0,1819.7654253710805,1191.270158187174,-1.5370027224051612,2,1,2,-0.856761718857731,0.8555493747788456,-1.9727244070653749,2.16617695264957,1.126267160832653,0,normal
4.788482407977267,349.6988145783059,585.9402372827167,3,6,1141.2495029582003,199.2126026230273,-0.557347570642716,1,0,1,-1.0036258858616554,1.1107019095648265,3.5625428964851986,2.144374128616404,0.6189251832237139,0,normal
6.979545571148047,40.28296623791072,163.88040163796362,0,0,1036.1337078556196,1381.1846316234694,1.669684348318235,1,0,2,1.037358130823974,2.162146843467439,3.192160988057565,0.4560997385563645,0.325394671769159,0,normal
5.140742687319234,1476.9582706841277,70.1522358126575,0,6,15.606571336293346,1381.567953762839,4.760210881959226,2,0,3,-1.280206715212283,1.1542361106738956,0.6636014647052669,1.5358983939986437,-1.334054687129115,1,xss
1.7424489452696792,2374.6145964327025,193.5741970873264,12,3,103.5950306627396,1595.8954874987194,-3.949250002892152,0,0,5,0.2781188562137606,0.3600113815844967,6.049963863599131,-2.758286877804045,1.017016408404516,0,normal
0.8672055869676245,582.6440033698078,588.4861753727291,18,6,2024.3457694329163,1065.6099053912146,-2.901398350674957,4,0,4,-2.675895838816559,2.5846324182465983,2.8256643630669647,-0.0713684802993814,-1.2486521501493584,0,normal
3.3715006000591528,954.574652805572,388.8206072309078,6,3,481.2023532682933,2234.8212699539777,0.1635658296971032,0,2,2,-1.877897180429224,0.1934259202161161,1.490716569450611,-3.007608579988309,-0.0623358119945501,0,normal
1.0732785043127546,2358.5804317764787,15.002127846137638,6,3,2420.377965902904,1106.1713862294089,-2.732214031050256,0,1,5,-2.152848338040597,-1.3502093457015805,4.169028284128651,0.0271058047525998,-0.6718500366502265,0,normal
2.0398432852392165,208.2546506189319,532.3648269256972,0,6,198.742104125306,1547.2108246409628,0.3114598654713008,1,1,4,4.548461627309855,-1.786593630271628,-0.7383255408240539,-4.027433623862037,-0.1096246610570437,1,scanning
2.3001657669153626,1331.1601121748974,765.9061224233361,0,0,2433.876231638897,1877.6442881635,-0.3587600574774028,1,2,0,-1.1336020593962572,3.027190696997482,-2.1334710609833607,1.5728835914284165,1.7234052934393786,0,normal
4.293469221253189,1691.4441876695485,264.5529100506402,3,6,2717.0633913397555,456.9052356045999,-1.4044621281707184,0,0,0,-0.9680159171795952,-1.0548324042442545,-1.7254189886922515,2.181965256393702,-1.0764609716843738,0,normal
1.8984576588741129,151.11656377231907,222.26288655958643,3,0,2789.176475380413,1327.1740795857663,6.350861176034152,1,1,2,2.376753339033845,3.068187886358225,1.5706468196959524,-0.4342577536316641,0.8844676152103113,0,normal
3.3467018113198166,423.0128930445074,427.774278041705,3,6,47.63708768515755,91.88279795525048,-0.5364084664043356,2,0,2,1.5618488191860704,0.4192743733684849,-0.9944494669549606,0.9205435412667108,1.105775525412169,0,normal
1.1310880672491044,200.78342588122837,7.458792357091567,12,0,1512.52739993721,417.196044914208,2.0456914078337625,1,0,0,-2.7361887838457037,-0.6706489623950198,4.656103941401552,2.702318293919204,0.8176848985350443,0,normal
0.1665752438669212,1028.545319946695,83.27167779017843,9,3,200.4212795472464,101.62443686329703,3.357434131778314,1,0,0,0.8744499600362987,0.6123843706239438,-0.4031009731824377,2.162045527293841,-0.4148940642576328,0,normal
4.272624410341641,653.8636874052511,357.4921774127236,3,3,1328.9931709532104,53.23427963236664,0.5945491879562232,3,2,4,-0.63862375575844,3.125771436781439,-1.1906307689469176,-2.141804447283686,0.573355720953196,0,normal
0.847418346754836,799.9250954240507,381.6312183736796,0,0,432.3444817045511,1151.9834907864113,0.2334906970063892,0,2,0,-1.6309376560269766,3.8968407385007655,0.16855573094706,0.6339622269427652,-1.2734087271430117,1,xss
8.147837142134913,987.1546639878476,170.57490460706805,6,0,113.25367905713864,444.949703622644,2.092054759103662,1,2,1,-0.9057341173450896,0.4194877590204762,-0.7174251300218839,1.6438135247541916,-0.1457048975937238,1,ddos
1.9751514370852827,517.8408951332906,655.0419557619927,9,0,453.8965242887757,3771.4893329994425,5.233842303813902,3,0,3,1.5417962821450537,0.2064743499612082,-0.7153311750561167,-1.945272012744603,0.3170711065090372,0,normal
6.240754639670509,2028.4773755423648,584.3193609488005,3,6,2834.197494696248,904.4461478721712,1.0452337335501476,2,0,0,-1.8654689197647676,-2.136836646901026,-3.263756216592877,2.003704072923825,-1.6420420685760504,0,normal
3.983489303507177,694.6189812697127,293.0670185945562,3,3,538.800244302469,1962.3208406436625,0.8718710180915832,1,1,2,-1.0563458595171062,-0.6415564345773623,0.925784803235618,-2.9880800051492127,0.0518789998981796,0,normal
1.0263681603475625,660.768090871046,456.95671287629335,3,3,1167.7201656016252,699.9026516936959,1.2454371744289374,1,2,6,4.512714614918039,3.072512692523913,-3.4680699546927007,0.4675094430245582,0.8058915823936484,0,normal
5.754473793756732,1871.56328437591,416.6892700616988,0,0,1042.8690673580334,1060.6962907313873,1.7615609385039792,0,2,0,2.969746074537957,1.1023599251659977,-0.9789397775984414,-0.2815238779280489,0.7985111749299854,0,normal
4.470936752676946,322.23215523126754,189.96084998524304,3,3,1043.8496476063851,562.8035656334134,1.2794950647771957,1,1,0,-1.8135892043853403,3.509760656817738,-0.6596695389490492,-3.272029916790638,-1.18331857621521,0,normal
0.4897901977367766,832.9065342322887,420.8946190027928,3,0,20.866872090344888,1956.49177805748,2.240763691799927,0,2,4,-2.1954968887147084,0.1793267155535067,-0.2448107146272866,-3.028529015403511,0.0770751857159848,0,normal
0.5377660092890867,513.1171617083961,157.2762630558241,15,6,3168.328071765236,1913.8090893937476,1.686492883708801,0,1,0,1.7197554163524171,2.818402522969122,5.674616334801024,5.268410804060933,-0.6004272712442282,0,normal
5.310805578208563,966.3023199944192,734.933825144702,0,3,603.7336954613808,2507.4934492193465,1.1785361512057926,3,1,6,0.13251461164054,-2.2782297405496506,2.1497400769930115,0.8596487062692681,-1.2778288592817697,0,normal
0.1140799555834743,593.9476583219187,510.3140997065898,0,3,1637.881856686006,55.50155976633364,0.5946021174466307,0,0,0,-2.0953528919425035,2.417943993971684,2.3952637110509984,-1.4411488690441716,-0.2082732659082112,1,ddos
5.449317655099016,1481.073638127488,1167.2322833412743,3,9,47.87552979194064,1089.9783459464752,-1.2673116094436363,0,2,6,2.458666369022016,1.2851099810325497,0.741431372889503,5.039909438462685,-0.7793984227287227,0,normal
1.331780632650709,1034.2132861059918,552.616909496364,6,6,987.3799355669578,45.75071313505915,2.2296317534175456,0,0,2,0.5344761394536974,-2.065797995743064,1.660861093588348,3.781310996863958,-1.9994590687664524,0,normal
0.880949229646961,635.9453068442324,274.0999959392288,3,3,3375.8581712690807,1456.8723670331624,-2.453225767277249,1,0,0,-3.924337883919032,1.4975279475689869,-3.73487091726527,-1.6258874970104535,0.2338583274749722,0,normal
1.027098247247144,1311.097416262519,36.886338462216,0,6,2427.5648395219805,667.5190033997085,-2.0260787719640163,1,2,2,-1.6191036439213244,-1.2882427918831003,1.8725775885153544,-0.4190363673304292,-0.5023165064901315,0,normal
2.604299614168737,210.9287204850409,120.7055157534258,9,3,2244.9520856208896,1492.133496053951,1.2000813955233556,1,0,0,0.4667060969812491,3.6134516023381593,-0.4209259887018441,-4.140933600244038,0.548674641348441,0,normal
2.771910212254094,917.1632175237828,197.5276617937803,3,6,290.1783146170178,1227.9627071379166,0.3698159378256251,0,1,0,-0.3246924000282437,-0.8265605514503057,0.4855485800526341,-0.0447665520540634,-1.7001303307616478,1,scanning
4.462175965828851,1612.2775925449043,273.0438397862901,6,12,970.833683996276,1514.196311909499,2.960569556549059,1,0,0,-3.1699375230086693,3.0194841915337927,0.1067654533127253,-2.642801572885994,-1.4133894804043745,1,scanning
1.852329425089119,1599.06194127477,710.872973242089,3,9,5558.961424946765,2786.89002311322,-0.9906754754380328,0,1,5,-2.535271182968468,1.453362400867403,-2.8163823902703404,3.406783374681761,0.0517938957976869,0,normal
4.973872348272334,975.7121732093716,267.744896156435,3,9,360.75265157022096,774.882140357926,-2.3859128885513905,0,1,1,-0.91909654126943,-1.3735661155996175,3.166408220260143,1.6800714737544828,0.2608334215298058,0,normal
5.378395565976506,840.3579126315584,81.22329211543979,6,3,2064.3088292159428,1010.2453257082676,-0.5132554454301153,0,2,3,-4.435238952691864,2.869530128923103,-1.177979479234916,0.4491480967272928,2.046984214890713,0,normal
0.3133218547308252,857.1680353661889,74.84267642434145,0,9,929.6199051438416,2906.3916073618084,1.171378431301569,3,0,3,4.81804428800513,-3.7821073715264655,-5.445327545464346,-6.266149264904685,-2.105191711849874,1,password
0.8205419518547841,779.8590849762495,420.96621827713903,6,12,410.866259644766,487.8926152155802,-3.3043419151781874,3,0,6,-1.8509122288860511,1.8511936159616007,0.3755592025909757,-0.7164174620053916,0.4123216641406521,0,normal
8.667556299554734,1994.2395942531557,853.0258074759466,3,3,2842.0362131340958,739.0733660027438,0.039857818191459,2,1,1,1.396126280702877,-4.324080266691559,-2.7673629567835816,-1.064888098586251,-2.236124644266866,1,ddos
1.394640524149921,874.6205286748927,282.02948156557375,9,3,3130.614972063101,820.5009305138842,-4.080231372753435,1,1,1,-2.858811339799701,2.623810695292242,-1.4346072516600827,-1.0783376411996393,-0.1477441829310064,0,normal
3.543487104523115,717.4640255391404,369.9862392549703,12,3,3297.7772905948214,823.9860031912503,-2.948131966454243,2,0,2,-3.704625522895389,0.6306546115812484,-1.3703825396841385,0.6721917584090569,-2.577000723282472,0,normal
7.284381814802739,1251.8109841396442,97.93497514881844,9,0,1899.860715734958,2178.333164348438,-0.16180776817983,0,1,3,0.0334866833406732,0.0812502027179848,3.521489187371724,-0.8041756599734178,1.319719045031695,0,normal
3.328713692257113,1412.2984436196484,238.67624843801696,3,3,1849.6709769908248,438.8829667216468,1.4669805088860002,2,1,4,-2.745708439390728,2.127674890609727,-1.9255198391266224,-2.418624951808789,0.1769293690808005,0,normal
1.555287038723452,690.5845685270197,160.34189609212925,3,0,2814.6659713518234,56.28857176920938,1.2136036711957097,2,2,3,4.183883637188549,-0.0763435012315922,-0.520571950348302,2.985677563905582,-0.1212021437572943,0,normal
5.059951906830502,194.0531242469205,194.55909138728035,12,3,748.8284154124542,841.4356612830293,-0.8047289863136805,0,1,0,-2.6851897641117626,-0.1892977234855892,1.0709272829955914,0.955075619644908,0.7263773349966057,0,normal
2.876155364077144,171.67538129593612,195.3995596597914,6,6,364.67185102320633,490.23803709283806,-0.1747056890454197,4,1,1,-0.5699188658450893,0.0215318609678869,1.279442475965795,0.9790022572590475,1.762751741416452,0,normal
1.341537078359007,934.1283095817602,596.3791930445904,3,6,190.47767077654024,1261.853665806194,1.4030754400438388,0,1,0,-1.7215522684080766,-1.7065300693799064,-1.9064248487873725,-1.6490051495382974,1.3904058846862604,0,normal
1.4425462205143458,671.8988063166759,594.3328656879331,6,0,1421.2930426884063,1151.577662684118,3.144460950312709,0,1,0,-1.4051992706323764,1.0071043714911256,-1.5994179913687658,-1.8989756607503927,0.0671560472690433,1,ddos
1.9223826744955623,1181.6806149994773,973.9028209227126,0,12,2968.631853218407,1815.5485642743297,1.7343933910640026,2,1,6,-1.0715949671111489,3.6210463421950023,-1.836740589056369,-3.489785081232616,-0.6859701967933646,0,normal
2.416173426771748,190.12271016559467,1367.7653543608217,3,0,1281.614528866688,132.43561690918386,-0.9748776884497582,0,1,0,-3.195483790176998,-0.0663010188251584,-2.663197733464174,-1.6472097242534824,0.6932080209747001,0,normal
4.822648642134396,418.55750561102366,615.4782164137954,0,3,1719.497114246998,2273.598053572807,0.374146493606887,1,1,0,-0.2884560118833201,0.1238679027574047,2.5325564075006346,-3.2313039806554515,-1.7121094488233388,0,normal
3.977710983920789,751.6438941743851,445.4636708022525,6,0,1963.407657727687,350.1235035691225,-2.5353457103960526,2,0,0,0.3703643890331742,1.4327657500919084,-2.122867695340989,-2.9389072793507056,0.1170361538618234,0,normal
3.4260643150975287,692.2151179027659,1108.032754819317,6,12,1692.262220256838,1964.4981596469709,-0.0559640288381022,0,1,3,-0.7164671419578024,0.8341908488724135,-1.526310782108545,0.0477242689463695,-0.2475363613459095,1,scanning
4.047919943390723,252.49505601523563,407.75717977267766,3,3,1520.985827332902,685.8628740414237,2.390229700138824,0,1,1,0.2570216932414507,1.1910762630302962,0.0193934655211318,-1.3564687781744358,1.7605200215908687,1,scanning
0.7857665202727443,2142.8603156213253,264.66333186611075,3,6,1638.7661297531256,1623.2179420798332,4.644659648820881,3,0,3,-4.293034712654086,1.0801881720020134,-2.427988399104417,3.78979586404822,0.0201103394125995,1,backdoor
1.9725155099570693,744.1115832664722,788.1014287138959,3,0,252.72784502246836,100.19609841887498,-1.6449687499640726,2,0,0,0.7812152233147283,0.0272521435467227,1.594844967524707,-0.0987374002487297,-0.2354036276422183,0,normal
9.101060897807043,371.0489685386217,909.5261105289244,0,0,2152.72119926673,602.2963288071699,0.037883743779487,0,1,2,-2.2959714281534858,0.2269902689102333,-2.4552864306357653,0.0392083733596866,1.7726040095313238,0,normal
9.749231279958224,1630.3432783486985,82.05584418526564,3,0,2124.1450207520847,1266.0871105267397,-0.4521270003729482,1,1,0,-3.184452768180847,2.2357009495863407,-1.1702854160318088,1.4692805596797944,0.4598464181345167,0,normal
2.338039755701772,1419.6887645226109,54.70746834808061,3,12,2232.7882286281524,831.3443406596194,-0.7484496814344557,4,0,7,-0.8461958268733893,0.829503786848423,2.7730125119876927,-2.500782216990079,0.0030865736269835,1,dos
2.6986633757863987,101.32494048513176,130.0587798755636,0,6,730.1598445451128,107.0076219654682,1.334334293237715,0,0,2,-1.093563778149218,-0.0629319705640392,-0.2161274842811302,1.999114657581768,-1.5075786843995496,0,normal
5.261602950200483,18.640650626599363,1209.683345753267,3,3,112.56990287606874,1000.9847659555528,2.320152872860497,3,2,1,2.2590556156294417,2.212828218947183,-1.5224869519531847,-0.4905796311310841,0.1588940208470027,0,normal
3.87962394872172,530.1470561483254,391.90851652517694,6,0,995.9758603794212,127.37144225801885,-1.9105495230403688,2,0,2,0.8644738152984839,2.5000131170937268,1.8028100282472863,-1.0967121316868302,-1.092320016088769,0,normal
3.05274828321775,684.1286686076281,129.81680508317444,3,3,1380.5289353985806,60.704006951229694,-0.6226429876524516,1,0,2,0.2019172354051155,2.1923094517482946,0.0307484974359895,-3.5494015514489483,-0.5544502762695539,1,xss
7.297494179586028,1748.0261495231443,122.63614093490784,0,9,128.3558677761119,1588.0572199499595,3.900526921176615,2,0,1,-2.3625301107204595,2.34219367183219,-0.194537930654884,-0.3905398642286841,-1.3270102346541364,1,injection
3.011381602970861,783.9375182915853,825.9094146891439,9,0,4674.5534887260765,628.0749618407597,-3.176745187188792,2,2,2,-1.3884514155825332,-2.772463811181823,-3.2389877826390308,1.374522579546405,-0.885034995722664,0,normal
1.9926509153225316,1775.9288758916982,259.29078112869024,0,0,2340.994244046384,915.5850341755948,-3.4481830645726284,1,2,3,1.7190535698326832,-4.240048112225861,3.2829391583224474,-0.5440445222747955,-0.8154287057179797,0,normal
4.226371988239549,1175.3977093868352,645.5805270871448,6,0,300.0146631896199,952.4710498482212,-2.395006570269323,1,1,1,0.6136201239138488,0.3862840674728215,2.519927337374076,-1.5616839715667887,0.2694991153005769,0,normal
4.552467091218543,80.53742594246494,136.65698751572626,0,6,428.20658014840376,899.1122380247436,-2.4969895292961133,4,1,3,3.146863801531029,3.036782546351221,0.1940140742136715,-2.2904011405764644,-0.9977873831962756,0,normal
1.5990237453649323,476.1976129410036,654.9955799484648,6,6,458.7399813762517,613.4174083023048,-0.5898439879673887,3,0,2,0.2059154576429912,0.4802212371972959,4.313047235103317,2.2403198621670235,-0.259730908710913,0,normal
4.7606189958857685,341.8046821997381,203.54974615308652,0,0,1528.9294158072596,675.4263716596901,3.690703097457675,1,0,0,3.397186639896709,4.768998496991249,0.4290765110715372,0.4252559029682948,-1.4150995156254225,0,normal
5.378022300803087,229.15234297343028,11.797490649134476,3,0,1156.698685865562,255.8679864211689,-1.3635645781823418,2,0,2,0.6514588825310521,2.414076034246785,0.7841725950948735,-1.8238642554756648,-1.3326327556188249,0,normal
2.129698425053284,1186.3614994826416,556.1832436810209,3,0,1478.1931536267111,40.95802533965336,1.7546519371499665,1,0,4,3.13289802827631,3.1799165114601906,-1.7395009372726873,0.9935448820439432,0.2009485580827902,0,normal
3.5803737679960324,669.6140809872794,177.5840233765905,0,9,3184.152422350589,1224.1337445265738,2.6901256092815915,0,2,2,2.661979095432586,0.20656932471359,2.029897041541634,-2.527508158580588,0.5902171312309344,1,backdoor
6.594261569597927,814.6726660925791,547.9054547140059,6,3,456.1272484989158,396.2209879683777,-2.39465816485468,1,1,2,-1.4073704115287873,2.2761963305815724,1.984249903161732,-0.9322522629425872,-1.171377662421352,0,normal
4.703704970601351,991.1124936578908,186.7018358460112,6,0,2185.370944192594,1431.7626768840337,1.916586581809915,3,0,2,1.7879530833655135,-0.2789895370606294,4.6143387322516425,0.986144630788492,-0.6352064701368163,1,scanning
5.002831421777322,500.3720813557832,36.44462408909712,0,9,91.97429416541868,326.8845759455512,-3.058442606377968,1,1,5,-1.4780811651526966,1.44481256262543,-0.6287137855813079,-2.9715730657938684,0.0636202113472586,0,normal
1.8116447143264496,1699.3802575866955,327.7818677156229,0,6,2102.952280391127,671.6011158250958,-0.0911468049162416,1,0,1,-1.376604664665009,-1.3479214559393904,-2.172949571215524,1.6129492984903049,0.3487502373004832,0,normal
0.861306899997297,223.0610631576677,228.40105258903716,6,6,504.5472041217757,404.0265597395287,1.211979566005956,1,2,0,-0.8430650339400012,-2.890523949800625,0.770960997057059,1.212485734124235,1.2786951079139035,1,password
4.999741527836214,1400.567439801231,1140.9084599713556,3,3,2321.7747840109214,1529.0592812646405,-0.7674879381497421,0,0,4,-2.251334915684592,-2.357182810422384,-0.1781831652871015,-2.00313986999401,2.4430297803247067,0,normal
1.895259841356549,599.3714574877691,765.3961274058543,0,3,326.8699614474373,98.07131282148278,-3.4700257360866216,0,1,2,-1.2604635186741515,1.1823022574503768,3.64969297160368,-1.3696683432261756,1.2380434984712283,1,injection
6.997275624888919,565.7273655517298,673.0096198982565,15,6,1875.803477366269,2291.8009216923133,0.7188766337654711,3,1,1,2.602945821460394,-1.209430171898002,-0.5662406815571679,-1.0139627800395048,-0.5133200251179901,1,ddos
0.3485379587271162,536.4216262075631,251.4081903895656,6,3,1390.1832107524503,644.2934372943059,2.803585619457705,0,2,5,-0.2998233663920141,1.417395351202497,-3.1948017137015903,-1.5801750120112026,-0.5352520651983494,1,xss
2.8968210717950504,455.18588596782655,226.1874215191028,0,3,1030.604145358408,985.1825402113692,1.584539487007702,1,1,1,0.2362144407582617,-2.7102071186924377,4.650358466891015,3.746954855282147,-0.033762169251936,0,normal
0.5875476930016056,1604.0151461274968,256.8989387525598,0,6,104.72918931625274,1818.1375728705357,-0.3683126372306244,2,1,3,-2.694324241118122,-2.921765700775354,1.8932835977704427,0.7535742357908877,-1.5880355472609158,0,normal
3.378654881586824,388.21792638980384,3.3928083619882465,3,3,1463.046493579745,832.288318103739,1.8130960930859683,2,0,0,0.0385354990878834,1.5027330786265245,1.3506679043354124,0.276743724890043,0.685622786300753,0,normal
6.974905270055656,99.50417710111958,752.3762296211174,0,3,264.0293431230337,1213.496854605052,-1.581829134366174,2,0,4,-1.9964866438476196,2.6604679900747,-1.0624020368508182,0.8071996111087578,-2.154534669189965,0,normal
1.7693936757206674,1302.3359839473576,198.28309959560065,6,6,568.8028561464838,22.73064696329485,-3.768301839223572,2,0,0,0.6183255763985294,2.481925960442136,3.887788362890321,-2.3896078592089145,-0.218355555199451,0,normal
4.946352753601206,25.35712077097463,529.6950060828607,0,9,1159.707048413969,1105.0267960588587,0.2323362275406699,2,0,1,-1.1238153097443018,3.142550017597737,-1.7615305320837849,-1.7610436993324146,1.3830778344245411,1,injection
1.7030359224595926,682.214323874188,536.5034243647412,15,3,1951.4538679634377,1635.7964867228495,0.8451602929644,1,1,0,-4.1046769806401695,3.0910884674318755,0.3078108295655157,-1.5383251953983186,-0.373292627128909,0,normal
0.7068577744119964,145.64745805132296,97.47729764496825,0,0,1998.933888175217,1524.535713230323,-0.8443953130903745,1,0,0,-0.2755917636055275,0.4239781758434283,2.167063442108262,-4.8486900341967365,0.5445705865750218,1,backdoor
9.970515797610863,776.0264829469197,202.8322445056617,3,3,700.130237564864,1902.6716417546843,2.8162584777759294,4,2,4,-1.2924454995442711,-0.5578221925239661,0.4773992174596336,-0.7388903759830441,-0.3330676550366444,0,normal
2.800873382831571,588.4923370138396,574.0762455073011,0,6,816.6218575216318,1061.5036474640272,2.6998547995668183,1,2,1,-2.2118317322330814,0.563051518368598,-2.2089784488785646,-1.5351836502779472,0.4384939914504039,0,normal
2.730524286463603,1747.47645587595,549.4992059358406,9,0,1566.7087849772606,171.23112998081257,-3.558208282335107,0,1,1,-1.1067873462585531,0.2840125421525141,2.366814908886611,-0.1667761875368565,-1.317670725861861,0,normal
2.5894233331017134,589.323353201009,358.4335711138983,6,0,1217.98116697555,943.3912013896776,-0.6224928217686885,2,2,3,-2.565808613675556,0.6490231894008511,-4.081368942102292,-2.3592858916108064,0.3970503716691339,0,normal
4.072063713421578,1236.2017914533717,182.39995880742228,6,3,504.06364248485033,2045.7382484798857,-1.3987687564611415,0,1,2,-2.043661860924938,0.4687325195790329,2.4564289636180856,-3.4054931390493373,1.4299571776057178,0,normal
0.8075343828250818,1690.508557352891,183.4673838368305,0,3,1193.4347127575484,2106.0326573771576,1.8532398233240024,5,1,4,-4.262004034279678,0.086050665503351,-0.6527572442159097,4.108028468664209,0.4294936425029865,1,injection
4.208774860227546,89.86462018259833,274.9507515182603,0,9,526.8089027675544,742.33165244321,3.434163231546909,1,0,0,0.5014975363075116,-0.4218326979241152,-0.5606566753765398,3.323839964063752,0.136879584186698,1,ddos
0.584995154432142,1096.7798250979176,985.276674011364,9,18,1857.6675944522576,2187.525380697836,-2.7860043677826,5,0,0,-0.7317431403835055,-1.8843960301316407,-0.0135146868508704,-1.2848854481045244,0.0145792106497622,0,normal
1.609864284365976,587.2496191047838,720.8097478468202,9,9,456.5704600420042,167.84148907565168,2.689627264921274,2,1,5,0.8332376520121858,-0.1332503999693335,-1.8433019323972888,-0.4308263571623199,0.2863327215909924,1,scanning
0.5205055459435384,2223.0039117195306,728.3477779048126,12,0,1695.8712471195922,129.78980991751737,-1.163694717105445,0,0,1,0.3421556958947884,-2.25409154782054,-1.6886660177119188,-0.5474822202901701,-0.9650107356777948,1,scanning
1.500357361577145,730.7741705867363,186.6376938698563,3,0,654.0546033738285,549.4786213334633,-2.506320278242929,3,2,2,0.307626387366021,3.063923030923627,0.417258365980794,-1.2322102949290947,1.3269716415924673,0,normal
4.4337490868935845,136.17264473721195,57.80291044464264,9,6,1441.028601034804,540.5347833102608,1.495640774528921,0,0,1,0.2380411054350204,1.254250241865399,-1.372352618276337,-2.013019297888454,0.4398973431813345,1,backdoor
0.7896056385330432,247.19384307696257,247.2633642294486,3,3,2903.606021547283,3010.0492436555987,-1.1632101996357294,1,2,2,-0.3932890241588337,-1.221877730829502,3.0960506381120405,-6.353151787817658,-0.6671787910440359,1,ddos
0.3040351759926681,856.9926132264599,156.50561104685085,6,6,554.7652889239241,1388.39015212018,-4.226607293413951,0,0,5,-2.6745148678389503,2.1896796157448186,2.402085100730869,3.74319096546043,0.3128373105071439,0,normal
5.702365119109706,291.83062739891085,224.2593210231473,9,0,540.3942507847331,1556.787814442185,2.010081261034069,0,0,1,-3.7245082951170954,-1.091097702511714,-0.2983008266073683,2.9795209653625734,1.869934364939571,1,injection
0.9509437767527852,1297.4408546978254,765.0584217401931,0,0,1601.071304437724,7.960984876291273,-2.585963196435551,1,1,2,-0.2955144593769147,-1.0728215909536665,1.5625477157368204,-0.9354691677447036,0.3926070064201364,0,normal
7.700890656989017,1097.3129836490484,781.1890112593443,0,12,2148.249589392938,2429.3065277690616,-2.978043628470255,4,1,4,1.16303538043502,-1.5892082422814242,3.253057365528788,-2.70299173246613,0.0654047001412525,1,password
4.093440910874217,552.2109635575879,1070.8512716660664,9,0,513.2649468832984,781.0068425866248,0.5442044406657105,3,0,1,-2.4150793810778626,-2.397391646897088,0.9663770194775044,-0.776759018227934,0.484810865939639,1,backdoor
9.86685235161102,368.9820871099613,115.03675874873308,0,6,748.3623107394685,408.4066942057215,-0.1511183591292975,2,1,4,-0.9649371120510476,0.1039295064025238,-2.736417864768804,0.2940319707911225,0.507042279567596,0,normal
4.99301521969636,19.885195181855497,743.9329209860125,0,3,352.3793923495976,2039.266260385605,0.662669610431294,2,1,4,-0.6171861214858676,0.7075850306165732,3.5147812201152275,-1.051468348164353,-1.5688032930158895,1,password
0.9790850286600984,299.55569226492514,355.3053946730666,0,3,84.22278010547527,301.19229335969413,1.2405156282577814,2,2,0,3.344553919551122,-1.2833828418905024,-2.907250434549081,-1.6717668837172992,0.4927691404857544,1,xss
7.503471195446184,930.7248281877298,900.9341432029292,12,9,701.2082343988828,2058.15456640519,0.6747345418844749,2,0,1,2.6354923924535414,-2.969616335093521,-3.541769898272076,-1.5490461799910415,0.9984596864042168,1,dos
5.927756559153261,868.4899241138501,126.88788363708063,0,0,30.21253336858448,1977.9008610022884,2.2380097562953702,3,0,5,0.8218403577378884,-0.0655544753592527,0.5466945690914126,-0.8532444428703412,1.0527137412467076,0,normal
2.79984343065251,768.6120561608834,229.5624917351113,12,15,260.60873919461943,183.77698864641204,1.5838982665277772,5,2,3,1.7969133816515357,0.8995037397564789,0.8035763008938301,3.65278406848612,-0.1369630813286692,0,normal
3.5992787396938297,340.9960934693343,24.52592702270461,9,9,1818.0630620218085,303.23196526201247,0.9252229491374748,2,2,0,-1.3133143621972605,0.8655601769044827,0.0476691325276632,-2.940005229025556,0.4807387392396134,1,injection
1.7753134547033966,470.9119787018856,313.3772706100014,6,12,1492.731318192823,565.3300432532005,1.54300894847398,1,1,4,4.279380000970652,-1.96437591377234,2.9057889385731785,-3.9269404532707535,-0.4313908602147842,1,dos
7.386072097528816,1725.2299809487083,871.7647239381598,6,3,76.73080963285166,1281.5961878705175,-0.1743859195676995,3,1,4,-2.511982416622143,1.3387685850981283,1.2028087768200069,-0.0485438457311839,0.2149477009490444,1,dos
0.7381587923018305,230.7565939400496,345.770599419983,0,0,807.082993000015,804.8808548317119,-1.208445725541712,3,1,2,1.6634602620878336,0.9392042522222532,0.6663598524123827,-2.4002913940428474,0.7178472337376454,0,normal
1.4056949376698942,347.89914496348774,249.47608690455272,6,15,234.19905280704296,541.0995473562289,-0.5784809545731936,1,0,4,-1.6472454249525106,-0.5536213778134729,0.40510082074808,0.7493819857193917,0.4982555334819339,0,normal
6.033551392112856,1727.9848201775217,698.5482100030781,3,0,1309.4664487643736,136.9287230372922,1.1768707652818151,0,1,1,2.503989986260728,1.9957610131259889,0.2318839858458617,0.8695311831075188,0.6475304341663376,0,normal
4.097579822407097,2908.715812610017,492.6478727146229,0,0,4401.139890650011,2712.14635828166,-1.1545280824921702,1,0,0,-1.839515235282812,3.0632137429177613,-2.170337121627126,2.773938761629065,0.2097894150778677,0,normal
7.51530890093462,991.7034971238064,1176.0130079539183,3,0,2395.025579385005,7.388341264990833,-0.2665917377841587,0,2,0,-2.508613149719131,0.5949405166760319,4.760343141279098,-1.266623875574098,-0.0836984957766744,1,scanning
0.118667157763985,1087.4682095507824,161.7667091670129,9,0,1011.7486396366556,1038.4698348979186,-0.8787255389182735,2,0,4,0.9709077610351584,3.177963845073027,-0.7775966771938361,0.0822676663099906,0.6581910367289027,0,normal
0.2865895783777155,682.3669868553704,405.4089906518015,0,6,361.963061267408,183.04322848014985,-1.851012320176458,0,0,0,-0.485859449976566,-1.940871951402684,2.656501541359896,3.332447373846054,0.2551113089615228,0,normal
4.715954425151199,571.2984050976016,197.57205309448304,6,9,115.66034731950413,971.8360603242444,-0.5398532915654203,1,0,1,0.3614725626321697,-1.0006520969033297,0.8367977365719732,1.798397179661741,-1.1049212398031285,0,normal
1.5346565004248167,940.0934834943496,213.48881907903677,3,3,392.5299157306396,162.4159382817835,-2.3182613612640437,0,0,1,-1.8090387249231807,0.8304729759511953,3.6426390671403697,0.604108297782433,0.4520934309626528,0,normal
5.718175679177612,123.16563584744166,121.31101687348522,3,0,1085.1542128548988,248.11043048517,-0.0902307266963013,0,1,1,-2.6736438968529894,-1.0351059135068124,-1.142928279701298,-0.3321005495735902,-0.3154301363366908,0,normal
3.1591622963004022,515.1310662370033,317.3278887895629,12,6,2152.192467500597,33.65360778610459,1.7328234029941134,1,0,3,1.0874140238822472,0.9837926952978002,3.1535233567169216,2.46861239781622,0.7585854421070624,0,normal
4.941168366783711,496.43368434699886,192.036283827724,9,9,831.9561110950353,1253.6207147749478,-0.8834488914577683,2,2,6,-1.9967476060012637,-0.9032871187939876,-0.4450228486826801,2.6695837049891287,0.1415751010775964,1,dos
0.8258964815293577,967.9163391058376,1027.26216131718,0,9,856.7447351676428,171.28336353181942,-2.299354303865484,0,2,1,-4.900262612558757,1.5691061091460956,1.8025115551412645,0.645588471017688,-0.9223857238893608,0,normal
7.785869578335848,429.8876498045463,153.93823374811384,3,0,801.0138089124196,323.7431837769768,0.8629267747318302,0,0,0,2.066033515673979,-1.118395211951009,-1.7930792998264562,0.2038821251392126,0.1350058790271835,1,injection
9.347289222914746,1187.473181120433,875.0791389641653,3,3,830.2121743152863,406.8670475765084,0.62137654338531,2,0,0,1.178022244767614,-2.863245551966321,-1.098721357184949,0.3183394099572714,-0.7000966325193799,1,backdoor
1.6452440846085346,845.0487795155436,684.1050973741495,9,6,417.734888739932,802.8156284868766,1.3391423570692136,2,0,1,0.0868922121992259,-1.744640419961207,2.2981908416167114,4.36360686276461,-0.0593659744962543,0,normal
6.06751490480972,593.9832804662394,777.9065688350369,9,3,2271.0179820918584,1190.516739942575,4.046453168129565,0,1,1,3.427372814506312,-0.8080861982863259,-1.1546715164620702,-1.4506339809220212,0.7325237535565269,1,dos
1.1757187331457444,1313.1632549040585,59.08079441449236,15,0,1262.2703954381884,1416.4891295708403,-0.5726057022289801,1,0,1,-3.748307359593436,3.316305537983723,-1.166392484120305,3.605788862275,-0.566288586733271,0,normal
6.814802664778691,1696.5931033593197,1093.1261737422087,0,0,1931.5205683389092,2798.4268516649377,2.3482802094125885,3,2,4,0.725947509442714,1.0635358015730552,1.0508282595802156,-2.8157951255390383,-0.8944338527863569,0,normal
2.262614207593348,48.39785680187126,153.82805769006904,0,3,592.1833938662352,1815.3597071245272,0.6227271094759775,0,0,1,2.6545991900720294,-0.4435702293516085,2.2875254029683747,-1.1652257233702443,1.0800392936611902,1,injection
8.834114021758706,189.2192596754263,522.6309669543886,3,0,779.8015477872825,1646.8575655155555,0.4870386985171619,4,1,3,-0.5023983179358522,-0.0622673667301612,-3.0244926062811057,1.9671317305648048,0.1061204613912671,1,injection
3.1014395573974047,418.5717553560403,214.94275551313413,3,12,1849.059416743194,577.0087606102257,0.0322190000161135,0,2,6,0.9705075574630048,0.5563967573475019,1.64084537787865,2.892164051688543,-0.7805927150425155,0,normal
2.829676484758158,1081.1116438596166,373.2751525747513,0,12,1848.6224708413297,1719.8299537070718,1.4079508032302572,2,2,3,-3.041148378914898,1.41970446415366,-0.6272888757635566,0.1292426385196683,-1.482204423892524,1,dos
3.88357257476912,1590.92420055997,300.8013720604813,3,0,3954.2646459448656,2179.4789876515965,-2.9138263222681218,1,0,1,0.1074028026243414,1.577180370613127,-1.7866652918410204,3.525571920010961,1.1010987582322536,0,normal
0.1886361220485855,185.40617869463185,37.51344845837334,3,6,1736.945033931574,597.6870883237617,1.7026529405409865,1,0,2,1.9155655729565773,2.7353183615380856,0.8743469206119543,0.896156616447864,-0.061842992545792,0,normal
8.023289885177945,733.6777151282861,436.9286745281676,0,0,1586.9961938822707,980.5082196975134,2.2244010564762493,1,0,3,-3.0078989902825835,0.4511743997052773,0.9972454737258724,3.1430821215876747,-0.3770244355491472,1,password
5.443861871580732,1273.8328962203789,644.1475080930666,3,9,3778.556746858092,292.5512391267969,0.1386377330300141,3,1,2,-1.6817745166240798,6.630705125623911,0.6558201303442068,-0.6846767416567638,-0.3824567222557586,0,normal
3.707390227411765,1777.2880922112838,355.561388623543,0,9,2163.361248914819,2110.353860522453,-0.9062125805901526,1,1,2,-0.3705606176583185,4.36164689288612,-0.6232886694665039,0.3685380114599932,-0.1658896907163249,1,dos
0.1686421784373246,2652.038916932947,681.7958319254333,3,0,274.39430811314696,713.194286789555,2.572108191965625,1,0,7,-4.524551223685793,-2.8245548462880103,6.295598421572694,0.948739071965598,0.9950014790165604,1,scanning
3.609640812522314,51.148048653829605,139.7342587978408,3,0,2440.8541090158487,649.572138710837,-0.8120718729146525,2,1,2,0.7554856448695753,2.190807082972339,1.8231099240785351,-1.974643772904383,-0.4266684304603129,0,normal
6.108800649925423,720.4418751361462,568.7014936987157,3,3,97.14692683962346,1024.291642011595,1.8285873933555437,1,2,2,-0.2589564765377158,-0.4478604991468029,1.9860432288064895,0.3391374704192553,-1.6269166613324446,1,dos
1.4094674702537844,969.8543291111714,3.882814625256759,0,0,1225.0803665650994,263.8503468811635,-1.9227660962440989,1,0,0,-1.213600971980454,0.9070922726782203,1.640769658976447,0.1555188962730049,-0.928918554358188,1,backdoor
1.6752788621324013,1718.400638088493,335.38023051507827,0,6,2308.0929222243262,637.965025247452,-3.6680339018141854,0,1,1,-2.39646287844973,-0.0441785287181413,2.519044082855217,-0.4586762689422148,-0.0584547251011908,0,normal
2.6490646939264484,100.83513577409498,541.7888081445847,0,3,1281.4868622791678,901.3073752968764,-1.721673081077048,1,1,3,-3.451937374307977,-5.104598145470399,3.413126159519772,2.1043276823934782,1.316792897186989,1,ddos
3.4432177951420777,859.7471408764502,218.49753409926203,6,3,512.4788571235171,1570.5014765204523,-0.2640984440099649,0,2,1,-2.3046286930254416,1.364916040370076,1.6647549750864763,-1.8626740812356888,-0.4222496011473869,0,normal
1.1599411991032424,550.3136127187129,280.50833524071373,0,6,584.2928480092651,233.35955996548927,0.5107181416509005,1,1,4,-1.1849543055736305,-1.516241432460342,0.4949360760661897,-0.7615334074310103,-1.320242267009912,1,password
4.268614144248055,66.08291023061119,132.53567854391005,0,3,573.273242528158,442.02988469362754,-1.286297678433585,1,1,2,0.1593565907169787,1.983609343381722,1.1361403677314736,0.4900875968460281,-0.5499835462794562,1,xss
1.5184876388010191,747.3493528565159,145.38557467560673,6,9,1701.687552320103,39.917114500592334,-3.22025544059053,2,0,4,-2.8145841586008897,1.031384035770995,5.345561242025512,2.2210702570063,0.1197217292705718,0,normal
5.508949642410928,860.0226109878647,104.61449162575322,0,0,1186.3548448014046,1963.4206801132889,1.6895809521786596,3,2,2,3.122231195305668,-2.2494520057151752,1.4958798604009895,-1.9888393666126096,1.3221925187496328,1,backdoor
1.0529427003604157,323.80468712616835,948.1950227950016,0,0,498.1737396211985,560.2192612281339,0.8971551751993829,0,1,1,-3.16811770998771,4.375535768633233,-0.4002212888855031,-0.4066190146311532,-0.4256581179825104,0,normal
5.6387713056014,868.1392836744279,231.07747273652103,6,3,503.660660941503,353.48000864403684,-1.627195075212116,1,0,0,0.0664484036776102,1.3656829351025206,0.2426934320283771,-1.350244868012573,-0.5459453836681987,0,normal
3.359989641391832,724.6426411299745,1148.357499732418,3,0,1862.583497177051,1529.2366502987084,-4.169165328572444,2,0,2,1.7704648148209492,-1.2304706330233846,0.8145399217971934,0.9053648119258376,0.8040766761138906,0,normal
6.478092376187519,590.2084304081975,239.4361181123588,9,9,2013.18693420382,324.0253034537524,-0.5119292992507425,3,0,0,0.6853133635231188,-1.1940029143981528,1.9810053306022248,4.21454230296403,0.6575136697154492,0,normal
2.1064876097171803,105.18755429047566,703.6996290315518,12,9,1043.6623879929425,856.049571711181,0.3921061705627567,1,0,4,0.1595154398429596,0.7788627382442572,2.307096967179765,3.514175742239419,0.9710067251227088,0,normal
5.900567009018152,347.7659210123391,45.18411331609037,3,0,825.0900568544445,528.9808313073125,-0.8511882450468702,0,1,0,-2.996462463593132,-0.4798643860860043,1.5876034465476212,0.5087218481066051,0.1046070483936017,1,backdoor
0.5974368641663992,1583.2780906809253,507.2319288762075,0,9,4281.32643621669,1341.4117507031872,-1.81343729977414,2,0,5,0.9583224623730188,-5.598218034203698,-1.6072983800658065,0.2046281164989796,-0.6863417728706255,1,password
0.4471282689724032,447.1049899607837,318.358673526665,3,9,2499.383201196931,2359.2586200349288,-0.8799606242738747,1,2,6,-0.7123344522033788,-4.155877188363188,4.520119992364788,2.28969473171413,1.1469484697462509,1,ddos
3.1385112370193804,1075.9988580588126,139.50633000935062,9,0,1548.3121058478605,725.8297998750367,-2.230440731122384,0,1,0,-1.4242538214723783,2.545907546793578,3.476165517304376,-0.9876699662683096,-1.683838183795619,0,normal
3.993857654384724,580.6387294893694,11.257135760732488,0,0,576.9079095317368,506.0276258036579,-0.1049267919716439,3,1,0,0.6114615261081129,-2.015984356820949,1.5577775900864483,2.4700434199756502,1.2997760672743213,1,xss
6.073165143784346,169.77736890002072,422.8474564245501,6,0,2407.3707056718563,1104.6657882341765,-3.4163365802625494,4,0,1,1.3024909402274962,-0.6854913406807186,-1.421921740181342,-1.8429625898474296,0.5652520674135458,1,injection
2.612962106337264,410.3924574967468,135.17116610649012,9,12,1027.9869850610833,47.65311846008407,1.4077820806484502,1,1,3,4.706421940369717,-2.240588235189137,1.996926613658781,-2.794919190211694,0.1410794264003613,1,injection
2.5998649505691054,1468.7412942904195,1168.479387365995,3,3,189.91883709300188,483.4875502976418,-5.169373462343502,2,2,1,0.894642818101467,0.9735006750775418,5.35145860947956,-0.844797241444407,-1.020283006225947,0,normal
1.7853919827310198,1968.3304918631677,74.54625174165248,0,6,1404.9990999032927,311.0931063434358,-4.499942958670759,2,1,2,2.31809357827058,-0.8586687672462798,5.011688786653934,-1.3697071458839951,0.904507096251302,0,normal
0.4827145428971339,1665.9257886006565,1026.7054970438214,3,6,1361.3667042935792,488.9552222117298,3.444091980697679,0,0,1,0.2792774407700098,1.4010751709271103,0.622631844758772,-0.1633364005081505,-0.2045063531280626,1,xss
1.5126270841568332,129.09898011049953,404.0509726451498,3,3,209.92465292230315,680.8323046513369,-2.991185668329523,3,1,5,-1.6212227586342405,3.0935018151499416,-0.8892269516556655,-1.244687283383228,2.0575359803254925,0,normal
4.001386250420949,1684.333642269184,31.525604281430773,0,6,453.3893798118372,846.5521876839548,0.3355876603347384,0,0,3,-2.559236139045706,-3.400221433758684,1.615222996268829,-0.5973037142824944,0.4357581574886453,1,dos
4.47878995541896,1392.3973345498678,214.5254195745336,3,0,1176.381953446324,167.15009158287864,-0.0501150102875964,1,1,1,-1.3378803654337617,-0.4019992145054339,-0.2812198081649566,0.5956657351893826,0.4618172496045748,1,xss
3.840903494218452,192.5890720934641,543.0137652566531,0,3,666.2930824209119,1494.588660442223,0.4485947850583046,0,1,1,1.25951354199941,-0.5971458993277113,1.97150712667549,0.1331910106885423,-0.0274255139604207,1,dos
0.6537020502471391,387.0338781715943,559.6115606694696,9,0,1078.202062810785,1829.951672278312,1.491635238703027,1,0,4,-2.25529567360726,2.700074539894836,0.2601883213241676,0.909941108203894,-0.5316189161235041,1,password
2.8288489859804544,1069.2996124960475,453.2541122916402,3,3,536.1907334758864,2664.693601734649,1.409344693380491,1,1,4,-2.608786413983866,-1.3305826486708563,2.0019032656143296,-2.6484842824996546,-1.2359015541981435,0,normal
3.884049952424017,666.665687943055,576.0019558539806,3,0,1274.8891894346173,1653.3294831383705,-2.965484115557021,1,1,1,-0.5779042799010491,-0.2176587412683255,0.350874699026266,2.183674208863236,-0.1759429908494819,0,normal
12.536275849052874,957.198047389344,205.20247861809008,3,9,1263.75456701801,1699.6266948450082,-0.4225085126362106,1,1,1,-0.0548247847503358,-2.323629039770023,0.3883248985774126,-0.2057462042258491,-1.9717900578725505,0,normal
0.2730745140662816,863.9410880174962,290.41979150868224,0,0,2408.8686902407912,283.1528836999676,1.8940991176969413,0,0,5,-3.1005063903257324,-3.2745117405281743,0.7598904521196654,2.599381761983741,-1.7215490996191811,1,scanning
2.1323128751644878,1176.2250263509686,45.45791356412695,0,0,1132.700232479047,1817.9249860612772,0.530417680164037,2,2,2,2.8721447390388004,2.1742253373872025,1.101788725892803,-1.3859433048359573,0.4142633863849519,0,normal
9.667498926978158,36.07491948729746,111.64547419301552,9,3,1402.3692557689587,1012.5758796501595,2.665741202953249,0,0,6,0.1341163397496525,3.623983088444676,-3.1361214568204536,-1.0575249858855893,0.4466861864691812,1,xss
8.174905015754735,191.16307862029728,160.04186987215186,3,9,1705.9998965472844,1472.2190748556534,0.179338662666991,3,0,2,-3.472368853581816,-0.0941776920024755,-0.162167483877029,-0.8936214739637481,0.1948118082103989,1,scanning
4.743541721988152,138.74385470772853,336.43162405735643,6,6,1038.1139490326275,425.3113689868033,1.889533862059825,2,0,2,-2.005600178525007,-0.1917900320440617,-2.0529633440473605,0.8937583211078994,0.8372393727922437,1,backdoor
0.3191269896128834,1223.2717652414403,196.2462343707253,6,0,410.3966355202314,375.0190792738808,-1.72902171633434,3,1,2,-3.279066536043497,0.0948829965478386,3.912853076316906,0.1745951310500324,0.2017040454288226,0,normal
1.0604573581566703,0.2402697382024587,711.3581602383556,9,3,1440.0148634346665,692.6127125850289,3.880031877276153,1,2,1,-1.2017419819353037,2.23813429713137,-2.9710535200839243,0.6654592840325919,0.5963224808749054,1,ddos
1.9736570853370972,2509.8880019757635,564.4029220083008,0,6,427.82435527308655,240.08124734697068,2.913668893333915,0,0,2,-2.7006046246279185,-3.019402805754553,3.403994631662981,2.841673531790605,-1.7410131043300034,1,xss
2.175624044302241,1081.1586191443782,251.3958445395194,0,9,216.90444573111785,613.0745755169561,1.2410478063395445,1,2,7,-4.173943777975673,3.358291946785373,-4.558441941626088,0.1707887168147233,-0.7928101384391354,0,normal
0.2651917588931774,65.25546390339055,692.9237845654052,9,0,2049.485184956681,366.1164522488542,-0.8249975631928141,2,1,4,-0.6829408067727013,4.76072355463379,-1.0244195420169218,-2.266796101852348,0.2084981094294866,0,normal
4.203630548679294,1088.6575144947906,978.78014306694,6,6,63.03977705456331,742.7269045844541,2.1682186635469662,1,1,3,1.0221412278634203,0.175118918822837,-5.231405268805146,-2.327229436534024,-1.449372840499794,1,scanning
4.832323746686325,882.8607752065545,586.3563877734572,3,9,104.01083002057628,433.0435136460552,-0.9926938862689768,3,0,2,2.8201603636040966,0.0423504112311512,0.5181856429087757,-3.3729326918423626,-0.7037135397789057,0,normal
1.519418959426612,539.6635632054468,318.6217517691249,9,0,238.4052667448541,1557.515300248895,-0.0590869054894953,2,0,2,-0.4679125667480085,2.283131697486336,0.41390353209442,0.5356639152275022,0.6436591765841913,1,xss
1.9922270124986523,956.0749300394672,184.97540407305752,6,3,415.0317654556851,1707.5766853465336,-0.5158966964742161,5,1,4,0.6501800944354796,0.8249771251895957,-2.092104203710422,-0.3774664289124865,0.3049457997048087,1,xss
3.962370819839727,153.2545996649519,105.09133969475954,0,0,1626.5733596493374,564.1703951817345,-3.00331824942984,0,2,0,2.456862872171245,1.6452208436015654,-0.1229895410744144,0.5086108291007809,-0.4631579612933721,1,scanning
4.276897651477135,1673.6928357999018,299.3867783969345,3,3,765.4481538600998,1631.4692387064672,2.015176258385642,1,1,2,5.453315061517972,-2.986801040115105,-0.9408474876442432,-1.9456499872044708,0.6672060393826533,1,ddos
0.3263711050110071,1448.9531570911618,478.688123129378,6,0,530.8526326347352,453.7035230331068,-2.8205160722928,0,0,1,-2.384673886660808,0.6458345442106648,3.0248426928320016,-0.4301598055611771,0.4195659968161302,0,normal
2.653973208462076,715.1240158614352,737.3131850017209,3,0,3531.771788374689,2014.4412877227417,-1.649567108368195,3,2,1,-1.9248112380844984,0.6532673115135647,-3.1987435092132923,2.2218899212250145,-1.304468890137627,0,normal
1.279584642431593,33.62495410067445,565.5497448334966,12,6,3537.686285694215,1363.1479381957597,0.4466821799985541,2,2,0,3.1817901587618307,0.522255539126374,0.8697184158973472,-3.9787344492093215,-0.1480441030804343,0,normal
10.433995444273428,541.3670489621,225.4379848341719,3,6,2491.7408784199906,1328.3166061904806,1.3074957384848174,3,0,4,-0.4698077635789706,3.512862593439677,1.0294945057078748,-2.6755954666426964,0.8994617247166351,0,normal
6.203401056569931,2418.985433269969,443.05603082736144,3,0,5420.717446426931,678.2742220449077,-2.4164782968555407,3,2,4,2.377025119431371,-6.604911851641528,-4.927940302636724,-3.9096842155846696,0.4099322603126724,1,backdoor
3.876656854152661,1475.3198354359215,951.9234674161128,6,0,2253.481618353842,1899.7592699899872,2.9058115181919835,0,0,0,3.246011906251095,1.0896548644746535,-2.031434494518737,-1.5993514746847115,0.2689233994312738,0,normal
3.9899075356208815,782.1217324664436,28.220204976103403,0,0,14.11521169025121,1390.2064131949417,3.4577941119576643,3,0,1,-3.420626550548536,-1.581204357335804,0.7917525828392848,4.463424249965542,-1.376837906096237,1,scanning
6.432370387234712,714.4875019611643,578.1516243180885,3,0,2224.1999678861966,1863.211869170399,-1.4921001188986254,2,1,1,-0.2817851353711151,0.5677768159065106,-0.5480936102932803,3.70301217734983,0.357775003576387,0,normal
5.824458775204016,24.882737694096324,296.93713925892285,3,0,1090.2276953615371,1790.8315095470589,-2.128423116595964,3,2,6,-0.9841939845898195,2.862717473600422,-2.414685252089388,-0.4321230393986144,-0.8597421164197853,0,normal
7.312274751173533,1184.809232388545,570.8049084309745,9,6,182.4123013845015,283.4170847623793,-0.1357057083233341,4,2,0,-1.576734479884174,2.367352750560034,-0.3246783714106134,-0.5309104098221489,1.61396672708056,0,normal
7.80432727175432,385.033848010156,240.0764906036576,3,12,1170.4079389622962,1365.860694309123,-0.9789545330858456,0,1,3,-2.8310076242533397,1.945767209985347,0.5851654025472751,-1.803826408731858,1.72393441469318,1,ddos
9.374552984396578,2168.368530711248,174.69677558654823,9,3,4240.356869977915,1382.8039357600178,-1.2922845734540431,3,1,1,2.414404922234863,-5.743249458286527,-2.389315698108174,-0.7189807862748226,2.1940464285672654,1,dos
1.1120868542887608,888.0858700858487,340.24383002325345,6,3,2058.150454851728,2089.625638724264,-2.5826235585316435,0,1,0,-0.7280469022709606,2.310543684302043,-0.0080948518250658,0.0749857469924026,-1.047332839219432,1,scanning
1.703865905157754,427.6631241251534,258.9904470113968,9,6,267.0688162552887,872.9883006079828,0.0908754595095238,0,0,1,-2.4761391412731317,0.5863390869887793,-0.0001496655144483,0.8963196981867172,-1.03856605567326,0,normal
4.609060173373911,695.0410019731344,387.1920020557471,0,9,1782.5635435722093,1480.7058083956815,1.1911773880490475,0,0,2,-3.2626181252087374,-2.541223303575679,-2.080618691703637,-1.2490088126257808,-1.4689423497119232,0,normal
3.203044115217689,64.54104656381953,381.0699870097061,0,3,577.8037789434055,1273.6415613657073,2.936619289959101,2,0,2,4.020533039442369,1.701102272139607,-1.9398157875577309,0.4281146325688816,0.7856128090580174,0,normal
1.6491029902995051,1028.0722266098308,110.2812604219003,3,3,85.44332395711479,1162.8780342582509,1.053415774399945,1,0,4,-2.248905656589924,3.8736136791653024,-1.7150569491764576,0.2503141872073092,-0.5590904207214742,0,normal
5.133754086320767,403.8753175064333,45.48023280614228,3,6,1382.2638689312057,195.95316094188985,-3.538067109911493,1,1,5,-0.4758679898333978,1.4725720391067043,3.7862289214815847,1.4582912340998633,1.013550470940694,0,normal
1.583146588844042,925.487762126221,1195.8198943486025,3,3,960.7904149770708,743.939139581016,-0.7663258391835562,1,1,1,-1.029427981375623,-0.5837665112289669,2.284641098954429,-1.17161403627164,-0.4630327195356592,0,normal
4.55277287011313,269.54466926114657,378.6793132793703,3,0,1493.1371571607426,2725.576804766981,4.880545418893478,0,0,5,-1.7427707501100702,-1.584059655850386,-1.2811998029011622,-4.305386468197932,-1.0956847838502275,0,normal
2.564227561744929,556.9885574791064,305.0035590622798,3,0,843.7593149930768,790.1147072032755,1.291408234236538,1,1,0,2.212089768867595,2.729502115751466,-1.0143302847840914,-0.0022382730042822,0.4389801123050194,0,normal
6.5402756470819465,512.7711025740122,116.1339688046318,3,3,235.315575622671,1015.2695225924092,-0.5647754511829752,0,0,4,2.126635940942428,1.3746617942654344,-1.156353555308811,2.352606543318194,-0.3154382101854524,0,normal
2.471408527046064,1397.8549859944944,236.6372543595609,0,0,2915.653941657096,984.8290559448252,-1.5137968789200171,0,1,1,-2.7676170338650627,0.2517923610948988,-1.9011553348383403,0.0204404466001522,0.3486697902535192,0,normal
3.6618249411250687,1522.4785896988365,120.34052684147184,0,6,1600.6896457989772,795.0183799489992,-2.6442529610462278,1,0,3,-3.1647824755032143,3.348403335131405,2.2680915144729203,-1.4127800975363485,-0.4660747159987096,1,backdoor
0.0396797739077459,723.1329473658267,122.87047966553185,9,15,1921.4608352290368,1586.1339477278586,-4.542205977019506,5,0,1,-0.8841383685789067,-0.3305187679566321,0.3718146191865887,-2.283488319134327,1.0013756002678806,0,normal
14.361522936466605,163.98613129937812,633.7771763221506,6,6,562.4341805975805,578.1434041814114,0.7356497024135087,2,1,0,1.710922218967356,-0.0508572631306665,-2.005751561024999,-2.5835553369264064,1.1862484098294648,1,xss
8.349405270349417,1530.3943247407678,3.2992415252598595,3,0,652.3959719488795,381.86757876908,-3.4748913519082736,1,0,0,-0.4919710476758731,1.973099831826706,3.6267960149580594,-1.908555256434171,-0.495519141087575,0,normal
5.173878313576502,271.0958873635032,701.3324571698802,0,6,1522.4550971894582,367.7222434757402,-5.047873885834921,5,2,6,1.5569906329808136,-0.6425390039348751,-1.2500240288435125,-1.2343309692950883,0.4051579254897656,0,normal
1.8751619362185383,1274.436878794731,747.6264892892601,0,0,2472.2094825860863,238.84531519630423,-2.9955514626300177,3,1,1,1.903021196089752,-1.4693469394935226,1.4355129252576804,-0.8376645107625356,0.1656717079034033,0,normal
7.642013643881143,15.205872099229412,387.19262386808094,0,3,431.6891291673525,806.6308698753273,1.6999792509722709,2,2,0,1.8761815339472017,2.688277231366742,0.2664041861126138,0.4634031079952002,-0.5517458908441654,0,normal
2.288333352321468,609.6196734493985,504.81463195869225,0,0,694.454199425157,107.35445778585874,-1.67808891619931,0,0,0,-0.9836620714252204,1.4042823553695492,2.875140183007127,-0.6787414423493683,0.2358170408994435,1,ddos
2.4354604568652825,1800.1887389069302,770.9113848640498,0,3,2136.260612164086,755.2750201409053,-5.367408323047704,0,0,1,0.3758418632569544,2.8078120661638035,2.476367581325886,0.9048223652743304,-0.4458977696828846,1,xss
3.0619521214037606,323.2163856276292,46.52733836533739,6,0,1530.5530924284635,1462.7798209133507,2.328718397353655,0,0,0,1.3695817473143372,0.0032298787665034,0.5587623868537304,-0.4763119924811936,1.4816748189975064,1,xss
4.611976039912152,1110.9207357722712,165.41105013329533,3,3,153.87703893720132,118.77739397525828,-2.1508826463334376,2,1,0,0.6297805621350971,1.1708449122960305,3.056776503006202,-1.7590783561730134,0.7856338956554391,0,normal
7.13589301260864,1577.6384289118228,666.7529146209293,0,3,288.50275607158005,726.4633575692603,-1.8564325445511336,3,0,1,-0.2714870320048368,-0.614885000414972,0.8860658773880841,-1.563901487279439,0.4993718791459979,1,scanning
4.657384461998838,743.5156687290256,7.203114358924444,6,3,1747.7270964935883,757.2291591985772,-1.9835174431194087,1,0,2,-1.4474621640894216,2.8316782927614423,2.8350318013623244,-1.52153588316056,-0.1930302907450488,0,normal
0.1199922667051115,285.3124733219097,227.61804417377303,0,3,1249.078559975816,766.4598002265383,-1.4999798800817794,2,0,1,0.0064479622051394,-2.9758054542901986,1.920900470424012,2.720488927262613,1.5994458482104343,1,xss
4.263974212473593,571.2329026112432,3.9082146132850695,0,12,1829.6863719807675,511.3483794921551,2.462017360226167,0,2,4,1.522957363649423,0.2902166285376539,2.3254110848215754,-1.5640060655797043,1.895215890389936,1,password
0.4923400290691068,447.1309941791292,585.8461482560573,12,9,1077.043546008658,259.0958261080731,-1.1136659127472848,3,0,5,-0.9632554024620172,2.205475193061125,0.3727965811684472,1.747778358242947,-0.724592657717617,0,normal
13.198055816307033,706.8199311723657,100.8706791696546,6,6,1619.043641918315,1885.6620186030173,0.5929073578739257,0,0,5,2.044353195315294,-0.4466385066633289,-2.9503346505586867,3.686067949905224,1.0110273263544665,0,normal
2.1271901916270144,1128.4430180813522,653.5879100322375,12,3,2291.873919394217,437.14218233199,-3.266774300745742,2,0,1,-2.3146796765779807,-0.0238937929708482,-1.0943581701993113,1.1393266898153505,-1.1002482584359703,0,normal
0.1703733986248934,1316.1429753437835,656.9530288249671,0,6,2171.6585385358403,1967.8277590002344,5.479270892448105,2,0,0,0.4191540019419713,0.5709829939111242,-0.4888269015133275,-2.012320572088755,0.44951887160624,1,scanning
2.7479871595394427,8.164184415297427,587.5353994686519,3,3,540.9924549290002,437.6658091342023,-2.920016889891561,2,1,3,0.7678940832563939,0.7437233981327878,1.3071901404243065,-3.088218358214356,-0.2312591693806878,1,scanning
3.149165826958749,1621.984746735456,63.14542520694357,9,6,712.4902590716604,612.4674325447442,-1.550703768052037,0,0,4,-0.0541220221549958,0.6757096258784345,1.4811395590462282,-2.4305837746875905,1.591580461262822,0,normal
1.4156874433646087,601.2823569038837,426.81309924495145,9,3,1968.0503256624247,954.3305025109396,-0.3944413754201361,0,1,4,-0.5044936706980196,3.523253953524028,4.38697214660521,2.5670658709609406,1.1250039600647128,0,normal
4.888140109978115,348.73687049909563,167.08499460567705,3,9,3222.7632699870583,547.2269687879848,3.123741183919171,1,2,2,-2.129513023549607,2.130965746404656,2.0742262236258435,-1.8032180991079416,-0.6020594141743075,1,password
10.176592754203629,1229.4940820403144,483.7922553705171,9,12,590.950338749374,1606.425342146449,1.973871073859058,0,0,0,-0.6895248236518521,-1.8504618083510935,-2.455330783036266,2.048041071061626,1.09607634028638,1,password
5.850674609376201,181.4857099029589,629.5377038278804,3,0,541.9661010394387,2980.8682685228914,-0.4142420922018697,1,2,6,3.023173527414189,-4.986912013638966,5.713077620331148,-0.908347780493658,0.941772527428489,0,normal
1.160616737551454,117.13886091037146,74.98785504410237,3,0,464.764957739072,234.6407155099844,0.5799350875246845,3,0,1,2.672569405521574,2.9347380886458656,-1.3892587075500515,-0.2186402382652426,0.3950605592896364,0,normal
5.381516599356402,178.24657293496116,65.08303052365297,0,6,848.1956944706171,639.2689363249815,0.3916456870584404,1,1,1,0.0718242719261657,1.0695031829967865,-0.9032548929943298,-0.9909875136629972,-0.5365943822506137,1,scanning
1.227572466337857,1360.9921786354575,199.65316723769132,3,6,1974.006756263773,787.074683710218,1.6553720082695096,1,0,2,-1.7605726581397798,1.976560440758572,2.4419011226663674,-3.419307861795821,-0.5818759563775692,1,scanning
7.253979675746338,1099.4923895172997,290.32978256455567,3,0,1253.6308431974596,454.0680884503391,0.909117641636717,2,0,1,-3.703561054129192,1.169743643972676,-1.8041531483753288,0.6015970582610789,1.1858992262865675,0,normal
6.508463105751529,1530.7236910571362,479.27427722988216,0,0,4812.837506576555,2659.0600157160297,-3.745711732260316,2,2,1,-0.0387546835563894,2.5337808674916604,-2.233335915305397,2.320049161680251,-0.5868629032949126,0,normal
7.610812545518904,702.1803213360117,208.86338857838035,3,6,1580.2414693669516,986.106277848535,-1.5370880152115505,0,0,2,-2.367153401959743,2.0273416168001823,3.6191617845360593,-0.5565525547589734,-2.5144507258186346,0,normal
4.863012531992105,1499.90330156548,5.111829164304563,3,6,1417.0438769449624,1514.7291371467063,-0.2438029085012736,0,1,1,-0.3352229471614666,3.2240935569820763,-0.0345250012289291,0.5829618533631988,-1.120183024389307,1,password
11.740694769765929,670.4112189918027,92.2812685091734,6,0,254.21388539788396,793.6036322883484,-2.137444872977673,1,2,2,-0.3737692676504527,1.9103144427453345,-0.3517551459065013,-2.052579609680961,-0.1417803325108787,1,xss
2.8519785475480006,985.127093059227,327.65439245135667,3,6,357.7513151673614,851.6461181831925,-1.7746238967153096,1,1,1,-2.6526328647853816,1.0855899085846703,2.2147703100148046,-2.243077436449067,0.2373279562454938,1,ddos
3.669926444492646,3542.4152951068218,317.487132846356,0,6,4764.581185611271,349.51151378839614,-1.3688606831589116,3,0,0,2.0388526522484263,-5.84942450731667,-3.928836610538842,-0.8653207441755447,-0.2053252940986772,1,password
4.4772709899165966,1258.8415571248154,221.18929860231648,12,3,1481.7087444598303,600.276194946994,-1.1260128935106608,0,1,2,-2.8976223997446624,0.6327060599412682,-0.4796455070227017,0.0323857273735628,-0.2407521316597032,0,normal
2.294116525620286,422.4080250079148,144.81815682029543,6,0,681.2356829436447,1968.8456204032343,2.2162431784123706,3,1,4,-1.1649072377586938,0.3612332175868309,-2.8578613919092204,2.694264538574872,-1.2777100816823377,1,ddos
0.9321489544220616,517.4279736371975,947.60967420577,3,3,2925.7085123518345,386.6546737189762,0.1790900887653308,1,0,6,-1.402422329622381,6.054162356199165,1.686420846261451,0.4882356495767405,0.1310885142433684,0,normal
7.722481602021247,572.8190129042416,654.8270851730013,3,9,103.82897860501852,342.75672438363,-3.3730715644381863,0,2,4,-5.008168044726866,4.298101726848843,1.4532154188003956,0.6607629092073599,0.0326677126121131,0,normal
5.606000551802368,520.6459548123157,274.99047528870415,12,0,852.5394805020018,50.68856646229503,-4.518681752768586,2,2,4,1.843019905204086,2.4232386725393003,0.8197959624751777,-1.270215791903573,2.3974028375945737,0,normal
3.1634272593266743,1073.6252352196211,774.0418190174134,0,6,1514.344508287146,1191.2798965519014,-3.121311386954602,2,2,5,-0.970642181209684,3.4705702224951427,-1.379912843394414,-0.0232414550130053,1.3096494322436032,0,normal
5.3917632928306585,422.8391996991838,537.4332629650709,0,3,1030.5573412736323,163.8179246614896,0.3291272214952796,0,0,1,-0.7221403544222056,2.1339736354636973,1.7681631126868411,-0.925048133628095,0.2317783262115195,1,dos
9.859541222057338,1569.0983499843578,954.8690972375554,3,3,2563.727496540408,498.3569915968537,-0.4233110032411924,0,0,2,-0.016150694282967,1.4307288955716784,2.6513060350292443,0.2316902980647665,0.3813594470304444,0,normal
7.139952735229189,1118.3509607333697,429.6152075672324,0,0,713.6726599545357,252.4879213905404,-1.875832365301165,0,0,0,0.94066583748931,-0.3135556900752143,3.3885428505905617,1.995153735696813,-0.1883747724917401,0,normal
15.93553592038565,57.02349926157846,232.52146618135944,9,3,38.34212007217946,365.940313360931,0.079124874606248,1,0,0,-4.183481538409777,0.6709773187582885,-1.2285721759944823,-0.0093051336101417,0.1840039146296916,0,normal
0.559775623701543,1162.8520790922448,1626.5023491885795,0,3,2062.180341385057,1078.8186046342998,-0.4317590387358259,0,1,3,-2.431136413762484,-1.448837739324588,0.7006571632885491,-1.2001139494092408,-2.1030549315581437,0,normal
3.2995711221692665,545.5439758241679,145.10087102367606,3,3,1218.973990199471,2225.2146151662587,0.876782519263821,0,0,4,3.830900486126973,-1.6052808324783574,1.5923462001687343,-3.1728737335908903,-0.5743715471452389,1,password
1.0947816855369878,1103.2598544172697,624.8906469140662,0,6,1386.6284379818685,1715.175627489578,2.761390939381569,1,1,3,4.077671995890153,-0.9213525742012166,-0.8994288803031446,-3.845879206352408,0.2763584610742444,1,backdoor
7.352987403290383,402.2885769013408,335.6778836197026,3,6,1808.5537915653376,825.9570581816098,0.4551246554029244,2,0,3,-2.1244616386399557,-0.0847603069920286,0.8928818423046037,0.0743731917872776,-1.0883011004087306,0,normal
3.663798869038788,731.0864110920677,542.3587282958388,0,9,1880.1461755955945,1102.5985680694912,2.1279700058659508,1,0,3,-2.094073113963566,0.4861357711052275,-1.947450006321619,-1.7695359025746022,-0.3337499228721624,0,normal
7.228631476629391,599.0190268783099,351.1089440065864,9,0,2219.36048918249,1565.680730865543,-0.2075826530179483,0,1,6,1.589816114659751,2.78194985962608,2.400898583648921,2.221167394121143,-0.6981831083619139,0,normal
3.470281185114769,1132.9412044963035,38.74354654522072,6,3,442.1535342879827,126.76372854601551,-2.9933029843770167,2,0,0,0.4070328683939581,1.4365137917478932,1.959768208392151,-1.4032984411191698,0.2739576278440381,0,normal
3.2525280927046527,324.9045893743495,37.03565491368795,0,3,2544.926400948039,919.0654913535564,2.369998078551703,1,2,0,2.753296053198515,0.1449771366313519,0.0603960487927865,-4.155573891701169,-0.1771992497201263,1,backdoor
1.5759905256756424,319.4734165611484,254.13534840153872,0,0,3407.976679107575,1724.0882308720768,-0.9579429586270464,1,2,1,1.8753984013818723,6.899005971771594,1.7330571316406276,0.9173205850183336,0.4774396018177899,0,normal
1.7948745672300106,1229.3026549383642,185.964347410443,3,3,1643.599235392896,1814.1079420227768,3.0972883132342472,1,2,0,3.1095034419276217,3.7054514824907097,-2.265937869433812,-1.5920954347135734,0.7461788216041746,0,normal
2.7911738994731343,1573.584237365836,357.0996097086817,3,0,2106.54955618352,1841.2568147807424,-2.887769255942985,3,0,2,-1.9497670638408269,1.5787571118865171,0.6328152258794035,-0.4291386069936587,-0.1123111516448869,1,xss
4.609599577184735,2008.1529160558011,1035.8521806965396,6,0,2305.9573764418724,197.12586250465296,-1.3769577049453428,1,1,1,1.8586230358012283,-3.3658855433946977,-3.021674410928304,-2.3834370775416214,1.912156395082056,1,backdoor
