duration,src_bytes,dst_bytes,src_pkts,dst_pkts,src_ip_bytes,dst_ip_bytes,missed_bytes,conn_state_enc,proto_enc,service_enc,http_request_body_len,http_response_body_len,dns_qclass,ssl_version_enc,weird_notice_enc,label,attack_type
5.599789183644148,1150.701015827108,179.23315874867723,12,0,166.76213750312877,689.5512741198875,-2.0786482699564983,0,0,0,-1.470355126592005,2.4922853567878063,0.6836949252541222,-1.934835625664737,-0.2524911078114614,1,normal
2.330377652303328,2578.5228420810968,23.111190563164147,3,6,479.56156229598383,1246.566530761136,-2.191584683734781,1,1,6,-0.5497092793123087,3.589372977967681,1.0988815812959138,-0.3809278921975989,0.6144224560705932,1,xss
3.014141873370581,409.3528067793209,580.0623791763682,15,9,2760.2169670062344,223.88498483233352,2.1990417276745458,3,2,6,-3.7997122651550974,2.293665557697309,0.0380799174665349,3.724212863414593,0.2779680975167186,0,normal
7.794810416031322,1768.496574224432,178.40806017065083,3,0,1419.3616999322055,474.0895174410011,0.1954340522889113,0,0,0,-0.3415527359711177,-1.2676690181577346,-4.100130299070895,-1.218090839620735,-0.5279855149910062,0,scanning
0.7762032129606539,74.58449028894043,268.49516874070366,0,3,146.4765915111663,488.0371848487262,0.884540946034077,0,1,0,3.268973060385303,0.4745977466020666,0.6677313220141121,2.262826395008364,-1.1488811546648463,0,normal
0.3322223679818729,520.6156447009529,786.5719683711944,3,6,159.09250667785665,2.384155998436156,-1.2691902275214804,1,0,2,-2.915290543710922,1.517846258937875,2.564008893215676,0.2152199842740252,0.4823782653388659,0,normal
5.016700709870005,1224.8121273688532,92.46424947076729,3,6,3115.3473058101654,153.88501659375365,0.2792621452145449,2,1,1,-0.6067718512218419,4.617711723571763,-2.373931935110118,-1.4833658660233795,-0.5354515774706857,1,normal
7.412839510273419,566.5653841015302,981.152113384802,6,3,2637.4208362016566,722.2385482424693,3.414233135117807,1,1,1,-1.3306619023965929,1.4054718934901491,0.8503454935812027,-0.3854996516664101,0.9330867823788898,0,backdoor
3.263679484238264,425.3876928845332,236.77904304124,0,0,60.63666967693242,143.90463597685502,-0.9909803267019188,3,1,0,-1.173948442922023,-0.3471243505642933,1.5417679458014428,-0.3939850442528527,-1.7070476380890798,0,dos
7.611520088215441,982.3746225391,518.4042664946943,3,6,7.778263565369989,972.2405379396272,0.7349878839159409,0,0,2,2.766841693579031,0.7242154902507598,-3.06496051911519,0.5622377920976341,-0.8590845937552161,0,normal
5.0056555153526965,1191.3699021730845,28.083464933138657,9,0,222.5560023096719,637.8552690607004,-1.8387127271533927,0,0,0,-2.890384973157321,1.575193336441287,2.526600115009526,-0.5493504782861586,-0.2440659890779521,1,normal
3.461325213110172,1847.5429891708936,647.5245152677234,9,0,2602.6367509370216,298.2970993862142,-0.6759515383088464,0,2,2,0.1981981618179515,-2.630991499724236,-3.1246521918440213,0.1262825118337067,0.4777953637580497,0,backdoor
2.680784382245678,97.0005941303943,382.29813850738265,0,0,610.7585800711405,131.9233628301313,2.573368736960803,2,0,0,2.5475580830356828,-0.4016145558126067,-0.2652043000539759,3.2178427537575187,-0.3010723215565709,0,backdoor
0.3645059792620369,1510.5940814263515,113.1232078135893,3,6,363.4426865256049,1080.6946776016234,-2.250392553834068,0,2,0,-2.634306569824902,1.5969013546778137,5.233390074598399,-0.3352923163946781,-0.2014642017890038,1,normal
7.386895184939104,771.9132449094162,746.4685113141874,6,0,2274.706483267097,698.7325992742876,0.919136024918479,0,1,3,-2.4076258495466067,2.381040304026612,2.283999203654348,-1.0671400390494994,-0.3529426368252463,0,password
2.614759282034394,270.88585673344534,902.1387645624246,6,0,2818.347402757647,1313.4895951154224,2.3865160800273006,2,1,5,2.7880078187314163,1.7740244817029658,3.78566760033772,3.8401042349293606,-0.0938791085793618,0,normal
6.90997432561426,488.9749916289167,810.6220058124541,3,0,24.387033335011733,1142.4180159755908,0.4735775480567222,1,0,2,4.15035859633451,3.808851373435009,-1.779368089950346,1.0236650688095204,0.554518026793477,1,normal
1.7589336485598444,450.043904286081,348.51847503659087,6,0,1121.8013421513867,903.7736072925796,0.4636170658364684,2,0,3,-1.3709172391710176,0.7939901216647509,1.4063873220157204,-0.085219593842865,1.5458633662322483,0,backdoor
0.5995158819020723,780.243064200304,169.7288384747223,3,0,725.7228316813481,1169.1963337901689,-0.4181258814067661,0,0,4,-0.1532499607841095,-3.484842341444925,5.6398969084990345,-0.5589908333814493,-0.052638097975327,0,scanning
2.0538308032134887,2381.3215770743204,225.85358736482735,0,9,5279.302653750762,1371.9793956772735,-1.22672654650778,1,2,7,0.9241418956019858,-4.726202626959096,-1.9805132737348965,-0.3016332257795363,-0.809585632294012,0,dos
1.8220937457080968,1018.2750302269566,846.0030237467186,6,0,556.6383430258614,441.34494111580506,-2.7233907568850624,1,0,0,-0.5493169988327011,1.820322609193962,3.404047024426835,-0.761919508675256,0.0420341757197781,1,normal
1.8139889468653616,1195.6815478951858,94.69293702421425,3,0,883.7775527220044,1716.491394971468,2.670318150986529,0,2,2,1.8130637870094324,0.5997261524642133,-0.5971720348377154,-0.6287929720345804,0.5291886358227701,1,normal
4.9920836491969,499.7885215278905,551.6617747028014,9,6,487.0125286315441,1531.9665430842738,-1.977228430661207,2,2,7,0.9236055403120697,1.782287234982607,-1.503438357380501,1.556992370787916,-0.2125703173826025,1,normal
7.087313509075454,2282.042990436962,761.9545060791941,0,0,4025.820425445234,2812.182872933108,0.3835055761357568,2,1,0,1.19979380357196,1.9388718976247372,-2.4891785514710865,5.651901096458524,-0.2404975796452404,1,normal
0.4498805752480993,657.0770868731493,341.9732923771846,0,0,1224.5022203820356,257.76030147059504,1.0046092780411766,1,0,0,2.0155227682121284,-2.054133827646138,-3.5078212260346904,-1.3177319385047743,-0.6813813590805264,1,xss
4.875650674951551,2033.399539468264,44.47492376824026,0,3,3523.942203504155,2662.1431870140323,-1.1168108376626402,1,0,0,-1.9426452816807576,5.1476644583569175,-2.04926318289969,1.9581869277678412,0.5505576179510289,0,normal
8.125779240926711,452.1217949239176,194.7506846368324,12,0,2978.4849687009228,475.0370985813231,-2.7837382736811693,2,1,4,0.322927982492325,5.468146058369712,3.324075571982988,-1.86181724083728,-0.2662839758578324,1,normal
4.262027644029266,1323.4711243846582,371.3272045640404,3,3,1852.3739076096365,533.6211313056737,-0.3131401376332456,0,0,0,-2.6634878932087043,-0.1145232116677432,-1.4333526476386926,1.8844932528931584,-1.539677632390139,1,normal
0.5493055735185487,856.6017659239407,84.72446097686728,0,0,366.813358171944,275.783457859971,-2.6175551327074453,0,0,1,-1.1921827194799346,0.4195865262903183,3.186432365242151,0.39351376311791,0.3673809505092802,0,normal
2.3218482114994607,2024.657927499054,102.04977328249626,0,6,4057.175069089812,866.7712625937558,2.070606752030113,1,0,1,1.4528740375071505,3.4613585290451727,1.7294642990368017,-1.8517701214232127,-0.7280738107664455,1,normal
9.12261121003348,1611.58446259399,818.2796393074317,0,6,1156.3881649478335,1991.468868444944,1.89839958959682,3,0,0,1.0527809330619085,1.1244095683785795,-3.4299176998577305,-2.2282478034982534,0.832462011268791,1,normal
1.2363121519679157,41.81445980571241,531.373813106378,6,0,1133.6007074033275,535.7977936136392,-4.004915348995829,3,0,2,0.5377312819576803,2.61480714475468,1.0035088159732493,0.3551254498425086,-1.547893954894381,1,normal
1.5561583393827572,835.733282009266,318.1883905564171,15,6,2237.668224019036,2000.9826698097372,1.93624639064534,2,2,2,-0.1189157373493694,1.1720954215759825,-1.4569419805227026,-2.265392493045189,-1.359330775926591,0,injection
2.914521739561951,759.4754434385475,110.26551153978733,6,3,372.63649788659376,1643.4251065042208,0.7228236707621247,0,1,0,-2.1491503059860464,0.6289568898288088,1.3588658083299987,0.5068945410297458,1.9002769889509723,0,xss
3.2857997000744548,993.4354164493744,255.18195882328956,3,0,431.0424028173856,847.5364459626626,-3.6913163287435142,1,2,3,0.2674078854752439,-0.404069680946833,6.253372598907433,-0.0598012321893572,-0.639148602101102,0,password
6.384314107734713,518.6576279418198,703.4295669290617,9,3,207.49446616933952,1024.73783342049,1.0703385892272346,3,0,3,-1.5509405512208003,-1.5727675731981283,-1.0205829517203064,-0.0723937142197892,1.0764195477945426,1,xss
2.650425446699389,368.5033373607456,688.8065958055373,9,6,981.5930318770338,515.4092805505792,-2.1611232971618355,2,1,5,1.488477012991442,-1.0516077558504866,-1.908818810835732,-1.094001086493291,-0.7741703300052196,1,normal
0.9366393458543496,1065.5297729648016,198.64879980578863,6,3,1744.5096874667286,1946.257132411553,-2.3079587434768207,1,2,1,-2.0423961488289137,4.736329546842954,-0.2565852206408791,1.362185568780955,1.0774359716820603,0,normal
11.709087366146475,18.58164172760923,105.74347576568788,9,6,14.147210683810744,777.9398083597356,-0.591390785805788,1,1,1,-3.4509668786854446,-1.2343812483593253,-1.3508554062001512,-0.3166828615576245,1.679371150958578,1,normal
3.334821205141813,1986.037214214889,16.076432491077124,6,6,3091.86969026021,1801.3877078008893,-1.0466892062846431,0,2,3,-0.1840129727338146,-2.8783138454842003,-0.8609205222252923,2.7789338686811584,1.181829756049069,0,injection
7.568957216203593,319.67469862397206,208.6184124713082,3,0,242.83805005360296,260.7490555417389,-1.8449890619348603,0,0,2,-2.2100709370453075,2.82029829029528,-0.2484373446988242,-1.192100608320988,-1.0231354120121388,1,normal
0.7879389798776103,232.7348503437635,304.0941397323528,3,3,2382.5415421797834,51.415340319953565,-2.8053782300428165,1,0,5,-0.8090022979135087,4.655703486262729,3.072652415147376,-1.1168689656304052,0.0525044205291618,0,normal
5.579987770929254,1020.9673069168086,165.07239106062008,9,6,1072.4888188709774,714.0504447715014,3.82447436063964,0,0,0,-0.971517209197105,-4.354436509868432,3.193946148387671,1.6288414219637146,0.4873129542498518,1,scanning
6.38718014141236,515.8955221384938,410.0299021738641,6,12,818.0504636365276,82.99970261066811,0.1355498938928294,0,0,6,-0.3663616337176476,0.4387679751070616,-1.0705624619064984,-0.1707296889774028,0.1577668244655367,1,normal
4.369211548611653,2371.513517993828,399.06707315718353,3,0,2456.257465191431,406.1186974748792,1.250012847452602,0,0,3,2.203985558654238,2.6918277167169755,-0.6063230309340735,-0.7251376131669875,1.6409277385286918,0,normal
2.8222918361529485,726.447660144159,425.3544785093422,3,6,2380.6995759531364,1300.9702586087658,2.1929912290607643,2,2,3,-1.065859309517606,3.0612539457954746,-1.1042576139128415,-4.141136068117785,1.088002358420889,0,normal
6.811946339325758,212.6697892909237,186.6897291810218,3,6,1082.459696640328,1614.5871189754296,-0.8106890702158065,1,0,0,-4.720314114384953,5.640392721264655,-1.268711156634567,-1.1280650610533758,-0.0836728918600174,0,normal
7.323570711971032,1750.5168375517387,224.67182675167177,6,0,976.488475523266,2150.961950657326,2.559756477650465,3,1,4,0.6722615474333595,1.030038352736398,0.6995878170286922,-1.2924661513753202,1.613326506571602,1,normal
3.642415922685303,898.3910356951051,803.3742988818458,6,0,1880.733432499176,1017.3982955069888,1.9944997425234117,1,0,1,3.9072145554481255,2.2632675114302323,-0.07771281986676,0.3931709909344076,1.6479954623689164,0,normal
4.061242917610824,630.4767279423397,1092.8349358851838,0,0,2388.1534546815265,1237.518267113902,0.8763136562235545,5,0,0,-4.0243055408069965,-1.7427852363155798,4.552686942952394,-2.534179848053336,1.161584824644971,1,backdoor
2.610603135851634,3424.0478083184275,94.87225969570191,0,9,8170.767408435381,2364.5204106050883,6.498549999468134,1,2,0,1.370514222382584,4.231828956004828,1.2401588545507896,-4.640613642355594,0.1786987858075363,0,backdoor
9.20475075359225,1336.205210787596,232.91842751434072,0,0,1459.9888222039708,853.5831432608127,-0.9296747660009056,1,2,6,2.436505940723983,1.4255516893287,-0.6894743829631866,1.35334497128878,0.2685807309662465,0,dos
1.0005513763133371,228.86837721970696,357.6187512520933,0,3,609.8728910008713,293.8071103519886,-1.8393557725143044,3,1,3,1.8424571583028488,0.3668493517129347,0.3542738030939637,-2.172411743098717,-0.0139743953515057,1,normal
5.097875660234303,1049.7507860111843,406.24845741303886,3,15,2379.9088519000647,789.9817038475564,4.923842080222503,2,1,6,-0.8981453301052778,-1.2711887984926729,0.0598639903195494,2.089316852246132,-0.1996383647763085,0,password
0.66723007519893,620.597830417181,108.29971052719932,3,0,617.0535648994086,103.03098372580112,-0.850013230089901,2,0,1,-0.3456965494172636,1.804702269455204,-0.4407794739957121,0.777841621556369,0.4080140407547967,0,normal
3.948621187558644,1089.6085519041994,100.16062885279946,0,3,768.169940249209,12.230914370620503,-0.7836216023924056,0,1,1,-1.803221616880485,-0.6234976034123972,-1.384067584050371,-1.3767955554937952,0.111009816830515,0,password
4.279151286516878,680.445624329123,135.80314530027334,6,0,51.20816398079944,236.7526059190371,-0.3353099789275913,1,2,2,-2.5475648065330483,0.4110409559449308,3.572565997432521,-0.4217948626021361,-0.6147792588191023,0,scanning
3.6894217295978633,892.9736873216399,351.7952856727771,0,0,2516.945761633808,1722.55923765403,-2.554245303728843,0,2,3,1.3716800780594596,1.849004297837792,-1.9448832742731368,1.4440704014178962,-1.6031213622592255,1,normal
13.614586314117076,380.1223658183699,361.7047451311145,0,0,482.5668541129127,733.5857328433239,1.638794317970896,1,1,1,1.970947483064159,1.0838505650054304,0.083199523288771,0.2242069495122524,0.9316942847034048,1,normal
4.050411491044796,986.4714689345736,127.06255045247376,0,6,199.87590888180048,1838.4006044962373,1.6096153402504263,2,2,2,2.5377431809756708,-0.7875713489461509,-0.582180039703861,0.9032044165128532,-1.4487818441236842,1,normal
9.248486330425049,1244.789202011673,107.35467550796264,0,6,2450.410127687286,2182.923470076828,-1.68882692884716,0,0,2,-3.5777786771302527,3.042650266806122,0.8747887227733573,1.0720513429354477,-1.4875038261871931,1,scanning
0.3396602846407138,869.7144329495318,1026.3940522218547,0,0,154.13716123153804,2191.717475226741,3.153723385844886,3,2,5,1.8625906245120605,2.106007508553648,-1.5330121048765724,-1.0650169817969382,1.2787599386834754,1,normal
2.18074454398744,1461.973300185139,513.7104426981698,6,3,4798.961569517109,434.4285418935575,-1.3829345364421248,3,2,4,3.509234902728024,-7.623651355275284,-2.8618145277307567,-0.8769105988317678,-0.202939329070798,1,dos
1.5032950729890795,718.511720057638,218.7915173443369,0,3,2421.4442030956443,949.5704727736648,0.7454474847241166,2,1,3,-1.6391406468653498,3.318661742614593,-1.3604841992767374,1.1533866995682265,0.3213827368249241,1,normal
3.310932878584893,173.45576596920998,1330.2371505971137,6,3,494.64518719039575,67.26670342661187,-0.1900059263784417,1,0,3,0.3485269106662119,0.5194666467959088,0.8223446279523083,2.7661223849438774,-1.1255897733501412,0,normal
8.996664076935724,2125.73344594462,704.3094058825559,3,9,3887.136574985225,150.77485333206943,-3.337703336693103,2,0,6,3.5530696565916573,-5.663827469008612,0.1420288091834987,-1.805853382962228,-0.2077863508594989,1,ddos
3.091034566171092,222.56050109740863,67.42416946855201,3,3,1135.2964501362655,572.3316030346648,-3.6737452751141726,4,2,3,0.0874257791758095,-1.6932042558243008,1.484302405601256,0.1128132515530011,0.32009665883925,1,scanning
0.6517017419210998,153.53172962023598,142.84495713535608,12,0,3083.173949637591,1502.3402202233606,3.375727698078247,0,0,6,2.8336435821171366,5.114775103125259,1.893061074973653,1.9847113682565023,-1.0394527282703836,1,normal
7.616290164954322,621.0691416420666,160.98333627040458,3,3,775.325593515107,623.2500563909298,1.0955168261838222,2,0,0,-1.639727250882787,-0.4271440902429092,-1.7653427752070965,0.0981196165550915,0.3940272115803739,1,injection
4.96739320112591,95.76584400306054,212.96919356412505,0,6,2850.3643567912586,1827.0974344281856,-4.696174554349854,3,0,2,-0.5215482029681726,4.844121139173122,-0.0349299954517854,0.3107615935538512,-0.4451928479635232,0,ddos
0.1503491872916326,1830.5639981884408,687.5802242825199,0,9,1268.6910236127717,2030.858876419354,-0.8388684622035414,3,0,3,-1.5934017145971997,-3.589065899609428,-1.8260079250114465,-3.490076629968149,-0.7203882944227361,1,normal
10.324501290512016,1671.2393910901028,8.987310493989094,3,6,1229.4907030615575,144.46986553935665,-0.5634128756177286,0,1,3,1.833833608693907,-2.4962742633026176,1.1007844107129527,-0.3029383477433454,1.3003956920131683,0,scanning
8.490910424781553,1370.0387508020003,201.7458704096033,3,3,2201.170052906544,1344.0283155418956,1.9997888810434272,0,1,1,2.937565515670796,2.900410891147316,0.5098025373906067,-1.7338980074664745,-2.5506677139822744,1,normal
1.0300964225504197,893.797949726775,898.6656134770697,0,0,2539.3282452047797,42.293813050631336,-0.708304099456283,1,0,3,1.9458664629158424,0.2800715888240755,2.62231128505482,0.910291811108088,-1.2707772393115009,0,normal
4.377176187766668,3751.721947777377,67.15095419130792,0,0,5371.800275902264,2949.982909154978,-0.5179872861764254,4,1,1,0.3510730699169253,2.123296115312614,-3.134169202197445,5.510983632293612,-0.5027877770850818,1,normal
6.003133030780106,389.6563562587281,89.90406122277079,6,6,513.4688503003954,635.0595801071872,-0.4554966001732813,0,0,1,-1.5371967680785208,1.125201382597954,0.8247374950036142,0.5805648334265919,0.0812190398755897,0,normal
2.2008371114289766,260.2280836950708,211.9696651481833,0,0,309.40726379732405,114.2769484155074,-0.1328025577378015,1,1,0,-1.3672339369943434,0.7476371147905423,-0.4146226240537114,-0.5252627689722034,0.5376544746223797,1,normal
5.207405899241946,23.15378580885641,349.7067054687725,12,0,2287.1635048204744,979.5908322717204,1.4734946383410434,0,0,0,-2.3083386861053903,2.828024656023341,-1.8335670673795088,-2.8740235676342007,0.9171891728138134,0,normal
10.910242601139752,214.95221448388213,474.0186488723804,3,0,2468.72632975044,392.3551269083441,3.443414006827412,0,2,1,2.688038773673803,3.9125194507707386,3.835664271165802,2.076856518255526,-1.0397516001857834,1,normal
2.069438462762437,19.203401696144205,324.39342890870125,6,0,2490.962392408038,1624.1023726341048,-2.8102543902998525,2,0,3,1.730026324389354,0.5001808243830781,-2.05402914641232,-0.0344814174158945,0.0892521539558036,0,normal
5.586062639870683,1591.7415557798136,127.63721092093644,0,3,3674.5831148989546,719.1886337079084,2.650164870016095,1,1,1,1.3917718107519177,4.5006666286687045,2.848153274990426,-0.232803014694956,0.9064752825052158,1,normal
6.207508042709415,109.75102993327056,391.2361805454751,0,12,1286.057975411028,72.08906611713425,1.5192133011632842,1,2,1,1.3286780199755912,-0.3378681832086749,-1.581438542185545,-4.318367143587276,-0.8115471917675012,1,password
2.452377776541879,1102.0554160356546,124.70314987286072,0,0,642.5048118020168,96.0740000707862,2.932803154010032,0,1,2,-1.7064018171829327,-0.0684507392593876,0.1022821803806866,1.3191888360130697,-0.1339900958830648,1,password
2.477676672753839,1721.8923050194696,19.57785609800392,9,3,566.2306847181529,1091.2316407816163,-0.9534360519176616,0,1,0,-1.342141523723143,-0.9288186219120464,0.1356282967563633,0.5692014927637458,-0.7240370038439385,1,xss
1.8330989158212567,444.058613094187,396.6260559588896,0,3,1704.293455403473,523.8271302519684,2.616277513490337,0,2,1,3.054681392088633,2.552671110385229,3.13745666233812,1.1830741810366985,-0.4799524271547642,1,normal
8.207351544536177,719.640284488937,347.82915100996894,12,0,83.46238325549015,1245.9358281954146,-1.2553309823891452,2,0,3,-1.8447441344907405,3.0725709585558545,1.165187795514383,3.459673126595197,0.4874732029497877,1,normal
2.0680395918869543,755.0691850899519,460.4091038621644,0,9,1579.7720506684138,1236.5671030310511,0.7795642757955833,0,0,2,2.8043445891486063,-1.97677066627163,-0.6393970775395981,1.3594701584761226,0.5401314537010956,0,dos
3.703886715798744,486.27822642978185,674.7059538082722,12,6,963.464876803824,975.5282146651956,-3.734892474489265,2,0,1,-2.2448653467252813,-2.0457123501105867,0.5022345788538174,-0.5943804650219935,-0.3804549356721655,1,normal
3.3470710925625107,3474.325262619354,967.8567283148078,0,9,1487.9193376158732,2746.734876169429,1.943991751970122,1,1,0,-3.961788032409349,5.480258030243886,-0.6472079752751736,-0.5850090344862023,-0.2507681744074678,0,scanning
6.106915890944724,1381.9048096054066,234.436450347074,0,3,2014.1010418897156,528.0090892385879,-5.566400737777485,1,1,3,2.5557668884216964,0.6987848572767117,-0.2789664193710677,0.3227079846791574,0.5467647722258396,0,backdoor
7.611953730528304,1535.6928500712197,150.6122554801853,0,0,1646.02266608308,1553.22313353768,-0.8583534837366116,0,1,2,-1.9736337639696624,2.7347555264533074,-1.2231102115727912,0.8647075921415058,1.2981903741617162,1,normal
6.590788354278068,2003.9490037253104,1057.477902347772,3,12,264.259358447337,156.8873374976868,5.6989162176127,2,0,5,-1.3727913327456456,-0.8226007314500712,-3.619214099112821,1.6855834205700262,0.7851032147614606,0,password
2.2335214842495943,3034.081937837021,172.29629360249623,6,12,627.9182392924375,3022.193001087582,2.4752004318838856,5,1,5,-4.30175240709383,0.0099627178758521,5.433262853632701,-2.2145743211200983,-1.1540435164006126,0,ddos
3.896904464158102,615.0957377127846,168.85762211504328,15,0,1507.845535816754,725.1704255371249,2.0427272967350163,1,1,2,0.5617312284171047,2.600062587197069,2.225538999623929,1.7770076196422202,0.9801890308113764,1,normal
0.5569752826363297,333.4392598350624,183.58274962676583,6,3,921.5986102402588,1177.7535685330815,0.4698029811785383,0,0,3,0.729840373917425,0.1535655824242823,2.5446911989686978,-0.222603978355625,0.807425252191024,1,normal
3.3020392637411007,266.21273823713585,59.6378278998608,9,9,511.1115022550782,948.2725109578772,1.0688731019600266,1,1,4,1.2792818835975597,2.136556552586608,-0.8763730422113871,3.2198208447029657,1.488843944335613,1,normal
3.2826610730019,1597.3645347989225,168.77435841096494,3,3,1319.2121941347166,1325.5840986013725,-3.218849744531824,0,1,5,-0.7918715213117169,4.25168302542573,-0.783988499193673,0.3426205643466617,1.6240748375569902,1,normal
1.7309131686860246,11.57253952967874,1143.1340448029923,0,3,470.13657382700416,1853.9161764286905,4.961259569198275,0,1,3,-3.1306094849164063,-1.2098487430419025,-2.587490102598485,-2.3583319028633136,2.534958581194392,1,normal
5.542832105485628,686.7172982714068,22.21992532720103,3,6,346.88680946810746,1464.7720302683683,-0.9371799085277688,4,2,1,1.6929571598136246,-3.487111946700089,1.767854070954127,1.8323260424254688,-0.9158472796664792,0,ddos
2.613137487633665,1597.7569846814515,275.93799452863925,6,3,748.358528119052,2438.1142382415783,-1.1261112550245909,0,0,5,0.1806626257792647,-3.575975446207682,2.2061093033809964,-2.380073230732749,1.3540955952524127,1,normal
1.7047561553675372,589.1949165687491,236.06387445781712,6,3,375.94538678798585,890.3901548646849,1.086422074636309,0,0,1,-2.651821142890085,-0.0294992684781907,-1.8824443856392803,-1.0415467178306868,0.7863200023550722,0,dos
3.573250527835868,519.0755899474128,84.35027257242861,0,3,2265.683224505838,1470.542720171509,0.4295249571091668,1,2,1,-0.0560913955590651,1.3905298005993796,-1.695562243903075,2.152323458146042,0.2863097504186235,1,normal
4.697528587565242,731.1315746532347,551.4850910711765,3,3,1912.9355578126865,578.9430306834994,-0.7822668542253899,4,1,0,-0.0360003362975194,-2.321438098237872,-0.2928519674607541,2.235487771135256,1.0107413270591514,0,xss
5.939999660493157,82.67460906531754,185.87512466350708,0,15,2008.749348678169,1340.479928993961,-0.3297056215913535,0,1,4,-4.951406055570288,2.9584436275890145,1.8947179442360644,-0.4160023364400177,-2.103725475172003,1,normal
8.975334317268647,589.9646463772493,150.50104920133677,3,9,651.6073374868275,356.642597032981,0.2897950236204624,0,2,3,0.9846923300993142,-2.664725399086092,2.1909476401405787,-0.49846589740579,0.295574939297446,1,ddos
4.716999006859256,810.8430962940523,162.53322645307873,0,6,1348.873616625978,955.6479296198124,2.2328679313943534,1,0,2,-1.355114499924886,-2.060552081165958,0.3751795416528768,2.225976809427788,1.2738611485933566,0,dos
4.278929354126977,2054.5379599053085,55.82531669444023,9,0,156.54573752359818,1679.8149754880833,0.0304222032108401,1,2,3,2.7723993665103484,-0.4681357009843876,-0.3867379105044715,-0.1136915869581913,-1.4074695597266589,1,normal
7.854795818050978,1286.561908316512,330.3194943519809,9,0,404.9755381571021,956.9420963261692,0.7716043813415288,0,1,0,-1.1569912327333198,0.8200174488170704,0.8984426187548833,1.0403941490455082,-0.8318372634290588,0,scanning
7.110238759901564,1817.3458676563357,805.3980486391782,6,6,577.355339990458,518.6379756307414,1.104081496106874,0,0,1,-2.3110445209264103,-2.0789380828607054,4.146794999786085,0.8623053082026544,-0.0466735581292603,0,ddos
3.4879139222918,1284.619685558436,977.27855931391,3,3,1573.8472303962285,674.8892596353135,-3.677353242110045,0,2,1,-2.4732445340236726,2.072475500554749,2.354355495445816,1.485314197622938,1.127437940534133,1,normal
4.114546773544353,1723.5135451239537,144.54023595620177,6,9,371.1274252871128,1389.5837455072626,-5.390090402338186,0,0,1,0.0005795039607494,-0.9748268591132774,6.227684951212805,-0.4249923332535885,1.0099956541569473,1,normal
2.659887720557464,434.0758000762911,11.544672071341171,6,3,2157.86614358166,38.21125085367365,-0.1462995087155405,1,0,2,1.787140925663372,-2.431770968056359,-2.27718859398051,0.1587675502592473,-2.135984374887284,1,password
5.349162524054646,33.79298610845471,149.26985732755668,0,0,1200.566721841735,1730.8493276798956,1.4595970014609472,3,1,0,0.6322150976847714,2.2345722422151364,-0.5749115027917338,-4.785480341559284,-1.974764695348154,1,normal
4.757813387776424,622.2774653060461,806.3634239471511,6,0,2015.5819601030107,1660.198883266872,-2.855385838214524,1,2,0,-1.605209165582437,0.034887697156374,1.0192627501652385,0.8051128587681069,-1.003102630658549,0,scanning
1.641896056033594,1965.3829101165877,310.7814578828596,0,0,509.1549089106326,269.28374596523577,0.4024489089118406,4,2,2,-2.211345801189173,2.456010211193758,0.9120575782014446,-2.833860761690543,-1.2944741330383538,0,dos
7.073911106590113,606.5910995136768,718.050692835054,3,0,1884.2567866570107,1477.0849230158624,-1.4297867476323836,3,2,7,0.4775429770361208,3.865886610396158,-0.9611406780963728,0.1054836142477,-1.4800053323596063,0,normal
6.071595843515862,166.5778098850066,161.24241365593488,3,0,1146.0911205030548,117.38321771799411,0.8066421487519093,0,2,1,-2.022413052411129,1.042395658725764,-0.8702041792414013,-0.1604377996096393,0.7154869277792475,0,normal
8.553994761426763,75.60503872642899,172.01929203706882,0,3,947.5865250100344,1073.9206193847044,0.4358370884562257,0,0,1,-0.3921237024897199,3.583171931726893,0.6178186985467939,1.4727540270235997,-0.3472553498028873,1,normal
7.085473355239507,1129.6913752980972,382.98666048459273,3,0,584.9968976698881,289.5123358103627,-2.161294273210729,2,0,0,-0.3664969385541324,1.8682748489532988,1.991164409050306,-1.328989031593054,-0.9615473086294424,1,normal
3.0334113415003143,1468.5803149169642,185.77026614921456,3,9,2864.700228004756,3864.3270095085513,-0.2898368419479784,2,0,0,-1.1707787812324724,4.603418792199862,-1.6730278002188952,3.443124610289499,0.8886845242108913,0,dos
1.9724641625013477,516.9638993277491,12.798945913692286,3,3,181.3112809063774,776.3544483864923,0.7159855538475434,0,1,2,2.747732272148752,-1.3425940526207116,-0.0644539098945151,-1.6794073302860706,0.5437608521865729,0,scanning
6.720827218635215,10.861644817977243,477.5929985817487,3,0,2203.5245775330427,1025.0026010323238,0.3320658801616427,1,2,1,-3.4441616388986045,0.4357994733560527,-3.3905622905107125,0.6238978951697464,-1.0013486814080144,1,normal
2.3674169094021558,1106.6254679107285,257.69374529864416,9,9,550.7812870344494,1018.241235044261,-1.7637511661831666,2,1,7,0.163986403487788,1.7841283889024495,-2.311280004003496,0.878729889884831,1.315328259727096,1,normal
9.559096111534398,939.1865014278172,97.15675030974236,6,6,1691.3807481752815,480.6645421273577,1.3192253910237528,0,0,1,1.2973643930067549,0.4219928862642917,2.3384914588152075,1.807089289176195,1.2534498566853487,1,normal
2.3143753958790785,980.3646787376266,114.95539321751006,0,3,1770.709360621246,2932.616426476531,4.580640169437358,1,1,6,0.5701204698543743,-0.8837085809920258,3.387630582078799,0.3426674264528667,0.9611984123415666,1,normal
8.705666015022176,789.0760812101634,560.7199081097676,0,3,364.815284903185,673.2641263557099,-1.534542142844318,2,2,0,-0.0804079945762408,0.8335861481433517,3.4566435957647883,-0.4948865766147795,-1.3796837722313513,1,normal
0.396516397095801,982.5316714473952,322.0862497219417,12,3,46.57176514753318,16.745742073507365,-0.9089480850241978,4,0,0,-2.3295557743564776,-0.13265967154034,1.4016850667920542,0.503182979941785,1.8820498300728647,1,normal
5.559430624897401,1389.1169451113465,937.5730822791796,3,9,2405.0385747435007,1497.9617018234287,0.1166589519467051,3,0,4,-2.665257969495307,-0.6953084081340528,0.4492982685955027,-1.2128334154914329,-1.4844083477057406,1,normal
1.3371950529424477,699.7682115270957,171.13774772872844,3,3,691.0022128590662,314.5798008654993,2.490128423221681,0,1,2,-1.6087178729469551,0.4307917762273809,-0.148519962957522,-0.9509859263081304,-1.2714101571395044,0,injection
3.028604408885696,708.2778176551064,386.1338020169057,3,3,1643.9652503020395,2000.6540299620328,-1.0513275894455043,1,2,0,-0.281041953624374,2.067533666498762,3.004281421628961,-4.015568134312565,0.4549581716995575,1,normal
8.030130340654592,3177.0187546708025,272.9131616055278,0,3,5494.530320506502,2746.797104914086,1.2766871338635768,4,0,4,-2.6194749045107164,-0.3450209286526042,-3.906550270101529,4.47799217264044,0.0666771451208304,1,normal
3.250424936368827,129.04886729207237,11.055737473276844,0,6,2363.9764989187142,905.2148691723928,-2.494228930789043,3,2,4,-0.7440555031034032,-0.6861436219039461,-3.750537666362845,-0.8013980707351129,1.04432506817661,1,normal
5.843541124588331,471.45699509445546,912.9545020699796,0,3,74.89695045925905,96.759370437787,1.0884454516299622,0,0,0,1.9293766600160585,0.8574396500069272,0.9519282080697178,2.2400918391915523,0.5571805667246238,1,normal
6.125760476461737,794.8216932879068,692.8441538699702,0,0,1746.0199174898305,2143.844447148584,-3.946396980103974,2,0,4,-0.76787770028438,0.8771283929551692,0.9967397210774288,2.670628936127165,-0.1691902455780555,1,normal
5.188805750522291,1443.2389634207568,163.76912035576325,3,0,1376.1605258271284,265.4408189155396,-0.1244200173822114,2,1,0,2.179298227010116,-2.463049694339268,-2.94784924516316,-1.3878090056508037,-0.9764896795838,0,backdoor
1.589898187257785,806.1883297987855,249.77309098664648,0,3,1635.3264031325466,798.7347407809874,-2.975258597089523,0,2,0,0.1669905815578174,2.5396378135108666,0.5177285207656329,-1.2120471597529658,-0.8365006793913423,1,scanning
2.3008398748018117,1134.74466027402,721.3029274307073,3,0,2231.074886769461,1462.8537529985097,-4.517930301682574,2,1,2,-1.8469296947017435,4.744286935772206,-0.4792009611412278,-1.076021718593245,-0.114467235108537,1,normal
0.6548848591763025,1795.6819693711257,462.525597280699,0,0,4027.9210318744936,3139.8650572599927,3.5412806339891096,0,1,1,2.739589490053528,-0.6110038188247564,0.1401375120024799,-4.799164602438048,0.0175743807036971,0,xss
0.3161186243841407,2746.4813834644497,310.9547367559217,0,6,69.90178023059921,1122.664966519877,2.9192907854006527,1,1,3,-1.1457021568446917,-3.17334746498323,4.7739455274015405,1.254677695732492,0.663989019105118,1,xss
2.211391102355805,203.89914846967173,766.5251351381069,0,3,689.3756581159148,1342.0527082246,0.8597575993775654,1,0,2,3.327249096244433,-1.678513294342994,0.4446112049828337,-3.60131760700514,-0.8166510983422332,1,scanning
1.952440770822152,778.252259933834,658.7766834634244,3,9,1041.1176425416943,148.0951761874471,1.4528681716578629,0,1,4,-4.694456555916911,2.295840919675589,-3.622726831282394,0.1385191084791639,0.4345779030342414,1,normal
1.4557416494797208,638.6416210143163,613.459363589225,3,0,1522.676561435463,1315.910712337854,4.4801041780364566,1,1,1,3.650764200545014,2.7033043811086994,1.0905039082935355,0.7733351825871017,0.4584164670403831,1,normal
3.3960900328092563,315.5893665321314,495.2410998115845,6,3,212.77529823503397,391.788452399151,-0.2151428631292394,0,1,0,-2.0274836229363977,-0.2765614516227814,0.0827979445767239,0.6020739061402952,-0.1016443177011145,0,normal
5.83436466302924,545.7307293352454,78.99021455627931,12,3,1594.2796709567592,865.1744525096777,0.719467706805262,0,1,5,0.4402266721661578,-0.2427012415302483,0.4962524820657521,0.4787435210669917,-1.2945821968163935,0,injection
0.5357514500796227,589.0880730868016,883.6615403239126,3,9,1037.8958785990642,357.67880953926283,-2.312690495530836,2,1,5,-2.413133590134562,1.2856288567856828,2.4625424011884305,-2.1037000789967792,-0.2072232978515475,1,backdoor
0.4696475366360778,946.0440735438324,746.0795520403077,3,0,382.2348338536764,705.4484008262019,-1.0479703229963024,0,0,2,-1.3137425575534238,-1.3334488439186245,1.5413666574441902,-0.5357946054850997,-1.8132354592236688,0,normal
3.0773557620232763,1305.328668398203,3.3043669638924507,3,0,2245.5727438451004,773.9769966727688,-0.4279036386947759,2,1,2,-1.8079575419807496,-1.4550954016652966,3.4509392096517884,3.409057635897125,0.0636217433538544,0,backdoor
17.93306294461578,412.8788356341363,357.4171874841226,3,6,156.11607913297382,940.59724947458,-0.8672023516944571,2,1,1,-0.0723353466498959,0.6272560216919114,0.5502663025689435,-0.8617341385718653,-0.2156637550949965,1,normal
0.9203802637052724,934.9634401986116,14.520093321399736,12,12,1484.4212951729353,640.2510895850089,4.049812999201089,3,0,7,4.4336253743346,4.375888478188739,-2.3318144450143183,2.271115692018845,-0.605233272983602,1,normal
4.177862415314801,1768.0916962836673,667.5243519611377,0,3,4098.726669897231,2578.655576414028,-4.648247564935232,1,0,0,0.0689803167046965,2.984172440846162,-0.0856644955063123,1.8993175602136745,-0.4173656812662473,0,scanning
2.367654300198771,1061.860887865634,306.36414936992145,3,0,1767.0420434664088,677.2404079829715,-2.0003978613887066,0,1,5,2.6425114721253635,4.129560114377872,0.4399107864384759,-0.1672966838790706,-0.1726205845351134,0,normal
0.8505239016147803,879.3128853601106,679.4943111108735,3,6,1098.594249444251,542.7729850245751,1.9024445624675437,1,1,2,3.682277827407117,0.8936358643080463,2.3015896041823023,1.1908656461971014,-0.3211609273725464,1,normal
1.4082742592735102,121.36167482423645,607.746864591428,0,6,1485.3022217995276,518.9975138868731,-0.0782827009295501,0,0,3,-2.121371228039975,0.9245997768660243,1.0341283183651742,0.055659507891314,-0.0291946816119491,1,normal
9.923205938247268,2305.181727893136,299.9217637575867,6,3,2061.733089385229,3223.8876806993744,2.0638932171604445,1,0,0,-5.747731220199055,4.256086509777625,-2.27991760931294,4.45589219338987,0.98421583492735,0,normal
2.61963752509815,339.4810310299836,183.6269867154313,3,3,3275.049738259251,39.29955017442408,0.0302591518340775,0,0,2,-2.139470303857648,1.6561786372411798,7.72356939534294,2.534485631593924,1.0177320419874052,1,normal
2.4402975424152924,311.01876647595816,791.0726253958884,9,3,886.4211983693993,876.8408348487545,0.1881219508775473,0,0,1,-0.0653899592322408,0.3714950117614366,0.3313426581793881,-1.7326532349633208,-0.9110631781258094,0,dos
3.642499811490104,39.97745677979492,360.25569298121326,6,3,264.0199953960899,1011.9610934698748,-0.4062095928788307,1,0,0,2.9543116607525803,-0.0605588952533444,-0.3984166694992668,0.560091847871701,0.6888891778396511,1,normal
2.3301347392898912,1146.127574437225,26.331330889307484,6,6,1347.8988549395538,964.7794321287442,-1.5176090226229444,1,0,2,-2.477429376138489,5.167125654535747,1.3746696238853062,0.7410985176821159,-0.4368374425911306,1,normal
10.755532276736396,652.0231714580078,110.5993508841742,0,3,392.7922284332605,337.4859007060147,-2.3101307211915234,0,1,1,-2.040163204818604,1.1287830153127518,3.1874828141071543,-2.4511012589920087,-1.7289557237863873,0,ddos
1.609115082171774,1988.4588199602867,25.637536192796592,6,3,2923.5422420048385,1965.62084405192,-1.51322448900802,1,1,1,-3.1739854220281423,4.545122603420061,-1.91525611120406,1.3360009456591433,0.0836680141251051,1,normal
7.018399105316995,1001.479605485344,352.21061135236,3,0,1878.708589361089,1479.2704443906348,-0.2899449174004591,0,1,0,-3.2931383771700684,1.8906235315234707,-2.047130938871076,1.5784212609220665,-1.0769279261225162,0,normal
1.357245656077732,620.758981268269,213.0706819777016,0,0,260.1921558939528,754.298609177849,0.0009171752286083,0,0,2,-3.166663643323398,3.3998533608661603,-1.7621115069948905,-0.5288097910421654,-1.5729313822315905,1,normal
1.4224211509454578,459.195819179102,153.27113807131462,0,0,35.05368748403732,299.9143238433273,-2.1881159592704518,2,0,2,-0.2943149892694998,3.118713726851815,0.4774048293844738,-2.609556484680536,-1.804971628138004,1,normal
5.475806510396741,404.94093271356667,176.35118911987146,3,3,2927.628326114304,528.798119625582,2.5574305651381515,0,2,1,-0.8402881285872186,4.4447769793889815,4.764915698146693,1.891538254738428,1.3009851065237357,0,normal
3.493610836835538,914.1404564048756,1007.1070955362792,9,9,1423.2339927105022,1477.5535002238505,1.4693490349591554,0,1,5,2.9441684405770525,0.2228336104871977,0.040466925050985,-2.534438888978575,-1.1864330959768727,1,dos
6.600045399726797,942.0908932591756,202.26422375995503,0,0,4410.958691290977,1222.1406131205542,-1.218704871985996,0,0,1,0.7696242394938029,-2.7681994599175583,-2.8792849866967387,2.722196658308873,-0.623903630761072,1,normal
0.8546739460561775,507.8103601753497,250.5860450228309,3,0,504.7878530436099,177.16134803046998,-2.0799653918169883,2,0,1,0.7172281300498022,0.3316357786387928,-0.7146837235233694,-1.4114884958523723,-0.7016101758352539,1,normal
7.047203909078502,1454.9895112505117,586.1725924495071,3,12,593.6868285993835,522.3850120614597,-0.0219929035360013,0,1,4,0.8431434303808063,-0.2804915626518551,-0.2643740327674686,4.17514865763227,0.6577204528034405,1,normal
4.280826810201713,304.0299597825739,1168.570292527668,0,0,1090.661228834445,861.5743533346501,-0.3253462828905248,2,0,2,-1.3008720595908003,-1.112840195166186,-2.2384298916547545,1.6506720271242037,-0.9261056175158988,1,normal
2.319196584806284,359.93550490925287,212.96887933061024,6,6,630.3383774418123,78.07670438344559,-0.2006555019873126,1,0,0,-2.142911264693097,-0.6585128688706954,3.915235652957798,3.0304898783357834,-0.2473036489026473,1,normal
7.611953730528304,1535.6928500712197,150.6122554801853,0,0,1646.02266608308,1553.22313353768,-0.8583534837366116,0,1,2,-1.9736337639696624,2.7347555264533074,-1.2231102115727912,0.8647075921415058,1.2981903741617162,0,normal
3.019216733638213,1129.2283327549746,1057.352034873619,3,12,391.0321985198758,1259.518361983923,-2.715100849629069,0,2,1,-2.125567760940592,0.2886778725397463,5.029499891333602,0.846490052884495,0.3258029887137552,0,password
9.007619210006975,15.252718223289218,106.19139899955388,3,6,666.6733651296158,651.8842314504349,-0.1607715937338203,1,1,5,-1.309424879831239,1.5772859327412192,-3.5482248207644203,-0.8768212359659666,-1.843860706311532,0,normal
2.0135048755887768,625.2099633859259,106.43245301784135,0,0,562.5418139174136,743.7081924687965,1.7213818659018556,1,0,0,-2.3402421629160157,-2.8746626389826564,0.950697253719075,3.014493656558294,-0.4925343936219702,1,scanning
3.721461142944951,908.4793225722876,502.4028239421049,3,0,60.10164658870407,383.6451448216184,-2.918845622193271,2,0,2,-0.417543731607868,2.3098075590371137,1.7066544596062427,-0.7353729099842639,0.1199047384354469,1,normal
1.4894487448688176,888.5600638696933,338.46032932146375,0,12,527.5218437632968,23.038770741472355,4.843703209662992,2,0,5,-0.8263447570165541,-0.4329012694337316,-1.942713363686056,3.3353218832894056,-0.5764079163240688,1,injection
3.0158103882360217,1359.845631437345,746.0676919853993,0,6,278.5549661256286,630.2619703877294,-3.4847952093346555,0,0,0,-2.5230331859597404,-0.4977521742041368,4.533286751472331,0.4262948088527798,-0.1652836439879523,1,normal
5.815308761580912,861.8015449369043,59.19169659918671,0,3,192.1075738421828,857.9508393052,1.1703533780421675,1,0,0,1.668934734322595,-0.7497752514648985,-0.4951558083480396,0.8278526403720522,-0.6975630805317415,1,normal
0.4434961355659939,764.4205663102252,359.9749827171244,3,3,1331.4940645237252,841.559261053059,2.227040126770919,2,2,0,-0.3372222657405601,2.568558451291805,0.4381299441646676,-0.235113789423589,0.7880848004945201,1,normal
5.094807202499954,1484.3758613821,459.0060995340735,6,0,2783.413574917596,653.2224525919852,-0.4833029319785104,0,2,0,-2.9046817560071307,-0.1499804494365988,5.150618076878433,-3.6936835055549446,0.3699844960807412,0,password
10.740018334456494,599.1772777119913,121.01717811826826,0,9,332.11400975001567,778.8332208968212,1.9056125917534847,0,1,2,1.5253297886838215,-1.250278924388642,0.5432501577669663,3.650489168929408,-0.569205972022491,1,normal
1.4733371589946611,98.99428483791294,397.63907052898026,3,6,1243.714517758566,763.8169379035761,3.5181863867850467,1,1,0,0.2571913588183988,0.2881074621994802,1.3457643576827638,2.0290730145540894,0.261264131442732,1,normal
1.4110588475468968,671.3344465051418,24.613068325593108,0,0,1892.223507411229,1743.1637727692262,4.684247529689198,0,1,3,2.7613378539085245,1.1123735854735963,0.6642167193800076,-0.3079251584432245,0.4461262124740575,1,normal
4.124726128975013,1545.5681423629055,105.75279684909172,3,3,1662.5583946368426,1079.3480791144236,-1.5506048599490787,0,0,1,-1.9091947226690773,2.0918529575474087,-1.2405696956195476,1.2530148543823054,-0.5441041870311656,0,normal
7.214693453130836,846.4996734851417,156.69710716518068,3,9,603.7153276917338,440.3512000021536,1.247676962186896,2,0,1,0.8319204526188353,-0.8993953501875434,3.442156655871572,4.117766928390385,0.8487074274216029,1,normal
5.969278152323224,561.8395187673187,388.89294398037146,0,0,363.8866170996153,1764.3871783222714,-0.0039429265612802,2,2,5,0.0871615811707997,-1.471447364231537,3.470564890660821,-0.462935816267668,0.9883088683528156,1,normal
5.071468394006676,1215.301761350526,585.6948099271751,3,6,580.7392910717404,348.2844436749413,-2.1766397347564084,0,2,0,-2.991449625815181,0.4592047503550104,3.767802756521292,1.5020255076131763,0.1091239614623463,0,normal
1.941777137021813,176.9307304960955,330.9294650257816,6,3,2120.154154963118,1413.3876436090648,1.3436914368885169,2,1,0,2.205502848835432,-0.1629377532255844,0.3945721107723362,-3.5700480561535395,-1.3681339253501998,0,normal
6.322033065030661,438.46429026598776,87.3165508038477,0,3,915.4717488770744,337.0891029534768,-0.4763843249996954,3,0,5,-0.3047807348018001,2.3581871019921388,-1.110138460215049,-0.9761885990751435,-0.7980815692059134,1,normal
4.472726906859278,1007.2817084421764,608.6475893911994,6,6,1315.337975410545,937.2215761415188,-3.24889610664834,0,2,6,-0.3609504461799269,0.8064257457024842,2.526722141868645,2.022672199068664,0.209076581608945,1,normal
3.0127536377280677,610.5072045707975,559.6032137662329,0,6,542.4453849048227,1304.1825882259254,-1.012841486199444,4,1,3,5.334521307112354,-2.905741130366927,0.351345535210952,-4.108060706308351,0.769534684503125,1,normal
4.827827089100915,390.6125539713329,201.57907782124,0,3,645.1137503629141,393.29957355750827,-0.6690173032979853,1,1,2,0.0053878604808392,0.5440795184666952,0.5484325931105667,1.9444640732512892,-0.4389892284970161,1,normal
6.748222529989225,2383.774244517704,1148.6363299244529,3,3,137.91661940975644,690.8050298886069,2.285544828552185,2,0,2,-1.1883287881074165,-0.785413704217405,0.9583038328036216,1.1875475462465972,-2.33515593634321,0,scanning
9.871594024137616,770.2326253007459,642.0422331498569,0,3,2094.4908165645097,1282.3225593750844,1.1507239623319896,0,0,0,-1.5528005467387265,-0.3513591837570646,-3.1462077078870205,2.2485150633277557,-0.0385357866367746,0,normal
6.415918650677646,761.1387922087928,425.4490583529965,0,6,470.2607001750012,149.52532863312285,0.620262412858263,1,0,4,3.476409914586302,1.8964536927073783,-2.83566894955832,1.514857492045022,-0.983849769010876,1,normal
2.0662339156874405,885.2717659114244,544.9570202621715,0,3,1861.3725385761077,19.95174903421298,-0.6722010633423432,0,0,6,-2.687681794286826,-1.509784728943393,2.4877304938836806,0.2973381816344047,-1.3280029081175224,0,scanning
0.751144132678449,2660.2156349483057,46.77971673088853,6,0,4201.311772607747,1088.1953822771238,-3.0411997296202147,5,2,3,4.6600849821979775,-6.596653522339009,-2.166322211171674,-3.302807297767769,0.6771198757961049,0,xss
0.6860710132352738,630.2701447952979,442.311049670841,3,0,1361.88990885668,363.8867990133527,1.648946327731378,2,0,2,1.5117833345980674,2.9014424768913747,-1.8341051218768052,-1.4049011365656632,1.450515896029501,1,normal
6.234340272640624,1919.893535920887,434.2690748828573,0,3,2762.9675831232125,401.6560546131946,0.8312439074024152,2,1,4,3.472945025601307,4.015266404382877,-1.058483646935083,-0.4757539417648591,-0.5357929579905442,1,normal
4.303698586996196,249.84702548757733,40.40189408696416,12,0,1426.901306334567,685.4424152992985,2.823868351979031,2,0,1,0.5257788853811438,2.8148774564076198,1.0204581095060417,1.0771379928711082,-0.1099677264991766,1,normal
2.427827499143061,114.37812865047208,272.9821057003177,3,6,203.91423448803124,619.0933805731798,1.8498061921857831,1,1,2,-1.3003589913382732,2.0814487658316008,-0.0699936600710813,0.4056010671793661,0.0404470594248122,0,injection
2.912650079281226,1854.9405203149563,350.92230381887543,3,3,2682.498957143864,1778.1726704185592,-1.5754566734361704,0,1,3,-1.1500063337871076,1.1226064569014844,-2.6822823312823045,1.1132064097362109,-0.9108323667455108,1,normal
5.487188504458613,1323.3473101526497,653.7442451032977,3,0,890.7671973526303,1927.2779967943345,2.080936081038047,1,0,2,-1.8427669771307056,1.9748076312278957,-1.7754182702491552,3.027562944639782,-0.864249399912915,1,normal
2.52715798343354,1366.1952554656866,90.65034596291892,9,9,1226.63210276085,819.3181284072245,-1.3951643217765477,1,0,4,-2.328234938991354,2.6763838875003625,-1.8295815771730817,1.8339948769880987,1.690709054912317,1,normal
2.73473411972506,1379.823559064558,289.5707920617498,6,6,1280.4022976886029,2865.443184827161,0.645366138487983,0,2,4,-3.050682172291096,0.5614017201094326,3.9638790057874624,-2.9634834733637305,-0.4931607376214653,0,normal
4.175065859908561,950.7716361747468,100.78065130706044,3,6,214.85404044147947,479.1303792558887,1.8109051653291155,0,0,3,3.1122164262528957,-0.1139596120786388,-1.6432970581919513,-2.324963417136901,0.3014985297244137,1,password
5.374521149807921,1626.500352597799,964.0974479280898,6,3,3707.89430439839,2685.333610337717,-2.9161800348599582,1,2,1,0.9344478927700954,5.356990673578999,-2.395921120049312,0.1186974765936215,0.2474731859027776,1,normal
0.7134332548835935,373.1262470255117,291.0796432535221,6,3,506.70570699188494,419.4137680986351,2.06570885314407,3,0,1,1.618041038220578,2.237104465020542,2.798423545688125,1.8302103488475787,0.7244412490926695,1,normal
3.1982664650110157,190.89026132394736,278.48395517713215,9,3,1052.3568426530996,1066.2650586308034,-0.4900741595343861,0,0,1,-3.1584897688254734,1.8491884488015025,1.985684556031352,-1.2764875473373265,0.6299942624955199,0,dos
3.2888143593338173,25.45959556969535,1230.658586865269,0,12,617.3793213365154,340.9399425480227,-5.896662089940617,4,0,1,0.7249247888618058,1.3510916881372,0.775658726294947,-2.550412350906493,-0.3798387718756308,1,normal
4.201371989030521,183.9859161912799,521.2179791649573,0,6,4433.665006771163,3192.8545909599,1.136574505937545,2,2,1,0.7633517678092834,-2.7223128837417097,4.7555996031574255,-4.063296351778956,-0.5706314324549348,0,scanning
7.029814247221008,1080.161354275462,399.0658461383686,3,9,356.8899630981535,1294.1847704787006,-1.1529667210777084,0,2,1,-3.579738113095833,0.5222889167683471,2.3782107991946484,-0.5361120096631881,-0.9739411296043208,0,normal
4.655826614030798,119.60951739568073,228.2303330388267,3,3,683.0611555471436,1147.387159304269,3.974699736746521,1,2,3,2.5866459608903103,-0.1484020962002077,0.6511250219886477,2.400413282778604,-0.7840356368699185,1,normal
6.146236690099468,474.05617042567394,63.43006545728599,15,9,269.31367936846004,2041.8524869296948,-0.9306006763774384,2,0,7,0.8278839878617397,2.677861118001009,-0.4276606742130917,3.1628632004462007,-1.3446366022327911,0,normal
5.340064867747691,574.5581941954636,258.3609680219388,6,6,1105.3201709871723,1712.3145297450135,4.822597302576628,3,0,1,2.118075875659025,1.657244238085112,-0.4894209350676803,0.0499235786477023,-1.0444486821109,1,normal
2.5762706482798503,1033.4912767221217,881.9417254978795,9,3,743.6968628435517,1953.6139982958784,-0.1307411858772627,1,0,3,0.0336597598130019,-0.9243388470446374,-0.1552741973325488,0.4531933286466897,1.4312202576635409,1,normal
2.453142967486997,369.9828514451736,756.5792726847613,3,0,810.0125463915283,1153.3324073401404,-1.4618076177404156,0,1,0,-1.8973333901082436,0.522836040311008,2.015865713453913,1.3717242442680646,1.79007125430508,0,password
0.0250165392187886,1304.5299982777929,353.09282220486955,0,15,698.9618154319293,949.083701966238,2.5498013147409417,0,0,2,-1.6473009079848835,0.8820845671946003,-1.614565597622111,0.7097433316929648,-0.9421485126437312,0,injection
3.105145483048214,179.44353687454395,53.73527163627915,3,3,80.77634615621983,614.7178215451205,0.4009623037153615,3,1,0,-1.0751517721609505,-0.403262529536327,0.7146426427363322,-0.7109374234354124,0.0467965010426568,0,backdoor
4.703384672837304,821.1979071805374,198.1821167383605,0,3,381.3892609964584,418.92609635273016,0.720990635456142,1,1,0,-0.8401913178332341,-0.5076626461737701,2.122181042034091,0.9204214489675931,-0.2629112065666129,0,dos
4.799666128558588,252.3594372071865,103.60674784744924,15,0,1394.9530877188372,2443.6762001251536,-1.0507856044837165,0,0,4,0.603058436228479,0.9257398445695828,-1.9718903445861,0.3209475381049362,-0.8486351440763062,0,xss
0.7828754386643301,1037.5730655767306,442.0410964453353,3,0,2336.834201154803,716.4462658004796,-1.5964136419868646,0,1,0,-2.62234653564464,0.5225533584835204,-1.4632487350816117,0.67868314510987,-0.5563421926089248,1,normal
0.7325315928074512,1903.0951986269008,98.34909131988066,9,6,1425.1332207069786,1057.2427772191731,-4.120642085843242,0,2,1,-2.3779045551770075,0.2910029231960636,2.9536190273083203,-0.9553026045582116,1.2387476518511922,1,normal
0.9306676763456596,326.3654265205301,562.4121953647572,0,3,1140.3954939491496,1905.786163696492,2.765522713362488,2,1,5,1.6490525279488102,-1.5038165890616149,0.0604098765574672,1.1975355613547474,-1.1918981440549634,0,normal
0.0977237280181436,595.1816121501398,345.8255525707164,0,6,543.8925010272351,1161.4235490769029,-1.7703583407021763,0,0,5,2.842532348821573,1.594936075491455,0.5500651558329144,3.618526491522816,-0.0972427005016583,1,normal
3.0845117999055587,563.3545182052413,181.20349461229924,15,9,359.2787853966763,2102.8073855791868,0.7737481806004767,2,0,1,-3.4725927770873133,0.3673880667192465,0.1475592602626785,-2.787758992628878,0.7547591488134965,0,injection
1.846518417385746,50.6489854003932,211.74888242971755,0,6,2402.856437204335,335.32117312337925,1.792085098305805,0,1,1,-2.00026240181663,-2.32849984548084,-2.431978787969318,2.217371406676732,1.239840337982096,0,backdoor
2.3813128660675638,1118.9147173132894,861.4975448368255,0,6,2635.337537326339,76.18252375951113,-2.041662487932625,0,0,1,-1.539717612052483,-2.179437261100391,-3.0160226689002494,-0.447179556352195,-0.5590024191505275,0,normal
1.918304492683081,245.4840096543032,228.2420132818087,9,0,2328.892013456972,944.0723560274536,-0.2481113961592538,1,0,2,-0.5912894728269134,3.461500899837975,6.091935026087608,2.308180530802966,0.984009009696502,1,normal
14.516008428756416,192.308167744506,81.73139017518854,3,15,2397.700557545428,828.5216422918976,-1.005585707167242,0,0,6,-3.9304337075555873,3.220640351198992,2.1826005048508077,0.3445061299789487,0.1282407587465038,1,normal
1.6420886060546305,1173.714067935152,901.4141420242378,3,3,2853.751834347182,1785.1576888516329,5.530040669251668,0,0,1,-3.9032605570990624,2.5169237650017027,-4.82376663705729,-3.817873035579528,-0.816897581049139,0,normal
3.033970167325961,127.8311855166152,390.3465164824774,9,0,935.7674782055652,232.647276955601,2.78948011379866,3,0,0,2.8328525198959285,3.5939377940805253,1.4364213409877362,1.1404137548557614,0.7339551198204157,1,normal
5.212552966942131,2136.382570575336,711.0626760913228,3,6,2275.4048548465103,2100.9822765603867,-1.9118104326546308,2,0,0,4.059914939920117,-4.852304664669293,2.8005966078060487,-4.527875904721046,-0.5154397108714397,0,normal
1.7965363002600945,1823.607037009382,856.3938480176436,3,3,4897.904604975449,1873.5354026323548,4.840085760105206,0,2,0,-0.9318932404010456,2.040584643560951,0.5255283733976974,-3.207271429788335,0.6202470867882542,1,password
0.6030219976551993,521.9162562186858,412.35911682903566,0,0,348.10777015319667,798.13482721008,1.774074285353254,0,0,1,2.581229167931596,-2.0627856148343118,-0.1780429696819767,-0.9250425147447092,-2.2284594154774866,0,dos
3.013937472616759,185.46207984483988,581.9224368223995,3,0,1089.754953566176,1282.425567128864,2.4029544799011084,2,1,1,0.0465369169341218,-0.489362433930115,-4.010764854427382,-4.307330967596409,-0.016857853121953,1,injection
12.726001052524117,1415.7132855590755,185.2195956622008,3,12,2403.166824459189,1839.833491133599,-5.942185418586778,5,1,2,2.199401096079699,1.7252279430430584,-1.4192872626194577,2.0493435693725988,-1.0060544696559912,1,normal
3.635410932238881,153.84029648281526,135.4046027442661,0,3,2633.6857866408272,1423.806289628399,-1.5110010470088244,1,1,0,-2.00760598869726,2.558907914678935,-2.0173565832648497,-0.5874511196379157,-0.9941768399414144,1,normal
2.722256897175124,1623.1919981612227,780.8831099637108,9,0,1393.754524312632,136.6470948417905,-2.8434905990193955,5,0,4,-1.793585329257703,4.870157630656606,0.9446469939858442,-1.2231169405815483,0.7693125701396571,1,normal
2.395345234412444,885.0624650868817,306.6948624721176,0,0,1039.349207432315,646.8558055505138,-1.3925020088647146,5,1,0,-2.5287820280902933,-1.4531910978577638,3.660745617313702,-3.148376890438609,0.9673376521668492,1,injection
8.542041459577295,1767.5844152331072,222.4591451831953,0,6,761.6016401491186,1458.2726008046573,-2.44454651998867,0,0,6,-1.2834761675644044,3.449535370693816,-0.9603479692222102,0.2277309199000273,0.4397759658478798,0,password
10.652777174307836,2539.748156719051,301.213410344641,0,3,4290.274845573977,1189.0964207995082,-2.2138466994133195,3,0,1,1.258832553507225,-4.354770984617369,-4.547070181313001,-2.2976014985441315,0.7450216346476672,0,xss
1.8326902833200265,996.7287217563212,718.7493315634456,6,3,1761.1360473934565,510.211378415477,-1.9575739702161263,4,2,0,-1.9609249789114556,-2.714869536455428,-2.389967868124632,-0.2614133378788776,-0.7896852573124161,0,normal
4.52934508406143,655.030334579064,1285.446470876294,0,3,1510.777099791042,781.5349876190328,-0.3523946148693377,1,1,2,-1.7050753362330953,-1.1452084540203924,-0.2996927723961593,1.756228192223834,0.9063092238146998,0,dos
2.705272439488379,366.632912085886,450.2451527213869,3,0,1904.8008760448904,1507.614996718953,3.360600021161069,1,0,0,0.7964477264942473,0.5078453532765737,-1.1783896208331528,-2.592719504101029,0.2019827269384926,0,dos
9.360513152087972,1345.366514890149,199.2771142364288,12,6,612.3533214572833,215.94818518083696,-3.4415004332722443,1,0,3,-2.0582073418633207,2.63167978506452,0.0549977099509224,0.5354003797925772,0.441021981749325,0,normal
7.4035096527774735,395.9588643876516,246.6324524185674,9,6,699.2610866744297,391.84966100077247,2.9777378055029544,2,0,0,1.1078468418327914,1.6454840527132089,2.5968618258197416,2.4685739893605603,0.1531984486338813,0,normal
5.949777541219701,580.592151675825,1219.9801729810804,0,6,1375.839792479898,815.7303840870842,-2.6862416313110478,2,2,4,0.5848431959408749,1.9606229076026125,-0.8475732496792336,0.5411376691455542,-0.4135281985846334,1,normal
3.56913849323442,883.0361546954955,28.880062782987483,6,3,2515.3002467795336,687.4414758894491,3.348130592795168,1,2,1,0.6483780178290296,3.642086873951274,2.5448993524505634,-0.6099372527207834,-1.209354398254746,1,normal
7.197652392027116,273.3154002925095,761.9213736950267,0,3,470.4355640709712,1052.377216087405,1.3329297633478303,0,2,1,-1.6609538556016736,-0.79298202644259,-0.9716011646731928,-1.185281393620318,0.805365945073708,1,normal
4.449233895225257,1164.0692549510784,74.14789025234445,6,3,2324.449518889104,3155.1897192132246,0.4417462283769353,3,2,3,-1.910638210322284,2.5576852696337147,-2.18626645451452,2.0948851735297715,-0.7234573403855864,0,dos
2.524419291103055,140.12870445084187,550.2659802345045,0,3,841.5573478095685,327.8805463272208,0.3583295680678436,2,1,0,-2.1189063811404005,0.8316070442226573,0.8789477721092253,1.4497098496670495,-1.2977222797373882,0,dos
1.5635812060839571,1025.813293661213,413.24754148180926,0,6,1831.8929458627772,1588.7797151623286,0.5072809032508991,2,0,1,-0.0164739041854886,-1.159293884431888,-1.266040264016356,1.1111254023860309,-0.4724655205347517,1,injection
6.365109252686668,260.5153969479194,581.8999615262217,3,0,334.0884112934492,1075.2479305540244,1.4567240785646025,2,0,0,-0.501191806588626,2.731573515178812,-1.3560302539730478,-3.36194863968006,-1.9214703501441064,1,normal
2.8923292402428387,1229.6178784663623,250.0802189557708,3,0,5496.662363126792,1605.5704921298395,6.90075404152516,2,0,1,-0.9078751525359536,2.9059331442354432,-0.0517045649922021,-2.87979116418557,1.7365632724938929,0,xss
1.3485951155066476,300.484520112176,189.5972198223133,3,6,1065.2893594531388,311.81925288970365,-0.7166087347797894,1,0,6,-2.918538406258277,4.570491485082253,-1.551327095443068,-0.1780837088896165,-0.643486359816549,1,normal
3.623288862939336,1501.1023381376058,1001.711043381208,6,3,70.53118749623748,2539.436151343742,-0.3240513556897024,1,2,4,-2.516798440313494,-0.6942883267731232,2.2618417650606943,-2.8958380775896915,1.596907329806743,0,normal
5.281733456786574,1031.6280129713991,514.6952593113076,3,6,348.65494260952386,1094.9203588842472,1.5838109639709073,2,1,0,1.1285856481596803,0.0643144374310065,-0.3648400408828554,0.6914850056503534,-0.3536577295365431,1,normal
0.5317374223032595,1101.8186102681454,442.82290912612535,6,0,85.32784420910353,771.8606156561656,-0.3882667010598264,1,0,2,-3.509495112502572,0.56144618029888,1.50903782427222,-0.4204444757360035,1.2291264948729062,0,normal
5.255360982666783,565.5657738580919,223.58899956443264,6,3,1302.2788635383429,1884.250044916475,4.386178555252246,3,1,3,1.2863523892091693,0.8003823404199618,2.4158926380775174,0.7893302176222934,-0.6125127969286085,1,normal
1.5021085212350611,1171.6840395619508,559.2527518119897,3,12,510.00964069897793,65.06407627056,-2.446457378672602,1,0,6,1.8505904019996464,1.78765544148141,2.188232570317595,2.676269899903721,-0.3661839217546097,1,normal
2.330328195980619,687.4277434073052,246.7676929921615,6,6,2781.904031778436,1932.8170453783443,-0.0469382331935952,0,2,2,-0.909292483172638,2.645293485589973,-0.949716181884954,4.019584241339446,-1.5060695329768807,0,normal
8.350197423079047,2152.034464000521,345.03612360991224,3,12,3633.599276174441,314.40685687781433,-5.673406807964025,2,2,1,-4.105693492545216,-3.383215759232433,4.008355522534876,3.0201811705343733,-0.2573340757876257,0,normal
4.517901541921797,870.455103246009,161.42054614313582,0,9,1552.071491664993,1175.173541139401,-0.9423267125548346,1,0,4,2.441448441819894,-1.5059855472985213,-0.5047553960836766,5.165659836830908,0.3228360794760807,0,normal
0.5006542941827697,1303.3494342388956,1085.1397802440922,0,6,2337.1527643570444,1221.6698589715943,0.3144298456587543,2,2,0,3.861703290587439,-3.8320578134469017,-3.178804522384348,-1.7725800952045838,-0.5175997455708194,0,injection
1.6816030206188235,485.1598311876337,641.1881186337945,0,0,879.9545600216352,321.62075311889254,-0.3479110554294971,0,1,1,-2.1705778451523288,1.9739310635357927,1.985905930784567,-0.7460275921378096,1.4376615887583724,1,normal
2.52715798343354,1366.1952554656866,90.65034596291892,9,9,1226.63210276085,819.3181284072245,-1.3951643217765477,1,0,4,-2.328234938991354,2.6763838875003625,-1.8295815771730817,1.8339948769880987,1.690709054912317,1,normal
2.262616495957554,639.5914236695612,487.3293517712236,9,0,4025.725825231432,823.6265964437905,4.234419156634241,1,0,5,4.189528809085025,4.696441121494567,2.224194166980999,1.5224348930621772,-0.5807654015758854,1,normal
2.876074372242951,165.34199893447604,1203.6897427052431,3,3,2367.8006082397096,2116.7288601906525,-1.7401109246918791,3,1,6,-1.0833156942162565,1.0368681344715347,-4.635101213116939,0.159767257961948,0.633584638010445,0,normal
5.619927489646425,956.0563210470204,47.62978658453902,3,0,1185.170910055233,123.29047173449996,-0.297825651176411,2,1,2,-0.9201184298348636,1.9403888868255144,0.8955417246500998,0.4271371454596945,-1.945428307307277,1,normal
3.2962736451808654,1330.7993059147063,378.2467299366205,9,0,1044.912008437522,493.7308264270908,0.728942220985344,0,0,2,-0.5714736505932332,-0.9292033540736744,-0.6027418266231183,0.4260840926917462,-0.986963545053532,0,ddos
4.32921562905589,938.2542451380264,405.7234348689496,0,0,2670.800808998764,1985.4527799006607,5.593850837069464,0,1,3,4.405944868077491,4.0284569692227885,1.3820362549573035,-0.9950141541823044,0.0923194339417875,1,normal
0.3869068922914737,993.58795215185,78.37570730202351,3,3,1729.5770520972137,284.0280217126971,1.652441863542995,1,1,3,2.3888097186561863,1.2942344614732804,-1.3668220768233577,-0.0743480823299815,-0.5904134894633812,1,normal
1.3379662554588825,322.80035141327033,393.04415698136825,3,9,1670.8857377951886,74.27244730661201,4.62263297409963,0,1,5,-0.057176188176452,3.386042197086476,-2.2315162224056264,1.7142006857277088,0.2686452192737362,0,backdoor
6.412216238257624,870.8662475020515,593.492368121306,3,0,3711.696370231228,1264.8196815400652,-0.429805055167368,2,1,7,1.4872332127185317,5.568116035193143,3.5558183300297728,1.3937567517590843,0.6131813801375137,1,normal
4.757813387776424,622.2774653060461,806.3634239471511,6,0,2015.5819601030107,1660.198883266872,-2.855385838214524,1,2,0,-1.605209165582437,0.034887697156374,1.0192627501652385,0.8051128587681069,-1.003102630658549,0,scanning
0.8317839892605695,201.14702014313468,685.7836920842853,3,0,1487.5130933217245,581.6948355272369,-4.437105935162452,4,0,3,0.5077692006563437,0.6924405811761056,0.3999214503326276,-0.020053053535086,1.3114126592364286,0,normal
2.701109262044488,349.91700746104,803.390859037829,12,3,804.1068925600431,29.94688056876064,0.1284963436052029,3,1,0,-0.2174200983903289,0.469992998230221,3.1416794288760763,1.4030803520332682,-1.3910853225330926,1,normal
0.921642074461055,1462.4514160733495,46.0227953635638,0,9,967.0760337847815,1433.3150963968867,-2.173288485469082,0,0,1,-2.074597859835837,-1.87028890173156,3.634639328761999,-0.1514286321998093,1.305462738382518,1,normal
5.1284489629093,358.7592940106186,323.4792179523347,6,9,1812.4436798098488,425.3120432673733,1.8607942767271095,2,0,6,-1.1999597069002894,1.0266522411915315,-1.0625489730718445,3.6886932173331943,-0.1899833399673663,0,normal
6.526262098665443,1380.6096533706152,333.67091336709007,0,3,900.7864518393344,481.0871143429464,-0.0950371852844285,2,1,2,-0.5245151919499116,-4.741821282311372,2.3895467297838264,1.4046600985752964,-0.918025245775627,0,ddos
1.4257432844177953,1399.327572009947,176.47676050734887,0,0,1784.8275174220275,1243.5921709354225,-0.6883967914148248,0,1,1,-0.968416594278921,1.586835857449071,-0.2838126019271818,2.168334726638262,-0.2925595848642397,1,normal
5.2084908706863455,1136.620642543778,18.335574135685064,6,0,1082.2087910270025,2332.297435447884,-0.4553044859063891,0,1,2,-0.5001137761653832,0.1898506168943219,2.852431842593637,-3.701933946875493,0.6023424000383942,0,normal
4.038791529629115,175.13858754731464,712.0044744728342,6,15,146.8671197312262,551.547508037899,-1.9944895468485,3,0,2,-2.6471805354358446,-2.070807682630784,1.8523036404119928,2.230046536799726,-0.6791574208207856,1,normal
3.8940895404808096,294.46187740040176,5.178744433576315,0,0,1453.4029015998324,635.3866349733398,-0.5256844017459518,3,0,1,-0.6643832349404514,-0.0504456194494982,-1.0496088781165644,1.2027242934252265,-0.2676504702902192,1,normal
3.109999247162751,692.2112583401097,268.9825608608413,3,6,193.9772099042537,1263.7453712642837,0.4876424147330179,1,2,1,0.0722239527691264,-0.4603298610855582,0.0526693537226417,1.0084782941123784,1.3214118568616895,1,normal
0.5202506850348265,430.67044141994114,821.7752618280341,0,0,972.0249724187902,248.86949440310687,1.1192566693220083,0,0,2,2.7317617048641134,1.80408251156234,-0.5470195162545546,0.2663400997825479,1.6447195099539094,0,normal
4.702550494366447,1564.9465245119827,309.73352111777484,0,6,1750.7890499342338,1578.818999724279,-0.5118293791739316,1,1,4,-3.620335029127933,-3.6901677297153768,1.9201322343529164,0.0921461992482961,0.7894754117449135,1,normal
13.58043718060818,2056.390777375268,399.1293749384038,3,3,1884.162212347366,1141.6313513827904,-0.5955980292797036,1,0,0,-1.7633185893161485,2.1942429645498622,-0.7279249517435993,2.472551626950911,-0.6811049207815404,1,normal
1.4473888742184975,1091.9498398715734,298.1475315766385,6,6,478.8491964426483,1169.465907388911,0.2260305516155178,0,0,4,0.08401309218796,0.2789804997404229,1.576861558328098,-3.428813505958475,0.2352329236757339,0,normal
4.750377214565696,76.77473229204324,911.672106412364,3,3,1773.7334477874338,1468.8859156898293,3.807582763632177,0,0,0,-1.0265806926783598,-0.0169903291604207,-1.0081626333260023,-1.107174349842045,1.1846909381553852,0,password
4.630155034808711,1114.3332435146745,114.5879335110808,6,6,958.108345041108,1574.5965237021978,-1.6558562642599883,1,2,6,-0.7826834481181113,-1.7933196297263112,2.134179117063206,4.479512262918535,-0.3022680383753698,0,normal
1.007357950985255,2073.1290932386146,221.06962584861176,0,3,2580.3315532268616,1959.707346949073,1.9421022046612653,0,2,3,1.4624789736785782,1.7592119496856105,2.664626799922932,-1.157537145706241,0.7410124649925709,1,normal
0.3219519781038024,48.364045470386976,85.01994498367543,12,3,2269.807080795024,1810.4050533351608,3.2300797856916432,1,1,1,-0.7710480317281663,1.7502718255701863,-2.4540732098559688,-2.46112694009076,-1.244730897385213,0,ddos
4.029068407652652,11.973932734764992,561.6517251825471,3,6,1747.9976346575902,2331.5296673698203,1.607898665695976,1,1,0,-0.7739196779388683,0.2702049235288317,0.206467620606978,-2.9763446229114185,0.0363914911292795,1,normal
0.3143657488845549,670.6966351471139,17.459345496367135,0,9,326.8063498544806,760.802065253592,-0.3787930418773414,1,0,0,-4.643064639561975,0.1885649823804811,1.801469225491373,0.6756218056016303,-0.1888567478284245,0,normal
0.7930776511462108,456.1363260114614,556.8758760945578,6,0,1396.0160264862395,1781.2419814086568,-1.833989036642672,3,2,3,-1.0332672426447669,3.192318015878093,-0.7617197901547219,2.59033870088754,0.4397734010603417,1,normal
6.611129942019433,359.340169231313,436.273421069546,0,3,764.2384437117584,727.0540244040138,-0.5934334330698625,1,2,1,0.8856411072903406,-0.4600284040749975,0.6866322835934812,1.5089452950633049,2.1622075975997586,1,normal
8.248600150011248,868.4211483741984,340.099789675468,0,0,2212.6933377783403,1755.9218231578004,-4.38758412201419,3,2,3,0.1255957115999526,2.096407364574996,-0.8986163126583848,0.1102101445225831,-0.3596264885976261,0,scanning
10.707245844130696,1369.6854867952416,413.37306798843,0,6,1263.2249458269653,425.1560312453796,-3.1518132261261,0,1,0,-1.2919737858654878,-2.2695188621217213,3.5063527544739923,0.9015695394590096,-1.279195701330026,0,normal
4.043074443023725,1049.284336897493,51.32928694129993,0,6,1001.9859329280598,283.29683039592754,-0.831840952786249,0,0,2,-0.7411721594907392,0.9308795953638168,-1.217872884510696,0.1856716791959571,-0.7609535544504002,1,normal
1.007033375729426,1122.4220555202228,437.58439428542886,0,0,1119.2164309903824,684.9303900314029,-1.2918865965921935,0,2,0,-1.116109710020296,1.8922110859654035,1.0814520631219349,0.5356594086231938,0.71961433995468,0,xss
2.1945242742377373,65.61361504021579,366.0348820875418,0,0,1219.5809052423365,1424.3362518649506,3.35340751525606,1,1,3,1.2962617980959257,2.1346317597285243,3.398115915137636,0.7600890600378246,-0.5945878988979755,1,normal
6.363982129128639,1592.381181814896,215.8259696936288,9,3,316.900210673864,1940.019508311775,-1.1611976527277064,1,0,4,-2.2880480151947147,-0.8815236541656073,3.9060519581139808,-1.5824062433108994,2.2906469355314245,1,normal
0.8592081218926475,1086.1326997658443,248.4283811687066,12,3,666.2621173396234,2563.1135652729336,0.2493356747970707,2,0,6,-4.000796885369612,2.3344443893954763,1.4190562369546598,1.6145071085374278,-0.4589439262221846,0,dos
16.449153502321693,296.643789813811,33.71765141843825,9,3,946.1499707741908,1442.5441305329962,1.2222323262258774,0,0,3,3.4649122990182253,-0.0538740673411552,0.0584234295736458,-1.0428505757551678,0.9451235423513746,1,ddos
2.8436468503705568,1333.5819517518755,470.7394865802012,6,3,768.9838764418976,1923.862854811939,-2.134550816362552,2,2,3,1.1875061350633704,-2.6075105625320223,4.386873078532555,-3.475923194709716,-0.976175494037099,1,normal
0.6745849826427487,462.3760969571925,350.8677008308663,9,0,1487.145851095844,985.9483834208291,-2.510326292076276,4,0,1,-0.0838753096564211,1.1831015061712282,0.0636563240498611,2.3286028949286885,0.3750877554487207,1,normal
0.141980836761078,793.3472147186804,488.2625176194823,0,9,1378.7719236004252,38.61286517441911,-1.1795225772802576,3,0,7,0.5780104104965544,1.499459265461315,1.5140342927914867,0.0866177151115865,-0.6489865074864127,0,dos
3.010531433086096,1948.321748629684,183.2173590569934,0,3,3486.235288273236,1577.8801339915278,-1.5056533792233764,1,2,2,-1.7791835144735346,1.25707206889965,-0.8285975898371829,1.8261718622168155,1.326132625505889,1,normal
2.574770133055708,641.7501437354483,463.8206063457327,3,0,56.32408929730836,510.47057837511886,2.208869744723852,1,0,2,2.173397884376251,0.4019068413576996,0.8761323636836034,1.959716771465548,-0.0537357682687374,1,normal
3.147977595082244,403.1358344551136,643.099924196013,0,3,327.7027762264128,2571.9987288366324,4.300134696528797,1,1,7,0.0875707289122242,-3.660964190394334,3.884626819564599,2.295743476394257,-0.7557726913438533,1,normal
4.24065643403594,1257.48095790937,924.3457379464222,9,3,2098.9804431337698,51.25077926263104,1.8126912023760964,2,0,4,2.298469353691299,2.0883379443122445,-0.5971293783380227,0.5238161119948084,0.8734845110349505,1,normal
0.9965066741211236,386.10747501820543,68.08586981286818,0,0,140.85173733179593,874.5650752323036,0.3342772211364443,4,1,4,0.4284286871407745,-1.1651873468103402,-0.8526347535832859,1.1043235589867282,-0.8091912194574572,0,backdoor
2.6729621044248604,1566.7313840139395,722.617785444417,0,0,1044.712137118165,338.57926570057407,0.692964853598893,0,0,2,-2.2623402718066634,-3.055248339319191,-0.04529964265226,-0.269762633192441,-0.3585415364331749,0,dos
0.4226167789946253,610.5197594797589,485.2025135172209,3,6,1626.0865134585245,491.7905459381964,-3.803105701401609,3,1,4,-1.0837377787714049,0.1210759145209641,-0.9199703413756122,-0.0771361837935871,0.3832914053182407,1,normal
0.5676382151722608,1265.5563907157168,8.165049100125756,6,3,898.7562793465285,2554.166675999561,-0.775620772727917,0,0,3,-1.021036328044605,-1.3270084727848437,3.2810171827062486,-2.545721508259851,-0.3190666838239788,1,normal
7.636198027363385,2259.4347619829773,475.2521025151868,6,0,3250.1524037545423,1143.9388287680292,-3.5276352935800626,1,1,0,-0.7720658403364109,1.665510002697939,-0.9765395687769524,1.1516359403050422,0.4787785325942629,1,normal
0.1931967810381733,21.66427588380504,364.7777091799437,3,6,366.3004257060896,63.57798606049093,-3.512267290797718,4,2,5,-3.1293026771516104,2.586134011060018,-1.524239033518465,-2.8628126736884125,0.6370946864705357,0,normal
2.111618586289332,1715.3810649589354,292.11885038206844,0,6,731.3189484160305,641.6053339556181,-4.470516942387198,0,2,0,-2.2418170446474246,-0.347205854711506,5.817873896179298,0.6184948411420654,0.1218666279057368,0,normal
1.0498494478524971,503.8746169090144,340.6549893351724,6,0,1127.40298925541,231.4229927612477,3.659437835411233,2,2,0,2.9252115181417464,4.319605565846607,0.7426685054540749,0.2565111864976698,-1.6091409208939351,1,normal
2.836885804413498,177.62770421900865,138.81840631402832,6,0,1594.554384655789,657.7632412580153,-0.3591322625703771,2,0,0,0.0125105915250134,-1.356874665486701,1.664868176023793,-3.667403759641824,0.5381004537400295,0,xss
0.8332457270409339,896.3036397971075,1135.2512798093671,9,0,1939.2561090845943,1325.6679458952908,1.961759898535904,0,0,5,1.391915693553688,3.1939588210940664,-0.1947072991132552,1.4214577875572734,0.2581756460969118,1,normal
2.7942665149159462,1545.701145119333,43.75519586441765,0,9,3135.7487195717717,2148.6617041481954,-0.5943498950176376,2,0,1,0.5216629508594851,-1.7800533127161735,-1.6944920001514767,2.193224045781216,1.1521562585112175,0,xss
2.8071994081367087,294.91257458601507,472.667913156488,12,3,3879.838271231036,1514.7070725433523,1.1978639628596366,1,2,2,0.3709385531941356,5.092757104880127,-0.6989643697276247,-4.921029019622501,-0.0935139786063123,0,normal
1.0446279777375405,1545.270295139598,400.6241329432038,6,3,3139.4356780792987,837.9375965694006,0.0601753393683082,1,0,0,0.246885245049135,-2.1926890732806665,-1.8206705634425773,4.7065638503056535,-1.3053877416784625,1,normal
4.877332888848526,729.7687356193655,510.4263886377192,6,3,1092.7966231813375,795.93688539997,-2.8923027394112952,1,0,2,-0.3789568912479593,2.294225796225557,2.782476607678385,-1.6253106686164056,-0.8805197567701116,0,normal
9.010996175594068,795.626387186367,333.4021364581403,9,3,1636.476461051429,1317.225687696363,-2.003631281772959,2,1,1,-1.523785474797644,-3.6148809603022167,-1.6919948452642266,-0.7378539117926453,0.8610915732706601,1,normal
2.3308303286858325,783.0709837235604,53.07624937409369,0,9,837.3448293721016,1652.940941817046,-1.3200561310743502,0,1,0,-1.6091944586227738,-0.8527327954426849,4.1784864049699015,-1.0216623277000738,0.0604930591357353,0,normal
5.175080677639966,1246.6576343869065,634.915369697779,0,0,593.5461217393718,387.7005167497875,-0.0241964513328087,2,0,0,-1.0628425003909403,-1.7687680916953912,-1.9603602227351,0.3044545060339004,0.9246799408354892,0,scanning
3.6693270744274695,758.5005984319398,126.91704146939372,0,0,2959.0068076533425,1285.7564207986736,-1.4508450416730605,0,2,0,-1.5859185846240866,0.1994455049410084,-2.781075622241634,0.2689654232737578,0.885573760651629,1,normal
2.423430182687361,1643.866310306876,768.9835927536066,3,18,2491.2739639115675,3206.770393115452,1.309812491404022,1,1,4,-3.5649256364510578,3.440791120385533,-2.149675739073181,-1.1146758013057536,2.117389039476803,0,xss
2.7268470952179458,263.7830981839849,886.0197925326033,6,6,1097.7037909340038,780.5360131164181,0.4705631976936953,1,0,2,2.297250333736498,-0.6471837672352003,-0.6661214228415002,3.536364514766773,0.1350771664835423,1,normal
2.786489315992365,1093.5578109395508,736.6729548946037,3,3,1703.608725414137,1104.256725469457,-0.7926316404500072,0,2,1,0.3330916192439621,1.7736842350238464,-0.5691918084980305,1.6961538327542265,0.3793892335785349,1,normal
5.182184948153973,512.4956851873053,53.72652723274724,3,3,1689.791601976017,106.48176800333536,2.9370316772665133,0,0,0,-0.2895162351241118,0.6870496207554166,-0.3970902744517139,-0.1557957158031431,-1.7347620091141938,0,injection
1.706802273275362,1542.5928768604012,370.4905619543421,9,0,767.4479510207453,481.5491082199731,-4.447025127544566,0,0,0,-0.7700351539115315,1.9421318603988609,5.288957951229692,-0.874065619933439,-0.0942826562678119,1,normal
5.541862040261321,98.7458508752066,230.2031398673151,3,6,3631.4169018538655,1530.7880944940505,2.4534427507464205,1,1,4,-3.2131785766075014,-1.8586170047619304,-6.005475387149128,0.6630503092136308,-0.7615197653406941,0,normal
0.2088370456347474,259.65993929303704,179.90317358490609,0,6,2518.3684239468566,1221.1461991699098,-3.968307679433198,1,0,1,-0.8771141690162907,1.4221150951554449,0.6840510381394002,-0.3071932134448371,-0.8066797866884324,1,dos
11.71109542395499,1110.7054271533343,381.999765969861,3,3,2089.313895553212,1111.444426487416,0.715073791017236,1,0,1,-0.1327727123723163,-1.7334684633987492,3.2618627618114475,2.0586450065245225,-1.1754426820471695,1,normal
1.3113743114667564,1304.5416037278862,141.17263974809612,0,3,143.52028218419574,6.92734252167446,-0.378695930997213,0,1,1,-5.116091969188088,1.2213761714764992,-0.8533878024726147,-1.8411662581106731,0.5863833793918646,0,normal
2.8547010618705237,480.4344252667073,40.02889660996213,3,0,1083.584093988294,822.0924419185704,2.140396839181605,1,0,0,-3.099960230950364,1.5333487278331424,-3.1779921485802958,0.1847605158514351,-0.5578739563821502,1,normal
0.3694334565990048,830.9250267313575,296.1824449061033,0,0,1624.370057732835,1216.3955215860544,1.5842481107113917,3,1,0,-2.1450599906812733,-0.657484502530015,-1.8031485144910864,1.615511986289059,-0.5185917458920645,0,ddos
0.005134577629815,2670.153302427162,154.48356986475932,3,3,3474.339408447755,2591.270304659228,-0.1536910583595967,1,0,2,-0.0310082094679227,1.1443861891662797,-1.9389751294622428,4.657322132447769,0.3285135346971545,1,normal
3.8218598187625616,465.2976447102245,62.09610862919937,6,0,11.070430094330966,1015.1137763339444,-1.5938459461405816,3,0,3,1.431943395038335,-1.416670089441034,1.7030500831282542,1.643574545739175,-0.3169023317582939,0,injection
2.031588178783224,498.8532873199233,35.83000693541212,6,6,1253.719886422911,324.22467442141374,-1.62076847260434,3,0,6,0.0350419503491998,3.6016142454930504,1.036883761969979,-1.5662601833025742,1.4403320757054856,0,normal
0.8233565049741518,532.5921338671928,209.81700951115417,6,0,1454.8907665115514,55.95764099821445,-1.8004874230503811,1,1,0,-1.260462025158248,-0.3179386979954761,0.4522116341233184,1.0826446216915886,3.192947008638125,1,normal
7.874892580629541,611.1506638579204,506.91331625026936,6,9,449.8753415939452,2635.900907208383,-4.00580270571423,4,1,1,1.1917697646091534,-0.0042787537141719,2.843441570218115,-4.659903995027061,0.9638302699889114,1,password
6.548773051271093,866.8204403953343,624.9662615054518,6,6,1096.8590536886516,1861.366112712348,1.4790085825829995,0,2,0,2.0747959742445863,1.3366810282476065,-0.4722054745826125,0.2924339855829561,0.6255563524059782,1,normal
3.706144186888958,622.3891113384425,242.34921921703824,12,12,1269.4537427800376,337.31677963188946,2.357414296514908,0,2,3,2.311877106199132,-1.6011211253117332,1.0780661651781405,-3.294999229867793,1.5512457089146665,1,injection
7.064649776320478,96.400177284349,291.2405404889961,3,6,2033.262190051908,415.8609520441497,-1.245737595441382,0,0,5,-2.848326538687533,4.507602960667959,1.438617341827115,-0.959128908683888,-2.192598664785145,1,normal
3.1323137435940422,1462.3762022220772,316.0883499043985,9,3,3423.805309703041,1928.34736335808,-0.99483757034949,0,0,2,-1.7493037468150705,3.0726669893754663,-0.9025838933789688,3.738639978670011,-0.9349937617687488,1,normal
2.264435480576372,577.8567013849764,520.9506423306468,9,0,492.92787485725296,487.5570063077982,2.2033406614440327,1,2,4,-1.2491677472913556,-2.3239098603475723,1.9150214031493096,0.2880067670331402,-3.024954497158718,0,backdoor
4.057284497425016,1089.4790128130037,199.70391368724304,0,6,235.3050997966043,817.9452992591473,1.7018359723192729,2,1,5,0.2448972097755777,-0.5483455505442193,-3.784190973434212,0.2431866803471785,1.514384783529434,1,dos
6.132445842236106,1587.6680105512064,282.35964026706523,6,0,3421.1404158546857,1106.514843185348,4.121637570256088,1,0,1,0.991226237770892,1.3587283621154185,0.8392004272847595,-0.4342178230973956,0.3554430584537237,1,normal
1.35782007349334,525.0902608435016,61.95793182414688,9,6,1609.0776961672414,976.8316473458748,4.2327934948571375,4,0,0,1.8544791220666088,4.072556638201272,-0.7809405787462551,-0.1240889955461399,0.3709248105297104,1,normal
0.2899561587703789,596.5997494964923,437.8627525632457,0,3,245.5007287319588,668.0737574623279,-2.96203058294096,1,0,4,-0.5607896400167189,1.2951206474627943,2.661155155097335,0.8731817213295925,0.4906405837173307,0,normal
6.371408856284445,331.4327205071536,117.31798945970615,0,0,531.4002292355176,1428.533240342551,-2.3247558078260377,2,1,4,-1.0965719615279508,2.2595417727048,0.7089742727073343,1.3878377690253634,0.818613628445888,0,normal
2.6955557242690005,126.18117770809968,228.86987713554663,3,9,1660.805354042317,1047.3255171721962,1.9068172318755192,0,2,2,-4.741496962071357,4.1659412400069735,-0.1952000449916071,-0.9511792913211682,0.6345888594205921,1,normal
4.251099127445726,284.7689954598745,489.6047615381591,6,3,3605.048166003563,1256.0411499674667,1.4402664918295074,0,2,0,-1.381764969239812,0.4752558752333068,3.0087805336293085,-5.365949640603401,-0.3983830044722333,0,ddos
3.0991882518399883,1254.8150510320345,91.1047490093192,9,0,1337.807409047515,2107.20095925608,-1.608572408454038,4,2,3,3.864959741206015,-3.91246379894438,0.346328903608412,-3.6704831859534313,-1.974678736310561,1,injection
3.2127343457073936,484.29688947374615,7.984804482056001,0,6,500.1086006010262,190.29543656686857,-2.689253761307361,0,2,3,-1.3987772635993645,1.7963894144837882,2.397105473349374,-2.673794049092457,1.1233451663406897,0,backdoor
4.182122111071544,1182.399368772146,383.836578246138,0,15,250.1735455156885,729.4045849279657,1.8449774320037389,0,0,5,-2.346149620003857,2.128033905275058,0.2105352741903395,-4.210054042456441,0.4404582823061307,0,backdoor
3.711250266129953,103.98539033512638,249.31217416670427,12,0,1945.2535541655643,558.1959287845029,-2.3398990387544334,1,1,1,-1.3133771137049504,-1.6827464974670343,-0.6167054696858643,0.694161170242792,0.0285229367220982,0,normal
1.096093976443277,660.0570857556291,221.4382055260124,9,3,984.6654009721126,121.63283809061105,4.349567925987055,2,1,1,3.597474840036673,1.909252618624503,-2.2928536251653373,0.8065059225922494,0.8797930786075417,0,normal
2.784308065082945,407.09903991116505,555.3292906209778,3,3,2564.8141769531285,81.73120688331016,0.2048682299164173,1,1,5,-2.246057126862362,4.134876201826068,0.5241546170234275,-0.1105307178146759,-0.4646234583045535,1,normal
6.492540180240859,881.3567623673728,754.9984895930196,6,0,2128.0062005865807,2260.0902254334637,-0.3819506536147553,2,1,2,-2.1717297705831893,2.530933754739941,-2.273202008077444,3.6161809525309216,0.0769826276085596,1,normal
7.710580441755158,586.8233886822148,67.54909744962916,3,0,817.1903349597665,576.4260780228101,-1.216288485511681,1,1,1,-3.197354214428234,2.513569349458381,-0.8908335535753819,-0.5011192917490928,-0.1383820047232325,0,normal
3.5794905090921776,599.3788268731738,151.54663817646397,0,12,456.426580305737,0.0604222267288738,3.72988064844522,2,1,5,-0.8041243252545364,1.1827154217110871,-2.1947658144862228,2.135820902140039,-0.6145711776302484,0,password
3.753125584886601,1434.576072045933,199.71431795652487,0,6,481.7760213706804,344.8412676080527,0.7707129394444323,2,0,5,-0.0499219014087981,1.7415196088128118,-1.5149331348250816,-0.2064620781672934,0.8489726846918645,0,injection
0.0720883704009305,5.468627271922877,267.45415213261526,6,9,2757.7794267476697,1723.2485056110654,-0.1854514878906634,0,2,3,-2.136176116731544,0.3364802600006088,1.5147720488547955,-1.3327979003682116,1.5894281868751756,1,normal
3.3254314486941583,58.36199907388517,604.021899841296,3,0,2364.102369876607,520.3159830244894,-2.338174432138344,3,0,6,0.7775322820220729,5.39120528867728,2.267772251392338,-1.976835159861808,-0.1876887834362331,1,normal
2.1261936044266383,649.8422989737678,211.6244322136979,0,12,581.678696236108,77.85338528740948,-2.137971387813092,2,0,7,-0.9065061053541964,1.6168589738842294,-0.2094571963187141,-0.0332899248964679,-0.492091448833391,1,normal
3.775539052710186,1416.3892310835054,272.9583457712425,3,3,3428.3095957226587,871.5096551749983,2.3427557282502187,1,1,0,1.8361092689033087,4.677499195565749,2.9825977874002625,-1.5660742344720326,-1.221437930569483,1,normal
0.3416877986907681,594.3566821678152,188.65547156926132,15,3,282.85586552859485,1863.102856250131,-1.6707814225914623,0,0,2,0.1579779634141449,0.2998221015695497,-0.576408402198126,-1.3010220489459356,1.553961114693743,0,backdoor
2.45001890479465,796.8688430804597,201.1469279949498,6,3,1697.1324619296342,809.228880987151,0.0195535612160153,0,0,5,0.1170784840718972,1.7467608353010586,2.104261682597996,2.503412229146667,0.4470302630153773,1,normal
1.4750511564374225,321.8565375900562,658.0150943119144,6,0,5664.268842610207,1397.72093066291,5.78297234415431,0,2,1,-4.10921955292858,4.058159138553211,-0.3046305593592966,-3.533597208710188,-0.7550537995000595,0,ddos
5.148522959383882,157.00812160521448,172.96185066209574,0,3,1083.730166772983,771.5501282889701,0.2464748184444365,2,0,2,-0.320464918778804,2.573262046052317,-0.1405668775403954,-2.7652439207363937,0.0109742084806199,1,normal
4.177862415314801,1768.0916962836673,667.5243519611377,0,3,4098.726669897231,2578.655576414028,-4.648247564935232,1,0,0,0.0689803167046965,2.984172440846162,-0.0856644955063123,1.8993175602136745,-0.4173656812662473,0,scanning
2.640663049050961,1867.7602955139564,88.57267789006299,6,6,754.7500826973543,2093.972897256189,-1.1067581754783584,1,1,4,-2.3943858784221845,-2.2467828114883046,3.44617006114114,-1.1613915952299914,-0.8645500851580193,1,normal
0.0842299729572755,348.56899568022845,808.6413481261626,0,0,1194.4180532530668,788.9113634909086,0.5240216517534239,0,0,5,5.180992485555364,3.614270542005245,0.4395094851011873,2.0409846955368147,1.7907551704362252,0,normal
7.033775474099315,1173.712905850702,112.66020917087536,6,0,930.5034237078124,214.28194405580024,-1.8898119393746684,0,2,0,-0.7931041594255979,-1.0539001276948554,0.7672418184755746,-0.3592090538970338,-1.073561493039523,1,scanning
5.497360842604656,976.9409448498832,423.9307779830978,12,3,112.7602165656658,97.44871137618716,-1.9993053757535637,1,1,0,0.1977271444714048,1.5040204828221626,0.0603077365353594,-1.3745819551027487,-1.862960067006339,1,normal
2.0477346860657324,1150.312291164897,434.873839278248,6,3,329.7769376384111,1021.3979922369384,-2.7145378454004696,1,1,0,-0.7530596525050792,0.6419632688900223,1.587004208031909,-1.898478082684448,-1.091931579446193,1,normal
3.4959130797625315,206.90423419693744,65.76492791302647,12,9,380.0965597304448,508.4167215053565,-1.2751022419286642,2,0,4,1.1610716735157551,-0.3201599355341655,1.649957605337066,4.147852872910906,2.101383036168394,0,normal
11.502605948419864,6.3895079795046605,242.80026370816216,6,0,1676.837924620815,211.19212106881687,1.7609477499440926,0,0,1,-4.475511070963488,3.5386653190032598,0.5631600429434003,0.3134886158478348,1.0805566707819798,0,normal
1.3093060732513289,413.4116215647932,222.6475826185231,0,3,820.2722758022775,1714.6480625377214,1.5165083291339942,2,1,2,2.6159080815814875,-1.7877825248862786,0.3153949548809864,-3.925604852779833,-0.0614658206394252,0,scanning
4.152421319016909,499.9118515570987,501.8524970121744,0,3,1532.8130063930848,613.3333109773403,-2.543106861623972,2,0,0,0.806879465742395,-1.153441988753775,-0.7988569651936615,-1.010460069604845,-1.5147288464559736,1,normal
1.3616473691205957,129.50187091650272,256.53009749265993,0,0,856.7264145565225,554.3826145100311,-1.1758451648388693,0,0,1,0.739711856491247,2.631662355294015,0.4425769465852838,1.248569466605037,-0.6069339512185795,1,normal
8.98186366163708,341.127196390849,944.8919713225044,3,6,858.7923363378254,551.1852662556239,-1.751880079843092,0,1,1,-0.1856102026639343,0.3728502081154666,0.5124070939771357,-1.4445232666946175,-0.3266046976961619,0,password
4.768970697899324,526.860479576822,98.262154535738,15,0,1135.4188718102448,913.7645724362465,2.19352062145743,2,2,2,1.9309264795790584,4.350361257982759,0.8310234856910619,1.3724066304128273,0.99674846057731,1,normal
3.3823569356400816,1265.521462316752,54.27232467690365,3,3,1291.2709419760497,1175.552183566807,0.1335509212019805,1,1,1,1.7558824877106156,0.4179228600092771,0.9007452673951392,3.623485336783732,-0.7962525300285209,1,normal
10.488733811680328,2444.757009184542,131.8082630300428,3,12,6427.488956648398,2858.74801694073,-2.8987426461383228,2,1,5,-3.657520250488349,4.273762719106982,-3.9116060911735184,-1.5149062862293314,-0.51573310688592,1,normal
0.023234298759774,716.3283474999924,470.11141833810257,0,0,259.4441734426369,839.9115778805477,0.0680673164454574,0,2,1,-0.9483941737501524,1.7066987687642678,0.45957036124104,-2.0675469250896663,0.4666148177438408,1,scanning
6.298432373655275,776.9632142758131,196.8219455783397,0,9,1823.9521063443888,3179.681093574476,0.6239973911561298,0,2,3,1.920463123596022,-3.8302874449989366,7.843319061316068,0.4711401728279846,-0.3038017568064489,0,xss
4.576457638638052,1628.3072816601632,577.9226633060676,0,0,1691.456098821844,228.60167590002035,-1.6358198543647868,1,0,1,-1.764498225645523,0.5889041386566184,3.967710016377573,1.5686402604533476,-1.138260005447388,1,normal
4.843661754008065,923.9359449624452,260.0580032202519,9,3,2153.638256088334,3.938404620770598,2.401782844274436,0,1,0,-1.7287508357638066,1.72730528485717,0.969274565188796,0.3151238791259689,0.2802964994690397,0,ddos
2.4931917429859194,849.5364752385691,429.11044221337073,0,0,2302.081237510617,2193.891704393404,-2.959089887835693,2,0,3,0.3702233620944826,4.393460839741143,-1.0651912666819676,1.7795835282819763,0.0515689367133242,1,normal
1.1065732649177558,154.04118401458032,428.2595826441407,0,15,399.9421503640496,167.59323595163914,-0.5693265472396888,0,0,5,-1.3191582707585432,0.1580820801131746,1.852329452861757,-3.8891024541693087,-0.4327005201762653,1,password
0.9499019492362936,387.4258383456446,385.8414831593613,3,3,674.0096019817626,1347.3831848716811,0.7054682867011679,1,0,5,-1.8974230171315984,3.6591978465451622,-0.9005388747877663,2.4669101145177983,-0.5283080372515452,1,normal
1.0072288312835431,1163.607897742205,129.75083953952938,0,6,114.87897167262668,923.0152271919076,-2.696680100060876,1,1,0,-1.115006178090426,-1.2068046109390935,1.929265183247329,1.177633967720687,-0.6675584203212832,1,normal
7.4454988794296275,1208.5059548537292,203.2332396110731,0,9,1189.8389631231898,2552.52040141052,3.705515433490437,2,2,1,-0.503686250920851,2.2176870221345686,-0.4818595879967657,-2.523514862584123,-0.2873411412286548,0,xss
0.2777131018980681,1065.9204559677578,234.5256787367748,0,0,1216.4636752151966,1498.2398261101243,0.230514679214962,1,0,5,2.201089982752769,-2.283537646306248,0.3266932223515608,0.9261902380133892,0.3674368923602115,1,normal
5.320622686417611,2091.709760763304,665.234207689675,3,0,1725.765153144329,2321.078073934041,-0.5886102198519488,0,1,3,-3.299716299233616,5.229247395022459,-1.4122286417076446,2.5865229222384167,-1.1598658857909787,0,normal
5.698091990240084,106.51994474322512,121.32912047262144,21,6,2883.6555380759514,2618.9274532067307,0.956942922375696,0,1,0,-1.042143358751454,3.285657347632512,5.5867437467855146,5.114732680731724,1.8672266429837536,1,normal
6.359367749567189,45.947484005418815,1015.228279691724,3,0,2983.812392778937,64.13239150928969,4.329247152959993,0,0,1,2.9051561319256582,2.97048603964466,2.494123607011088,1.3281266980694362,0.2535883166299908,0,normal
0.6860710132352738,630.2701447952979,442.311049670841,3,0,1361.88990885668,363.8867990133527,1.648946327731378,2,0,2,1.5117833345980674,2.9014424768913747,-1.8341051218768052,-1.4049011365656632,1.450515896029501,1,normal
0.2508004859103078,628.8673313930375,336.8993428714865,9,0,2055.71376168558,820.5159266337496,-3.4861502657458354,4,2,1,-3.468888095715119,1.0454891426348962,-1.3418200321296512,-0.2255711141811429,-0.6258213083650077,1,normal
1.9936653788178884,116.08921720407072,381.8234637212358,0,6,1661.1976701899928,1840.6976811886905,1.531641771676432,0,1,1,-2.6332172263036133,1.6242224752901786,-0.9396519523182854,-3.7492805673735656,-1.9117712922789556,1,normal
3.78988953046,1166.0417359188668,743.6905509836885,6,12,48.93835636420764,812.2944202885517,-0.9994412503828876,3,1,2,-1.0514555218603758,-0.2090256746370882,-0.4951854776750708,0.5464696986645267,0.0339515249570513,1,normal
10.147414700156272,39.32870686108514,136.1592954674323,0,6,520.929515680651,558.5494971497677,0.3898546143412704,0,1,3,2.111501090672666,1.2803798127676556,-1.268340261529856,2.9168534275009623,0.3488349868960096,1,normal
2.066029561966781,2008.4831020390327,570.020840152508,0,6,2852.77757802774,2474.3184688563983,2.912834776431114,2,1,0,-0.183892767606582,1.1326913621335195,0.8602186917461848,-1.5690828284789775,-0.3712041849695616,1,normal
5.12500550964596,667.183061697941,331.03784610297697,9,3,1621.8168780945084,2331.981661513428,2.0807612897997547,0,0,4,3.192891469106393,0.5046429764811136,-0.4742424107077119,-2.960963111651693,0.8579637803197561,1,xss
3.29289218291753,1030.669682245176,234.15392659103128,0,3,411.2580117134494,126.57683228620716,-0.3436689995055467,1,1,1,-2.5326738523369574,1.5747937108624954,2.041112998245791,-2.889048847521301,-0.6665372822866441,1,backdoor
2.064589725918266,1608.0934871472955,758.6649047432891,12,9,399.2519360330935,1076.7520319707246,-2.1405891812258284,2,0,3,1.2563834599067116,2.3223485161511084,1.4680285513619062,-5.493710679949093,-0.4399436154681271,1,normal
4.419411763336632,710.4411283396873,165.59750108314282,0,3,160.31139392310206,1697.4600953814477,1.0461133873618378,1,0,3,0.544731375067386,-0.4956525420425022,1.8729271668214231,0.4550915741083967,0.3479218541972426,1,normal
8.044930365530629,1330.6586502799794,595.7007304701223,9,6,314.95151648083595,389.0322562866624,-1.9450090371909017,0,1,3,-2.428521747130133,0.961962316387956,-0.2448603084558823,0.7878174567968439,1.0529577316955152,0,normal
0.798837131167332,44.97526701857601,296.1809855598901,3,6,255.5922225625183,722.5904021850283,1.5157045711682644,1,0,5,-0.9218032316300266,0.3581671204800256,-1.76916453455816,2.0388888748839884,0.9640471487357616,1,normal
10.25157002039117,380.5517182997879,74.54904679922248,0,6,3242.478990353712,1421.8124570989787,3.1461308685454235,1,2,2,2.5448919774160994,1.0052998124531245,1.3571348840591686,-2.707939337078111,1.0581111727299584,0,xss
1.4216147735356808,387.8231214755141,453.9503434116186,0,3,129.11506660128254,506.0615250189484,0.263953925145588,3,1,0,-0.1742865655133003,0.7800846054884416,-0.3574175011209486,-1.7287834463995622,-0.8524641945247149,0,scanning
2.3148235009662645,717.012103096975,262.32235925054067,6,0,128.24530127950203,216.5605424708434,-0.9073168991067552,3,0,0,-1.063823442339143,-0.1670546666122168,1.687401514891672,0.5029988762392398,-1.324390929615079,1,normal
3.0883128266901405,198.0657525809959,600.7964869584792,3,3,1442.510657377618,1194.5232482737706,1.5590482343296863,0,1,1,1.4208508107297355,-2.7683893692743333,2.424909321476753,0.2089539561367173,0.3957479190619737,0,scanning
2.168534365988305,550.5379666936034,530.0720619081105,6,12,886.3213086496984,73.62218628006633,1.4075825217908926,0,1,5,-2.7005621813328142,1.3630444954701124,-1.601173964724228,1.9101265295339225,2.9617091047351045,0,normal
4.319287198677643,345.3161206672541,408.4883592796383,0,3,1450.609563149154,1529.805718987164,-0.0315642709378944,4,1,4,0.4298974767481869,-1.0694571314265724,-1.2718440080149085,3.150857457664209,-1.577691782604035,0,dos
0.3949158289658911,428.8204682287511,868.244750078364,12,0,1653.5657059467592,766.7919055219804,1.8191327323798017,1,0,2,1.171384907403049,2.9200732762171984,1.8960176852357735,1.3059520918731762,0.6555254061196201,0,normal
3.727828829010992,680.5411173488576,105.50808250542514,9,15,1863.600630425075,743.654658525808,0.6217637247187282,2,2,3,-3.2361739780766072,2.360790950556684,2.548695038438892,-4.281332331385872,0.5979608179510469,0,dos
3.5105848539419595,10.0864103665812,917.6734882303518,3,3,2141.138320384703,201.556166595509,-1.3104521982624868,1,1,4,-0.8360569289194444,2.548870726466176,2.188414815521995,-0.2791076075286015,-0.2534872993004407,1,normal
3.400494835906183,1033.0827781169437,343.5070690548865,0,0,1402.0243658500897,1451.9134955867094,1.3180660775659627,0,2,5,-1.987563261210218,-2.707972343722683,-0.2989817320480046,-1.4224736468235055,-1.0894564782071796,1,normal
7.119523627313108,1210.9471701397458,180.18614025666253,6,3,361.8840397822544,2254.958749372729,0.6216412152845117,0,1,5,-0.2554092468670592,-0.030095640138283,0.9867436682757692,-5.01423159628773,0.4005580682137361,1,normal
4.072442473057357,931.526582240014,616.0469819440045,6,3,120.49005879680766,303.04265030000767,1.0917435829748283,1,1,0,2.2105528022846093,-2.7007583395785524,0.1778912855977712,1.127668201174873,-0.1263978987414902,0,backdoor
9.290673665523713,71.540293784646,168.54149711682967,3,0,887.078509941618,727.255903282875,2.643346490170184,0,1,4,4.964610414681091,4.003746637438287,-1.6558818331919356,1.4348955982129832,0.2814776197840075,1,normal
2.363775161922661,918.9382477838386,60.3650078325368,3,3,991.9468028723747,975.9844950992476,0.981430447810202,1,0,2,-1.673343045574394,1.0227096916957932,-2.5854445996100064,0.9684845730009218,0.4427018934964634,1,normal
0.0444152184410352,941.8530973479732,203.03123918437177,0,0,1628.3564216428829,774.3401678837849,1.4551230660753236,2,0,2,-0.7796942332575283,-0.0914541254802638,-0.885284809878305,3.297668333597036,0.1454104445933056,1,normal
1.8497421366437508,248.8744317451692,240.4598452992957,3,9,412.7829424940516,209.92544927285516,1.3347788752443397,0,1,4,1.727542646326905,-2.3417743832592164,0.9982359674911592,-2.279322781633061,0.1726316893821349,1,ddos
4.078190752073368,655.7850990786258,274.9186927651907,3,9,1216.2527413478756,134.3321252798924,-2.294227693719111,2,1,6,-0.0451413266282543,1.972701903293432,1.9863127392956816,-1.381144671489158,0.5025339803181468,0,password
8.285647792320171,441.2735763678687,220.91398497356045,0,0,1707.5383603023474,691.5227469135075,1.7124168082884637,2,0,0,-1.0871112942250163,0.6261463943907901,1.312053377889355,-2.276826582680042,-0.9542279881560216,0,injection
8.52554141240348,2174.339027949495,239.0058209037203,6,3,5142.359448906904,1715.845867008477,-2.7544530492228114,1,1,3,-2.6660277955535934,2.652987021837136,-2.7154886202575783,0.7799857294305499,0.4352832201556579,0,normal
2.368873023489645,704.2132612387037,561.3289101361856,3,3,1232.54533213963,758.5830585022376,0.9772665373582844,1,1,1,0.7754113919491346,0.1105211634971015,-1.6288267870548625,-0.0568482500902847,1.2563804285311553,0,dos
2.643126884253801,272.01521652458007,143.5026688788244,6,0,1166.478038841107,167.54292731005145,1.1625824769182087,2,0,0,0.8090037713795848,1.9889594094965632,3.202334196035193,1.996111330701676,-1.211526177362216,1,normal
2.44563369872314,1157.227560993471,957.1833377013684,6,0,1410.337044041838,6.869591205867708,-2.2235957018638217,0,0,2,-1.4072825848691928,0.9062258520845282,3.441116563280702,-3.377847594128569,-1.4301972673851218,0,dos
0.944339845964264,1273.0567098863007,426.7032225390148,6,6,3359.1581414346274,427.9719067546575,-1.6233684803996489,3,0,2,3.6382770874425887,-4.462033721880466,-6.472885478042,-1.4757016903130482,-0.4002200403522915,1,injection
3.2136758656582307,1142.158710567273,223.24763255363968,3,15,998.4018946547724,1793.5782125104893,-3.8834491192908263,0,1,2,-1.8130907140078816,0.5425342731436191,5.842898896232965,-0.452950680526257,-0.7108151465273492,1,normal
2.465749400038836,341.437810987394,420.4476286189721,0,6,1527.6466510803707,1538.8359078665956,2.8860284339018056,2,1,3,-3.4497428667873766,-1.1656593414287162,-2.878810336179714,4.805457535658022,-0.1781738413350649,1,scanning
2.27515014665985,2100.094696516091,516.947631731292,6,9,3262.721261703684,409.9110593809459,-0.2843206594848755,3,0,2,-0.748139202683427,-4.184577430303416,-5.495650720524181,0.5191551515819515,-0.656253977041947,0,ddos
2.620811371595956,991.0181310316904,444.78092545398056,0,3,1851.817251232108,345.1415826900977,1.2624810978467749,0,0,3,2.711799104993172,0.246588833490487,0.9908234272757088,2.09621415174148,0.4561255200452142,1,normal
4.001927491372924,327.73214284663175,218.50234845213745,0,0,1171.9990189116602,1116.2315584902667,-1.0395530245119775,2,0,3,-1.0087777949918817,0.5138700346811391,-2.431488742687272,0.9148679869915256,-1.5381134879846052,1,normal
0.3955416328518146,126.96497988767686,102.12826641450556,0,0,1411.9761268686775,1269.4843181936633,-2.1002256534975814,1,0,2,-0.3179646490084835,1.1470291964765646,-1.6053354541006457,0.6706108465016912,0.647870399652107,0,normal
1.862298835556588,155.011847456072,109.6655641690554,6,3,840.1982531740293,559.7579378321453,2.0406466672482555,1,0,1,-0.5523570267866427,0.6036871042842711,-3.2312996982443654,0.6709149759661605,0.2340210755498279,0,scanning
3.355049609423995,751.842064033189,476.5114306927318,3,0,578.4745590124846,535.1240387149196,-4.769475851850607,0,2,0,0.9104882980560636,1.460936212240118,2.2735729376271365,-0.7075124701379165,1.0274047345373531,1,xss
7.685083012186279,821.6809801730893,318.593518577545,3,9,1991.8802729426045,389.8908019603505,2.922093395322392,0,1,3,0.5159951613437115,-0.974662048321938,1.5841780687956306,1.589511999048157,-0.6371784432342644,1,scanning
0.4148598743532864,2624.759289216376,114.84191697697402,6,9,2902.159067152954,1095.2287222411603,-1.4035762058663783,4,0,3,3.202184667020221,-4.336688977020008,-5.573510322161325,-3.134585323238558,0.4808854656033133,0,scanning
4.0626941833939805,215.2729769585069,9.359178255002488,6,6,479.1080563479383,301.8906729636775,-0.1468861133983456,1,1,2,-2.778988228752401,1.353621401826527,0.1358879406535023,-1.1205699499812058,-1.1254429344662702,0,normal
2.680784382245678,97.0005941303943,382.29813850738265,0,0,610.7585800711405,131.9233628301313,2.573368736960803,2,0,0,2.5475580830356828,-0.4016145558126067,-0.2652043000539759,3.2178427537575187,-0.3010723215565709,0,backdoor
2.302364861968841,855.9019026786557,8.073597225568845,6,3,4504.812143221196,979.421130217062,4.611290990872819,0,1,0,-2.6909160202513887,3.0424851910559605,-0.079281662479977,-2.115685348826631,0.7331857657933888,1,dos
2.954617394443089,1091.8881399453646,414.6107513860039,0,3,4695.144363288034,2265.3220385833165,3.210213145818134,0,0,0,2.6758755146326743,1.0843684474732964,1.433775212160991,-4.201553169813651,-0.4597871764291918,0,password
0.2017608969874045,120.67878057127834,930.4163318663334,6,9,428.6804710208584,367.7646545924088,1.5008399365551677,0,1,2,-0.8274408060139702,-0.6431505722108447,0.5930767337504548,0.8675021282949001,0.6020816975637422,0,dos
2.4149663868381204,175.73676142186977,103.27208619074888,0,3,930.2397188764954,713.5826948836796,-0.9818327489366864,3,1,2,1.3724257224207628,0.2837374187137043,1.3557663790094756,-2.3674647967985947,-0.2791059939073736,0,normal
7.881818364390601,163.84786057944274,171.3566682842316,0,3,295.08304158362233,1275.194198506293,-0.2195814216328137,2,1,5,-0.2710325519362981,2.2200093527939133,-1.1889000492494004,1.7076032333622493,-0.8125791412894229,0,normal
0.2593871428934765,488.6370049550929,589.8364713710596,0,0,1073.0444387286325,1590.4825460311454,-1.005779778904614,3,1,2,-1.3174026042669988,-3.1337198188416866,-0.3795926045921527,2.9237599753264885,-1.2365368184059329,0,backdoor
0.4441070320226633,1379.5930523754853,682.3643246562771,3,0,661.6666867008719,1580.1392283671444,1.2584553553531248,3,0,6,-1.844870188447597,0.5914549020028753,2.729740073655396,-1.1219013006309535,-0.4888085255222424,1,normal
8.965403933109588,767.697291966223,1125.2491537425033,9,6,960.3534352163548,657.7189943834683,-0.3624450683785127,0,1,0,-2.666211697989511,0.3607754502937335,2.01203184161298,-3.539113204964539,0.6465161244909114,0,scanning
2.58346929762513,1087.095033773079,637.6571925982279,3,0,210.291667236876,902.1744982627328,-1.4769267762271243,0,0,1,-1.1256397555119917,-1.0512363492641368,3.1691513390081685,-0.5745102179809612,0.0888792098966729,0,normal
8.627634165599252,1257.8026933947842,661.2319723086247,0,0,2131.9143980085973,1726.7811803630143,-3.369573261580864,2,2,7,-0.6902699978556792,2.893916500196192,3.100361093609923,1.8135381155961787,2.176787848140085,1,normal
6.536912320334438,1734.6566792678666,466.46321672735246,6,3,1016.3105775234368,539.1869304845281,-3.6768806806859686,1,0,1,0.8608414553577657,2.0606812438790283,5.991078045337444,-2.0502643781026784,-0.4512863904139845,1,normal
0.9071997557800158,2180.000950458444,172.39872259741517,12,6,1449.3789417647588,741.2667416547723,-3.400953473525305,0,0,3,-2.9883257188221584,2.956979751854835,0.1256887964370563,1.269486957927789,-1.3521371305475438,1,normal
4.330407470628679,194.29751375777315,713.7173331867405,9,0,2410.699670697517,920.6115221386012,3.560574811760743,0,0,3,1.9989602993451432,3.4453671899182785,2.940976130111498,3.0569119919370102,-0.6433882812138058,0,normal
0.2260560729410605,991.0143086694394,147.02520999755458,0,0,492.2760778178507,1871.205944223609,0.51812553937438,1,2,4,0.9363340555570387,-2.2633995196112124,1.064760259471028,-3.37938350422398,-0.7861243428162993,0,normal
0.6455357237045617,2709.1013086990606,715.4384102008172,0,3,104.41695103610304,112.3856862194782,-0.8164711622789234,1,1,0,-1.511550340789279,2.770010779883385,1.5075679907468382,-4.166051332022244,-0.7385935917247389,1,ddos
0.8873722349554936,1038.1855376470833,12.441393380080502,0,0,1083.6859322212936,1538.898321366221,2.747895961212919,1,0,1,3.773924915945286,2.0860051957857344,-0.1936046378182561,0.2263177383952439,0.6351515068265436,0,normal
1.2338526384238602,654.4032177943574,66.64816445759449,0,0,18.480032305990548,2273.512786426299,-1.5492977856280905,0,1,4,3.092441216681613,-1.1499787833181083,3.836919118116678,-1.6411356769039258,-0.6885666162326282,1,xss
11.127505390048356,876.798334599686,463.0997378774254,9,0,879.8743084127983,304.9169768993717,-0.9950473588485198,0,0,0,-1.9955141862238333,0.7479687825276995,0.436865802689387,2.0215794570310632,-0.3729849827347903,1,normal
2.571415996464425,869.8761201310991,122.7459126491184,3,0,641.1135855255206,84.85425930435146,1.9155995631058704,0,0,0,1.7679818876778717,-1.7768856599357576,-3.395782522387745,-1.8618231745835396,-0.9314179287956506,0,xss
16.41654453868963,1474.2964210001478,582.8793495454191,3,0,2494.5988048433337,2114.1019948019725,3.2949211412455397,0,2,2,1.4299450432842662,2.3109097177173066,0.8775098085319147,-1.4199181819683655,-0.2664582028168196,1,normal
5.2420166665422805,252.3419377777869,60.3986756080033,3,6,1328.614066263826,1854.9119336573287,-1.0199223853100547,0,0,1,-0.6201430901183906,0.1594232778887494,1.9193729617120956,-2.203912936262548,0.1146394369261125,1,normal
3.3005585016923007,1630.8409735793346,271.5222580776746,0,9,1160.1129516874323,1217.313398820957,-1.9363982721234136,1,0,2,-4.539010098220762,-1.019948477706411,4.477858023534889,0.6651605367595426,-0.4893626517186289,0,normal
4.809367199232047,584.6067133791724,162.78926329414878,3,0,768.5504111374803,27.64202412045061,-1.9012515955269635,0,0,0,2.077243576099388,2.121243128171219,1.901544985098714,0.1317428375684637,-1.114768140498098,0,normal
3.2438735222850053,52.648496352756254,443.7129046530444,0,12,408.3308061174474,858.6697193265209,1.2111881563877522,0,0,2,-5.04690675340058,1.5421592837358835,-2.3936098193066435,-0.700079282666674,2.2089602385499023,0,normal
3.573250527835868,519.0755899474128,84.35027257242861,0,3,2265.683224505838,1470.542720171509,0.4295249571091668,1,2,1,-0.0560913955590651,1.3905298005993796,-1.695562243903075,2.152323458146042,0.2863097504186235,0,normal
0.6577358085853818,3839.4544524929206,307.4765745915076,9,0,4255.253016284562,4893.51163487257,-2.799818896163675,1,1,2,-2.999965022234324,3.135244459986588,1.0608813670914246,5.389452032057002,-2.57329397721884,0,injection
5.4400210958361015,2259.9946125882648,394.93558849903087,3,0,319.0844864781366,865.8230849820064,-3.509454653944477,0,0,2,-0.9971629387454723,2.871024542654448,3.741592042495873,-1.3106023520852674,0.8605944638403501,1,injection
2.7083274302039877,303.97407139347354,30.708682878315702,3,12,1269.3290833597962,333.2063683598931,-2.4709211194862086,3,0,0,1.2939341411687355,1.032373570359992,0.472647985674411,0.6957954118086583,0.8093367162605706,1,normal
8.462867871192968,601.2915696448987,454.35937866634976,0,21,3725.851375847069,538.2640647682709,3.8077981089331816,1,1,4,-2.116248866391466,3.367807402901348,2.4929129309213325,-2.155235654606005,-0.5497175867974842,0,xss
3.740977151831277,171.6460994085885,126.15568365533689,0,3,959.5407780065044,1541.5067011278916,2.116144435372445,0,0,0,-2.8712259500020094,0.4682202561470696,-1.005113612580666,-2.6833044426757784,-1.075764546972664,1,normal
7.995648567468123,295.2878983836117,629.7760014561945,3,3,874.6424703064176,399.8154613464321,2.7935727520001787,1,0,1,-0.359970498062927,0.2208604094869002,-3.402704181173952,-1.0160912424871056,0.0534032112691148,0,password
1.6320385541336155,359.6482034056552,104.02907724951672,6,6,84.74424210339932,185.67265077842492,-2.14860473654529,0,0,4,-2.906906278959071,3.1787219391509804,-0.0523583948146095,0.6467554167538463,-0.6898611801843637,0,normal
4.13674363337465,1771.8424100143925,230.86037643409804,0,6,3929.043204014024,2863.070229852773,-0.6589552340810403,1,1,0,0.6695399008958856,-3.6711770989773607,-3.225173666327379,2.926384785436128,-2.344508751357089,1,xss
1.8463239384250465,1470.7066572391093,507.1338401069864,0,6,3408.7970472819256,1495.2197879882435,-4.624134324404622,2,2,3,2.193857971917202,-0.1821365690097758,-0.6427065721443674,2.5256033191678138,-0.857670141672019,1,normal
0.2186740995603504,378.3487329092898,694.9206236126074,6,3,1899.560920146294,1114.9833776658872,-2.5811472667678994,5,2,4,-0.6590081670754014,0.4309732519421061,-2.681926588600218,1.2311111715120984,0.204951682462832,1,normal
8.009484849640696,1483.465819171495,707.1871807151255,0,6,147.11989749964215,809.0148338335249,-4.49990164301622,0,0,0,-0.5104894815907255,-1.0466204850721652,6.209895495877951,0.0866943546738445,1.694170816815186,1,normal
0.5338092685520877,1052.2738823058298,437.2426917741365,0,6,90.34178176015082,1589.4974235602783,-0.7519293843600685,0,1,1,-2.783548599059832,-0.8042805058653013,2.36815897616238,-1.7510136157464702,-0.1539152368891751,0,normal
7.894897789794172,1293.5256688196375,224.10998872702132,3,3,1296.2541467813255,181.7945259423769,-2.535907658849013,2,2,2,1.3996815140053462,0.362317494350071,1.9380884559182372,-1.9118014779614263,0.8496586290417788,1,normal
7.469965304019459,289.4902380047474,882.6263300847652,12,0,576.9424155886958,151.6463200924544,-1.0856371795376198,1,1,0,-3.644586846431433,2.338220198766953,0.2998655315113643,0.6849262605298013,-0.2537268605176725,1,normal
0.683466307417523,876.6264602789227,25.05261019266013,3,3,881.2284290719836,167.14845869794294,-3.5259036510649464,2,1,3,0.1981543238960426,2.805740944233065,3.676431290278272,-1.274633375743678,0.0581367792276903,1,normal
1.074888680343464,1435.970917381229,615.4587166996492,3,0,3121.941433871197,2245.618024498093,2.239460817239868,2,1,0,2.4516554195836804,-0.0730429762520019,-1.2959253693478956,-4.501937452852527,0.3301526588789035,0,scanning
5.74814898304436,972.6390614198934,1054.9625767722462,3,0,1398.6091182299472,763.741904441145,1.1568326352307126,0,0,0,2.4894716250439317,0.243363349805708,0.5589684150670207,0.215941017648509,1.286017281504425,1,normal
7.892503306042878,1069.4367418644313,53.6337104131903,6,0,449.81661145024657,521.3552564443384,-2.320863401975473,0,0,2,-1.276169599586745,2.141428091268106,1.7309276969736858,-3.3995953079262597,0.6957964912902024,0,xss
8.074709445789107,866.0286747134178,900.8370132095936,0,0,519.2401706193746,533.2405902084299,-1.1961582106806146,0,1,0,-0.535472500187993,-0.1300921077802423,3.3224756041766463,1.8211025363732405,1.3574210137737313,1,normal
10.978806963837368,604.0019188790067,288.3344985997675,3,12,710.744547589474,2068.164376560176,0.2051563074131694,4,0,1,-3.2073037066593946,-2.608120245240152,2.3877477034175625,0.471269021260461,-0.8034857283180462,1,normal
0.1467407806402304,87.46672949303225,129.4202450090681,0,3,2452.7544842596244,1858.852125312551,-0.6523834829665295,3,0,2,1.880923912176079,0.41413624254225,2.2601750639599314,-3.35002796727333,0.1076420337812832,0,normal
8.224837850452596,1938.301763089476,366.5917292233455,3,9,1117.0180854230832,941.7024428353096,0.0066171384065727,1,1,3,-0.2246014483581182,-0.8313975658049424,0.7228987067205408,-0.3057499127694028,-0.6809636398215998,1,scanning
4.750377214565696,76.77473229204324,911.672106412364,3,3,1773.7334477874338,1468.8859156898293,3.807582763632177,0,0,0,-1.0265806926783598,-0.0169903291604207,-1.0081626333260023,-1.107174349842045,1.1846909381553852,0,password
9.374381689161988,434.82128657968286,548.8719711083406,6,3,1430.059153008591,776.3052493015772,-0.8887731423985747,1,0,2,-1.0020361157397757,2.423110636624605,1.0343687500850796,-1.7534720974859943,-0.9340374378230007,0,normal
0.5317374223032595,1101.8186102681454,442.82290912612535,6,0,85.32784420910353,771.8606156561656,-0.3882667010598264,1,0,2,-3.509495112502572,0.56144618029888,1.50903782427222,-0.4204444757360035,1.2291264948729062,1,normal
4.23871627227477,582.9085335691332,146.41694122581336,3,12,1333.701658520011,378.6227257719937,1.6308551691062745,2,1,3,-0.2895170672486582,-0.2418993504921655,-2.502104258910744,0.9209584418898572,-1.1606307883307825,1,xss
6.192641959032383,478.7761228136071,413.52830830855095,3,6,2120.462792527277,242.04169752413108,3.712506484902754,0,1,1,-1.713029442547884,1.9200918234143287,-1.1427080456344556,-1.6710550956911747,1.2161577618537238,0,scanning
3.206282384274947,121.40692861557324,544.1563328323341,0,0,52.92257874431283,102.67855340771384,-1.1939464965603968,3,1,0,0.0675471786964694,0.5029519061016773,1.136713196994477,-1.014334320752653,-0.5638408319331207,1,password
1.1668515014736431,207.02774611944875,325.873704838804,0,0,149.7379438549184,1170.4463738126462,-4.003276371744914,0,2,3,-2.53932363325501,0.6550600057952265,4.37365403888248,-3.652069454324556,-0.1651096313792024,1,scanning
2.21376688693805,84.74149546112797,1026.6820528611677,9,0,1571.6191762602482,46.1862336128038,1.7460635325578928,2,1,0,1.349363443983833,2.8559085034562752,3.1256998799853437,0.983110726940114,-0.6367005859285808,1,normal
2.441099344705524,1180.4151268759035,142.2188576052725,6,3,57.79595533731443,2180.552135149845,0.4648931625448786,2,0,3,-2.498194163788998,2.6280594157384773,0.6392083825024157,0.7150425960388691,-0.3816007781959337,0,injection
6.421476430407598,1047.8884856711056,66.76257849594126,0,6,3827.13316643552,2117.260633210169,-1.013619360389484,3,0,2,5.724117349880259,-7.084520128554757,-4.59279966846288,-3.51391690459072,0.7543171662764653,0,backdoor
10.433953495466511,1596.1403781776978,156.41460771889265,0,0,2309.269313090824,58.337379660029775,-1.3881035893978113,1,0,3,-1.056793498382996,-1.323215238069145,2.3459521536447894,0.5935137827459127,-1.4149473208482388,1,normal
3.332966642267984,1278.4812102265837,1051.768794800726,0,6,3908.0331616339536,1229.7787624917055,-2.7638385882506693,1,1,2,1.1561500724334015,-2.073246084770473,-3.236340526718496,1.6434988138451163,0.3637171912028474,1,normal
13.772654419177204,283.8924346637613,602.2389636135955,0,6,1620.76949647599,878.8154282455615,-0.4005341074427022,0,0,3,-2.440605280357857,2.560427431181558,3.4153098645293687,-3.100125384596524,-0.9520769420012194,0,xss
5.409463449778791,831.885050151568,77.02410843359796,3,0,349.87477486085567,555.9219545627724,1.475636195426569,1,0,1,-4.438045264156799,1.1043224506396212,-0.3733830838274518,1.299933541802229,1.1787364334629804,1,normal
1.8138414367361624,374.3922752384889,446.58574250793896,3,6,2632.209540257613,868.578972724798,-1.9829623152833065,2,2,1,0.6502539227804505,3.122593118651948,-1.5248874460789377,-0.4233934119797798,-1.750527766209612,0,ddos
0.1403724217948067,243.54849712164227,390.0152591943602,9,0,1202.9985102099697,281.91149417048155,2.845051711193816,0,0,0,-1.0606045305940834,-0.9383782087395416,1.6001381794572058,1.1699394061549675,-0.895395468310962,0,password
0.2171864358589128,492.56592451605263,1250.3315296943906,6,6,567.9914889104612,15.110578314817984,-4.065253433149713,0,2,6,-0.723793390350578,0.3359081549304098,-0.7020407093309555,-0.6087932336500124,1.7528546185660552,1,normal
4.229305629056688,110.51345530720104,351.0686974863783,6,3,304.99154739014614,451.8781269533397,-0.3948147943910902,3,1,2,-1.3756462461694363,-1.07096364210515,3.6484162467534658,1.6152305546019974,-0.1845821350776202,1,normal
5.752984668537012,1209.7668214431026,155.6198279424037,3,12,1621.278933568505,861.9778930682403,-1.94187252598301,0,0,1,-3.0324451539342565,-2.745198857278436,3.702024481098328,1.2799887982738465,0.0922935470189436,1,normal
0.9805170967634168,402.7749036852205,638.947168231309,9,9,655.1146249258686,460.2994233900869,2.613927955717245,0,2,2,0.7861810643147846,-2.0564376893451395,-0.7803864878801909,-1.641325677888778,-1.2118160393589217,0,backdoor
7.167868232113021,316.94513606600435,281.6415324940023,0,3,3298.3251135625287,1356.082568464322,-2.430839739166868,1,1,1,-0.4418925184889355,1.526372637430694,-1.4209546911515336,0.3695335843634728,0.8068250189198108,0,dos
0.159627945430886,1131.1455991104435,189.99804000344872,0,3,1859.6504991190957,302.8048271340575,-2.6221005187019344,0,2,1,0.0471135177449006,-2.861119558067047,1.4979595631401543,3.1442845590691704,-0.6973751101346288,1,normal
6.088991922456062,411.8741040531285,1645.580348645331,3,0,1039.717879618329,1490.3904886494545,-3.3871807877062308,0,1,4,0.2888802766299272,0.5658407775741452,2.568508104711833,-2.57190977500548,0.9983095464875807,0,dos
5.492042249920241,1512.5414774864212,48.25242846346341,12,15,14.827161557369928,1722.1749233434275,-1.596232584676212,2,1,3,-0.4810580483404415,0.5656479972990498,0.3350860308967169,-2.107818122892654,1.1327402316433723,1,scanning
3.073149746618692,698.7880932969309,255.8157063722959,0,0,2852.553915132738,2111.626603797477,-1.6054800218754792,2,2,1,-0.97654478970617,1.7389978517436375,-2.217195823060942,1.8038122963598644,-1.628192394271605,0,normal
5.430400698360982,1534.275660314434,58.11577171672437,3,0,2984.385787505436,1947.1173718093396,-4.496019695519081,2,2,3,2.4312704491563206,1.290341421869476,0.211635249873735,3.252340008479715,1.9100002873845985,1,normal
0.7154021542997735,1570.5612983419453,636.5023266095744,12,3,1081.4040729559774,1644.3621934979408,-1.0785337478552948,0,0,4,-3.2053736152955645,1.2217922978489004,0.8051827148980845,-2.3111426057463724,0.2769743521130396,1,normal
0.7663765744911364,800.6464842241626,1208.5117813836991,0,0,2671.535821451252,192.90213346856055,-0.2233691690931074,0,1,2,-1.6157450337041526,1.69921086789567,4.100044724591839,0.7113016803706822,-0.0079049628503154,1,normal
3.381727815605969,914.7128964887346,127.555313588417,0,0,3052.897996510384,2046.0907786002024,1.574629613267758,0,1,0,-1.1925605018625247,0.6890923196230759,-3.1298529441467027,4.28045442554006,-1.652390062915822,0,normal
8.10911182292179,282.8624421081325,261.55508614276374,3,0,1422.343706350489,948.2629153651958,1.7292166351397134,2,0,3,2.457654041486453,0.8474012368547899,3.260586444723055,4.088502129625269,0.5267087082420855,1,normal
1.813007741026371,527.9872671254544,77.74980830850353,6,6,800.0808630717263,268.33718491234873,0.0379899665655898,1,0,2,1.3865566065568635,-1.4107721330481524,-0.1616770602336061,0.2068856404323067,1.105765314939667,1,password
3.650889236109687,1296.177058683527,1301.4309699408625,3,9,2213.276356614934,664.304044906079,-2.132966187682268,1,2,4,-2.546707796156541,0.3508181160222064,-3.2723346486061056,-1.800648969756385,-0.8939866792794868,0,normal
0.8206179875090774,1407.8301121973702,191.1093643725953,0,12,931.0179419235328,1766.179878130449,-3.3962490825055847,0,0,0,-0.5194476000164244,-2.316374285561684,4.34805328005437,-0.2560195270917016,-1.6190963931860685,0,normal
4.068260935937019,1177.0757422164409,282.0691952658641,3,0,2775.656817924694,243.02727208778376,-2.0245141121643675,1,2,3,1.070764684276199,-5.305363449185398,1.8460825037924888,0.6143225656727036,0.5542759604118628,1,normal
0.9332981856321616,1818.4447031141328,92.8913692056554,3,0,3883.696209922248,2008.9832607319604,1.1229722576378507,2,1,1,-1.149606898133973,-0.7607188296977114,-3.3420583121826404,2.984196679454556,0.7674840171597155,1,normal
4.023748438548501,84.76148814780815,150.27296425194362,3,3,961.1321568857244,1117.948581475132,0.7197370024047927,1,1,1,-2.1171506632924952,3.195814857184081,-1.3966460286587663,-3.0701629483062054,0.2817807228013522,1,normal
4.178310665417037,2177.5881535302574,733.3126275818366,12,3,3475.649033997441,1169.7168785723843,-1.5597216494864738,3,1,1,0.1106586876192545,-3.1651154185854127,-2.9703196167786823,3.002544816453651,0.0292216717095448,0,dos
7.112647782771377,275.95140365965267,675.402473975929,9,6,2131.4754438115733,301.09403169627853,-0.9860896979758732,0,2,6,-3.0189446720178656,4.660264707099391,-1.5805286014549746,-1.3843902113005588,1.04231962608034,1,normal
4.155029019960129,1948.819319074844,263.8535637392256,0,18,1774.07898754926,997.8772195019508,-4.775260253496606,2,2,0,-5.176303203091042,-2.714138295043869,5.934218349897814,2.0864816831819644,-1.3430382054854495,1,normal
4.093886258089443,60.53298849214161,910.9710647948524,0,3,1325.8767887178828,616.7400923138683,0.5011705484637173,0,0,4,1.8451704487713771,2.830767824574399,1.40748959275164,2.179113597895749,1.0474993918067754,1,normal
1.318650908469586,464.07925152841926,596.3146683830279,3,3,14.54845095912196,648.7074990752603,-2.484406216950513,0,1,5,-0.2231701972946733,4.204131325703267,-0.6554560196055539,-1.92615445207127,-0.0603940152705599,1,normal
4.439744827759028,392.3821803551849,93.04943658302956,0,3,1634.7272161060473,205.2385428931057,-1.720302293716882,0,2,2,0.1780297253196197,-1.1289527941627038,3.8270945398123217,2.0139361621271017,-2.051603140442038,1,normal
2.7907720757631136,1230.7280560607014,615.5119355328619,0,6,3227.974726242911,172.221842176702,-1.2743578290297837,2,2,4,5.139973835028301,-4.187776901798802,-0.4651710220796905,-0.3646300239728399,0.8155391410833284,0,password
1.7245744673618204,196.2122374303673,781.8014692222544,3,3,1113.2704914040578,1732.625846358464,1.5917096866010827,4,1,5,-2.1459960809456198,-1.021981059860719,-5.076770598539845,2.5542071317193287,-0.2956274050504914,0,scanning
0.1605566844965725,701.5403245245158,249.1808247157092,9,6,2148.858858239449,1044.5073235497805,-4.458535985069063,5,1,5,-0.8841129646350132,0.5432767979608227,-1.3939667749028173,1.5160483931520454,-0.711491307573309,0,normal
5.811539790621003,825.1900918301056,536.9435895107749,9,6,775.5872298999662,1241.4720467215109,0.1815636820609174,3,0,1,0.6881874903809433,-2.22237353320272,-2.764265758681905,-1.301102484904518,0.7211636790568515,0,injection
0.8369704015041575,1078.6762509203882,682.8036474018656,6,0,349.95438771525573,662.4035738507783,-1.3307367255645146,0,0,0,-2.514857259823644,2.0740804735752,1.6466245514591755,-1.4849764955823974,-0.6352972928595899,0,normal
6.078905565220961,894.1566657441474,574.6534309508805,6,3,533.6791323429691,761.884662123548,0.4566739077166616,2,2,2,-0.5071898876293481,-2.094250959785013,1.6417574265379784,1.7566398608077844,0.4290145429594222,0,normal
8.68263234890215,1232.8082906372092,438.8996176319944,0,9,1677.0112130150917,1724.659486675595,0.3876784408966911,0,2,3,-3.734925488028207,2.6274012049615187,0.1793475338189736,-0.368282177913142,0.1109678625184679,0,scanning
0.8606420820667551,1846.9546520304773,580.091061237412,12,0,875.8136081348371,972.2330565522782,-3.131331367902316,0,0,2,-1.872555853456944,-0.1949466534061332,2.395102961334897,-0.82697423716862,0.5710494804548247,0,normal
4.788267595683545,234.8750045800395,345.7239033035404,6,0,1399.3138823921945,361.8755429120493,2.7017792558406013,0,2,1,0.7800575146889221,3.5231992555065634,1.4564878163926822,1.7532731265390966,0.139702248707236,1,normal
6.348443074824296,386.8229710885085,1390.7742440041245,3,6,1575.3303721373986,245.3903629576684,-1.929292134270829,1,0,3,-0.0211789192364715,-1.009714610407653,-1.9218689465688736,0.7984166024413251,-0.8975746276315741,1,normal
6.421476430407598,1047.8884856711056,66.76257849594126,0,6,3827.13316643552,2117.260633210169,-1.013619360389484,3,0,2,5.724117349880259,-7.084520128554757,-4.59279966846288,-3.51391690459072,0.7543171662764653,0,backdoor
2.9145164760045192,641.408873662077,642.3703639093222,0,3,964.3039186082656,999.1841589548468,-0.3581810097797373,1,0,2,-2.662139692016832,0.2221022778284076,-2.348715437520932,0.7782679339843139,-1.5134517887662322,1,normal
6.803060711643719,1051.8274833333082,42.54998140687034,3,3,1503.5930031765668,615.9224859253923,3.1735427651168697,1,1,0,-0.5333379072590335,-2.9318808897061155,2.847028489063129,1.4382099424798196,0.234855313202281,0,injection
5.493557396480988,466.2733667906686,462.37646156807085,6,6,998.2341497245582,91.931249818241,-0.8785860104235208,2,0,1,2.3641539060598014,-1.2473045897506012,-2.279931819849918,-2.4730393061100946,-0.3912686310717399,0,normal
5.979051656377095,1184.4480794404838,100.93798843148991,6,0,426.0341501545118,916.4083479775416,-2.6583390796294672,1,0,0,0.4085604777958689,-1.903364917503662,1.7760729433000804,-1.2679562516527505,1.4760255647748657,1,normal
2.9455581468736245,1726.440477280917,192.1014457871678,6,9,518.4680637129987,1969.740337964104,2.3167381996589747,0,0,1,-3.981286913014565,3.1306734238252734,1.1955978216593302,-0.4883758435642201,0.6766504884499571,1,dos
2.866738352035328,1406.1175465655533,84.39534423193513,0,0,2177.4257968907973,757.7655475265935,-0.0211726584841032,0,0,4,-1.3379056304271697,-2.24793845497646,0.591323549505783,-1.311784132634631,0.8587321551459786,0,normal
5.276159881769733,1976.5524271728052,225.50892733275245,3,0,718.0796797956697,2447.698202946428,-0.6724772049971548,2,0,3,5.139203552835133,-5.2337516871057215,0.4738223643732706,-6.14339530659242,0.1522588823232981,0,dos
6.998092000608818,406.7130776963159,302.4823039939177,6,6,410.98523759836576,45.658836675982926,-2.0079304293266174,2,0,3,-1.0856072158280428,-0.0380684444441687,-0.3183194107550471,0.7463269623145796,1.6183111142093742,1,normal
2.278702955329899,1967.750602853474,317.315622749104,0,12,2151.884403554491,2309.566756919188,-1.548100550396674,3,1,4,-2.2915410901712714,5.318426596394981,0.970973690562958,0.6148725107236372,1.309440473116651,0,backdoor
0.481616815874491,861.9369541031938,1010.9634461021624,0,0,344.0753174189932,25.467168146247797,-0.5694665578346836,0,1,1,-1.3332753708889384,0.5734333277331027,1.7326839094318074,0.1449059140358766,0.307766073747177,0,dos
3.343395924906884,527.8635357844227,441.4417231172138,0,6,874.3588296332682,1021.1986331532358,-1.2035526676597332,2,0,7,-0.8568953082537201,3.595580569233196,0.1661369427475876,0.7161556123701205,-0.3285987217665496,1,normal
2.869232237286268,418.0717821110029,390.3355637163465,0,9,1067.6829597129358,1014.758261320062,-0.0418301347035672,3,2,1,0.4689160671243588,-0.6140604772491121,0.6941486056178862,1.7140549550998727,0.1322716844497458,1,normal
0.7663765744911364,800.6464842241626,1208.5117813836991,0,0,2671.535821451252,192.90213346856055,-0.2233691690931074,0,1,2,-1.6157450337041526,1.69921086789567,4.100044724591839,0.7113016803706822,-0.0079049628503154,1,normal
12.816241159289,951.0644313272744,155.112140764164,6,0,327.24367968474405,1259.1178199342075,1.2427024353316207,3,0,2,-2.0672895126027377,-4.0298148663433295,1.0693248482147433,1.3364291204004115,-0.6624981730658192,0,dos
1.6878007209566106,2047.386889925604,186.3922011887625,0,9,159.30637042079283,953.4494397821558,1.2204211585474731,2,1,2,-3.702098337535775,2.216091202051285,1.9684399600949467,-0.8665055644288466,0.8403230757763618,1,ddos
4.708772727996498,571.3283822850321,299.0641692324007,0,9,643.6056012976286,1050.9589856079529,0.4412717120846807,1,1,0,-0.3234926093080212,-0.3817810052672601,1.9506123425424688,2.172122813423796,-0.7695210488331226,1,normal
1.0735040573865915,871.6899168668449,535.607391757185,3,6,1211.567428048475,1025.942830344962,-3.728067081862876,0,2,0,-0.6758945220573461,2.0995198521535867,0.6881482813417302,-1.009039580266634,-1.5836248343617765,1,injection
8.812386049240056,249.7356083738917,991.6159505659466,0,6,10.987560031421838,925.088344385308,0.9032583669989552,0,2,1,0.6901653741810926,-1.6614037967331907,3.2319645432221837,3.670307117026491,-0.3422685912648099,0,normal
3.280433945728492,948.5854878155124,100.25987802016428,6,3,54.34869261645024,694.4987340079116,2.9638736572065127,1,0,0,-2.435168491892932,-2.175772908972208,1.1410861193768482,2.388102207010351,1.2358169702572654,1,xss
2.278604312380779,2590.4092968159707,459.2689025705333,3,3,3770.845037906228,1496.5513315463686,-1.5192355957749877,1,2,0,-1.930302812448692,2.2639744657005023,-2.021649498459944,2.003489108567134,-0.6292422216067913,0,normal
7.874892580629541,611.1506638579204,506.91331625026936,6,9,449.8753415939452,2635.900907208383,-4.00580270571423,4,1,1,1.1917697646091534,-0.0042787537141719,2.843441570218115,-4.659903995027061,0.9638302699889114,0,password
3.707788655775709,336.1065492868814,1376.6649032299767,3,3,1456.8730522807668,1475.262315110322,-4.259606711279322,3,1,0,-0.7552366775668665,2.6539551292526085,2.267404491541608,0.9437236101821488,0.0057714120670237,0,ddos
2.501190493361321,1265.1363910326409,684.17902422932,6,0,208.47969068301825,903.6048342732872,-2.749744895120331,1,0,0,-0.7555349304300563,0.9674987739871426,3.000976116438123,-1.796156440526938,-0.1807625506684396,1,normal
5.122945821394946,1140.205221757315,446.853465389377,6,9,461.40033748672334,1113.0518379188804,-0.7003618698541935,1,0,6,-0.6291644473545653,2.665627351586582,-0.7698251117134682,3.8602372429668903,0.2066579198599116,1,normal
5.565170593814673,1017.5940799170484,182.73294932768087,12,3,745.7125470120711,1414.768489441812,1.030080929438994,1,2,3,3.6869128157389737,1.2901480781725416,1.1230846271520587,0.2535293872694866,1.2318073831936207,0,normal
4.326953503720957,1272.7274710941954,351.2940287481181,0,6,745.4671464268843,351.781840565278,-2.522557302465396,5,0,5,-1.077185208240793,1.826660011703456,-0.3790130697907425,-2.5722160347114125,1.4711598367315484,1,normal
2.20005937245577,756.7128848545882,71.71144337113444,6,3,176.11712051921683,1435.044765814794,-4.343162857740731,3,0,3,1.2140251755087603,-0.9676822350790582,0.735227359262555,-1.798347736366782,0.3232469051530501,0,password
3.218633765732231,388.8096712239727,152.34932065687835,3,6,1731.468391852886,127.18993972892308,3.047452050893177,1,0,4,0.8738877338015112,1.405280038390934,0.959170940327791,1.9471733673928624,1.7822116214189447,0,xss
1.0378388778776415,1741.0766569662635,280.88894524491013,0,3,1257.504646960026,2024.1424886369416,2.921246195862416,0,2,1,0.9189183832990409,-0.046433663556898,-0.3304524728955511,-0.0448904573020432,0.9875209165543064,1,normal
0.2343242103327325,1623.0110840261127,720.6279739167214,6,0,3479.3492483196464,221.43632974763733,-2.573118900605375,3,0,2,4.4810026309485895,-4.935900031269384,-1.8620714202378263,-0.1216009540349396,-0.7347198529475977,1,password
8.032789522489685,1145.304339624435,759.3425225198762,6,6,951.9888035589232,617.4838242924404,-1.5271634860672136,2,0,3,-1.988112746410192,-2.091955992924138,0.102242363670415,-0.5269704438877021,0.0658300212537063,1,xss
2.946361027281898,896.831352068986,1169.711789269825,3,0,2773.6964378162816,460.02953059486487,-0.6380870542083759,2,2,2,1.95514717226498,-4.091864531146689,-1.0310151686947884,1.0518564093012002,0.035660918170751,1,injection
7.782229919153893,864.4820172846198,586.8701986874382,0,0,96.81796735987253,1053.700139085109,2.8287378459243038,1,1,2,-0.837289509823891,-0.0147631216565229,-1.2378047858422934,1.8049775573634423,-0.1376392893026733,0,scanning
1.2244190465250997,355.33883477956294,409.7234914760959,6,0,26.268805630767783,363.46372801636494,0.4205865044841097,0,0,1,-0.6745277807779106,1.100020361219498,-0.8831877825684582,2.555573964016757,-2.6360924451450103,1,normal
3.6541417471110105,20.936542647049137,566.1968571285795,6,0,966.2877367260056,1932.77012586522,1.4719352605167466,2,1,5,2.4691594041449787,0.3330510787311658,-0.3860918846276153,-0.3058171073023417,0.4407940474800924,1,normal
6.10882517086802,1674.5113548612628,420.8729915892077,9,0,226.6786237932272,785.2407747413348,-2.7701043950349176,1,0,2,-1.9918442895539044,-0.1614655367816622,3.740388261655145,-0.3913534333099839,-0.2109523937228395,0,normal
7.777463998722868,555.6968582103506,107.41737311859625,0,0,667.860844150312,1583.3623062372158,2.4041691410784445,1,0,2,1.5102354944233003,2.2668956543415435,-0.366358360506019,-0.6299777720578323,0.299169409313305,1,normal
0.289289844137461,698.7083670303196,113.11921826263972,3,0,4348.911704876823,599.6083452505983,-3.996272404236533,2,0,0,-1.2962813276272191,-2.4430553027530344,-3.394548188323072,-0.759109552011147,-2.27079903506103,1,normal
11.514732976960538,909.9791976606072,1329.5280590432508,9,0,609.1767735962649,1036.036297700681,0.3850276952824507,0,0,1,-2.467873285940399,2.416560688846017,0.2078378393133897,3.5841335466516524,-0.2671087447065716,1,normal
5.759226214992214,287.9757256507733,170.8719478076792,12,9,1558.3083589735252,1493.3156259145485,3.543455084585712,0,0,5,0.4117464453087365,-1.0646901906015278,-5.715120834688981,2.865229466604229,1.5052109326159664,1,normal
6.588284242764098,547.2023570699474,542.8779223445423,15,6,1037.2532385147983,1186.5699150322894,0.2393541646734471,2,1,2,-0.8821609495551039,-0.6447201396597697,0.0640314847344738,-2.4592235656623,-0.0218441779328492,0,password
1.2114432408642393,1252.7936000484744,238.59407372339555,6,12,2391.659124252617,3045.4931624360565,-0.8782758158333255,5,0,0,4.42126676719497,-5.028210934027687,-4.950807812313352,-4.887700143569611,-0.0379893560262396,0,ddos
2.747030106380068,831.1099681837935,118.85830934594262,6,0,1338.8038170805412,1096.4179635540058,0.3277967637921013,0,1,0,-5.13328267052067,2.4031693229831843,-2.041011085305416,0.793312485131587,-1.0236761121192313,1,normal
6.226019618469149,415.399675039975,250.5782447172336,9,0,1798.2157544339864,1756.5636359299294,-0.9424929609618592,0,2,6,1.1809893996441825,3.8839715432484256,0.7112577851496771,0.8945067814396888,1.1134485670842071,0,normal
2.353894539038911,954.5208029568432,1.64422999274828,12,6,2178.616784093865,44.48621350749498,2.4396329167384345,3,0,4,3.3530247827272106,-0.9943777407081402,2.322895331956142,2.3008787137546003,-2.410897562119137,0,dos
6.297599097398416,1284.4467500973742,139.9957345098259,3,6,749.0185632771651,310.8460516764003,0.2104330613870255,2,0,1,-0.3085077298714033,1.030551322846668,-0.8788335418691067,2.2071469681858966,-0.1399281467230352,0,normal
1.9991367103503943,2424.2732949885085,617.6221045435399,3,3,3746.548433800355,2051.253972020385,-2.66228772981121,0,2,1,-0.9124437296986538,2.3673038606396197,-1.579121322434215,2.865704336470134,0.6179199471046746,1,normal
2.083478341442834,23.70087929720366,456.5344934027921,12,3,1277.0225572644408,719.7049457372631,0.759240445488164,1,0,2,-0.4448951443374451,0.0202725247433097,3.37575578427435,2.508245952346968,-0.3426810486030622,1,normal
0.3468646410120402,732.5998118432592,19.704737081165057,9,6,1562.6073935227096,1127.056303961258,2.153659528298915,1,1,6,2.986979084672424,2.553461471412886,1.017987882296433,3.34060420293562,-1.5712371986769995,0,backdoor
7.696841346678857,834.9712442709637,140.9148231854523,9,3,1778.6759824904846,33.87140442285677,0.4015916287165728,2,0,2,0.6185673647896138,3.539116224270089,1.2796693254758016,-0.1180724783302853,0.2335619801556744,1,normal
3.645776533484189,2143.786559778492,183.21124795629584,3,3,2198.4915210589675,456.2377719996683,-1.41384092027154,3,0,1,1.2090582806959371,-3.9550545476469514,0.6097904767627655,0.2094124992398036,-1.0582990131139602,0,password
1.4924094066736022,81.441737104045,449.12184227136606,6,18,59.31136871322913,1453.7815112640642,2.128472485543599,0,0,2,-0.4406428047594302,-0.3162293844949138,2.368692491951593,2.6740752164988333,0.7992372297006726,0,backdoor
1.4037484477939146,1118.893418552611,170.97088073331275,6,12,206.90679906094064,2571.4605055246607,-0.1987361464140458,1,2,1,-0.5486389722146372,-2.3855445799049635,-0.1462369295533974,0.7233254935938234,0.4210868168312889,1,normal
2.654059864771797,623.4941840860931,373.22506960880105,0,0,1711.159583767544,783.3985020099809,-2.200997531687693,1,2,2,-0.3627980492105326,2.146769984623309,-1.0048494815754707,0.1627575253558422,0.7722044983105042,0,normal
2.677171640225482,146.63367530767874,317.19998817128925,0,3,567.3604092890585,280.12504317768486,-1.3295540485619988,2,0,2,0.3016085902457426,-0.1115184788223722,-0.8777293352104436,-0.4523391244461471,1.8941434633170056,0,normal
3.476862713018149,104.26881921194764,59.28794954188508,3,9,2026.988340194281,188.9315321198192,2.268120076374994,1,2,0,1.3967864803180077,-0.3506014334591377,-0.5265756427810571,-3.7874768711010502,1.0701906172052442,0,scanning
1.919659390320553,305.52350111270454,542.5679751326484,0,3,237.8969830314525,854.0881326616055,-1.5011471268507486,3,0,2,1.683728919439896,0.5547682232082172,1.1362190843763649,-2.634266349589421,-0.635258287451685,1,normal
1.7091547429326706,616.7837466915723,594.8068303152347,0,12,960.6669854893393,541.1916598229742,-1.7824729903410588,0,1,5,-1.6808400610303167,1.236462831421672,0.9520440150362393,-2.2136723267079965,0.3126066124977162,0,scanning
3.449567117886572,1276.8700715982975,112.8687554097658,3,0,1200.370455441666,225.24246444257983,-1.8270310007201829,1,2,1,-1.3702105963376088,0.7213126231201166,0.500601995490463,-1.922298908107992,-0.0888104511376205,0,backdoor
7.267263964639312,1377.6441658360409,108.490376122089,0,3,726.5334026938898,1012.838015543572,0.1532651378002048,2,0,0,-0.2278281947702041,2.3265920131664317,0.8199880697514252,-0.1766579396282546,0.6554556100112372,0,normal
1.3661410518341328,1021.4667362252108,1285.903805259309,6,3,2972.2701430300926,892.5195053076745,0.6499049273525909,0,0,2,0.6664481874566718,-1.5081685105674285,-3.704574713673352,1.782375391104578,-0.2692569067472241,0,ddos
1.3070274234078267,3663.7345229555926,153.00538453810915,12,0,3450.8421051965306,2485.8390241641937,-2.5958222311789863,1,0,0,-2.520457253827712,3.9170171732635097,0.5213292457819552,4.763047703978957,0.3167229811266111,1,normal
0.1718764937148411,1227.138615759956,1375.167691770915,0,0,2576.171251723976,459.12186331265394,0.5976987014661446,0,0,2,2.019575232750391,4.794840872178428,0.5174633977994428,-1.576355586214268,-0.2133849360480707,0,normal
0.5036667119253287,765.7304733157082,226.4826800463972,6,0,1797.8773629396328,1976.825003402815,0.0457328474529961,1,0,1,0.4884303786693449,1.4484415402135369,1.718216803130598,-4.516527072817454,-0.1781466155778027,1,normal
5.352301509295234,900.4363089591692,66.88329665897683,0,0,1901.3077106455612,958.0518320794818,-2.624485766351452,2,0,1,1.0143740392391087,0.8088829784669794,5.689559744186245,-1.6641547731080315,1.1230676388489509,1,normal
2.1515481075196377,1522.2044777108522,264.4221694916961,0,9,2661.372912519392,1593.579521023617,-2.4514511095054754,1,0,5,0.8214164637989592,-0.5031185270735887,-2.7826257500299936,2.6831439599126203,-0.3501518289623644,1,normal
3.035835133188645,1137.8894052860312,496.3650275451727,0,6,2432.1069705558807,1599.708723542248,2.240654138745679,1,2,0,0.2397268800175985,1.4912614674210536,3.043844723062757,0.5710239620840114,0.6340502323340359,1,normal
1.5366419708296415,437.4873823397092,871.0483806600267,9,6,591.3685201409243,247.66385622598207,-0.5375496913698501,2,0,0,0.5877087255213298,1.883500292552606,-0.8085063149557377,-2.909736335631103,1.5200676848594958,0,dos
2.92161556114979,20.260941991293137,1042.908846154289,12,9,1334.474424719014,1539.397247432137,-1.5337812078479711,0,2,7,-2.430195008848256,-0.2024720010913308,3.6156869390114847,3.7317809421079335,-0.0344161323678799,1,normal
5.815150439848518,223.3405117172996,323.91539692442166,0,0,917.6116651204306,85.40369597695036,1.587594063836812,0,2,0,1.6812645633670842,3.446724693751481,2.2952402757152712,1.9710069497885807,0.3692022713791393,1,normal
6.567782362335954,595.6825188445332,519.2814705917084,0,6,625.5766678662188,688.2856978131284,-2.772834160774553,0,0,3,-2.1601044013393027,0.3382657870867366,2.16811327133627,2.5816577972762023,-1.0552623164348116,1,normal
1.1595189514032649,248.0252942428578,740.7342541220338,6,9,405.2032241990616,1181.795819570294,0.7163786262115076,0,2,0,1.75716081937005,-1.803535134566595,-0.4852332712333154,-0.2515691915691194,1.0173418466289654,0,injection
11.563961123635677,2884.2473355182497,91.00748493225828,6,6,3030.118366277885,1021.2042480789172,-0.4723390688378106,1,1,3,-0.8754445083387006,-2.4052238020794348,-2.36193409458246,-1.1531627631468475,2.322142295325087,0,scanning
3.4367256420276817,212.15613732749583,73.46627627887318,15,3,716.208287721699,134.19923480749472,0.1946497000908784,2,1,2,1.5136107153088645,-3.3665532653164805,4.779108735992248,1.9183902434788,0.8975805049602206,1,dos
3.020257934956463,809.5796223980179,770.1283785381482,9,3,2777.1396602734376,710.655243672285,2.4150662358513646,1,2,3,-5.859430768336827,1.8873609288286937,-0.4415724875152763,-0.03931013455323,0.1027717100304283,0,normal
3.2332055035031324,894.9302589548286,389.41735046981887,3,12,1097.3241014306643,1026.4572118512071,-2.5843408547776265,5,0,7,0.0154304283797745,-2.1389241796624887,0.1929405632596703,-0.4747293652687583,-0.7928661786115422,1,normal
0.9273934239130636,34.526655550204175,542.6307435148127,0,9,1250.4721081239488,803.8049142011195,3.993938098152876,1,1,2,0.1271245835997898,-0.7837512037387935,1.1835400492478143,3.2372576404914923,1.978197482343676,0,injection
3.415792039256535,370.8003562963046,75.26216694695502,0,0,308.9104528770259,1706.1252700872262,0.2730326472332138,2,1,2,3.989280300218588,-2.7125268641626006,-1.000708007022173,-3.118127392914748,-0.4744067906337119,0,ddos
1.220245329401779,1052.8943445765435,454.17462382503146,0,3,324.9792473141049,990.3371231024968,2.094485601651009,2,0,1,4.184679611898143,1.0271908154314542,-3.369030306947212,-0.1154975879913899,1.0577451841281482,1,normal
1.8179333493124064,516.1614687688796,365.2275062811225,12,0,1187.8856086685005,617.003376281408,2.9104314137243974,3,0,1,0.627201018914068,2.211637188499987,2.783774600860258,0.8273215221405683,-0.1844535869369642,0,normal
4.317487439396123,666.2255405987929,164.10144612014844,3,0,660.0705199698043,416.7471677825744,0.1724145461033071,4,1,0,2.1621441290422583,-3.631988285099685,-1.939360128606087,-1.8697372272844288,0.722173018459266,0,backdoor
0.1991407056424693,1060.5368893684251,162.60379747871457,0,3,2822.970067466089,150.66797994527747,0.3338993107854232,0,0,0,3.014465693445608,4.504129637929952,-2.8940212582020344,-1.2911301910730966,-0.4801587279426576,0,normal
4.811180823034931,702.92212770373,286.04612940869043,0,3,506.8752323010953,1146.6769345674245,-2.200494001927231,4,2,6,1.828530922255603,1.587547565242178,-1.187826796858794,1.5702899510474664,0.2446871324724459,1,normal
2.064115809814451,268.6940225377,179.08592264928768,0,3,1255.137393576768,148.4976958145333,3.451430875207968,0,1,0,-0.7480542568425026,0.3859265871489332,-0.618014427654824,-0.4353134235378112,0.5773552609704786,1,xss
4.556197215017658,945.519564531744,289.6154958822996,6,0,250.9251067676774,1452.1874623814574,-1.361035202173836,1,1,1,0.2727636630817567,0.0422424414883642,1.2623497102803851,-3.1876979933677347,0.2963689755097156,0,normal
1.3847218695167678,742.8930136246081,103.72347032313644,0,3,1514.043120270434,1183.491041468085,-1.9209371092094736,1,0,6,1.3047730385058902,0.5797155266880981,1.6550435577506946,2.6528065309478994,-1.74310665926069,1,normal
3.657293347406348,189.26377545408968,1593.9023226895106,0,6,581.8005831061046,281.72559992327217,-0.8979918588282705,1,1,5,0.2415271545842565,2.186595083255624,-0.471257630220379,-0.0777487207689588,-0.1667387013128788,1,normal
5.385848483332751,318.65545829259435,426.1868402212695,12,0,1598.8935243417216,782.6178905471821,2.9630130432836475,1,0,1,1.5453485518337384,1.790599610448019,2.9911405277688514,2.893112055745383,-0.4697238254796732,0,normal
3.1439663020009294,788.0047830933074,39.38886647331051,0,6,818.3220894927709,2064.6029831073715,1.1049166072768988,2,0,3,1.10006192833644,-1.623471045526909,-0.7863283284244318,-0.0134218649589992,-0.2719460106086647,1,normal
4.201371989030521,183.9859161912799,521.2179791649573,0,6,4433.665006771163,3192.8545909599,1.136574505937545,2,2,1,0.7633517678092834,-2.7223128837417097,4.7555996031574255,-4.063296351778956,-0.5706314324549348,0,scanning
1.3092526345867872,51.78291163208482,379.46261486914455,3,12,1046.7890675518493,23.267613368282717,0.170898729798137,0,2,5,0.1136289908601453,-2.100941126557559,1.122487514180826,3.068876808813425,-0.4924666720132674,1,normal
6.695431976655835,57.13687519128785,325.7591736220354,6,9,1466.780180966004,143.68729518181308,2.690754565748769,3,2,4,0.0800392622263135,1.7678933871243478,1.7919210244361925,2.084139914017068,0.4781872659839707,0,ddos
3.892871291431633,691.0941951471103,349.7726023714777,6,0,592.733442870054,1020.9518501043592,1.2640194121454311,4,0,2,-2.807068106744592,0.970006933588564,0.4314885544502109,-0.9468176503879282,-1.067139495249681,0,scanning
0.7774842714124899,260.31764011615843,445.197315437551,6,6,818.1948102096331,54.49475009629556,-0.7939511823095489,2,2,0,0.1303183327334476,0.0982642603628192,1.7873718776318697,2.6939758935158538,1.100122802586576,1,normal
3.8722992968305183,1140.476361332214,94.45858949545187,0,0,90.9724179282766,419.2361922379639,-1.1239496510090272,1,0,0,-3.2494715310736515,0.4736030392694996,3.529721295307511,0.2724060449743368,-0.1958680801292623,1,password
8.337398426574781,170.22592362575483,252.77930351828252,9,3,32.3455702011411,40.26911691837875,2.1094217209656088,0,1,1,-1.493542165042254,0.1270183670477069,-2.4733704186621344,2.3406725503615355,-1.3708031056278989,1,ddos
1.3303173882567942,905.752512623622,842.9347793339984,0,0,3179.932251343682,434.8341678210255,-1.6402258400989074,1,0,2,-1.2999871317630822,0.977028550570444,-2.215047234078998,-0.5676950580002242,-0.6814318965009198,1,normal
2.285330463481082,1297.5755495795706,268.2831995016603,12,0,1885.524193758253,508.09746123340494,-0.5899279746940886,3,0,1,0.9667255545853828,-2.885184201065274,-1.3784778470744117,0.2099594272539238,0.2651833018201746,0,injection
6.388061310534296,114.68766552664678,136.62649897732908,6,3,829.8842500408382,946.441467565668,-1.8946535725596332,2,2,4,-0.1467817586853597,-0.2194245274110577,0.8328853015826366,1.0967486385056615,-0.2541852034920706,1,normal
1.5544688740041597,796.1124452756645,466.8150585344632,12,0,105.44097057251516,385.0374214937761,-3.2894233942600017,2,0,2,0.7161727079619005,3.131220927131782,0.2067683868400284,-1.1998962264990247,0.5577139144163579,1,normal
0.9730726394238997,790.5131819166156,488.67995529174414,0,6,726.2201407742016,1085.3930329481148,0.6546786590323175,2,1,1,-0.3659827211818023,-2.3408223959920798,-0.3355764327688018,0.1233550003629477,0.9480492743827402,0,xss
2.1699657091183235,207.27377445919643,204.25467325523528,12,3,238.10836077590395,168.74415369598296,2.9916448963180517,2,2,1,1.6693546152050414,0.265221030163871,1.1876970369821551,2.082502887608551,0.4038569301972654,1,normal
0.715373475961528,1666.9950913633977,802.4932642333371,3,3,1900.337269500275,1269.3336930652065,-0.994977042481296,0,0,2,-0.1916222916848273,1.5593872687638322,-0.7356090260109689,3.298751761757681,-1.909406126121849,1,normal
1.1972404848945275,613.7721286565369,304.2712046989089,18,9,1133.8594906874664,3411.309549644852,-4.3375028385899,1,0,4,-0.2873649546951833,3.126160167657183,1.0422508796100531,3.1730889567065685,-1.3646579119226483,0,normal
3.012268964549503,22.90683244979697,48.45014481959219,6,6,1439.3033440976033,502.6797870445087,0.0075817132679802,0,1,1,-2.578071814493761,0.9704643307859422,2.515946607566296,-2.2625930594115005,0.7114560146656296,0,password
3.8139954331147496,110.9128070315496,888.843703092366,3,0,2077.515040515601,469.65131430291535,-1.860715034465961,2,2,0,-1.20434622517981,-3.7468603764212336,1.525835103698655,2.29586506264098,1.2849016018663586,0,ddos
3.1715927616397326,2088.582093947682,379.5722822326001,3,0,1603.1816862762937,2399.237382518089,3.793147605569529,1,2,1,3.3420054077849093,1.574953793038826,-2.333326761070138,-1.3112936419665668,-0.971406711861266,1,normal
1.1838647028974552,937.0757363474792,401.06018115154,6,0,17.349328814452214,1140.3733848297436,-1.3393372248965774,0,0,0,-0.278339015905051,-1.2869527583573308,1.3203075047661368,-1.503095069707546,1.1562762198563266,1,normal
4.13674363337465,1771.8424100143925,230.86037643409804,0,6,3929.043204014024,2863.070229852773,-0.6589552340810403,1,1,0,0.6695399008958856,-3.6711770989773607,-3.225173666327379,2.926384785436128,-2.344508751357089,0,xss
6.271950984228145,1086.7277988653482,379.5226857952501,6,3,2631.8980942018397,700.026008859711,2.209297972855986,1,1,1,0.8269976043967056,3.533824243971037,2.542740713767702,-1.4613157926805231,-0.2021305606990914,1,normal
0.8640234663740308,360.8106434854143,83.54001854071687,0,15,943.3166274882088,2497.042014658772,-0.1096208631893025,0,1,0,-3.1741197772438734,-0.1104250152533521,2.8549462179268934,-1.9177870669274573,-1.415293304029554,1,normal
0.8562953075866703,234.57537548691252,111.80810527193287,3,0,2082.8322892118968,940.5814056928822,2.906937072719231,1,2,3,5.107757753981801,4.904750234493788,3.410206772437749,3.385083161580191,-1.434124338349532,0,normal
9.505707230976228,434.41107550829713,148.449672419287,3,6,1636.9345876935763,681.8206119660173,2.2384259897205734,1,1,1,1.0311591775287463,2.2432781553002807,1.7912029881516762,1.543765140172932,-0.6021874244560091,1,normal
1.4234270592228886,405.9599103114072,195.12921539071343,0,3,539.5069053536594,1294.3497682324423,0.4345762459806959,0,0,3,-1.1192873397702994,2.338422966674538,-2.0487381940315963,1.603588032749457,0.2828940462515543,1,normal
7.528085964349726,30.54060077615095,253.3080393537166,0,12,202.00304114032352,1660.4425063493593,1.33794368095295,0,0,2,0.4396258514995539,-0.3685628015602573,-0.7672014896874451,1.358911408532227,-0.1056186033111092,0,injection
3.024039561682815,313.33005893194826,508.6070320186392,0,12,480.3118556797117,1174.0598309790475,0.3880501903428724,0,1,0,-0.808999089329901,-3.0105387066689504,1.680166601613133,3.609939031179418,0.2777881989886502,1,normal
2.520200845070476,285.6537982250239,214.75752117013397,3,3,170.2949754045094,12.53716733891286,-1.825913604568141,1,0,3,-0.2505643928097577,1.466798423116759,-0.4169065548763281,0.1996405779318306,-1.5863899007761657,0,normal
3.5284297909353906,1973.3103595682096,532.412501499647,6,0,1859.219627834253,918.7196033708138,-3.8563584219060663,0,1,1,-3.7173703143544863,2.647094648797556,2.13557829157814,-0.2473364688554619,1.2345956338107749,1,normal
2.360609891697763,220.8072865257677,101.81204880137663,9,0,1632.828070306071,355.7968905619199,-3.1282679980908874,0,1,0,-0.7170918555590784,0.1921777206752504,-0.3055384721301355,-0.1217595665603255,-0.0464849287396638,1,normal
1.384685725831979,631.1008328034617,727.2081073476949,3,6,726.1993610491269,750.7494430999542,0.2598886548805504,2,1,0,-0.0079874610271701,-0.1011793883150433,2.4516110332468664,2.121484556038759,-0.9547008677960748,1,normal
1.3661410518341328,1021.4667362252108,1285.903805259309,6,3,2972.2701430300926,892.5195053076745,0.6499049273525909,0,0,2,0.6664481874566718,-1.5081685105674285,-3.704574713673352,1.782375391104578,-0.2692569067472241,1,ddos
1.8420027315991272,1135.16920648028,498.09617097013046,12,3,2861.7042020108465,448.7085181895491,3.2349460051341152,3,0,3,2.2881705045680656,4.261024966877513,-0.2977412202521925,-1.236368082893054,0.6480705559232022,0,normal
6.559388079109469,1057.216729539599,319.9876620421913,0,3,1944.7631867566404,2434.9481951578086,1.858451489250456,0,0,0,-2.1725349084677883,2.679496932331568,-2.044991769224812,4.279655695437695,-0.6768023877783931,1,normal
6.695431976655835,57.13687519128785,325.7591736220354,6,9,1466.780180966004,143.68729518181308,2.690754565748769,3,2,4,0.0800392622263135,1.7678933871243478,1.7919210244361925,2.084139914017068,0.4781872659839707,0,ddos
1.202668190855962,916.6278119024824,295.75697914430805,0,6,4033.813554250062,1150.5061015616775,-4.4839902574220725,0,2,2,1.6400867014831684,1.0014143190598446,-1.407635711345378,1.0072033276264845,-0.1199065649869718,1,dos
5.26965423002464,1335.9708928433283,593.9564488126266,3,0,3533.2408093369977,91.08807047897972,3.389912058897796,1,0,2,0.6435978126978085,3.076148283753288,2.431903962079423,0.9753813095764066,-0.3546655098897124,0,normal
7.432172340542881,259.03183043044464,1220.8110497886437,3,9,912.1156278837818,243.05740953758811,-4.462743563107622,0,1,7,1.1045579632651268,-0.5170393665248094,-0.6373185656810512,0.3750202182359192,0.1781488387778686,1,normal
0.0361996343155532,176.22163394426693,10.872479721639468,0,6,523.0151454705608,307.9529031176308,-1.5655409765946122,3,2,4,1.005846215818907,1.0522041060594522,0.4170523224431461,-1.2462884221119848,0.4073281781039189,1,normal
3.409387540174169,124.08430897219512,215.46016219334612,0,12,1997.6168243082525,455.23779886245137,2.6901673106481816,0,0,7,0.0469792520312126,0.0511162073328228,-0.7513364031947065,4.422912838870445,0.0797354416257824,0,normal
2.0283406875990115,1048.1256687181397,310.65103157807533,6,9,1041.6997308539942,276.31797017148534,3.0147747037670043,0,0,3,0.4416805517989959,0.3037811442137603,0.8438548876637815,1.6709690874017986,0.3308189918992117,1,scanning
14.051031989496154,459.0701303882455,405.1774192606581,12,0,2697.776554595333,527.1349482047575,-1.7539664868155311,0,0,2,-0.2375168679331439,3.391407248739257,2.806457726273085,-1.0874685899496757,-1.329684052451659,0,normal
0.4185473027349667,1980.8016570235072,168.27729089633772,0,18,5826.239538380616,597.5404854584908,5.09215735047598,0,1,2,-1.6374790159761046,3.690775653769309,2.654619707440795,-3.496994915803943,-1.424251508888584,0,ddos
4.360838324389464,692.215609042022,678.8788454427518,0,0,133.8670729060343,1272.2543242021477,-1.3077857987094523,2,0,1,1.7391648546688112,-2.2805891669647824,2.1346354632273274,-2.165738535568532,1.4330670980081577,1,normal
11.282008209849508,752.7001120376136,554.5921466336921,0,6,2444.6432319566766,1273.901777983286,1.8485594594217585,2,1,4,-0.1598227457742773,1.7214296365901256,0.000448634934024,-2.0097086900072263,0.6005302105709214,1,normal
11.099045253224764,800.6734938841716,696.0359283004798,0,6,2462.9686799904034,1691.9207672334626,3.387341138708132,0,0,2,-3.2397148151058515,2.85119028847328,-2.757452691407571,-3.558089961570987,-1.156205365102459,1,normal
3.5551628612735104,1661.1614483911137,390.4307684795703,0,6,1884.4260336367029,358.29782986312154,-2.3912649868782063,5,2,0,-0.3042105598646847,3.124989539785556,-0.2824707246940097,-2.3417137460917328,-1.457052520444324,1,normal
9.397812903988203,259.43912054651395,224.883509842803,12,12,494.07285238303353,98.0193362170711,2.233003657694748,1,2,2,0.5229474185431934,-0.1388614929853449,2.3902855391588487,3.8822383369384186,1.956218367152941,0,normal
1.4811353816466142,33.10817048975401,546.0197135680105,15,0,1176.5499890051724,1627.8899361693643,-1.175150182772765,1,1,3,-1.758724825961986,2.2887477568475565,2.0206294353891168,-0.0905229150315485,-0.9752905493061113,1,ddos
2.149781575678303,47.737375050475485,178.85789960069195,0,3,118.02859578691864,681.777945700456,0.3878619628184947,2,1,1,0.4640280359836131,-0.5386210970344565,-1.175148548890084,-2.088249403253015,-1.4925982196326275,1,normal
7.601101391398645,148.81664285485274,266.81716291900955,3,9,166.16857322263715,964.231618782524,2.1944063461683694,0,0,0,-0.7857360324092212,-0.5051409895461755,-0.012027501845341,1.26563423441681,-0.8181797611123658,0,xss
1.452179609089965,916.427538353637,959.4681930580966,3,0,1278.4537694534652,1005.2998401523192,1.932953880481964,0,1,0,2.241080292677691,-0.0132466883717095,-2.3414237024919093,-1.0682160863488448,2.7183403745739603,0,ddos
7.764032298222633,306.258108521759,188.3431950466527,0,9,602.8074305075481,434.92168707670345,-1.7895952403580644,3,0,7,-1.4450340605075154,1.347770060303804,-0.0602835561190668,-0.4390244785198876,-0.3461037377192947,0,normal
5.925827410017213,63.5190906479276,86.72894427267002,6,3,34.7069340639271,652.1732450148595,0.8943979735269365,3,0,0,2.177646311246147,-1.1772746419880016,-3.4874328632447678,-2.930439382471965,-0.6358939558922493,0,scanning
6.428725823628204,751.9704438682379,563.991659163534,3,6,1006.5724900427944,271.04702097841084,-2.1878271760017385,1,1,1,-1.575813851464585,0.2403175321946641,-0.3238438464696898,-0.9918610885708106,-0.6248339704894414,1,normal
1.1977837087240373,994.3421611074488,842.9096129210932,0,3,4203.644032967884,1864.0609368122296,3.0840888109388427,0,1,3,-1.639707232286822,2.647177461265942,-0.3430771529298568,-3.414097032567592,-0.3874627018796749,1,normal
0.3114210993360154,1944.414822694557,291.8607795749204,0,3,5313.00204639801,1382.5271410557386,-3.585458029520878,1,0,0,-0.969408486637904,-1.9929930719197717,-3.392871144771834,1.0518602756171864,0.7677400053665291,0,normal
8.957086899205338,377.1296510359505,1067.9347390193675,0,3,2614.8512132215624,49.646031587563286,3.2664660995715167,2,0,2,1.4777290823836489,1.2186108957166126,5.347352743619418,4.582304823843261,1.571827302730635,1,normal
10.291929670907509,1860.9773695712977,326.07807601131526,9,3,1956.591119350201,919.9299549975884,-1.7409847474382385,2,0,3,3.504454360962141,-3.24902846723509,-1.417559370996545,-3.1407751788789224,2.068775222711695,1,xss
10.118598178128494,1030.1435469195278,209.7578037156724,6,6,1168.7046110251813,985.014737832376,-1.560150854590728,0,0,1,-3.367285405666633,2.1142324830945656,3.4248221065695903,-0.2058560719799943,-1.0398786315332127,1,normal
0.0595662391345724,1072.8642376251123,223.3208912126861,3,6,187.45471119802855,268.7656636396863,1.3336992861127954,1,1,2,-1.7799797540089384,-0.442785234115218,0.679563294373734,0.1763668305532042,-0.1233070580781148,1,ddos
4.247894881626814,1367.0958709436047,32.05396491008038,3,3,663.0979756081434,701.6113772796267,-0.9152332497119048,2,0,0,-1.062247023747728,-0.2750314387554098,1.1142698267080078,-2.1683745371231646,-0.9935245435733618,1,dos
0.9585884445412892,634.6012930160839,269.2843406488962,0,3,1631.0430260177056,714.1388587876534,0.2507750530743873,2,0,2,-0.0493081340516188,-2.1984822703504907,-3.556824038833467,1.3937954355387077,0.2686283647043134,1,normal
5.189602549550042,1420.7918847029584,622.0512109544155,3,0,2496.11557350558,1153.700344539557,-0.6382369791518585,1,0,0,-2.4599375789815463,0.7163231694699755,-2.21066252100083,1.6902652034835408,-0.909357235005026,1,normal
0.8100129420496749,628.8132587764666,270.4715138631943,0,0,2907.025552670255,1744.8128970341572,-3.134538345187288,3,0,3,-2.4062532955076064,1.4039057226514873,-2.872727890180391,-0.3341724032464612,1.7048949375372464,1,normal
3.7759007255635577,1392.8032090488723,44.31734928726603,0,9,520.0744320946396,1602.0936699004344,-1.7736377099248253,0,1,2,-2.406850796082198,-2.6527112104179507,4.375407912533411,0.1497000037429376,-0.6064798954715972,1,normal
2.979425458963579,399.460065300256,744.3207912672888,3,0,1271.176723702726,1384.766419565837,2.0304069033848045,0,2,2,3.242586306653565,2.367943670096871,1.846465997020993,0.1448138624864687,0.5913628968973853,0,normal
7.367711584130308,301.28576946977466,26.875318859164985,0,3,1359.1534575093438,2270.4204361601755,3.814081570228897,2,0,7,-0.7746545562519223,0.8055867464798763,3.3939796840645444,-1.0419902619397623,-0.8790485437532548,1,normal
4.204061598325368,1050.0021842733706,140.00525445478593,3,0,837.7992711631482,2286.363105287138,0.901239839215402,2,1,6,0.2737769007602412,1.808826681996083,2.2610714759965704,-1.7329675980853938,-0.5386740354556044,0,normal
6.961780393433129,25.683849966437577,75.40846284942316,3,3,492.8069265973545,744.7221274266377,2.3513229071085773,0,0,3,0.915108922147249,0.0040908826699099,-1.1556197300577005,-1.6051080964753526,0.5397695702862152,1,password
4.486311560466875,256.7435419604998,115.85903940804867,0,6,309.32275544937886,1367.7989807418935,-0.5749346092464007,2,2,1,-0.3785319460934959,0.0413815856544204,0.6253820975857824,-2.087632590548434,0.2466842250097345,1,normal
6.064405719251321,876.4771426862106,209.76096149471317,3,0,669.9401639175135,401.17784169026135,-2.563762976840194,2,1,1,-0.7700000736562587,2.3850693193753214,0.5415697571930579,-1.6682854227060115,0.1500454297454045,1,normal
7.84879012049113,655.4516802127661,286.8440935035281,0,0,769.9524530671157,2321.494474471149,3.807266433987032,1,0,6,-0.6683776725257631,-1.7430133698942882,2.526045975061799,0.6565175310697943,-1.128604900316507,0,normal
5.9875941070894445,465.3577476480539,369.3418765552748,6,0,2459.561685439629,505.3316116026684,-2.124555560650618,1,2,0,-0.8336565358409178,0.3248125844924993,-1.4569552946630808,1.136555976019833,-0.0679049751688085,1,normal
7.4035096527774735,395.9588643876516,246.6324524185674,9,6,699.2610866744297,391.84966100077247,2.9777378055029544,2,0,0,1.1078468418327914,1.6454840527132089,2.5968618258197416,2.4685739893605603,0.1531984486338813,1,normal
0.8529489036033959,292.2931952034856,207.150485502206,6,9,1228.5658787316534,1759.3173073353914,3.3752309562414293,3,1,1,0.8091704036091516,1.468939514839899,2.9647398579415016,2.000250748099149,0.1905115123219155,0,normal
7.480230700957358,330.8652432852685,22.65676731234733,3,0,1174.4777377014734,28.06930347019977,0.8146198909841649,1,1,0,1.0139232930340385,2.314899875497221,1.861995085859463,0.3692440989624685,-1.3468205814383336,1,normal
3.0745798117545897,1267.469169759281,709.443364467336,0,0,1997.803194554676,712.9599263423709,-1.42510185647682,0,1,0,-3.3758503580786163,1.3244034375534732,-2.2340282397960336,-1.8972305519056627,-0.723358446597583,1,normal
8.389287174772772,561.4383794835411,311.24229865319336,3,6,1077.116964576133,253.20972080041776,2.3169024788237857,1,1,3,1.8223512303413765,0.6436502454948589,1.6886073846883514,1.0841467222659202,1.0013470218744038,0,ddos
3.84216722172194,975.626701303954,423.7861603223847,3,3,248.7420146835583,105.1753480168034,-2.017240086930557,1,1,0,-0.6502749897776413,0.3366853401400274,1.2264616381939646,-2.582527567075259,-1.0321103771377396,0,scanning
6.590361065459394,278.3338068362183,240.6946269576019,6,6,330.13491037697355,111.39413689563446,-2.723168491542827,2,1,4,-0.1733710738967884,1.643838437627819,-0.338734015313096,0.6283342841322002,-0.6854777141658808,1,normal
3.140477859531229,327.9728157510273,309.692129826469,12,9,408.6622522486135,1346.8547904619231,-0.6394942220565801,1,1,0,-1.628753525168691,-1.0732767815588342,1.050142097611062,-2.243906246513009,0.573634818527336,1,injection
6.819418365984683,1255.7611671012942,287.80496919643286,0,9,668.5648680339038,245.9227146907023,-3.4098538806801253,1,1,3,0.4030075796441932,-1.753701800685773,-0.3871534829047136,2.29973971071642,0.9683108296606592,0,normal
3.744375413782643,2633.4147374793906,264.60481830580534,15,12,3467.135788479294,1205.9974317426684,-1.680405724595271,3,1,1,0.8803908424711046,-3.152206188877315,-4.626795817479305,-0.9375055206733698,-0.1655349545560288,0,password
6.897430197066329,445.8395244670125,350.5824120553777,6,0,1592.3413376468732,1971.2413487158565,0.8261982888834871,3,1,1,-1.4630706526772597,-1.6563822391912173,0.0354373820370308,3.413219194370856,-1.190781553993548,0,ddos
6.426413605698115,1564.8639448079882,432.002738121344,0,9,720.7646521389103,934.271621285262,-1.0036377594700352,0,1,3,-3.224689694374849,2.861832843336299,2.083802650946451,-1.6818714974589863,0.0081457385772716,1,backdoor
8.598398191636974,204.852363070667,244.14177018961436,6,6,3039.4200612982827,1887.1980804538596,-0.8767067571217912,1,1,4,-0.2087107521024891,1.901006067551227,1.0758548982714635,-3.180956497632823,0.4583732572869791,0,normal
3.752920911133175,408.04894775291353,884.6645729688428,0,6,2670.117023349685,799.180028691461,-3.026547222088245,3,0,3,-0.2356045692618553,-0.3378265453234439,-2.5362535276333085,-0.0641697090468411,1.2979991551738697,1,normal
2.52715798343354,1366.1952554656866,90.65034596291892,9,9,1226.63210276085,819.3181284072245,-1.3951643217765477,1,0,4,-2.328234938991354,2.6763838875003625,-1.8295815771730817,1.8339948769880987,1.690709054912317,1,normal
0.6552229771073627,515.6131449749927,190.6755151882439,3,6,1234.2254148592026,143.9476764715348,-1.0745476003812209,2,2,2,-0.4026451171388108,-1.9517782093206533,-2.563341354660408,-1.503266545713595,-1.340109696853886,1,normal
5.01718723535281,959.8861513569192,217.55121950609143,3,0,3353.7263935801952,1643.6749717350058,-0.267224758773089,0,2,0,-0.4932931726732495,-0.4098707124728755,-2.742718784113552,1.9850074736049044,0.1157341031567248,0,normal
2.6505048316668307,2402.090889098082,392.56796744596096,3,3,3611.07540163293,1698.045704810064,-2.8244355219960458,0,0,1,-2.547333514529925,1.2063426016401135,-3.0059575101156035,0.9866032285798432,0.0548278316524357,1,normal
7.401822520917582,1480.6642523944836,887.0526294596062,9,3,440.75921490539145,236.0637981832008,-4.042379323046927,0,0,4,1.719522306384514,0.3219534581974128,0.1073677584180614,0.4315672120336895,0.401690440678257,1,normal
5.946769484516059,830.8218602660924,334.6811664308661,3,9,1744.0164914074585,1323.3094165507655,-0.0191116948743661,0,1,2,0.930333531698014,-1.085815910151801,-1.99935609613302,1.018721273747157,1.36817479735919,0,ddos
2.7552835381344147,326.9357022028877,497.9500295834128,0,6,560.7449374613424,745.1397462977098,-0.2209965765300867,1,1,0,0.8872014718090051,0.4912664535352828,3.0119168989781717,2.136798198049416,0.4406685548339808,1,normal
4.482405652956576,639.8081107359415,1253.8157680875734,3,3,738.2316740888111,228.9358712830177,-2.396153729725268,1,0,2,-1.1828426052241332,0.6859627904102198,0.1613235791994112,0.639982232902607,-0.4842444158209485,0,normal
1.7235214674251986,93.32412201105724,156.8333055077785,3,9,758.7559083186345,125.23165480193362,2.3682995361377,1,0,2,0.9590363465915528,1.178231456367434,0.2092879719448497,2.7763060688399506,-1.0315734438155184,0,normal
4.288598633207845,2218.5960991900847,524.4269962849695,9,0,2351.1933666331124,3005.256595768892,-2.8212558644305568,0,2,3,-0.854644392928078,5.771047898757719,-1.0206479325989133,-0.2198462008467108,-1.6995095258687585,1,password
2.677599505935983,752.1559944390848,628.0358275116212,9,6,909.0830008336944,32.46128828416773,-0.9722614834148424,1,1,2,-1.0123785654980408,0.9415504955520364,-0.0179725790698039,2.7165459888173293,1.3144524295654332,1,normal
2.4628981568336408,289.0867722241736,372.7550438631113,9,0,1173.3754604203834,1798.8463322662408,-1.4559173954560076,0,1,4,-0.3952546614883634,1.5516474296512164,2.9028017371726698,2.369715103477152,-0.3399303268669342,1,normal
9.575539588136536,1183.4361162467255,198.99912645414136,0,3,2147.274010659108,782.0454184910858,-2.178759601207955,1,0,2,-0.4337049792312978,-1.916017714810308,0.8937990036214126,-1.305225972591014,-1.7162452321627122,1,normal
4.050411491044796,986.4714689345736,127.06255045247376,0,6,199.87590888180048,1838.4006044962373,1.6096153402504263,2,2,2,2.5377431809756708,-0.7875713489461509,-0.582180039703861,0.9032044165128532,-1.4487818441236842,1,normal
4.221065242290908,1262.7789790085014,166.5869253894025,3,0,451.07470267100416,1207.5836979372343,-0.950844997752336,0,1,3,0.362918493116545,0.5961509523366932,1.4902415737878238,-0.9974688697115844,-0.6308273415348018,1,normal
3.6015412754095704,995.7437091771918,312.0408321080313,9,3,114.11557772667152,380.0233349665519,-3.5323111842769963,2,0,0,1.0961507452289565,2.418780226561905,1.361176343066918,-1.2201090198325544,-1.4089729348045203,1,normal
4.992527477515445,286.289716009009,152.8665834836102,6,15,384.7645924718967,236.008729237964,-0.6768174700901648,0,0,6,-3.9329535191256015,-1.0246811368368125,3.455951005720784,-3.4447026802408818,0.636972740374394,1,ddos
5.582268378335252,1091.2279180132184,329.5653569161128,6,0,631.8666862352012,1388.6814472675942,-0.1453986052688003,2,0,1,1.7130253035612284,-2.825767272722168,-0.7383217758088854,-2.639068654910272,-1.9545903611882167,0,scanning
2.773607268385041,1293.7274868066102,383.3250357257068,6,0,1604.8828647702112,170.568089361448,-1.7368251184595724,1,1,3,1.2580124962350605,0.9543054698799024,1.7089347328070683,-0.1137911415414709,1.4251017971404554,0,dos
1.3964369386566131,3563.875412491688,972.8185308541962,3,0,5122.213441375832,3272.404477422875,-4.550303387751763,0,2,1,-0.0640280885197259,3.3473911447346696,-0.8947210037088156,3.945285507710985,-0.1337835086813662,1,normal
3.474777967776456,177.30135914327744,378.3594668129426,0,6,476.680837873132,665.4131484105712,-1.5360322618802582,2,1,7,-2.040060015015499,3.657662157437741,-1.5813564139655254,-1.3480436183211923,-0.9784594631279974,1,normal
1.0268147028206158,770.3313663598193,233.7766710576648,3,9,4758.102326193207,2744.604087726642,0.5130725122319597,0,1,3,-2.0483392676736685,1.3272278238833382,-4.396703764870784,2.131643968916572,1.104869049973591,1,normal
0.3114451787052359,0.6580145449988084,362.4584372990934,9,12,2274.135406636009,1690.1379441978363,1.3014211479064304,0,1,2,-3.2095660546219227,0.7837974072343843,1.0511596471045108,0.8302238672427151,-1.1726728303583254,1,normal
12.861981955604024,585.6514569184869,230.29619098741435,12,0,3545.5840236208446,681.3342353719415,1.1476692438943907,0,2,7,-4.284609228597802,-1.7095356798119776,-1.163772816899988,2.267401351771192,0.9757104862043786,0,scanning
5.512781581809518,419.3677180761737,453.6736606613901,0,3,529.7948588385636,849.6286245822681,0.3937144882596746,0,2,0,-2.577317115740218,1.792519858303649,0.6130020351424028,-1.6956495209534783,-0.7719973659460952,1,normal
6.787566406826612,17.96759622661814,184.88797076584856,3,9,1033.1676028795514,786.0838767939169,-0.1270026458130004,2,0,3,0.8633712912926683,3.275853419236669,-0.679666139734113,0.0276737242848239,-0.343625922956864,1,normal
7.8157190925746995,2234.560555944854,151.263008953569,0,3,3956.274908042956,492.6919957325072,-3.975708066247391,1,2,5,0.9296403940419932,-4.218334194474358,3.069004574789673,1.255348963841312,-0.3869896540739544,1,normal
3.242028143361141,349.5331838174354,1449.457572991597,6,3,234.4375239699137,1001.7206561570974,1.2786248018063064,3,0,3,-1.4500829388012195,-1.1077046044350076,2.620984554211685,1.3926385289628949,-1.9107109701871463,0,normal
0.3932817534764657,121.4292890914433,71.19497356083932,3,0,333.20486315434994,78.05458001296786,0.3608899867605206,0,0,0,-1.8244932478024083,0.811687126115362,-1.812909059115526,-0.917661291743472,1.0976225269596718,1,normal
9.877812680010743,1444.4588692199652,112.8134294902899,18,3,155.07773715592438,1866.3393627129203,-2.6580456086291244,1,0,0,0.6400282849371328,-0.9249831807831994,-0.2560607186910597,-0.4441523978869328,0.1237869974041285,1,normal
0.0740212784794936,343.7928861257059,215.0564063118832,6,0,2586.477892612311,234.18001792522404,1.8817828186682024,1,0,1,1.4129362228052311,5.249915181206214,2.331202033357977,-0.0876351784933875,-0.4743730494337961,1,normal
0.069435681122494,837.703812099258,1066.5796011942366,9,0,1235.0974632148764,873.0206259788692,-1.938033956276954,1,0,0,-0.7625424657782491,3.2880191923573028,1.7146526262222483,-2.9448369213448804,0.477204859645472,1,normal
3.3914215820795395,953.3853963262828,43.447729174041065,3,9,2044.727843451104,1154.7836885800846,0.1819776588553987,0,0,3,2.275999038643028,-1.2189862214547242,-0.8899320970153963,1.5266593923051437,-0.3564347784039691,0,ddos
0.0406866252369851,644.3010812036263,177.05244598970555,3,3,1396.0100754406938,1077.0077850049468,1.0345604386600007,2,2,4,-1.7419907888009143,0.8703891701430901,4.3542248789091325,-0.3771947956736994,-0.0785872101773984,0,normal
0.5995158819020723,780.243064200304,169.7288384747223,3,0,725.7228316813481,1169.1963337901689,-0.4181258814067661,0,0,4,-0.1532499607841095,-3.484842341444925,5.6398969084990345,-0.5589908333814493,-0.052638097975327,1,scanning
5.3878623226550735,257.0882985798766,182.78662401116603,6,0,1999.750862996378,1244.874321052789,2.969510728345532,0,2,1,0.7778424502096286,0.5449238304783295,-3.0923861398656056,-2.002873697873444,0.2414014882013742,1,password
3.275382501873969,760.1963914467722,463.47812155170527,3,12,2160.3596305777837,941.4704901795028,-4.102807726973772,0,1,4,-2.663908916358934,0.0998267393150562,2.490664652740447,3.321467283295979,1.1578881172796036,1,normal
0.5449205863413188,284.9182296932903,495.6531034385112,3,0,1039.7009479490127,800.8534798851006,-1.1170145827086202,2,2,2,-2.6975736033372355,3.263831572131089,-2.63555776600398,-0.9052830164682696,-0.2066472719848256,0,normal
4.77759498579365,936.3178221809012,170.43626099137353,3,0,1898.0534759462628,28.40834881989902,2.6210875410847247,0,0,2,4.956047558760012,2.9999918514022834,-1.925228596437728,-0.7223384174225602,-0.9569281430427784,1,injection
0.2342777909754795,1227.7895493307367,381.4613628169342,3,3,224.44185251151595,930.3656871869396,-2.691409879724614,0,1,0,-0.8932215984228686,0.5823129373703277,3.657411428026406,-1.5419412030460733,0.877407328274133,0,normal
3.571377464498216,997.3976480452516,648.3257618582094,6,0,2375.0993671309234,2073.102506732888,-0.6614920343204933,2,1,1,4.495493075597032,3.446075320577334,1.607147890518262,3.251101943827174,-0.0790397888092214,1,normal
2.1893642837105225,1003.9194627505888,5.985542336666526,0,3,1511.401626391077,910.9574041487372,-0.2613147553024165,0,0,2,-2.6348355081632384,-1.689549995330088,0.8789270617427634,-0.6189740226733207,-0.1707759396461565,0,normal
2.4622985926604675,364.36280950596057,83.06255461582322,0,0,1290.4552630338103,266.6126318408346,0.1858750693447488,0,2,0,-0.9425903391149728,0.441622374756231,-1.8297710462631904,0.3609413966902572,-0.6018634492674177,1,normal
1.63792453216677,509.2730071703849,923.2345616922986,0,3,1210.9821281099269,1317.39055793835,0.1085737814507352,0,1,0,-1.9524345439671045,1.6484413769970527,1.9788551267486412,-1.951165295437065,0.083113718491211,1,normal
0.7947451603374028,592.9257001237443,332.7677229620188,3,0,1269.8130382037075,576.4834045882621,-1.785971836053145,1,0,1,-1.178546423408051,2.9018483711570413,2.2866585592432243,-2.365588765204122,0.6273080216091801,0,normal
3.913376968005673,67.55966924301693,34.98810503917536,3,0,1078.0400882045776,793.2333603547296,-0.7830181125832241,1,0,1,-1.1166275313482348,3.027622285965902,1.6014384409054911,-0.2806686381047139,0.7349180886286065,0,ddos
0.5274683368923504,229.3874397169556,99.92148757867518,0,9,7.311463362935491,1504.3001773210085,-0.5396836194723764,2,1,1,-0.3272305960372993,0.122658917525835,0.536362351117452,-2.3176243035906268,0.207095059216077,0,normal
2.180397682119437,837.8571998929908,215.30798914367,0,3,3365.0551476240503,300.1464526311978,4.308367454013253,3,1,0,-0.7324505797293337,3.181903951135548,-1.318038394908282,-1.137782397036922,-0.5256001926926767,1,backdoor
1.338637241258866,800.5819481556017,369.0549620791375,6,0,461.1754645586064,843.9629608248289,-3.177783792659856,2,2,3,-3.3385315389578905,7.313460304635968,1.4080352300275047,-1.6209903268103971,-0.6342043822353474,1,normal
3.3129299277935056,219.2528090586181,1020.5201280129236,12,3,3039.913517730557,824.2406406467559,2.254282190559461,1,2,6,1.4662459345569938,3.155490510471767,1.5521988876102977,1.3930344379910529,-0.1381875541344757,1,normal
2.4367185410290277,1114.9892859294628,407.5538886163303,6,6,14.081216349388637,729.6974323599696,-2.26773177409378,0,0,4,-0.2882246592469117,3.817602354355775,1.1013559456966753,1.7116717479144596,-0.2010133923700038,0,normal
2.625636941388591,56.006034645406544,475.5737371487948,6,3,977.6165777115862,544.9767137647997,-1.2364609532107769,1,0,2,-0.7842637147108997,1.7548060419742175,4.31481086730918,2.275530237803161,1.4164604383987187,1,normal
10.235862112844728,1253.6521767686395,563.6583422823766,6,6,583.4978927305867,685.4754989177823,-3.485031989086254,0,1,0,-2.926439548678032,1.568839067272798,2.2180403779210778,-0.6644416104511067,-0.2067533179775053,1,normal
9.48156787981789,151.68317533661445,7.598430726697023,0,0,1669.4251339731309,258.4552066770572,-0.9201362602739585,1,2,1,-1.3394578007015687,-1.5382794762364425,-0.0647626634016338,-0.0169849715488163,0.0367266000004427,1,dos
6.691579809758313,1275.4156855076335,831.6218025700965,0,0,526.6767467741942,305.99343550866763,-3.7247096875315178,5,0,3,-1.1260363204217698,0.9021815520937856,-1.021744116367126,-3.168234802194473,0.2684121797598204,0,normal
1.2998739502314072,533.329869987284,376.6697836728416,0,9,1316.3939202251215,661.9584645393512,1.094859365035364,0,0,4,0.2954721105505719,-2.38891157727441,-1.216911764699315,-1.013393634697371,-1.7142788956528563,1,dos
3.994423598864963,1717.9010532603445,193.85342717635277,0,0,4122.549960339384,1463.6268066333769,-0.8635927934374228,1,2,1,-0.1702001695383692,-0.4960437565092062,-2.516482193480264,3.304834178100519,-0.5969642426358022,1,normal
3.758767522716417,171.63129401981163,25.401758903933622,0,0,857.3489408464029,888.9735063155965,-0.1819266023828269,0,2,1,-3.1468930370600354,3.348477093020485,-1.9639033272993591,-0.6236399231383145,-0.5419709274390846,1,normal
8.581847218623667,1746.257841066364,131.28433327704505,0,3,4085.3893907281367,1178.8810668946492,-3.322737333267315,0,2,1,-1.5754277618766872,-0.8250884795573181,-3.73481025951556,-0.3765277568612737,1.1636487091752306,1,normal
3.168118638876253,1294.347277930186,347.42989257495026,6,0,272.59434881602294,176.55140734199338,-1.8776617953677488,1,0,0,-1.1883987241519431,-2.0463859682481784,1.7066984715364455,-1.3309395175629188,-0.2180576956215974,0,xss
1.095090923738062,1242.392196800476,336.04575249028954,3,3,2110.966346605174,1381.3158113626157,-4.759792095165479,0,1,0,-3.717695603624807,3.2309775414911046,2.083901468600937,-1.9142282449695145,-0.3833693964477566,0,password
3.099893234495566,1593.8601338312396,690.4880330999872,3,0,1582.201158208436,1135.428274222004,-1.9563780702470224,2,0,4,1.1782839475310811,-1.4454700225831003,2.1149941317196435,-2.518940241434484,-0.521491953801047,0,normal
1.8223040865342264,519.4433865159792,543.4661539780699,3,9,1664.1020038589938,1751.7192977290656,0.2688762396615043,1,2,1,-0.8701779124736808,1.6308948869475817,-1.9316336925383997,0.021264592881768,0.6875202802311485,0,injection
7.148192413839437,1763.0167002983396,503.5098052390877,6,0,49.997104173462645,1131.642589088886,-1.6830379387472871,1,1,4,-0.9010677040328028,2.3459587031647136,3.2990049677565008,-2.6401391949740187,-1.4094070667162188,0,xss
2.146507746800818,1120.844641023985,68.42446594896168,3,0,2257.4376413742752,1191.3949521170164,-1.4000600310697262,0,0,0,-1.6544442021198935,0.5164124473201537,-0.7427787966514048,1.979329265732113,0.895415165059158,1,normal
1.2973304359905324,392.0227128701407,85.18234825799944,6,18,3842.070477082501,3561.966147410755,-0.7040326812802855,1,1,5,-1.3014856301235782,1.8412655673792693,-2.317573710404901,1.4978593247238028,-0.3520624455854479,1,injection
6.661096420821285,389.9445473228806,458.9500702285426,9,12,2478.357373617505,1940.7479118850451,-5.145364755918508,2,0,3,-1.216286769039758,-0.7189178359803419,1.8598009626879648,-0.2519859361275576,-0.9371318656808674,0,scanning
4.695480065954941,932.9175305854334,132.95493285120904,6,0,1528.8717802427066,631.9753811835486,3.741630551736572,2,1,0,1.8651026005627973,2.4691975419582404,-0.8832446382025851,-0.0117320348092324,0.2146193373473418,0,normal
2.5917348149908026,1459.8833714385837,112.42941697129204,0,0,67.65735745477193,311.93016866084184,-0.3514873806591376,0,2,0,1.36081764416154,2.072017369013414,-0.3147399390699408,0.024596478569576,0.4723768720754771,0,normal
7.029453605311009,802.7576004835132,463.6589683875488,9,0,3301.732574119045,118.27730743599984,4.542145282892647,1,0,3,4.574164068186963,4.314026429185996,-0.590284661053919,-0.6348389409579287,-0.0984381242234695,0,normal
2.6125196646207405,609.2388470909926,611.5192342088574,3,9,2070.470500528163,1343.1296507353811,0.2850570053965917,2,0,0,-5.046930765779539,1.1550292519444612,3.786444097881783,0.254537266434738,0.0007923158127783,1,normal
7.087446503346607,440.97922404137,325.79573335039487,9,3,344.587831518015,152.94212721510485,-0.8602122493444473,0,1,4,-1.3971949336324834,-2.7604614917453283,5.633330948636617,0.7421008475802839,0.5118132122474839,1,scanning
0.6368021647594635,775.7432175535527,288.71055405999726,6,6,1644.8388116194849,1787.228990386131,4.767199644214116,2,2,1,2.018335544609353,0.0020228084696256,0.5592038129559866,0.7748030114475402,-0.6392912204996224,0,normal
3.952515233267498,1204.641054805879,214.11141897729,6,3,1938.6463770617083,457.6440541449706,1.687347392664892,0,2,4,1.6379276660137196,0.3275068184460598,-0.7061858747536398,1.4846059004586714,0.1233548156587705,1,normal
0.4869917059862431,1501.598973070747,344.55449707522246,6,0,2463.197293639612,2604.609610423432,-1.6903251249237077,1,1,2,-0.4146025179788923,1.082798959638534,-0.4136393612899613,2.0487320039405037,-1.514718443695359,0,dos
6.121193142308968,265.3030578147984,882.8894511180665,0,3,1666.3727405914194,645.7666553432799,1.3589464419505874,1,1,4,-1.5511818510023887,-3.753601350053256,2.2008318015710024,2.551474238335976,0.1268018800611192,0,backdoor
2.0148864012386047,2182.445543276041,996.2609252525552,0,0,4183.831417052636,1150.4105783575178,-1.0607007838366644,3,1,3,-0.9855312356709478,-1.1341634894222612,-2.655498612376612,1.5925979339580854,-0.0753330274780156,1,normal
8.658498694782775,3025.82807665199,385.9362280098072,6,18,1309.6717880612682,1273.706553880395,5.885859290602687,0,1,3,-1.0150592462273618,1.9298508866960675,-0.5383767138804765,-0.2773307365164263,1.0913152340823873,1,backdoor
7.033775474099315,1173.712905850702,112.66020917087536,6,0,930.5034237078124,214.28194405580024,-1.8898119393746684,0,2,0,-0.7931041594255979,-1.0539001276948554,0.7672418184755746,-0.3592090538970338,-1.073561493039523,1,scanning
0.7412127769173776,303.4624267095747,409.69192081722525,3,3,681.894915628686,263.63670735247206,-2.084121976240683,2,1,2,-0.4589130599428955,-0.6471220991734732,-0.54547762493688,-0.4239119296551092,-2.0675285448532223,0,normal
1.110064210423095,24.49878645889292,135.3478896908692,0,0,243.3805228934094,1472.6552345882726,-0.7125173161351392,1,1,3,-0.4112571805612743,0.0919793676944606,-1.1159347855007329,1.2926606385492247,0.093704354400045,0,xss
5.961785922462015,1051.0125097068535,106.4810327640044,6,3,1438.5653695397832,1428.014576429579,-1.5812864189764733,0,1,1,-2.626650702381093,1.570815028559887,1.2925041836942412,-0.3835553267628244,-1.9563981732571023,0,backdoor
0.3459468913911722,144.4893046304287,421.8045353418939,3,3,2249.196477344864,470.5518763035453,-0.2685110016376384,2,0,1,1.3697624108187123,2.890904871190301,1.0253981048054586,-3.4681845094477763,-0.7079162958969585,0,normal
1.5649994184093297,97.70011962321124,700.5938912325589,3,3,1970.5387079488,871.2397151376153,-0.4362373440990353,1,0,3,-0.4307292762251903,1.980234363047092,0.7890696744301249,-2.127703649093417,-0.2048153876060608,0,normal
1.464001652395154,1030.8099363227052,25.75798207361508,3,3,16.607496370361392,1710.771398134591,2.662491640046056,3,0,2,1.7937607194319365,-0.7843929171092481,-2.5826920015900985,2.981614239048876,-0.6038088315726415,0,xss
7.197070608416873,48.59699092586112,236.9532555618992,3,9,42.704642279303904,656.7970010159012,-1.5389993407086835,2,2,7,0.7552284875020319,2.91207423383539,-0.8767313846494258,0.3004538318599886,0.0249002579890801,1,normal
11.126802296890046,163.8222253093987,25.3568607471883,3,3,1265.9694920382135,810.9813523665599,-4.129715240135307,1,0,5,-0.5747254937610389,-4.087647924322424,3.7300854818687776,-0.9088126719317552,-0.0911100737728237,1,password
8.681183831841183,723.4916369151476,425.7658628253242,0,6,89.70642344054163,403.4200180240893,-2.257880036659521,1,0,3,-0.0661585998217331,0.8409678059176333,-0.8930868205293538,1.0690889073412848,-0.1428799312754133,1,normal
7.438763731447678,636.087042548087,511.8875435041711,3,0,398.79964446673375,107.53057829934292,-1.6378865563645628,1,0,0,-0.5560872710720078,0.676130063700223,0.9937907191773248,0.1048260305142894,-0.139290886010089,1,normal
1.1097221969129838,635.1488365686153,545.4414334327194,0,6,453.5566116476403,2234.51962440986,2.7748505416999683,3,1,6,1.1693600741540335,-1.9678784621872731,3.9888616367617553,2.382566984369776,-1.0681286455372514,0,normal
4.653501173153854,404.0014017148248,187.0404394261518,6,6,1590.5938820995848,773.6484440023763,2.472576178436892,1,0,2,0.1444444514270886,-1.47173546380008,0.98855321504039,-0.1373210980717729,-0.7404037365332863,0,injection
5.4609805863269205,1402.1356673985536,459.3377151275428,6,15,1115.4582655746542,1020.1934201426004,3.437837572644317,3,0,4,-2.301771167763502,1.279328551045469,0.6715938772576716,5.394313170102332,0.6261219618787174,0,ddos
2.9840774292143,243.11082183755715,326.2461982077813,3,3,580.4021571908305,318.8487748566332,-1.6404722761194197,2,1,2,-1.6356112362313988,-0.3400607582681696,-0.8548835647445902,-0.3777322715671825,-0.142457110046869,1,normal
5.251143506244452,482.37397163687336,501.2573028206429,3,0,1935.9721394676037,561.8764007599491,-2.1927972463913763,0,2,0,-0.8674506686232838,1.2310607263546205,-0.5154899186021459,0.6360041198445587,0.0953724832559995,1,normal
10.740018334456494,599.1772777119913,121.01717811826826,0,9,332.11400975001567,778.8332208968212,1.9056125917534847,0,1,2,1.5253297886838215,-1.250278924388642,0.5432501577669663,3.650489168929408,-0.569205972022491,0,normal
4.308321967703251,64.54933300430076,183.366919083959,0,3,1447.088159668973,675.8305713476352,-2.5806593597385925,1,1,5,-1.5102976823869425,-2.892917293230417,4.177170418468319,-0.9816238299513028,0.4454543789005948,0,scanning
3.030153847203678,1078.9438035229143,214.78704835012093,0,0,1656.17045784188,1807.372507368672,3.046278131154604,2,2,1,1.9774230541706752,4.13884605503163,-1.4919201124946129,-2.5879709288447224,0.020071504748036,0,normal
2.6773523631118774,850.6859191918833,162.55034994641434,0,3,2021.2359709597056,191.9594293242496,-0.1539707948619264,0,0,3,2.981591511026103,-3.1334295860933308,-3.168363634608756,-1.9680302340206528,-0.7064403075092495,0,injection
2.8099226828909014,371.30590623053774,128.70013684828922,0,6,335.6164846257379,5.704063853069177,-1.3754591637266875,3,0,4,-1.8722923622781529,-0.2747562959663645,-2.251785488074753,-1.2333106301406616,-1.563323605881216,1,normal
9.98244844673702,1316.4181593979488,148.6641681471783,6,3,348.3644959137832,814.2876247807095,-2.5902262093692627,1,0,1,1.4100428875809128,0.7971201955105933,3.258202946937752,-2.251141977022685,1.159514441407588,1,normal
1.4733371589946611,98.99428483791294,397.63907052898026,3,6,1243.714517758566,763.8169379035761,3.5181863867850467,1,1,0,0.2571913588183988,0.2881074621994802,1.3457643576827638,2.0290730145540894,0.261264131442732,0,normal
4.549765586692235,623.9001587996446,547.0692581006093,3,0,1429.6328136888403,146.47991731924583,1.469256332830889,3,0,4,-0.4624907733890711,3.792652968339541,-2.8014665447585045,-1.83847522613548,0.8677360335291286,0,normal
3.450356965905017,591.1685319819431,270.9615863357614,3,0,502.0173331203735,1248.2825630952348,-1.243799558983768,2,0,0,0.8671141585719704,-0.4842765878095956,1.1440276166651304,-2.753971873888279,-0.5733947716325736,0,normal
8.42669404978195,603.5825316724837,578.6875423635387,6,3,876.139486511569,638.584614555921,-2.9542203984621924,0,0,2,-2.2924955131108846,1.227549106053986,0.199163038901986,1.2183016721055882,-0.0725663027107926,0,normal
9.361787851405492,1760.6494356991802,230.03410943695104,0,3,1600.4391344226633,1952.154657955155,-0.7291363734867621,0,0,5,-2.650495175969,-1.094163761571261,3.460147379776356,-2.1547746481876264,-1.359576690048937,1,normal
0.7930776511462108,456.1363260114614,556.8758760945578,6,0,1396.0160264862395,1781.2419814086568,-1.833989036642672,3,2,3,-1.0332672426447669,3.192318015878093,-0.7617197901547219,2.59033870088754,0.4397734010603417,1,normal
3.968689176381461,497.4315997285907,698.3605085890822,3,0,1088.1748768439925,1175.3500665872914,2.8790624447796285,0,0,0,4.188108212029506,3.917953811926012,-0.1390128438028381,0.0997252435497453,-0.4215359970698204,1,normal
9.70625650022481,1262.450330691344,445.4638238769526,9,3,2213.9585168958447,1807.9597315159376,2.148391044543396,1,1,1,5.582998774369697,3.3607316183848166,-0.2092422091409942,-1.947792165314118,0.8112988610564685,1,normal
3.812691242901001,671.522466285029,700.530585867471,9,6,802.611962772663,1005.8940265595462,4.953580095197394,5,2,3,3.235025419669101,3.9548427576693497,0.5386631161393138,1.9002533330402664,1.3441077767634182,0,normal
1.3353933018755306,1751.1425937369856,611.5401041532473,6,0,2025.3837559861172,4185.338789349358,6.403997373457286,1,2,0,0.95931269232683,0.4273360317663668,0.9902126047576192,-2.0407967082696974,-0.2339899510790032,1,normal
5.579058417425518,1724.8797907936923,1005.4493170886552,9,6,1281.400190391218,381.6992823783812,-5.072642438335811,2,1,0,2.2477747653668283,2.230779733878063,5.819935577570314,-2.7348861901414545,0.3353362058603126,1,normal
2.844613589458,788.7350508678006,102.94697697898256,3,6,1579.779376836548,205.09290077164735,-1.0469165965088554,1,1,3,2.001937208268433,-3.3972764353471936,-0.2999116994377689,-0.0281416470816469,1.3875180622026293,0,dos
4.424039820336702,591.707452133281,123.2348027026849,3,3,156.02773914460337,1091.114001676821,1.1033892354419266,1,0,3,-3.194007130551431,2.7872224610352454,-1.445315202788105,1.9719951520989143,-0.7644448557777417,1,normal
8.022849221462385,486.31585546494506,184.7179208030856,6,0,1426.831616656102,1136.717409900041,-2.5053828710387926,4,0,2,0.651209536838993,2.1688564897336176,-0.307470025055395,2.0996207415489643,-0.3020754977469999,1,normal
1.9469323248847985,417.13159154600464,1429.801957793671,0,3,2882.568494691988,436.39070927126863,-3.796440532161374,1,0,1,1.4536950407169134,-1.136562066988538,-1.3443361288621436,-0.5165880406214096,0.9131126577274388,0,normal
1.254322240191005,341.18524800195945,300.2977229065812,0,0,2155.6675456003823,1299.6002011576904,0.5400358825430649,0,2,0,-2.218849421250308,1.291078496357423,-3.359102024588947,0.7807495873666928,0.343061794011967,1,normal
5.9858275051030905,939.3848094707722,104.89215561960536,6,15,1658.2625697597157,1168.801131368286,4.690966906450484,0,0,4,-0.2540299014141046,-0.5471296335383569,-1.7927025425784666,-0.3092060954444546,1.3284107905451903,0,ddos
0.5394276571396383,672.1593345816391,13.375357435908391,3,0,2980.355603809746,673.5588771853853,1.675239403267555,2,1,3,-0.5166200064454116,3.3318418026714047,-1.2325885582759215,-3.492061222466803,-1.725515355991867,1,normal
4.152421319016909,499.9118515570987,501.8524970121744,0,3,1532.8130063930848,613.3333109773403,-2.543106861623972,2,0,0,0.806879465742395,-1.153441988753775,-0.7988569651936615,-1.010460069604845,-1.5147288464559736,1,normal
4.3362464190667405,721.567406920478,1092.957936166814,3,12,2559.880096250624,1486.9912835463322,0.4242947379066464,1,2,6,-2.830609800585605,4.812734441643194,-1.3502456744658662,-3.2297962649260787,-0.6012078890892791,1,normal
1.1515287914588872,985.529057569216,154.88039665874362,15,0,1457.590333937232,946.406518843678,1.167413386410207,0,1,1,-2.151777926945397,0.4037734082379157,-0.5076985668928524,5.403440702411005,-0.3349677456518345,1,normal
3.4325936932596464,984.4191645757862,58.46852916662533,6,0,1652.0173864217404,1896.5597416879853,-0.6624778831833313,1,2,2,-0.6695211975834198,4.464277064999915,-0.491941641532684,3.616061239550116,0.4115772463140846,1,normal
1.1950142296337931,1312.4542346628862,33.31578708444894,3,3,609.3719146532418,2187.016304643299,0.6256733558755504,0,0,3,-0.0889839494975297,-0.797795085104605,3.030431247033821,1.1854123444369775,-0.4661691308355635,1,normal
7.77214475402846,430.96547033592327,394.8605250727032,0,0,1046.784673569074,185.45768555093343,0.8237010948045254,0,0,1,-0.2784463573320622,-2.2085617359785736,-2.213621628328447,-0.3852475783957971,-0.7084701504381246,0,password
2.7339492366745137,58.75940299914206,314.0189324173624,3,3,60.06841334462701,941.9478326636796,2.312045638806537,1,2,0,-3.895180173469349,4.754520662402494,-2.1959210184700986,-0.8137507493869263,-0.1516836368915443,1,normal
4.602719297019625,1370.353304877979,236.73326768663352,0,6,277.4560552846038,429.7655828890653,-4.074672145536351,1,2,2,-1.6014661967972856,1.3537087344305203,4.2325297372222925,-0.5313157818931902,-1.0576785288816153,1,normal
0.4268275593628085,74.99401721471632,447.68539419809616,3,0,636.1121743491892,1083.8198016718154,1.9386625398857635,0,1,0,-2.163216016537062,4.295467461696613,0.8394378365828821,3.05468039729286,-0.6414729827639359,1,normal
4.458336384757577,596.8511088984815,494.0371189555275,0,9,1070.8172256762944,333.0552297711869,-0.5074866683645448,0,0,4,-2.221589860718371,1.729832635822449,-0.3644366841342912,-0.5244478035106361,-0.5281277505807975,1,normal
1.6308472149572504,367.8764318323014,858.6652862949036,3,12,930.9562186865747,40.526144071323,-2.9816140187099807,4,0,1,0.2396482695152981,0.2644670006746714,0.976999538459174,1.3400516033289376,-0.6955611871721191,1,normal
1.9005849697912696,786.855791926896,215.643594204684,15,6,1984.9098546465025,794.8016810821941,1.3917743690158089,3,0,4,0.9033775416595632,4.964094241159295,2.870626840278072,1.356984648553397,0.2835033328458023,1,normal
0.6807330613360056,40.61290852188604,254.99096333766315,6,9,318.78525596925385,431.9729411386345,-0.700005064274243,2,0,6,-0.6792332020504713,-0.5938440491679393,-3.257034307067552,-0.920522859975559,2.0340879955631115,1,normal
4.395038920734049,248.15299678552515,827.6861963933716,0,3,950.9906234263216,588.1642626431027,0.2890895048265547,3,1,1,-2.1706605860604533,-0.9001981693168208,1.7819173198230502,-2.884740290165536,-0.3263103294585704,0,dos
9.41976948032884,484.3312190000912,502.5358982180911,0,0,842.4768678156719,527.3716496196465,-2.866875718697246,0,2,2,1.6491586277791852,2.25392167487769,-0.199381086231545,-0.1345951661237221,-1.2818095990941123,0,scanning
0.7959830938207779,176.7327573923552,508.2260613110576,9,12,386.6992936501933,645.9146765287283,0.6022981019174173,5,0,1,-0.8357382381055538,0.7150732686885194,0.2517688989260978,0.6978390623436058,-0.9051378045487812,1,normal
3.490416521301585,647.339686728931,242.11203929930252,3,3,1232.7943151868913,1133.2526943215762,1.7600399253864485,3,1,3,-0.338220438158832,3.644119995332262,-3.375259960618423,-1.1500317422939597,0.3265554002495535,1,normal
6.421476430407598,1047.8884856711056,66.76257849594126,0,6,3827.13316643552,2117.260633210169,-1.013619360389484,3,0,2,5.724117349880259,-7.084520128554757,-4.59279966846288,-3.51391690459072,0.7543171662764653,0,backdoor
4.097946125197297,1938.5432618514567,344.0780904334004,3,0,2612.9674777815103,614.6301706672456,-0.9619900321674232,3,1,0,1.628166023177888,-3.5235574378404326,-4.273642281002765,-2.052708100373837,-0.5231744864344077,0,ddos
3.1084684314540967,127.96386581709618,174.45125535348706,3,3,131.6225136704361,504.5677680603907,-0.9404527046575898,1,0,4,-2.381886428635529,2.7796765595883617,-2.2046232038284845,-0.6634790353420503,-1.394914479924863,0,normal
4.477962294256804,419.4483170067649,180.33337425620732,0,6,3424.7110889382384,2109.490251908461,-2.33673467266192,1,1,1,0.0267193435427828,1.8437901820187328,-1.8137539811111656,0.6670261484256312,1.3863309309437206,1,scanning
4.124726128975013,1545.5681423629055,105.75279684909172,3,3,1662.5583946368426,1079.3480791144236,-1.5506048599490787,0,0,1,-1.9091947226690773,2.0918529575474087,-1.2405696956195476,1.2530148543823054,-0.5441041870311656,0,normal
1.019380551173548,505.2199826274876,612.1349962462456,0,0,2241.118104378991,118.8354063376938,-0.9969498139241192,0,0,1,-1.8027445913666715,1.7605653200899465,4.448126345207935,0.9535596459717476,1.301911681669123,0,normal
2.799358215871737,975.4130822462986,215.72278516083017,6,3,271.65492912212176,415.41747732363456,-1.34372029642264,1,0,0,-3.9529368782571312,1.7315652104476826,1.017804301461224,1.6920707298176938,-0.059586393198487,0,normal
3.384129745336476,39.36925262924629,663.4931877473618,0,3,2544.1467484251034,1114.587417580491,-1.4708236019466063,0,1,1,-3.626298320111592,-0.3394584699280487,-2.805608037837976,-0.5357866656107519,-0.8018267680414327,0,injection
5.871978760716895,123.02134949727171,24.17806987448987,6,6,2589.245774444698,353.13421695695985,-1.949258235809609,2,1,7,-1.3492925437289192,6.482134621222347,1.8235365031678707,-1.253318966627301,1.366490721279928,1,normal
6.112263953901616,2290.6686731980176,416.0447904490405,12,9,243.66740584434956,796.6712669638093,-4.512286696346992,2,0,3,2.3796655558933155,1.2072818415556543,5.2238589440002094,-3.112861361048803,-0.0778609331763982,1,normal
3.894528899552421,1074.9430347097086,338.02654724458296,12,0,2773.515066413631,299.0790455003432,-2.455294875993965,0,1,2,-2.003641616777737,-0.7843450325621264,-0.4146707060598714,2.016608902953301,-0.641585568504617,1,normal
4.068088097244907,273.495525592458,254.59580935729804,3,6,443.6727757193279,103.60015730552544,0.7176000505566607,0,0,2,-3.1032115201667345,1.2331389039248013,-1.2646614889516494,0.0651865674985134,-0.3795141588667933,0,normal
2.9988302519992254,1432.0154611207277,681.2260669123747,0,0,188.86242891293284,105.02874750864817,-2.7537522683221085,0,0,0,-0.9154217618927942,-1.621428975978242,4.649735458382501,0.9534844852449232,0.4299283752175104,1,normal
1.8083919829336692,31.527432371785235,685.2126598847913,3,3,733.0636218814368,536.2745292711372,-1.536146461086236,3,1,5,-2.6357486736804576,3.335045482353024,0.0330256332642642,-0.5067299076085681,-0.6484288061460676,0,normal
4.366800398709273,178.86571812851216,245.66668448163327,3,0,2472.9868267346187,2554.0949197074838,-2.188402438194875,1,0,1,1.7441547474321155,5.479686403158766,2.371249930207291,2.1177462517854715,0.3306049893039267,1,normal
0.0250165392187886,1304.5299982777929,353.09282220486955,0,15,698.9618154319293,949.083701966238,2.5498013147409417,0,0,2,-1.6473009079848835,0.8820845671946003,-1.614565597622111,0.7097433316929648,-0.9421485126437312,0,injection
3.914087722732578,975.8378080261984,351.7646732661412,6,6,505.18399777910855,2310.204039487244,4.423398582124624,3,1,2,2.9964234178407185,0.6253927599406593,-1.0208304773453178,0.0556774385369875,0.6870046289814267,1,normal
3.771469723290039,1701.358414709492,624.9722776827314,9,3,2026.4778243659173,2110.418169335843,0.5636833947874171,2,0,3,-0.473757216708519,1.6138252666914965,-3.33694055939198,1.4431621670651962,-1.182637077483734,1,normal
5.042761658647871,614.0304901725855,315.3684986614528,9,9,566.191001930052,174.27184602267613,-2.592810133561644,2,0,5,0.4901004764436385,0.6504982729857794,-0.7101945550191213,1.7873135028668503,0.9647650439113776,1,normal
1.8930670751913552,1522.08944583596,87.3530674554843,3,0,2119.869258647543,746.7649406215619,-2.1443953571984364,1,1,4,1.583247748366326,-3.9718486994689375,1.842340830762709,-0.8651154501737427,-1.1018227725298797,0,normal
0.4622610520784432,572.8436972981966,113.6242129467119,6,3,1413.88830397917,1726.738678826823,-1.855910050417936,0,1,2,-1.1902108863388612,-3.94900585637118,-1.091384924272308,-1.427162267253712,1.4561662021034472,0,password
0.7833829030159731,349.91987166908024,291.6002637289062,6,9,873.2058715249439,110.1205762966693,-0.2282085471305978,0,0,4,-0.7777135184756868,2.430116151740809,0.5677312204002507,1.8744286326261363,0.5520074556517763,0,normal
3.398818498345408,169.04997267076106,313.50303785053654,0,9,1541.725906665019,278.47821613051786,-2.7352923849243043,1,2,0,0.0810704334149801,-1.5849911384133544,2.4250482031593625,3.70882988150024,-0.6688041216331994,1,normal
4.68776673033162,813.3950254300782,30.28251221499475,3,6,549.0252740563892,69.50812974688803,0.7430989319638341,0,1,1,-3.297310520556102,-0.8049445857334737,4.4878339292873495,3.038437155386478,-0.838651351407658,0,backdoor
4.60745678125391,167.42934753651133,43.51641301048496,3,6,887.5420139061589,541.8118066726583,-0.5841349202045756,2,2,2,-0.646248774536113,0.8374975236239379,2.8047776281553416,-0.3456887094222626,-0.7373009157458982,0,normal
3.2993162215192813,448.3883309262539,832.7934609447998,3,6,490.5298888726741,859.2212114815962,-0.7357722693778109,0,2,1,-3.515775054319195,2.901548530424013,0.4905357498623074,-2.0966331948794448,1.0770441312071124,1,normal
2.152756755897044,702.7974809190295,654.8326758828167,0,9,2502.3298069755856,701.4348573450276,2.4393749438016545,1,2,2,1.7428060988221212,-0.7489608026624657,1.3158994207117962,-1.5038152177130744,0.995346880239453,1,xss
0.1831905875027945,330.28480484549493,306.36043765588227,3,0,1355.1212195800256,150.56892856265625,-1.3602344427006083,2,0,3,0.2171191201591069,0.2365821559698632,2.073461855219152,-0.2889425012267845,2.298183475012463,0,password
9.031582803092494,961.6928438169772,179.0545595519908,3,6,2360.6117989938434,955.1819540049394,3.187317366244258,0,1,4,-2.528557637155373,2.7075235863516296,-3.670145571578783,-2.132810796041724,-0.1989568024877369,0,normal
11.652231855359345,916.6532202314336,520.5856087643426,3,3,1265.2820412873946,715.0624708843068,-2.99351988238998,0,1,2,2.108680598340902,0.2573764856836655,-0.0328063585266511,1.7170593691695182,-0.4030067698868403,0,dos
10.11708828956982,939.824002627742,13.212213644445375,6,0,2689.489625359572,434.1762383837674,2.4269680937732456,1,0,2,1.6494072400331048,1.4592883426937957,4.021540107334541,2.8852193706619,-0.6271182109570881,1,normal
5.294033659334899,1245.4626478707112,197.7925138002945,6,0,5311.026470273658,2952.4288178435354,4.957986439432437,1,1,0,2.5838946675723333,0.8174273096210098,0.9809852268139594,-6.072982887363278,0.2307266060227611,0,ddos
4.251428509322842,1162.2430088538467,264.3615238950937,3,0,3704.374172374407,1905.229568390953,-0.632023684764569,0,2,0,-1.5061828235802148,-0.28950922066872,-2.8350759464409947,3.085039440920278,0.6326683422958354,1,normal
1.8135271312517025,113.15094480850024,116.10032101172888,0,9,80.03426292573198,400.0228800997429,1.2540043960015057,2,2,6,0.8676683683141315,1.5226401990885543,-1.7190239678776975,2.06198107559402,0.790326816873727,0,injection
1.375957965572354,484.4368278382788,1036.397697249306,0,15,1730.0838887263146,1326.945344651852,-1.095740218850335,0,2,4,-3.6442932680662032,2.317102036525297,3.642567127517947,-0.2264210327587968,-2.6148822928826205,0,normal
4.310516594907811,1294.7581213351043,174.62727259028262,3,0,2790.936630994926,792.839037632692,-2.3536642874926232,0,0,1,-0.9638976058020416,-1.0099152019057909,-0.7965955774175313,1.4170722320794928,-0.0639284609817598,1,normal
2.344662096557112,184.3630872775988,40.93842231465446,6,0,1697.2511613886854,522.9690316975374,-0.8097658478659127,2,0,2,-0.0500507964352743,4.288686818663096,0.2823763089018795,-2.854980252385655,-1.3073710407587398,1,normal
2.880282760300472,691.3255569780625,73.17220332962916,3,3,579.6444001790802,132.65050528298136,0.056878378486064,2,0,0,-1.240058851107435,0.4824718829878978,0.8968267059612094,-3.108197682140551,-0.415896310353912,0,scanning
0.4345238239744776,201.17144473102863,97.64036243268912,0,9,1278.1652636562249,634.728061497821,1.0937040685142798,2,0,0,1.9348659712095275,-0.0797287907078556,-1.4415795155088025,2.336103079436805,-1.3636229001510318,1,normal
8.008378728796298,920.5130307876992,410.1254144657975,0,3,332.81021551836056,895.1808590939784,1.231563936947952,1,2,0,1.3902561823468282,0.2780651281681835,0.245102412048078,0.9451077159876986,-0.7840640965165294,1,normal
2.001754577826316,520.1599192711795,212.3569843974161,3,3,2223.968032501224,2475.8842182617764,-1.9600356263540168,3,0,3,-0.4311030856698299,3.2799377815657857,-2.072280888328086,0.0019182960240808,0.5885214641332256,0,injection
4.349507343770528,147.9079027288421,447.4280242795271,6,0,1697.0573384961692,244.12425855093227,0.1474309388150929,4,0,2,-2.3822633317760102,-0.8988738928756115,2.0979213298064305,-2.999239471281723,-0.3394764400711511,0,scanning
7.85046534496789,2925.657119119984,10.77234899831154,9,6,4182.201313257353,1029.103581348017,-0.5934192742953799,1,1,1,0.0440864039855624,-2.878135251007974,-5.8681938473579365,1.382898768824275,1.0560098245266634,1,password
2.3038644310257688,1456.3532050428455,1240.7068174128462,3,3,2789.9286141776,178.08661241412557,-0.6131852786665735,2,0,2,2.7758170005890426,-3.862426388251624,-3.087064725853108,-1.5519161589462034,-1.2207816214062706,0,injection
0.0931340894658776,911.9144114113589,519.0690867272772,0,9,186.3223696419793,1394.2197758515008,-2.5367191803284848,1,1,0,0.665091626015071,-1.9139638953229887,4.30626435502961,-0.3260590767130765,-0.0780923826888339,1,normal
1.9815352555917085,463.3976362747182,139.6527173137238,12,6,1337.755758316704,363.07955872519625,0.3001236627467092,5,1,3,-1.4614574007316488,2.3081829318847005,-0.1688368409956262,-0.3833195863224223,-1.0560147892458804,1,normal
1.1080449467733606,136.67416204882332,1117.123787848629,3,0,834.1363220970546,162.22117631457232,-1.4440988765266207,1,1,1,-0.1620672361975017,2.256902871891311,3.8188843249677618,1.5805866933147057,-0.2802755248397584,1,normal
3.909083893488545,1400.8548855768836,225.3567116307028,0,0,123.73601998907084,2244.839977816588,1.901618002085648,3,0,3,3.0873282611864745,1.3093422251735034,-2.3560367750191995,-1.9649309005784716,-2.716474190704613,1,normal
1.9329353913610496,1159.2906993089284,1047.5365804151982,9,0,1372.205283107569,1412.9649055899256,-3.2085604924502444,0,1,1,-0.3258755429461489,-0.967638822601786,0.7456878956424837,1.313267947780892,-0.2361071641005158,0,password
8.853839062212508,1626.1189641961205,262.63992302193384,3,3,1319.6048177083708,503.9016674332135,-3.6041516019830535,0,1,2,-1.316165822928776,-1.810235291579055,4.320963493466771,0.9190152021661884,-0.4623664019103115,0,normal
7.410683502342198,1227.7881175886023,677.0093409995777,0,6,1258.8727577437592,515.1740603978118,1.1413651684128292,1,1,0,1.632635141953212,3.793468546023148,0.2702533961787509,0.0673964918074432,0.025674880027422,1,normal
2.1413873696844066,873.9273723090153,228.73021416637997,6,6,3694.80372566455,347.60397061440267,-5.792949099591757,1,2,6,-0.5337844902919886,2.0935493266216976,1.7827252818516293,-1.331932929496541,1.9767566327674224,0,scanning
7.653580974690116,215.28805983754077,528.535524553113,0,0,397.9247713648316,780.1198628879769,0.1418637539093254,0,1,1,-1.3258415417483371,2.076788379082487,-0.6171298803244977,0.7895681744705465,0.3591784359503973,1,normal
1.729966403726808,317.59895684380865,626.7039726803116,6,9,155.05032652111254,2161.4956195367736,3.098597468695943,3,0,1,0.1412062525282527,0.8541568272775375,-3.119856690392006,4.677437661151913,-1.3374896549926325,0,xss
0.8420170668345983,1165.3009999162318,467.7141671577857,6,6,816.748627522821,583.9378094828194,-1.311879930763561,3,1,2,2.3689489299149686,0.2636762519915995,-0.275764104235132,-3.587608277559185,-1.0878668279081696,0,normal
6.621483931654836,339.540567770377,213.1355826938168,0,3,1080.7479264723545,581.2056687064122,1.2206960050991085,3,2,1,0.8832666832780303,-0.920152922512046,-0.5022056539033704,2.656698724951636,1.3031803927371537,1,ddos
4.468291794394007,876.2272384871255,324.38001048353226,3,9,431.0851192186453,999.8730198147996,1.0138751923905052,2,0,2,1.6841797963653924,-1.4312439554342018,0.4650061911581202,0.7604510468955163,0.0201151400102615,0,xss
7.969473518608981,1106.290148425416,5.394562493099717,3,0,135.00457105586045,971.62934398105,-0.1189589527581183,0,2,1,1.821451906065271,-1.0611546409124957,1.4671828400586897,1.921185892128069,1.575906824549843,1,normal
4.114546773544353,1723.5135451239537,144.54023595620177,6,9,371.1274252871128,1389.5837455072626,-5.390090402338186,0,0,1,0.0005795039607494,-0.9748268591132774,6.227684951212805,-0.4249923332535885,1.0099956541569473,1,normal
1.5903883453359555,602.8949428285965,8.829651203349089,3,3,839.816912424984,1205.5563918251598,2.292873260289305,1,0,2,-2.493767433881118,0.97995612351139,-3.977646729004196,1.073372089788876,0.9741419018846008,1,normal
3.654545974155088,183.00928857973125,204.0206020900805,0,9,646.9647892111539,565.0806272810291,1.715047616819324,2,1,0,-6.194904323613823,0.3584811464421685,-2.353247540369418,0.6429021586117982,-0.0723279304818317,1,normal
4.328209268363864,1432.6147065481032,94.66270287278128,0,6,2308.2782367218774,1403.9175187016804,-1.223214192477516,0,1,3,-0.129326361516614,1.0654194563589885,-1.7793935617226375,2.524428163929036,1.3603173244292446,1,normal
2.753615988567,395.5902361553586,489.8076894869269,9,6,968.8369885357048,402.4585152651317,-1.0988477213364407,2,0,3,-1.4583389537062506,1.3313805339592544,2.800270540120429,1.4498020899222313,-0.2689152782022775,1,normal
2.4646272058155905,1154.1460241232303,116.39820301196156,3,3,2414.2832240015223,935.1979587213189,2.277078332473832,1,1,0,2.141972421863478,2.4629384856969843,2.283063912153525,0.3428554568481381,0.1675988973504436,1,normal
7.661928347817987,495.9884223749922,36.471254805663726,9,3,2062.3223569708125,1668.8848917614237,-0.3711837534097801,1,2,1,-1.799599433172936,2.512148738085341,-0.7252657018079807,3.656674872527062,-0.1658526607667312,1,normal
2.941370270992405,494.3847869614554,145.7826213827734,3,3,709.449946407929,153.7010427451284,0.0575367510493074,1,2,0,0.1831349930129608,0.9005242148343058,1.6172151018320933,2.104031199133864,-1.1483364991086944,1,normal
5.957760138116798,1050.2143171159544,162.77421533228423,0,3,420.2075531675065,121.27621416417598,0.2241499218785527,0,0,2,0.5488525993797813,0.2060611969117921,-0.0600720357749509,1.7684322180190688,1.7049211958250166,1,normal
0.2685670126497145,833.4620565714274,40.33804355328997,3,3,436.4996401700193,229.96267870098723,0.1373668948218172,2,2,2,-1.5854958151597622,-0.2422510829135922,-2.143508665478292,-1.2374480333085842,1.349589046404284,0,normal
2.36836155794982,564.7512473429764,807.7667614391656,12,3,3470.470566910164,2575.6167327528674,1.7905393789600628,2,2,4,1.6848841894142996,4.9766075450719365,1.5432369642508104,4.120697321571538,0.4071029177856887,1,normal
3.9453534179404,788.0202799254339,393.9004813332384,3,6,823.3137962776327,535.8817624715558,1.551763646363,0,2,2,-0.1238047117403879,2.962384858346203,1.217781451841593,0.3311073461795021,-0.9218316302840218,1,injection
5.105382085074252,200.55235341493812,670.0734110843636,3,9,137.6566577479536,272.52068764297184,1.9452435827402628,1,0,1,1.6740730876199703,0.8375978135067627,2.3533717596447463,3.920193708822815,-1.052703918044099,1,normal
3.3271884136662333,231.53375311792783,230.665883250744,9,3,476.0646265082765,151.3055048944579,1.01590888314171,1,1,0,0.8961842354543264,-0.2316474821894962,-1.1339906902445351,-0.0912349755187094,0.3913896741037676,0,scanning
0.966810129719732,1115.989950035124,338.613627163222,3,6,859.9602120452712,629.3738018901802,-1.838750434626253,0,0,1,-2.395269537667989,-1.463496391481217,2.420966998875182,0.8293161475551367,1.494179869703837,1,normal
5.216808983642263,1447.5209465060923,95.7773452874527,0,6,3155.771820853818,553.2142618956362,-2.7783339390186,0,1,1,-0.0198464401258819,-1.7546096887748044,-1.807707132529291,0.7397394507190147,-0.6385021277214479,1,normal
9.172458549293555,310.6984654355634,605.8585651912903,3,6,148.2619343910355,1175.882179039981,-1.9782422842813157,0,2,2,-2.924595222332884,-3.5984186989463653,6.046951762726391,3.8307675092226727,-0.8128979394983532,1,normal
2.3463273681708285,272.6998785931856,154.45506219511404,9,3,1946.491657837587,1647.3468582103949,0.3935459380469932,1,1,7,2.485096805976145,4.309119707259594,0.0496264896258531,1.517169493856056,0.6261493656339324,1,normal
1.4018225150450438,9.042655650700391,252.9696377674824,6,9,4101.444988841858,702.1080399756923,-2.249306961751196,2,0,5,0.1740014453123424,0.8947534056636204,-1.9719913920020775,-0.8571087270485759,-0.4842245503994647,0,scanning
2.8587069644466108,70.33357147708075,23.43004330162561,6,3,11.13791730248128,1189.2384365761436,2.2137144658186267,0,0,0,-1.3183925682694646,3.549045932183531,-0.0031280701963203,4.363371181104013,0.8568117564876594,1,normal
4.559170467831121,670.4019841086006,291.7140073815376,9,12,6.746352171852179,252.58072408118952,-0.6913157635296605,3,0,5,-1.0793429428360275,1.3297626913525813,-1.5923662409678212,1.1924105611876856,-0.3669641767103138,1,normal
2.712405703861221,838.8233535844564,342.54943687051866,6,0,1247.3454987749672,669.461139359898,1.794071585918115,0,0,2,0.8814386680070232,0.1656881872011395,0.9146843644251612,2.540510788926248,1.6153802164612154,0,normal
3.334630986831756,916.235840122643,674.0192791010476,6,0,2019.839265950807,1565.556258328633,-1.4837664609031112,2,0,4,-2.0820443404302056,1.8579926391614925,5.93247137373741,3.898236585278034,0.5497695062991101,1,normal
2.485043799692736,665.2110098453901,336.254412997562,3,3,392.93564610787126,107.3900702749411,-3.8755016544699457,2,1,3,0.8761858956041977,2.5989644400206,1.932321610868508,-1.4285907305385026,-0.6128492157731562,1,normal
5.821025569987109,164.7968699697941,696.9195058010044,0,9,898.5643121018566,3183.478226880788,2.926893973326509,0,0,2,-1.4900835036177311,-2.4892627687336075,0.4074362999125739,-3.078392763899941,-0.6619723897456051,1,normal
2.190515501537547,335.0073528264589,139.5200656290865,0,0,1718.6818022831542,1039.2319808068146,0.9573481082052072,0,1,1,0.4896539153566333,1.014612235302048,3.81400566198282,0.84206531000555,0.3527413553220256,0,normal
3.0226359857783214,481.1378306070825,217.4148780590067,0,6,200.2385515573822,766.6092636507417,-1.0321007527713484,1,0,5,-0.3902771955391438,0.0215838397825141,-1.1462537208412509,0.9275605332411604,1.335416286389664,1,normal
1.1316465710096082,1195.202505481352,214.7267229498604,6,15,1220.0382831844242,1386.672531332253,-3.899496056497728,0,0,2,0.748968239465738,-0.4133748254479638,0.5320243042754882,-2.4970347048121218,1.0973836038313178,1,backdoor
1.5893361185577135,424.1879129970045,146.54729439695006,3,0,944.3901901733092,586.4675991151033,-1.6527309003001187,0,1,4,-0.8007306231463556,-2.682558341059046,2.7468114755480872,0.8760107816357532,0.241512291906161,0,injection
1.3596333884585123,630.3357429817243,90.06169371596151,3,0,478.3201926698494,246.89459509889443,2.191992046350204,0,0,0,-2.063123527958153,-0.2774781892572302,2.4109748525229846,2.24230201030615,-1.0464964671341197,0,xss
2.61963752509815,339.4810310299836,183.6269867154313,3,3,3275.049738259251,39.29955017442408,0.0302591518340775,0,0,2,-2.139470303857648,1.6561786372411798,7.72356939534294,2.534485631593924,1.0177320419874052,1,normal
4.037062254274806,1564.158979263412,434.9366025405165,6,0,2578.022617103452,1552.243525587544,0.6692487357017076,3,2,0,0.4282978202789789,2.802813233058521,-1.9492792543816924,1.7685857627567727,0.7920197286200767,0,normal
0.9359472967702022,254.25284723276263,30.959759067842818,0,0,1065.1643467706149,573.6898041479002,0.6295906022729332,2,2,2,-0.3702220608979552,2.287622629993772,-0.6605573596232446,-2.992139964372536,0.0165473870499976,1,normal
0.4175922346580204,552.392160182738,739.6622362599657,12,6,1266.0690934220358,215.9583394991158,-2.116550311010244,2,0,2,-2.249687153394709,-1.9968565286730744,-1.1243601254813222,1.2779744260118664,-0.2027010788690068,1,normal
1.6485254730093135,998.1577903340772,85.71137902784358,3,3,267.10550825495244,1256.9857554175408,0.0317808251983233,0,1,2,-3.451732025239336,0.9635877450709174,1.896216026204197,-1.6127969280559138,0.4074665757965521,1,normal
6.917432650158251,607.8704588404217,240.45843441348427,0,6,433.48083979255694,792.6477258644152,-0.277549285549224,3,0,2,-2.292530109934276,3.6890388388433024,2.4102799607222325,0.216303197839647,-0.6083558294329204,0,backdoor
2.3801205954756317,890.8556650872822,375.9677666843082,3,3,1557.6309022421235,111.78929941355482,-1.243011408014053,0,0,5,-0.3643633241766307,-2.300334040968368,2.4333595962249968,0.7302978903388959,-1.31366756487702,0,dos
1.5328293557588526,464.273743575955,1232.6588009174168,3,0,1693.209300176569,374.5910026089174,3.807259972083085,0,2,1,-1.0719888518713756,0.739353738191403,-1.8233471736333773,-1.1107812305641362,0.1985301829748791,0,backdoor
2.1973649007486937,718.9295362748876,346.85382235312443,6,6,538.3971634695787,25.980757765368967,2.991822674706697,0,0,0,-3.726936425310328,-1.9085522755330564,1.968354287870179,2.6030424603879214,-0.7708198254164013,0,password
0.8357332542313195,495.5792231065122,254.78976150492065,6,6,948.0159439652616,603.2732897753283,3.37860455963307,0,0,3,-1.6989216207888054,0.4168188216810586,0.7591305505498711,2.8331917699750675,-0.0584319600101536,0,xss
2.1720947740013763,935.0475491833956,232.19321739031665,12,0,826.7420449169306,560.7133930577039,2.4826339201564025,1,1,0,-1.1551395505237625,-0.6613317227113844,4.332696202602515,2.562862502381268,0.0001420241306222,0,dos
3.462387158750893,2550.551852915944,529.4965129149956,0,0,3869.188732193594,2109.564137893109,-1.694592445759498,1,1,0,-2.1065630611297355,1.8373652996701224,-2.668879064209136,1.225736262846855,-0.4131771379572852,1,normal
3.003059499066048,460.1735275623656,484.938385913258,3,6,590.1946988522969,279.8082110445459,-2.507213531217065,1,1,3,0.2242783017249652,2.6616853305064576,-0.186159741304843,0.1956721593621768,-0.6934318234939536,1,normal
3.06873877953329,2046.2268240710127,280.62221079991144,3,6,3242.6322470742,1987.678978769399,-1.958908574713466,0,0,4,0.8145323922436416,-0.2395795135602318,-2.691093512972234,2.7084493181589204,0.2602015925643641,1,normal
1.0114505056024294,1632.367065777423,628.4099209630156,0,3,2581.944985031183,759.8401078545564,1.3204334141835696,1,0,2,0.0622976782884159,-1.160898786749559,3.240989809479076,2.49453359508028,-0.4426025267421331,1,normal
0.3534035123388157,467.29142884857225,529.4676656872007,0,0,3106.090132930122,834.2688490761624,1.472789665259271,0,2,3,-2.337952392134368,-1.4302265345112877,-2.915032516687578,1.982921053104167,1.3613400980650376,0,normal
1.739184323458365,579.8788064255561,151.96095372885642,3,12,972.3892655742268,696.7130351544776,0.9173153691292376,0,1,6,-6.003432101949152,3.2439784188084806,-0.8609361286317945,1.5552552121365222,0.7074125029695978,1,normal
1.981233855198539,711.4673484203754,254.90359237455837,0,9,2371.7563287459893,525.1202408323941,1.2153671970810394,0,0,6,-3.9267318852873383,4.6202646111928525,-1.504480712414707,-1.4899039017449511,-2.0557130065985296,1,normal
3.844979077251111,1806.289198663981,440.5750556584838,3,6,1663.0221407969498,890.3105018360943,0.3915147798073974,2,1,2,-1.4582186908848578,-0.948056786764438,-2.79523955255818,1.3269884033125592,1.7835976277701473,0,normal
5.899853632017404,521.5440717079954,405.301200734287,3,0,1276.1928581742309,267.49844004317487,0.1616337201176143,1,0,2,0.089868809975053,1.0608980021045231,0.4509988377353082,-1.4114740316736183,-0.5322963929474814,0,xss
2.5402210533182545,1977.457929211885,135.47963544911516,0,0,1612.0173200989875,74.73418266739482,-4.54123058134879,0,1,2,-0.3686809162106286,-1.87908023239372,5.5134154747084025,1.145719068777075,0.0925360690547081,1,normal
1.4073037140602465,2026.8386904863676,927.0883409205808,6,0,2688.670636079895,224.7413598657132,-4.508792433103577,0,1,2,0.2011941212235279,-2.225992826839281,3.4336148206955217,1.3933978226833592,0.2035936780411039,1,normal
3.899392441305505,1957.822384196223,275.51147038624293,6,0,3400.094967935548,2025.8673656942085,-1.5359556048812502,0,1,0,-1.8174256775193236,1.541936009743648,-1.7329086354352363,3.8508643993077,-0.4240065435540424,0,normal
6.239275800915818,1148.4118722696924,433.3775263383948,0,0,716.5618557209916,652.5733694709635,0.9514106461907444,0,2,0,-2.897066009090788,0.0746832785044944,-2.981163776195596,-1.1847392772677352,0.6818834490002035,0,ddos
7.560952888481997,1391.9282006123774,419.8923927046962,3,3,290.48289926812754,279.29440263153987,2.917773954252726,1,1,0,-2.9287778407471343,-4.210959770604182,2.735474105878566,3.081647352548753,0.8893930153556955,0,backdoor
3.280207141553699,83.86026436046524,17.589551443751752,6,3,1041.272429978892,855.0711658078612,-0.4747348859229408,0,2,3,0.2788450756490608,-3.0290732986364413,3.600294626068536,4.059787727501952,-1.082399628157197,1,normal
3.661918721104108,953.364354187983,52.94624674942377,3,15,813.6835797723086,1441.5194031611788,-0.0505067175987654,2,2,2,-0.3144930753448192,-1.7205640126007111,0.3238200004776117,0.6594574441400141,-0.9783140337371178,0,normal
2.5988066488302803,641.1196570197362,14.027219092211066,3,12,796.4622820644087,967.688610269602,0.2852468320388887,1,0,1,-0.3150590540993045,-2.413765434950447,2.340988396277682,2.964217232496245,-0.6424245844426174,1,normal
7.317572520866343,157.15329785600608,195.14212498132176,0,3,453.6097608826092,707.2111630580719,2.064779309150315,2,2,0,3.200202804845917,3.9284564296160793,-1.1770864963172534,0.2909015380982165,0.8899310124018524,1,normal
0.6462672744428148,531.6722923988127,149.37601250477886,6,6,1690.1759826398147,3140.506313371167,1.7004490099459926,0,1,2,-1.56392555149941,-0.3654592885096237,1.855700186561056,-3.05155565063105,-0.4034455703678392,1,normal
0.4492962902134494,1901.321506585364,49.22904662702275,3,6,6137.930075579525,2605.14463203018,-2.496815740021492,0,2,3,0.1288955353873726,1.469616280878757,-2.502498713472006,3.804640671188393,-1.2208711920080588,0,normal
4.730351748857105,426.05582793366585,540.596203930492,3,3,376.32641586592007,1537.8827585170072,0.0617307295109912,1,0,1,-1.13605709265279,3.243197417185796,0.8993768094707915,1.0057997760033024,-0.6503968884126956,0,injection
1.5437144465703232,197.30170286319796,455.35567525199343,0,9,254.0904752427326,555.2705529548522,0.4605893906215029,1,0,0,0.0098371803414241,-0.9300406142286624,-0.0782702973794569,2.081302666250086,-0.5050525689910086,1,normal
1.6181959304734983,1094.9902238581042,1105.8202303465384,9,9,653.0394446127618,376.2049116546926,-2.020575378842525,1,0,3,0.3514326669378909,1.039755026108161,1.1940435210374385,3.731270358209144,0.1669485858513546,0,normal
0.6265730862367895,355.7265809543475,884.5695840104607,0,3,686.964448485553,649.5064710462101,-0.4983703691813713,0,0,1,-1.1605553893479563,0.8334097192713346,0.082956052368871,-0.7805860655341079,0.7631623866765943,0,normal
2.1049068328587603,1550.7191917594964,1173.2635748923942,3,3,2444.0721986244425,2281.8724675119183,5.256895425984959,0,2,3,3.633198712620363,2.5173015478611203,-0.4822650547122735,-1.9271688387924173,-1.530381693452552,0,normal
3.563469449216847,415.0478906159416,358.5758421344693,3,6,3070.562459470918,120.38105397243496,2.3796953247918986,0,1,0,-2.246908685467748,2.330486464478269,1.0175568222602396,-2.178644319439914,3.177128135745173,0,dos
5.611585893610059,172.57988224108755,304.4024410020492,6,3,1245.8904264983655,1556.1316354660037,-3.327329329191979,4,0,7,1.6906288845718118,7.020698703211216,-0.6431530531055536,-1.9968724966476517,0.3387233598107149,0,normal
1.0045566755171769,1892.8758921763688,703.0523230926027,0,6,3098.9313046996717,1887.086579324199,-0.2975559694415615,0,0,3,0.6339735069766015,-1.052912299735355,-2.404652174216391,5.398335835705924,1.0048590722726305,1,normal
8.109223867554245,833.216414653503,18.47477723923268,9,9,542.5378304947286,45.3355800836467,1.5658032687990395,0,2,3,-0.5648084642661605,2.944273282038869,2.5310843024313763,1.1157912497083131,-0.981881030978902,0,backdoor
1.898923024332128,954.9030795407484,205.89861633375787,9,0,554.814140033901,101.99792903052872,-1.5210899991784412,0,0,0,-1.6401937516452358,2.9036881619281694,1.2865323860866134,-0.8685390187186437,0.8411961013038953,0,normal
6.714159849663652,965.8065069154516,656.877474933887,3,6,2376.769713991844,1039.634932523298,-1.2778411343753373,1,0,1,-3.1449131220665274,6.677554226357504,-0.93962473055384,0.2048128428170257,-1.5205904366430258,0,normal
1.0440324758512756,151.63338882498644,438.5934173901771,0,0,2015.8505241598175,1025.684312261268,-1.7612750063356168,1,2,2,0.1253731054700739,0.5923236088434203,-2.414536598163091,0.1954073010965076,-0.3989653106295645,1,normal
4.668378021592663,1092.0375555900252,587.944194899504,0,3,512.2424157494255,1307.2046529165702,-0.4052446954061794,0,2,2,-0.3158664663673503,-2.4994453232335534,2.1149337908966017,2.016614624390951,1.2705650465029743,0,normal
1.5592414569586892,984.5768460420882,13.152375107987323,0,12,644.3056569161208,2008.4795008875424,-0.455660915515973,1,2,2,-3.395092866153184,-3.884471352919827,3.641247003774051,0.6661149347794215,-0.3617499481807763,1,normal
4.455103104776853,1306.1817290493923,4.250308370513667,3,3,1614.159332405108,229.75930542673348,1.952288225033968,0,0,1,-1.4391600118621348,0.7619010117225666,0.3606510369318825,-2.0999066706230867,0.9725451799982086,1,backdoor
0.0977237280181436,595.1816121501398,345.8255525707164,0,6,543.8925010272351,1161.4235490769029,-1.7703583407021763,0,0,5,2.842532348821573,1.594936075491455,0.5500651558329144,3.618526491522816,-0.0972427005016583,1,normal
2.011167189809507,2610.304641916803,322.5420385149999,9,3,1081.945689553504,1513.692232111399,-4.107932760346848,0,0,6,0.2974864250951794,-0.3779295161727314,6.755896648539778,-2.2358981948502024,0.6467763565836752,1,normal
6.398902915084422,1243.9574832106082,106.9329655984147,0,6,112.09170222977714,487.7956877916393,1.361054186713494,1,2,2,-3.1705913245057684,2.8267354786903454,0.4531413988475739,-2.329253557772832,0.3723678939082445,1,ddos
4.581507946071221,1188.2651339618646,553.2188181380908,0,0,27.34597123114914,793.0540473986072,-0.0414607284469998,0,0,2,0.0737800866615028,3.265085438976719,0.0375958788199295,-0.7154638444842417,1.2913178174383122,0,backdoor
0.3297666060271064,112.4690444005466,317.27123061019995,6,6,2321.325452345289,1101.0335960713771,1.358841693280752,3,1,0,3.531462517823079,0.6353265485289117,-0.3593176588621327,-4.18126521841626,-0.9290809922951982,1,normal
4.249018860611841,672.8762478432867,394.3058735442971,6,0,1592.455707801864,1163.865929316475,-0.62177926870113,1,1,0,-1.883388003862516,0.9048669913352196,-0.6358844834323529,2.605191800380028,-0.0900042815295501,1,normal
6.1440211796758,206.74776939011983,642.6050005851138,3,0,2948.837463771408,676.1276800838542,-2.110217640034982,1,2,2,-3.6298207136535767,-5.5115035107091765,1.33286910249113,2.759671901469951,-0.6206308684695121,0,backdoor
3.016293901958238,994.172872286878,1304.9676354981896,9,0,523.8111283912962,1308.8052504553366,0.5453292830981655,0,0,1,-3.513870388837157,4.289262744858439,-0.5767884396860461,2.7604770468926967,1.2869630707481423,1,normal
3.5342876507961147,898.0896254183376,91.01345917663454,0,6,1762.1707698493883,1963.5783356173408,-0.1255244256015537,5,2,3,0.5920364159102369,-1.3324375013904273,1.5584307767091905,-2.0359003756981515,2.102713515816643,0,backdoor
8.904642474235736,669.4847481423536,780.7911782162423,9,0,784.8152589995879,212.0877204731369,-1.365985031965865,0,1,0,0.2722253274079114,-2.0161522139907904,8.026392008023798,2.5534127319440088,0.5362403672384108,0,injection
2.565008402067128,1689.144077908407,592.1862960379613,0,9,1866.01242568121,1645.1536176531952,-2.308624689442237,0,1,3,-2.269323009888887,-2.9033685382347967,3.670052399308413,0.1859394136968657,-2.2691601177905474,1,normal
5.778400248819211,49.75549742992202,579.1526701179827,0,9,724.0533046873255,1229.3721260696882,-0.3327459782959566,0,0,2,0.050543922670176,1.9718338421628776,-0.3779182919457851,-0.7589701756739592,-0.9840946871805404,1,dos
2.759758637786338,278.88687842745105,103.15709676366043,0,3,985.5518995880528,1373.3967230748794,-1.31846977766109,4,1,5,0.1958409004899222,0.9138611788645437,-1.7667042229167895,1.7591022703977055,-0.3294355305024236,1,normal
1.641799594660104,316.2050663047001,238.11974739511027,9,0,1599.7798585403607,166.78316573296013,-1.71841216642439,1,2,2,-2.892953175919869,1.1474184009155632,-0.057134890279809,-0.0312304357467405,-0.5612871519452436,0,normal
2.040747856221512,1018.1898007890336,152.81736219762763,3,3,2362.0423775150093,957.6264360440111,-1.3338267217685846,0,0,3,-0.5345026478835126,0.8947183926782837,2.5486774348272974,-2.073053009866552,-0.4967496029973841,1,password
0.8273135714113169,702.2351565213576,199.43078230541352,0,9,83.0880187221916,2658.348140439615,0.648504961764403,0,2,2,-1.352041766829413,-2.5568085901271136,1.204256570931682,-2.5513850150115505,-1.4131272439356024,1,normal
5.463672622331666,165.6387045047801,81.32471357355699,9,6,1632.253353255995,1414.2276003702802,0.2973968188462381,1,1,1,-4.628448196942493,2.7183936184794004,-1.9946270402153023,1.3388178090217624,0.65412722632815,1,normal
0.3290241457225429,1885.351072177988,390.689921447854,3,3,174.63099068274605,823.6817087481652,-0.3638724591028978,3,0,0,-1.6278189832816696,-0.0113478810268095,1.4829721152755733,-1.994285666991532,1.0261885014293186,0,injection
1.824896015080514,1572.367143982626,522.4164302255066,0,3,1946.6545436380416,356.29421104136554,-0.9471951718803282,2,0,2,2.8397779813734987,-3.864857355097489,-1.1770073193014248,-2.2053582927168467,-0.1753579189051209,0,xss
0.1093776608239461,288.7318057769288,601.798840537993,3,9,2026.3188020631928,285.20078014246207,-3.398204150514454,0,0,4,0.2789540323914945,2.70369714842995,0.6621402796046169,-1.831235589373108,2.7003056295468952,0,backdoor
3.878838687296146,1105.91806360256,117.78129270541616,3,0,1239.74575578781,2138.286370879417,-0.9068499317591872,2,0,2,-2.647401434022868,1.452563812050222,-0.2243192864897993,0.7949008110984346,-0.4734918740688035,0,injection
5.035223148374088,705.1012806146666,275.40644656603433,3,6,390.7943318817236,859.9417933241757,-0.9029635385619496,0,0,1,-2.6304919118644987,1.073518325146423,0.5138238211773463,-1.0675022980143325,0.6628342947909167,1,normal
6.135308635219995,218.7925598999102,91.00065888192594,0,9,1918.595691034719,397.2344661574406,-0.8889954968449153,0,1,2,-4.523682181950248,2.1063449620932926,-2.2608516523064037,0.413956123457031,-1.8806647531735892,1,normal
3.893176666154949,366.8085173487356,6.295589230947029,6,3,3033.043515622747,685.9463618142786,-4.351137302813315,2,1,2,1.231735765819766,-0.5094609901671106,-1.8603336103434656,-1.7705184605316864,0.2810373791665925,1,normal
0.9359472967702022,254.25284723276263,30.959759067842818,0,0,1065.1643467706149,573.6898041479002,0.6295906022729332,2,2,2,-0.3702220608979552,2.287622629993772,-0.6605573596232446,-2.992139964372536,0.0165473870499976,1,normal
2.3792989080367284,486.8213664693724,383.0612385071331,6,0,1129.0658759194646,1631.6818089625915,0.7022152216332649,1,2,0,-0.7918072269860373,2.374530838754999,0.412218417892965,-3.5320952829189496,1.325357324631604,0,normal
1.0176498475725904,2039.143013226944,54.1930760737949,3,3,2284.378693438368,1218.3319470614358,-3.640174292178663,1,0,3,-1.939921043863435,-0.6860570405817084,3.652631816679075,0.6088053308723216,-0.8973710907113851,0,backdoor
4.680082238115764,2160.282923580365,77.89132606757487,12,12,145.75330262334833,3627.5641489771688,2.569236895808582,1,2,0,-5.058281725373271,3.147725740966018,1.305919509606954,1.42350959755018,-1.66535447290836,1,scanning
3.6746973748173706,1116.3161634895416,7.252829693419173,6,0,1809.4392794439705,1701.165093764924,4.626459025962472,0,2,0,6.986459911545564,4.456466261251884,-3.4824898630884302,-1.6278383585930774,2.197665998408219,1,normal
3.988071550496797,627.0891083933332,423.90650735709687,3,0,268.9590061589983,952.409200947111,-1.4596741919341183,3,1,0,2.3094260231899613,0.1948005646546162,0.8892553177536242,-2.804092458262464,0.3296731629871979,1,normal
0.6512333405043086,1152.72156109871,125.6007467519461,3,0,380.4310643852163,876.8381125979049,1.965440541569882,1,0,4,-0.9620459423755026,-6.592795920736179,2.943435643789244,0.4581119127690783,-0.0086709010562724,0,xss
1.0960604302929695,384.4555368607466,167.3870089681113,6,6,141.23153611757212,1293.1737153325555,-0.0842810926578589,0,1,5,0.9479761964643988,-0.311755288694407,1.109676228491454,4.068267893246119,-0.1557666879531013,1,normal
0.2228871179279165,294.08896776864043,116.07740860146345,3,0,2566.787091529229,1323.202330169455,-3.4451875327796104,4,0,2,0.6490861559028607,-1.2025132581590523,-0.2356904798265429,0.3700887149181044,-1.993479533864982,0,password
11.98525909109148,294.33510244324793,301.3432528434935,0,12,134.22798728522977,547.0633626042896,-1.5940890526608529,0,2,3,-3.774411586492917,0.8027117176594392,1.3025096065493718,0.8533186913432711,0.2328971314644038,0,normal
7.614683215063632,2056.896953473488,129.35563736965003,6,6,776.9280043002008,2477.8264198421107,0.2590779142530706,3,2,7,-5.310710493347623,-2.1695348375593904,4.138687428893579,0.0702956110540844,-2.7448120105973266,1,normal
4.625203504781591,548.8339434415522,91.13992438681734,6,0,192.2388648504615,2924.671707976585,3.4343696129986343,1,1,6,2.4636285025808027,-0.306251599446669,0.2262605105457197,-0.4910686396425407,-0.4889514238123218,0,normal
1.5903883453359555,602.8949428285965,8.829651203349089,3,3,839.816912424984,1205.5563918251598,2.292873260289305,1,0,2,-2.493767433881118,0.97995612351139,-3.977646729004196,1.073372089788876,0.9741419018846008,1,normal
3.275382501873969,760.1963914467722,463.47812155170527,3,12,2160.3596305777837,941.4704901795028,-4.102807726973772,0,1,4,-2.663908916358934,0.0998267393150562,2.490664652740447,3.321467283295979,1.1578881172796036,0,normal
1.096093976443277,660.0570857556291,221.4382055260124,9,3,984.6654009721126,121.63283809061105,4.349567925987055,2,1,1,3.597474840036673,1.909252618624503,-2.2928536251653373,0.8065059225922494,0.8797930786075417,1,normal
2.494685574230926,557.4816625141434,189.6295775083088,6,21,847.9325560518266,923.8583821368984,-1.9348384889211088,2,2,4,-6.530475406385116,0.3588073719167233,4.774394018829588,2.158419097503557,0.4782941906718682,1,normal
4.298203424915127,323.27326673448846,8.065068698616821,0,3,748.9831225919551,116.77555585543024,-2.0133337986018587,2,1,3,-0.1340626666831967,1.3468880400906669,1.967418486995803,-1.486969184362287,0.3766840231131563,1,normal
1.5427785949208768,409.3756201611855,561.497057112311,3,9,3285.109477693416,717.4769688120479,-0.3776082347071655,0,0,6,-2.557629059983629,4.5996394530579465,2.025159565674568,-0.3643934827765687,1.845040396381812,1,normal
6.437222375696155,1617.4769352108162,26.340685754600827,0,6,3445.827445455532,1018.1275477334616,3.987589921856464,2,2,3,-0.2233210350288947,1.701771817569053,0.9225943970018976,-1.3337060715026343,0.0485951530995089,0,ddos
0.5032828350841578,87.07432357552747,278.2910156495132,12,3,2283.3735012449365,31.611753670944488,2.1328323333242034,0,0,3,-0.5812694379166764,0.2627433798838561,1.673021531963461,-0.9660704573784644,2.677577208648426,0,dos
2.3614738819732697,895.0690710259639,267.81175011837155,9,3,1727.0666138352997,669.8654121369804,0.6348928991667884,0,0,0,-3.058349063900692,-0.2085451988285362,-2.355824447433036,2.959490930607098,0.1164859452531675,0,normal
0.8799002534786236,862.6569176159076,441.5546997685146,3,0,1986.33114797906,2097.8916472344963,-2.523954027731781,0,1,1,-0.7258682912055519,2.1541014026461847,0.3298395147767631,1.912846352809934,-1.4500731843973311,1,injection
3.896465057113048,353.8366554583725,505.856501321068,0,3,2113.0202980636104,422.451697256024,4.349184918018942,1,0,0,-0.8326413412119946,1.069289072972332,-1.6709925220840716,-1.9829009358311709,0.5213979379795441,0,backdoor
7.267294747294627,78.60699787438341,598.2044034814086,3,0,992.0606471984308,1176.752496705192,1.2880616107641665,3,0,1,0.0218090893398577,3.617766425358656,-2.21580274943682,-4.21430507783557,0.0570820443614405,1,normal
1.9936653788178884,116.08921720407072,381.8234637212358,0,6,1661.1976701899928,1840.6976811886905,1.531641771676432,0,1,1,-2.6332172263036133,1.6242224752901786,-0.9396519523182854,-3.7492805673735656,-1.9117712922789556,1,normal
3.40102567277163,353.3871711181665,1082.7412694925988,3,6,3395.070595501653,2347.109350019906,-3.24644524666114,2,1,0,-1.77626502845499,0.5769969239908712,-0.3143565109342303,1.15637972100371,-0.0385220166308698,0,dos
1.5847937033580852,571.4661598771335,162.73919362622664,0,9,283.5269423206576,85.70404712050244,-1.771341234564982,0,1,2,1.4677586794611317,0.9507122200236164,2.9328711631338296,3.189601623738858,-1.344559180002868,1,normal
2.0192994414497862,356.3980865408293,220.70941235873192,0,6,299.52473325962626,124.101334902469,-2.3201451513623925,0,0,3,-2.3425419538602625,1.3642115526763945,-0.0001844989058332,-0.0720040962991497,-0.7794943329360311,1,normal
7.761971638073803,568.8753411786292,819.8859128946965,15,6,66.05883282101924,1382.80008758409,-1.7198832294923774,3,0,0,-2.4599048027390085,-2.661859577982721,1.1281914571259282,0.5907916933048284,-0.5059371188460012,1,normal
8.581847218623667,1746.257841066364,131.28433327704505,0,3,4085.3893907281367,1178.8810668946492,-3.322737333267315,0,2,1,-1.5754277618766872,-0.8250884795573181,-3.73481025951556,-0.3765277568612737,1.1636487091752306,0,normal
2.9056572189864607,2099.305862821568,100.28441566120848,9,12,1628.8265613319704,529.023158886171,3.253289585382859,0,0,3,-1.1448095586268674,0.473157522598133,2.861622496426952,0.4137855627961548,-0.3929122644710102,1,injection
0.0611438528297643,1530.1453123336398,2.96815230893357,3,6,1109.5402060078152,254.02077906998423,-2.6860849026159466,0,1,0,-4.546529043641481,3.124964441505621,3.4297763110559467,1.3899779109277737,1.4610015857846854,0,normal
1.9783486438372528,76.44702198500097,634.9398890893439,6,0,3302.325997170011,529.9261955084049,4.089608790234299,0,1,0,0.2369002314525492,3.3285120468561704,5.552401672230759,1.5815636887196107,-1.167578915025087,0,normal
8.512364711011884,336.96217762225126,1127.2779391576018,0,3,542.8334240107288,300.83385475631803,-0.4306896676412353,2,2,2,-1.2709876969401486,2.3693361481985287,0.9918772951945564,-1.2917333513960945,-0.3818271093273814,1,normal
10.14934089357136,105.24372377713392,74.33111548610827,0,9,353.3727085017746,928.0703003573932,0.4803918222170846,0,1,1,-3.3314378012042765,0.6184182106102302,-1.0440578319058902,-1.4314438141100554,-0.079332153028457,0,normal
0.3581024478755784,1646.430153311941,35.10575587784584,0,0,2891.841373435105,2917.7528138120542,-0.5460453373465257,0,0,3,0.5666957254708078,6.087385077565096,-2.9930565625351155,3.436964088520762,0.5201899865575127,0,backdoor
2.235285584671368,685.785091828477,282.85072297488784,0,0,1206.4136986105852,499.2877584122096,-1.9278967317275948,1,0,1,0.9000282376410331,-3.4164439294096622,-0.8643830226643672,-1.2528205292222607,2.45622317661631,0,scanning
2.1985046323394366,14.128296868152091,778.1187361572822,0,0,732.2300479775818,195.30524987022665,-2.9464906998145803,0,2,0,1.2748541804444462,2.8601093783254163,0.1437228046147738,-1.6578419934168145,-1.2325561323598249,0,backdoor
6.834913548069372,406.895231964578,205.8555732774329,12,0,3653.883423846072,1302.9798575678972,-0.3311634739612664,0,1,2,-1.42699622045044,4.902787516728711,3.149338528188983,-2.115117791931756,-0.0262198150174904,1,normal
10.433953495466511,1596.1403781776978,156.41460771889265,0,0,2309.269313090824,58.337379660029775,-1.3881035893978113,1,0,3,-1.056793498382996,-1.323215238069145,2.3459521536447894,0.5935137827459127,-1.4149473208482388,1,normal
1.8516063534521567,797.2133174599693,1008.9390162702056,6,6,719.8217250305163,564.2848747798258,5.2249061493087,0,0,3,-3.2697417951481187,-0.5875469540356161,-2.090313493528707,1.655229771609319,-1.5147404440110437,0,scanning
1.3177227713970563,2171.964901883582,1030.8095820680949,3,15,4199.3516198009565,499.2275842435008,-5.4575483412133945,0,1,0,-3.826082350231773,-1.3039318528629684,5.255023937341334,4.061573354302763,-1.9838642331238003,1,normal
3.112200996040675,679.6456956959096,467.7389261171373,0,0,2254.118621130901,1725.9539785935658,-1.811407153293312,1,2,1,0.3571399274831708,1.797615571915935,-0.5946513860253515,1.5634079018170086,-0.7857578327941711,1,backdoor
1.949146264181304,600.8631755471915,579.2187208676322,0,3,119.8800034427047,1054.933459425364,-0.9219103655365546,1,0,2,-1.8076835902846355,0.3693584367223608,3.672269434434952,1.634344156770509,0.0067651832796269,1,normal
1.5041218033631334,1319.037523485494,123.79748248522482,3,9,1101.3129653603048,964.330481304952,-3.086802441328989,0,0,6,1.6866619870708102,1.6173464919182805,-0.5395566030036764,0.7447736162023899,0.7138841555149107,1,normal
11.242182320032455,280.9263773224964,62.93890206557397,3,0,1285.1232783708494,739.8927445134144,3.3935245764387503,1,0,1,2.612640843323866,2.758614505906232,1.5714490534617578,0.8435368128864913,-0.4399797787609266,1,normal
0.589781269904398,743.7392293335346,273.088861837311,6,3,1117.7851512043223,41.99212722305405,0.7172772165754369,2,0,2,1.4652034785080668,-0.9242255737179406,-2.219186447878076,-1.111113218638781,0.4772381943518787,0,password
0.7676004982932783,533.1796810925235,372.76671739584015,0,3,1920.836503086546,769.600030201678,2.6182287480461923,3,1,2,4.793408100570404,2.903062631539457,2.966861114343261,3.4229311187097213,0.3116123910668514,1,normal
2.54939415897102,1620.5407163465063,769.5751690642754,6,0,1380.2213207306477,719.2540330562873,-5.184648485241108,0,1,1,-1.8271717840217176,2.430791064365288,2.2331118110922388,-0.1186407873854404,-0.8162989105156261,1,normal
0.3567843941018807,1247.273268192541,207.26347270460985,3,0,281.34936241622086,403.2494652799921,1.9044437983703943,0,1,1,1.119118552885048,-1.672712478478001,0.0671864084341884,0.8248346189938316,0.0865460230740736,0,scanning
0.9415583213286864,766.1050992492889,129.18403432518687,12,3,1271.751506084173,489.2311817183655,-3.7803850580140432,1,0,0,-1.4047801764150891,-0.9852521805645816,0.5173316948600144,0.1789177866729148,0.1705549068766746,1,normal
1.6193431592902412,1485.2009934690343,303.08475693442057,0,3,1285.1119601138066,1129.9303469923525,1.1882724349967624,0,1,0,1.7759344427372938,-1.5015920722352791,-1.3672987579367546,0.6569408692721184,0.7591450455740513,0,backdoor
2.0625495872376858,688.8825541255037,284.4959816499151,0,0,118.22997697018432,722.1180010527436,-3.073036734588094,1,0,3,-1.0685048505901171,1.732450077057143,2.254929991843012,0.5396814254423776,0.0425962047241176,1,normal
8.752715377787503,198.7851942613111,82.2586495518216,9,3,1357.1523881016265,1894.8033279515196,0.4184298475116311,0,0,6,2.992911645798565,2.502451074552927,2.3533836120203606,4.447998999170013,1.490955470496137,1,normal
7.073283169285779,885.6290836507105,151.34430518847802,0,0,358.6031830127416,143.8513785173269,-1.466743159363742,1,0,0,-1.351501778157578,-1.0668738006689102,3.2557015064293093,-1.27714803937077,-0.0759332345657625,0,xss
4.699962143731529,150.4374571461864,378.51119540038553,6,15,2137.9931361592435,460.3981210773685,-3.091929313372038,4,0,2,0.4637916946559137,2.2575603868639664,1.681888824377592,0.6317091581258377,-0.2602933625196272,0,password
1.389205460124614,886.6356136535957,298.02431234830505,0,0,141.8192242695328,786.9500422781308,-1.176209905984755,3,1,4,-0.599819202038143,1.808983607405541,-2.046770308571356,-0.5838821054451893,-1.3982254389955493,1,normal
6.401115924594406,1202.619475375159,496.5367798048223,0,9,1176.6741189619142,39.7489284630776,-4.653394576507743,0,2,2,-2.2997720497162115,0.1338651648252866,4.575657431204387,2.070240481124735,-0.8414279119531787,1,normal
7.687019255354354,2365.456542457628,47.18133643105745,6,6,1184.0578975018038,2891.294311160967,0.6553921290724161,1,0,1,-4.587113281308715,2.6916400646894942,0.9343572417828144,1.3160644712844565,-0.5199748702714854,0,backdoor
7.86103742617297,998.1279691893292,33.466754985545904,0,3,423.5740725468244,886.0669705250751,1.4032757086231409,2,2,5,0.4151344045432863,-1.5699274053449497,-3.662241544187879,1.4912496988224269,-0.1617637196343763,0,dos
2.599654488798273,917.3666017990636,70.75500809341436,12,3,1994.7887375121768,745.3706247092772,-4.585782752963418,3,0,3,-0.5015370067614258,0.0422059703857824,0.189054559921262,1.9220767344538532,-2.4843988292244377,1,normal
6.8657245921182,904.7531249530916,248.1250991434995,6,6,1135.6749577038022,1252.3138370702268,-2.8004975134891046,3,1,6,-0.5633316379386049,3.325907301490475,-0.9267872438307037,1.712635185690119,-0.2012896792489631,1,normal
3.261127243990913,535.6491322483758,4.0638201346955904,0,3,4822.250102898317,2320.287670290167,-5.323704675163508,1,0,0,-0.0474012749866215,1.9634817409020175,-1.2395780699426475,1.254389363360002,-0.5262217142345146,0,scanning
2.6136743953194035,1747.281160756769,1064.0668497570728,0,0,2511.610339613058,252.16882638098065,-2.609884341022532,0,2,4,-2.5275791197996487,-2.320784592166664,2.748353778887281,0.7553806291534362,-0.2023879946224717,1,normal
1.4644015495109586,469.5204724904616,877.1647981727114,3,0,197.98538530929096,558.2119209218126,-1.3752799237730975,2,1,1,1.0280289419199338,1.0778059383791163,0.6834523267337842,-2.031241217025655,0.0570488483391279,1,normal
3.795467366009058,163.03534498944967,230.94914574199404,3,0,530.9510182214035,93.7839228427336,2.538718724862822,1,2,0,3.943032140203493,3.451546649604862,-0.5039696367797724,0.8057444914345518,0.1601484930835439,1,normal
3.894528899552421,1074.9430347097086,338.02654724458296,12,0,2773.515066413631,299.0790455003432,-2.455294875993965,0,1,2,-2.003641616777737,-0.7843450325621264,-0.4146707060598714,2.016608902953301,-0.641585568504617,0,normal
5.520221737261904,395.20769155803225,218.5863324607865,6,0,2688.799182864035,1406.5003405735622,-0.1694397418060895,1,1,1,0.1357742200627369,2.1449548657585096,2.581641967228449,-2.7116191788329083,-0.2913071369376693,1,normal
1.308723553632241,1126.7215079744813,38.67174064344012,9,3,858.2620384554446,1965.1734178105487,0.7781427359575762,1,1,3,1.6435495577794426,0.1328906763265713,-1.2011641779590836,0.4152139478007555,0.4985606124490981,1,normal
4.303698586996196,249.84702548757733,40.40189408696416,12,0,1426.901306334567,685.4424152992985,2.823868351979031,2,0,1,0.5257788853811438,2.8148774564076198,1.0204581095060417,1.0771379928711082,-0.1099677264991766,1,normal
0.3862027374189218,370.96601736388624,893.7513611725875,0,9,270.1048855146979,616.7439817731808,-1.5287857923678718,0,0,1,-3.0806532804957096,1.2930875149107923,2.2361087478165587,0.4798946994279514,-0.2230070209198993,0,normal
0.5709758514739345,1348.6515605435234,223.86338925984884,0,3,1424.818191634835,1624.8761705314191,0.3639611535488805,0,0,5,-2.322632025538409,-3.2157473655044395,2.0093729590804954,-1.4550584502085784,0.034015470652203,1,normal
3.751827316918106,1381.1359461220704,817.6569427780174,9,6,2561.348366814898,2534.807539083896,-1.7795958955012696,0,2,0,-1.2503118831880695,6.695140351540273,-1.1715006095953493,-0.9563425109153674,-0.6838955765363318,1,normal
2.0420575247857777,2157.748348093324,0.790597540377167,6,6,3339.762698147427,1343.9368029653851,-1.1753940113176915,3,2,1,1.5437839752712832,-4.063095404068117,-3.5883414094069077,-2.5018153925031603,-0.7382186098156918,0,scanning
1.7965363002600945,1823.607037009382,856.3938480176436,3,3,4897.904604975449,1873.5354026323548,4.840085760105206,0,2,0,-0.9318932404010456,2.040584643560951,0.5255283733976974,-3.207271429788335,0.6202470867882542,1,password
3.1084684314540967,127.96386581709618,174.45125535348706,3,3,131.6225136704361,504.5677680603907,-0.9404527046575898,1,0,4,-2.381886428635529,2.7796765595883617,-2.2046232038284845,-0.6634790353420503,-1.394914479924863,1,normal
0.7142754211417291,750.5294146766968,336.6654294178168,3,0,401.3513064754471,70.88943764215617,0.4043595587574159,1,2,0,0.8534313941753735,0.3410076565477895,0.8135789103668909,2.7665201109999424,0.4088143700181213,1,normal
6.506749938499602,701.6931063081984,131.51010606004834,9,0,448.6678570725628,1615.4236542652552,-0.6288985836436954,2,0,4,-0.4809249476254617,2.6438140065892144,-0.372435491076551,-1.811506167899728,1.0735851910983008,0,backdoor
1.0310386235772802,609.082302692135,249.87281523093424,3,3,585.4923428195724,666.8859212151767,-2.1677478311303013,2,1,2,-0.4869906636614424,2.0213572286754937,2.043677669410344,-1.131149739720194,-1.365490525009858,1,normal
8.224837850452596,1938.301763089476,366.5917292233455,3,9,1117.0180854230832,941.7024428353096,0.0066171384065727,1,1,3,-0.2246014483581182,-0.8313975658049424,0.7228987067205408,-0.3057499127694028,-0.6809636398215998,0,scanning
6.522053897340944,1383.5608487506097,327.8604224319773,3,3,481.5663256944189,412.8952815070687,-1.6143111477248575,1,1,1,-3.627110729626916,0.8376240209106636,2.898625396650254,0.2303399028007762,0.05775912773106,1,normal
4.05465777863156,441.35363250730086,56.66237157792348,3,3,390.09011320507096,566.8748701847776,4.283623546062982,0,2,2,-1.2034524468629286,-0.9219429333962056,-0.3275684673361561,1.6798774928879054,0.1699497785528058,0,backdoor
0.9224346719932818,1061.9610449697363,481.4793889152473,9,0,2467.022745425706,1465.3652341560592,-1.6548617108432513,1,2,0,-1.3424642170438217,2.2841511102540526,-0.2016605538847347,3.010451133123827,-1.1059042756106954,1,normal
4.624220027039011,548.9291896692265,219.11730071444475,0,0,686.4708571957535,1355.2378369797734,2.962829884045071,1,0,2,3.021738024199427,2.105491687765097,0.3967665645233363,0.3662262722298711,-0.0171569199201304,1,normal
2.224395235945011,494.0315860985113,428.35116500567307,0,0,1165.7794461075412,8.771086929388511,-0.2185915906392361,1,0,0,0.2761952604848475,0.6058464550216319,4.006337617105331,2.381842964885372,-0.3374710377857996,1,normal
4.159397378380872,22.821586718179688,414.3164124208021,0,21,799.7051403648104,2970.027932081102,1.2088695917857504,0,1,3,-0.8431986537288936,-0.2650313232349384,-1.4481659769368878,1.611668446839152,0.1876842134953696,1,scanning
8.140648048644456,968.6885310071444,438.4625197356839,0,0,3203.5387335487094,2478.055854729829,-2.7450055030566176,0,0,0,-0.4989590674916034,2.813474819496056,-0.3894339424529407,3.2400118199150096,0.9275343640430328,0,ddos
5.255485388480979,2070.811428576225,814.202251413388,9,12,258.19919372269,1831.2184061931864,0.328332863405947,0,0,1,-3.8599744992307263,3.839931771393098,0.5783558044089767,-3.4946288411398285,-0.3937250712602259,0,backdoor
3.947402929095251,672.3376049603703,35.775261871654905,3,6,84.17342956754386,1172.1711486595834,1.483059701293289,0,0,0,0.2659020454245991,0.2207529484120767,-2.3597096755872844,-0.0233076433489147,-1.464308132947366,1,password
1.9469323248847985,417.13159154600464,1429.801957793671,0,3,2882.568494691988,436.39070927126863,-3.796440532161374,1,0,1,1.4536950407169134,-1.136562066988538,-1.3443361288621436,-0.5165880406214096,0.9131126577274388,1,normal
2.4786271912537723,187.55496154423767,545.08050798059,0,15,1934.2896914920784,661.3969678819828,-0.9930550154207493,0,1,0,1.613403122165164,0.8988893152043698,0.2438577856512453,0.3535440587255695,-0.1230827664632231,1,normal
2.3143753958790785,980.3646787376266,114.95539321751006,0,3,1770.709360621246,2932.616426476531,4.580640169437358,1,1,6,0.5701204698543743,-0.8837085809920258,3.387630582078799,0.3426674264528667,0.9611984123415666,0,normal
0.1488692064062367,349.9829337940885,271.499816004584,6,0,1438.3280958891016,617.2232335261233,-0.2406348241082994,1,0,5,-3.202022016107965,5.522751138465645,-2.5404989589720746,-1.4927077582866837,0.428482449509013,1,normal
0.2648616935672578,404.149618770867,210.624539275632,6,3,358.9825833143939,657.4485701437253,-0.3462831637629331,4,2,2,-2.795693108593137,0.2817129864187064,3.591045488287194,0.8332998356767997,1.4487042698910375,1,normal
4.760015699873762,1827.4506709255336,389.9977005582587,0,3,2806.0210211937297,531.7413934555976,1.3258118840672557,2,0,2,-1.7409991677787122,-3.2223864824838984,-2.106057987383049,3.4434461153027005,1.7337411559835043,1,normal
10.441547085314316,740.1014789979566,49.56726613397455,3,3,1486.177829520033,1517.3123416193882,-3.280946829571461,2,0,5,-0.2555219966177163,1.830852729317732,-1.0929116003215067,1.178162487689642,-0.022293600232797,1,normal
6.721244945081359,1656.1784658008971,215.6908185791143,6,3,2085.213578837081,2470.114027945961,-1.5550640360010357,0,1,1,-1.6285322456874265,5.1038777030316895,-0.5808116880664336,3.277243529538895,-0.6299572455470727,1,normal
1.927991747599139,33.99314906835471,1254.8946022471812,9,15,150.07953489169063,609.3894308152782,0.3268705381787977,0,1,3,-5.998873515836378,0.8733660388718012,1.059408293034282,0.5053181697718891,-0.0032781827901023,1,normal
2.794576161744873,135.97905738214544,4.636705762636836,0,6,843.6847007731608,501.6292408938039,-2.456186246418168,0,2,3,-2.463545799036639,1.2011584556356445,2.3879769060221703,-1.161717988832189,-0.6779171064810754,0,password
2.2537678715917195,1007.3243002123168,78.70723547238838,0,12,1269.9195586424944,105.9181834656914,-4.517297218564389,1,0,3,-1.7093490790708814,0.4794196702012103,2.9835672157072195,1.3741721748968907,-1.4187067156491868,1,normal
4.3165547526213714,1009.107577751482,183.02604586639305,15,0,2136.9443190401216,1200.0201919034669,1.9223911295492089,1,2,5,0.7250110329709214,-0.2755877069702357,-0.1998551597926909,0.3599606005833881,-0.4549427868557189,1,ddos
2.9153255974610985,1477.857855201731,805.1235852681369,0,0,3345.8225799898164,409.9375499242885,0.0454929415175417,2,2,7,1.900633193971533,2.369212542880525,1.5797709444217187,1.326470985938459,0.2970444100658331,1,normal
2.1423128612682105,2946.5975022230373,798.965731838945,6,0,5737.489626241705,1801.3005004183228,-0.8267719976309222,2,1,6,-2.1171503335819684,-7.529070892859026,0.9826544785719302,-0.4844958983601688,-0.327164154768808,1,normal
9.93959528606026,195.8332781363852,351.3005406070241,3,0,729.6800782263725,338.78121086480115,-0.242257508924961,2,1,1,-1.168372541700019,3.626158096259994,-0.9048114283741132,-2.885476038972871,0.503759689398806,1,normal
1.1515287914588872,985.529057569216,154.88039665874362,15,0,1457.590333937232,946.406518843678,1.167413386410207,0,1,1,-2.151777926945397,0.4037734082379157,-0.5076985668928524,5.403440702411005,-0.3349677456518345,0,normal
0.0557172668175542,436.0117464249605,78.12169539148678,3,3,853.3576859518759,1751.3577355578036,6.507963659846697,1,2,3,7.132288318286196,2.9269595491945903,-1.6176489816350388,0.3755113332111393,-0.6618342491647551,1,normal
1.6057548673640376,166.64640844620277,426.9975487414773,3,3,101.84284056950256,511.6472190462284,4.102252440790585,1,0,0,3.87396917672036,1.4026411298862411,-1.6466557364895025,1.58877696241336,-1.5527262746972448,1,normal
4.712165326650883,1229.617860103557,91.34123153425384,6,3,1298.9224493506003,345.1136063687503,-3.0423928501782624,2,0,1,1.2194532220508447,-3.023907569785183,4.8263713618995725,0.0958821355777435,-0.0014095119090599,1,normal
2.2289372687860918,42.77092158732199,277.99468748532865,18,12,605.509135994004,2759.104758663168,-1.687947539316524,1,2,3,0.7790169685395716,2.0950618627348065,0.9874603514912332,5.010697232909503,-0.190967180695543,0,normal
2.670830903920157,1373.922384985777,1046.3473049050124,12,3,315.227519697443,1833.549597370608,-0.2880712930446488,2,0,5,-2.865068025731323,2.693757400352872,0.6738980849748112,-0.5356825633183897,2.0705984094257754,0,backdoor
0.9897209388478851,484.4256181965927,429.5933472781328,3,0,1061.8435012849818,489.4801647677141,-0.1475344787572134,2,0,0,4.320656710188092,-3.0905550529653905,-1.07898743222684,0.3658135668097504,0.3328681433304706,0,xss
2.932829987265998,556.0964979192808,63.26990420085195,0,3,700.7324335692305,226.61555894866797,-1.42001447304969,1,2,0,-0.8117377275770814,0.1029039871663628,0.8114589749601191,-0.7484612375772552,0.3118547780354662,1,normal
9.119770576646829,732.887814929835,179.1742545816832,3,0,1713.0129893008643,2082.9574720805103,-2.52333044610536,1,2,4,0.7147436088685553,4.540804728131192,-0.94907134827111,2.130293990410483,-0.0004283632222959,1,normal
1.4785074036786376,946.8682035083282,12.026466090080202,12,0,1220.6380656772487,652.7061112589923,-0.1472409264933609,0,0,0,-0.5115922793983418,-0.5448714165267211,-3.0212733809270507,1.4455565172287466,0.182454094157564,0,backdoor
1.2990567306440282,778.3804053590704,183.7466047893573,0,6,1055.1852801174907,699.1714487479379,1.7985945496525684,0,0,2,-3.210013221570179,-0.0631325012785288,3.035764312640873,2.7802583873740803,-0.5839894984114402,0,ddos
4.068088097244907,273.495525592458,254.59580935729804,3,6,443.6727757193279,103.60015730552544,0.7176000505566607,0,0,2,-3.1032115201667345,1.2331389039248013,-1.2646614889516494,0.0651865674985134,-0.3795141588667933,1,normal
2.763768205949888,1100.2769752320978,72.29552628208657,6,6,1306.701843343711,751.5013658730695,-0.8842371930058552,0,0,5,1.442124651406338,0.6211430378921446,1.6480065793505283,2.5849780593458425,0.1621419925477089,1,normal
2.654878863252762,639.6316790559963,73.37659210426894,6,6,3690.14313284814,505.2368009628792,3.820969813925677,3,2,0,-2.058449465105904,-1.16612923732718,1.5824237448487717,-3.530854593963048,-0.4003027992279945,1,dos
0.6072240100792105,197.56889241678243,23.38264092526636,3,0,3839.965047925754,867.7540763113162,-3.636397979564237,2,0,1,1.2412304753669905,-1.5866591264735015,-1.8601802451846416,0.8749587109033278,0.8100418708871783,0,normal
2.7727808751038365,1329.9905477613092,626.4749054234773,6,0,1209.9399120509486,1248.1478014011627,1.7994371983131978,1,2,3,-1.0329208832197592,-1.0383624543270036,3.6027621006695085,0.943880802092474,0.8958964245538024,0,normal
5.826206197847126,575.1303316166568,162.75948282812357,0,3,850.2145432992683,14.0606446179252,-1.0069622983974362,1,0,1,-2.595798825321757,1.8639465396084705,-0.5303446718320566,-0.963402307487872,0.1017959118805765,1,normal
2.4893783892145955,1401.5150886270228,37.37085290686304,6,3,61.32210103395281,1410.842115965371,0.0468861560249216,0,1,4,-2.9595019839519727,4.208864359138249,-0.5035507430665079,2.520808722750432,-1.533452465500268,0,normal
8.728003224071623,1323.9247608583803,403.4268382987,3,6,1925.2928325968203,977.5872707426248,-1.2087525330277478,0,2,2,-2.7155653341472403,-2.275440696256376,1.157489637324988,0.7657973592919698,0.3364568059242917,1,normal
8.738190716335257,520.5641255713145,133.90359540179733,12,12,1510.0324917632204,178.5580976012708,0.7816631057158285,0,2,3,-1.966676861967137,0.9272141064930016,1.606460954169571,-0.2716815224707031,-0.046666710522742,0,password
2.577156583431272,1456.4547690930235,358.4896042384749,3,6,1671.3741242831616,88.02200432207972,-2.892031256268768,3,2,2,1.7253598466537765,-0.1137350328027384,1.0161342030816456,-2.4928368410151656,-0.4671938065818117,1,normal
0.8194258212362387,1095.5385717108163,40.87209461839601,6,0,2432.4524566473387,654.0400704330427,1.0001422957790154,0,0,4,1.4765441091912386,3.4422064393096274,1.5622905752383498,1.2257739270553432,-0.0379816132118763,0,normal
0.918588759613486,588.8618403468927,465.86640873130807,0,3,623.6614130630263,824.1703923023086,-0.0950663380112628,0,1,1,0.9448759419062528,-0.1374329388321262,3.325974642425896,2.180882315305362,1.6401416955811896,1,normal
4.258457592472086,2583.368387386907,41.96457900046373,15,12,4294.625562940096,474.40283400010674,-1.4455221047838582,4,1,1,0.4071749516414495,-4.678026694232857,-4.4599579481930745,1.199306176884208,0.1634571298488051,1,dos
4.566338700212762,261.5966226268567,176.71153389898046,0,3,532.0135618328211,157.8205692322608,-1.0042254922025713,1,1,2,0.1839889530967235,0.4649441385669611,-0.617967118825209,0.4012511635412907,-1.2388499397477668,1,normal
1.8874271758760253,1255.2915789710778,549.8704490103196,6,3,1588.8976189420862,204.67816811569983,-3.759745511408407,1,0,2,-2.1598005490516314,1.043352422426547,-0.5894155710756754,-0.675469751126498,-1.014580320931255,1,normal
6.9870126826916055,327.23543594373217,122.10290269205905,3,3,544.4459330825515,355.14017418276114,-2.314962185054216,2,2,2,0.1019265965749081,0.9254649437706204,-0.045316291677756,-0.3086458382425436,-0.4019661261109898,1,normal
0.6316550204577188,160.19778482817233,461.4398679306895,6,6,187.7782898414007,180.07785964751702,-0.3754754391390156,0,0,3,-1.3937677178945274,0.719955206054409,-0.7799610191165021,1.249588157051594,0.7008912291358507,1,normal
1.0445278786595111,2067.8229363163164,734.6651759673525,3,0,271.74641770968526,1048.87370801481,-0.7766209672511071,0,0,0,-3.0297414664761217,1.7156717169528828,3.344772200139686,-0.35627130008054,1.8600063940436704,0,password
1.148023936869806,697.616000921959,215.2365831185571,6,3,884.0669960402171,1195.6504058795133,-0.022777178235269,1,1,0,-2.381600031048423,1.343392099440419,2.871064302975509,0.8207242830327484,-1.3986268972451903,1,xss
5.12500550964596,667.183061697941,331.03784610297697,9,3,1621.8168780945084,2331.981661513428,2.0807612897997547,0,0,4,3.192891469106393,0.5046429764811136,-0.4742424107077119,-2.960963111651693,0.8579637803197561,0,xss
1.6488216507829787,705.1288348389427,659.3473349217197,0,0,1168.5923889901587,1016.734933466498,2.6823413323675807,0,0,0,2.2348540377290917,-0.9017173435082672,-1.211733209335241,-1.062706249000248,-0.4738801249396939,0,scanning
0.3562808911480872,1326.1137060364438,241.8616420529238,0,3,2876.7342205712134,1875.6209040085987,1.3861624126698433,0,0,1,-0.8699519779969143,-0.0563594499773383,5.248403973407583,0.6966890447352375,1.6039920886133614,1,normal
6.298084378517505,866.2468321846853,428.8295519444571,0,3,266.75473577797794,2211.674080803387,0.3354682432388782,0,0,7,-5.412713840283679,6.093426794051879,-3.787623705665663,1.9898195143535984,1.156641150023518,1,normal
5.333433347068186,317.6944818203443,645.9172788270139,0,9,131.54244990749606,100.69444623345508,-0.1379743894467939,0,0,4,-3.044659701381465,1.9091171337151804,-2.434495320022965,-0.3298961356149945,2.9021359758581675,1,normal
4.440492419318328,1536.317234686472,510.7373240287478,9,6,3609.015724574422,1894.5210353853076,0.2016809050776159,2,0,1,2.189444528743436,-4.305928702734636,-3.0142252132762857,0.2993970881449275,0.0584349787831841,0,dos
3.0123564301670664,756.7403435322011,455.34073972630887,6,0,1279.7393447014083,226.52750580650428,-1.4485113741394435,0,2,0,-0.6107216053010373,1.4239227592575796,0.3205217510347491,1.4015345220944626,-0.4268977485104958,1,normal
4.426752338512844,185.1098797369759,425.7654047466908,0,3,389.7370690701029,1531.705712478318,1.5863087732789471,0,0,0,-1.9498508114792967,0.1719892428317826,-0.1306630854776849,-2.43316564256763,-0.4873059447223269,1,normal
2.1396196149748112,402.6008078092565,14.375118913523286,3,6,457.7221255440716,878.2652999162792,-0.7893084528071053,1,1,1,-1.6375320623114658,1.701049236865796,1.9939728698781565,-1.822186949667294,0.2179151027433658,0,normal
2.4954687262484714,953.923549567565,224.89312727833615,3,15,1776.9006062585704,3106.489801870994,-0.7090192689889852,0,2,2,-1.0022556756006942,-0.7369485371904262,-1.4370726152669022,2.6554783941230005,-0.2443822651275929,0,backdoor
3.438648726606272,1300.301537226089,595.6290973785692,0,3,963.977865815394,413.6755575088061,-0.373879129005833,0,0,1,-1.1484777272421025,0.4182408622914104,0.4688006540903958,0.2410064049913535,-0.6582694082969862,1,normal
1.8941330765605853,1522.5766614422782,281.71397256486387,0,9,3018.4521258153663,1648.410599908857,-0.3759901684862961,2,1,6,-1.4619928396015238,-0.3300919696903128,-0.0991799869787191,-2.345223987878307,0.6731886194252229,1,normal
7.44663241507448,1024.5065241996183,90.79606891266351,0,3,1412.1956580951542,1557.15743477543,-1.3265245387277835,2,0,4,-1.1354537289907718,0.4084305704414311,-1.5034668919642131,2.1510387837222043,1.9558058523338129,0,normal
4.01863065140957,496.5450389831815,833.0363620089644,0,6,417.8178546070743,610.1666532899605,-0.0640645128891681,0,1,0,0.9905643572274826,-0.1177128043160726,0.1195034408441717,1.5295896249663807,-0.0043697763917186,0,normal
4.317500003609344,1577.3517951373522,553.8107961577119,3,3,360.9242777146584,1027.417532680243,-0.5129970945961518,0,0,0,-2.892579189189448,3.239950982954004,1.8400504945130216,-1.5909969587356383,-1.6600238693595888,1,dos
1.2428872354702467,601.5272179813153,436.4205203144061,0,0,266.48855912175003,1212.5953164579223,1.0123863530842427,0,0,2,-2.033333971139597,1.7686632146491958,-1.2619214894172457,2.1010759955711897,0.8852257066104503,0,normal
3.772832894630451,1547.19560850315,248.08751682375424,3,6,847.0755235642093,711.0452894202174,0.981106975492692,1,1,3,-2.190964654990507,-1.490698226644301,-2.432111745866149,0.0005305906687151,-0.6435451840860521,0,injection
1.7707899781488503,412.2500396027005,637.3782503162158,0,3,42.54873645542491,70.9639996884082,3.159571461037382,0,0,1,0.9130435170187609,-0.759919938805338,-0.9900082729161211,-0.2158963280247617,1.457621480529686,0,backdoor
2.174884984694965,1232.7175865992303,204.8271693426341,6,0,2001.7063285923136,1959.3877353482235,1.0581102692046038,0,2,1,-0.4304942428949999,2.5368551525289496,-1.859348149759738,2.7476621243563213,-0.0216076295813455,1,normal
6.716751116196901,5.31383447778655,202.0522557225833,6,3,381.84784860886833,316.0890567484733,2.2863844347128786,0,0,0,0.1341906494639371,1.2406386849186843,0.8727029502676835,1.1449001612505487,-0.5051259143710469,1,scanning
0.5534179641556185,499.56428422433095,1021.5197716417166,9,3,408.3450574092554,225.5720743342815,2.30064934775561,0,0,1,1.701168947153596,-0.9775371140905272,3.7256915484513096,4.719661453469408,-1.061172216433902,1,normal
6.156496474622842,820.2226034615466,274.2310504515767,0,6,898.051637898123,808.2154851303314,1.4225514447322092,0,0,0,-0.8374997887078139,-1.2755278599050692,1.4391150612009096,0.4153808374920867,-0.2077970759689273,0,scanning
1.7467377593647964,1750.8462396362852,253.12231344602327,3,6,847.9950025581672,166.51924778042314,1.966671736704548,0,0,3,1.3732427931327185,-0.8435896757287737,-1.205166720697148,-2.458998644952631,0.2604767149073093,0,xss
2.696643732729385,609.6294374282304,304.13831203525086,6,0,589.0465441221394,475.87917899939873,-1.179449047203611,0,2,0,-1.292623500944586,0.0957418169929726,0.94217431788022,-0.5108475126551095,0.0737208325634817,1,injection
3.5681017220830347,492.4392760310915,667.0604403936178,3,6,423.4725962377855,2519.617398131898,-0.5916149505149726,1,0,4,-2.0713503382765963,-1.579707444832119,2.272560837721178,-1.7895384593418209,0.1448932174156645,0,scanning
6.282987783848872,2280.8942361051268,905.1827261550538,3,0,757.2036843639786,739.8225902495054,1.347707926181713,0,0,4,-1.8516961584762508,-3.4748384288812995,6.735705472957826,0.9784234903211272,0.2261944014807851,0,password
0.063185535372807,359.8384834439713,102.32210995799043,0,9,246.8522410584243,48.18439153830818,-0.5746286060581823,0,1,5,1.4389563236298406,-1.253784916104512,-0.358755950202424,2.219223812100248,-0.5428317385089819,1,normal
1.682519815753632,397.4092836773455,481.39185851294405,6,3,15.338084544711268,378.4813902988628,-1.509536142719265,2,1,2,-2.9001306088048597,1.2362748641198051,-0.982747460353934,-1.2396271027579977,-0.3623154623033772,1,normal
9.101071176533091,131.1815545443498,781.1183087579184,6,0,570.7254926580952,1418.104836377903,-0.7511427712682681,0,0,2,1.3660314798874773,2.632510963146796,2.232451399397238,2.1378871346764403,-1.4022314325750282,1,normal
5.294033659334899,1245.4626478707112,197.7925138002945,6,0,5311.026470273658,2952.4288178435354,4.957986439432437,1,1,0,2.5838946675723333,0.8174273096210098,0.9809852268139594,-6.072982887363278,0.2307266060227611,1,ddos
6.125760476461737,794.8216932879068,692.8441538699702,0,0,1746.0199174898305,2143.844447148584,-3.946396980103974,2,0,4,-0.76787770028438,0.8771283929551692,0.9967397210774288,2.670628936127165,-0.1691902455780555,1,normal
1.5847937033580852,571.4661598771335,162.73919362622664,0,9,283.5269423206576,85.70404712050244,-1.771341234564982,0,1,2,1.4677586794611317,0.9507122200236164,2.9328711631338296,3.189601623738858,-1.344559180002868,1,normal
6.17410001861699,420.6535371676202,133.43508311178223,0,3,1382.1401778844552,1937.300271157216,-0.413827853037454,2,1,5,1.360257787339904,1.498418676259064,-1.6656262299073348,4.200728570213467,-1.8482979920857996,1,normal
5.862228629433277,153.44581748577951,57.78737897010787,0,6,76.3174289829577,751.0379135425253,-1.82821918863488,0,1,1,-1.5464308726086375,2.7665816827860072,1.6163484582529102,-1.4131062912774237,-0.9580683293086996,0,password
0.258543329124793,390.7366651640994,828.824162150545,6,0,483.4307608718798,866.0642637070888,3.144122914278072,1,0,1,-0.9233279245654328,0.7475220821748758,-0.3902999302916956,0.7215688808869438,-0.1172951644259498,0,scanning
8.393203420712176,906.37284747167,383.148446135769,0,0,2194.463301805984,925.4461481613362,1.5630967061898164,1,0,1,0.8112073482431066,2.438964195971936,-0.4761689610317428,-1.39921543727194,-1.1125169759445537,1,normal
5.605725677657035,1064.1554785538635,448.3441519647464,3,6,1243.7797066215771,307.6418033950071,1.0891907426890262,1,0,1,2.3899227956225704,-2.1565269318271145,-3.6122307945393546,0.3934449378368243,1.236143581177445,1,dos
0.2593871428934765,488.6370049550929,589.8364713710596,0,0,1073.0444387286325,1590.4825460311454,-1.005779778904614,3,1,2,-1.3174026042669988,-3.1337198188416866,-0.3795926045921527,2.9237599753264885,-1.2365368184059329,0,backdoor
9.140608737912562,388.5351096945503,459.3029137324703,3,6,897.3655272968307,1963.6636281798108,1.8445879476423304,1,2,5,0.0198994860256405,-1.2092609318766214,2.1242569052248568,2.098980966835526,-0.3341010217779674,1,normal
1.405193381657877,1173.7373270422356,638.3891970383048,3,6,1321.6564631549804,913.581480432388,1.347731459508826,1,1,1,1.6567413821015764,0.9261924685331274,0.7946246562783825,1.14889736173994,0.1853721819322076,1,normal
13.391481770604123,2015.932985586224,379.7586325215743,0,0,2422.867377195644,189.86175349217908,-3.1487856568064325,1,1,4,1.046062820956576,-4.180738606071017,3.8188774614070953,0.5833292942038981,-2.218695076848276,0,normal
5.96131116733889,963.2406822751992,292.612364141762,0,0,406.2393042397305,1110.6053830532478,-1.163112534431289,4,2,0,-1.2354295348365063,-0.226771582359724,2.0423542062968005,-3.6180494006660666,1.0462888497971263,0,injection
10.967670315173734,921.2661122517608,240.80964441416717,3,0,1118.0747389847336,815.1625441654636,2.233839045727726,1,0,1,-1.2064786289888645,-0.600809832062974,0.7201826309404806,-1.212757419003976,0.0868796108552723,1,password
2.446298827473945,501.848577950048,896.9356021657076,0,3,1587.2670019164,93.64669675478376,4.228338080986605,1,0,2,0.1810740017896481,0.8055911300051692,0.4594007564850552,3.118891335141747,-0.1227126808338009,1,xss
4.950869591070291,440.5187147526454,266.50330874055066,6,0,1291.0829700777838,909.3066917229972,3.4808047975420866,2,0,2,-3.531673912749411,2.80491505786187,-0.2818291100800515,3.885940341782895,1.3220465987414267,1,normal
0.2802593194033986,2036.580906804383,488.33665277799065,3,3,3745.4885369911,1443.218580873441,1.2384027481273825,3,1,6,-1.6987164158136523,-0.6048764838154486,-0.8493405165376158,4.399726620460709,-0.9485966342310612,0,normal
6.767526801714525,126.13985815451043,942.164166634762,6,0,1649.9785625850627,657.9094244476505,3.772534304902964,0,1,2,5.102078001332997,5.084078664485682,-0.3948018674538294,1.0806001534234968,0.9894949844926898,0,normal
3.684377925368518,1106.926124979623,381.5101044918614,6,0,3823.733351410402,2666.396794890906,-0.4956918771216315,1,2,0,-0.0754439423304607,1.6012802093953953,-2.923544068201036,5.4106712423758285,1.1042805002632825,1,normal
0.9416938070016942,15.330368188211985,372.4220076602697,0,0,1300.069467516665,367.53287499746034,-3.4307115265761388,2,1,2,-0.5558677103583874,0.8741889950178419,-1.3979208933214602,-1.6716342830288362,-0.0285485763698491,1,normal
0.677653642692556,2064.815171340693,65.69538724425837,9,0,3477.620928283956,1743.7380304250955,-2.366748455290235,0,0,1,-2.2652344099771176,2.668836469928398,-0.3032034864665096,2.6259730334774773,1.5216918066451308,1,normal
2.182148557081496,492.2456430960885,1447.6707142877715,15,0,1449.363861360803,1015.5929953628428,-4.011697653085281,3,1,2,-0.548707121174942,2.551449990580828,1.0940608702829404,2.2626096031330425,0.311338168500053,0,normal
1.3783056042976385,89.07726111175896,262.16075416023165,0,9,1782.3541356597034,205.28512047460111,-0.6910159453135507,2,1,0,0.2939749583178037,1.443063311339946,0.1419395859441132,0.8858626921857616,-0.1228960776836425,1,normal
1.7153414690729274,885.849956598178,731.3233484251399,3,3,172.76364353370195,401.61583013937127,0.7237374101710177,1,1,2,0.1576569335950295,0.0875984475223163,-1.921888557987545,0.7912620250190081,0.1519038720829589,0,scanning
1.293212747733913,1399.8925805525116,62.85435224806779,0,9,1285.1346290257306,198.98402252479696,1.8096779547242965,1,0,0,-2.6668444502126434,-0.9330467366659516,0.4910123333881021,2.413309346648137,1.7024726161788095,1,xss
0.4604266094420688,535.9017509005805,21.89246030753083,6,3,133.8839554791531,972.2654888265008,2.5780647751921784,3,0,1,1.321400494844557,1.7775355920204792,-0.236681942084715,0.1918236226356977,-0.3874330346189974,1,normal
4.012905588201551,1107.7353534667875,710.7912563577302,6,6,115.14363910298704,434.77887781162633,-2.667997556320312,1,0,0,-3.3902339163966486,1.065290326401734,2.713268366666291,0.7100208462890283,0.7553209337580311,1,normal
4.4681330285637975,2634.48898936223,440.27615238916223,9,12,6415.62580401139,426.1105885922854,-3.471235943844376,3,2,0,4.382453731410299,-7.061072250311952,-5.625060590985703,1.1545010587229363,0.053722141935587,0,xss
2.614759282034394,270.88585673344534,902.1387645624246,6,0,2818.347402757647,1313.4895951154224,2.3865160800273006,2,1,5,2.7880078187314163,1.7740244817029658,3.78566760033772,3.8401042349293606,-0.0938791085793618,1,normal
7.791249262361987,802.6379829284024,689.550721596107,3,9,1055.819878333545,1324.8043514297135,-0.4543478645519713,1,2,0,-5.1258972478043,3.1077176494459557,2.7727839854869725,-0.6548548057483643,0.7892279849530026,1,normal
2.3311273211543075,1077.7849248985312,680.1839655199277,0,0,1315.790870967953,256.2196311732492,-0.6322073175988845,0,2,2,-1.1415235175984657,-0.5468398363062072,0.7699134612200058,-0.8001834760639519,-0.1144060209003671,1,normal
8.056441043273155,569.3017144093004,1161.1400354509988,9,0,1849.8658589569463,26.27543614179021,1.190181800245528,3,0,1,0.4067017389788695,3.6161659694188586,1.6863301465393414,-0.1937974420648018,0.1311000929436135,1,normal
1.2316408034572317,539.9435868814342,284.469979896498,3,6,2187.0306905026587,174.46918898003142,-5.463739628023387,3,2,3,0.2734481837956055,-0.894473360276917,-0.5135027822032057,-1.2636484316415997,0.2770027671717379,1,normal
1.2985276126490015,1191.9550430800596,16.159057878227795,9,6,960.9264501118898,1515.1735273459356,3.530715607665888,2,0,7,-0.2154648355989811,1.9744535574067048,-1.377293317502269,1.4005682151193195,-0.1410683518272772,0,password
1.8497421366437508,248.8744317451692,240.4598452992957,3,9,412.7829424940516,209.92544927285516,1.3347788752443397,0,1,4,1.727542646326905,-2.3417743832592164,0.9982359674911592,-2.279322781633061,0.1726316893821349,0,ddos
6.194745664264294,647.7286865241679,215.969167849949,0,6,3509.651141544705,913.7748326596172,-0.9003559585538652,0,1,4,-3.212833569320023,0.4484762260815063,-2.263932644087505,-0.3186985072019299,-0.2818308368552582,1,normal
5.24421380850325,39.210703011675065,71.18540708382343,3,3,1750.9105498230313,183.48216057243,-0.0169614817178567,0,0,3,-2.706557999686625,3.97275103068609,-0.0331850954743324,-1.5626056723276314,1.4998545588428076,1,normal
7.685083012186279,821.6809801730893,318.593518577545,3,9,1991.8802729426045,389.8908019603505,2.922093395322392,0,1,3,0.5159951613437115,-0.974662048321938,1.5841780687956306,1.589511999048157,-0.6371784432342644,0,scanning
3.799103478673109,341.7309788829943,474.2543712805637,15,9,2107.4447090222725,1289.8676173660492,4.252386502664479,2,0,2,0.8395399626509177,2.547595510289799,-2.841375676985836,0.8632457557320736,-0.1694587133094732,0,xss
8.290378316630742,1705.6868725306754,635.7754529630248,3,0,1311.771457483982,844.8371503965562,1.9736366831733136,1,1,0,1.0641303260406414,-2.796519476888859,0.3850635099162064,1.7154069157957188,0.1337133284197069,1,normal
0.5726668698487012,755.3551343182043,377.257312668704,12,6,1063.061452802314,708.5721577250389,1.411847430095291,3,0,5,0.3963868256285034,-2.2334340717583467,2.807023211910272,2.069815226853646,-0.0815388687066088,0,password
3.790617686227265,1204.5683549338682,106.17848385622166,3,0,2369.5217600803503,2399.490440250139,2.234539893137181,0,2,5,-0.8005310788870321,0.9414978252871582,4.173015419429728,-0.920185966133668,0.2014774890772387,1,normal
5.843541124588331,471.45699509445546,912.9545020699796,0,3,74.89695045925905,96.759370437787,1.0884454516299622,0,0,0,1.9293766600160585,0.8574396500069272,0.9519282080697178,2.2400918391915523,0.5571805667246238,0,normal
2.9897961040787706,482.95408150435327,859.1478391073979,3,3,1997.8949329558063,351.0047195459524,3.2511005881647126,1,2,2,-0.9616444689623956,0.2930486105979317,-0.9548671327651078,1.5488710853685548,-0.2648323877881527,0,scanning
2.2860793291302777,211.79450392224075,106.74348034445222,3,6,1339.3100586808357,31.640489013543167,1.805369261880876,0,1,3,-2.878820452792863,0.8891894182720801,-1.393221645948573,1.015866207648778,-0.141809613713626,1,normal
0.3073130194029044,1150.684381889754,368.233893503619,3,3,175.28923739717013,314.20837731509323,-2.8998565628271598,0,0,0,-2.68177013726566,1.4105206267092956,3.2922992751965383,-0.212481050925813,-1.24177258440222,0,normal
4.261828065873901,810.549511161712,298.2001668082433,6,3,761.1275419180789,262.8563877260799,1.0389126135008155,1,0,3,0.8065719004669505,0.7148049504757006,-0.6696166344011698,1.3190592917726227,-0.0898574204231908,1,normal
3.3903704079855865,1338.0942501741326,402.325055986406,0,12,2392.073146669116,96.5457771313564,-4.79012686984651,0,2,1,-4.023546531767622,-0.6989852755122392,2.1916673901562405,1.5675075220014585,1.2333416323224673,0,normal
1.3702412158997923,530.9335373168623,254.25590396478205,0,3,1105.7559043590047,238.0776465207349,-3.9133774459220447,0,0,1,1.7855312910358765,1.5403933815746134,0.9783138549860112,0.1352627433528657,2.1741716484994558,0,dos
0.7153913274238942,134.51259416948892,86.53241755637872,6,9,908.972301958426,202.4369752182817,-3.730237324142794,3,1,6,1.9043793596047545,-0.778172957364538,-1.2483772844913692,-1.4048680213315266,-0.2525207023555275,0,normal
5.7680456926903645,298.93389529321377,121.2527114222903,6,0,496.0667754223236,143.41358081600598,-0.2852600650516732,2,0,0,2.4766541697803115,-1.608207164553208,-1.0312242296879963,-0.0030746725714663,-0.748974862236665,0,injection
1.8427748646339173,215.75005659888956,393.4657888641119,0,0,889.8975331112325,1043.2473605962375,3.168378943760879,0,0,0,0.5150302601941911,-0.1678569431389218,-2.818344380306293,-2.4078837307955263,0.4081586669207276,0,dos
2.3337638724535306,1157.112126202085,404.5565531227742,0,3,434.4926765601918,211.58612939130316,0.1598331529875913,2,0,2,-1.6134707593328872,-1.2216841514984933,1.53835440448621,-1.3775078665335465,0.7048849676813518,0,injection
3.1653659203657374,2904.09875261259,273.2451528774308,9,3,3383.172321434356,1250.4145256769364,-4.492025332885199,0,1,0,0.3185914907013987,-2.57860855296662,4.544052786634842,-1.6961585588039068,0.1215244831000705,1,normal
3.250577661500564,1292.9238027063057,411.2075390188604,0,0,2974.5276415718467,647.63108522522,-0.3925080853307545,2,2,7,2.113331324984318,2.6935657799814505,0.9239615700574568,0.9991104011836676,1.5130970267434922,1,normal
9.486921197565218,2892.529965280782,100.20070490084932,0,15,277.0410213437254,1156.418631882303,1.446405995127786,1,0,0,-5.732420329156474,-4.739124043389953,3.281504669032993,1.328278321971371,1.1538007853607182,0,backdoor
3.0215593032158585,984.1310613339704,1.1924961861529937,6,6,179.82041671163768,752.4202128985318,1.1065160458358771,0,1,3,-3.7971723079125432,1.6961441892930356,-0.1970814559128131,-0.1910945135445676,-1.0672255557351418,0,backdoor
3.3715149480331688,157.00161302703552,743.2559847462687,6,0,2259.47832415044,535.4321619461617,-1.6167570688296755,2,2,0,-2.452224803573233,-0.7386951592451114,-2.258417123763071,0.519742304555077,-0.0500861695359108,0,password
2.0592991438994708,522.3518837004297,38.011204237832885,6,0,561.3330715285405,1753.553810389359,2.822254983158514,1,2,4,1.932647636105697,-2.765536923698698,3.1857981476152704,2.890317888903315,1.148906899934561,1,normal
3.640878577594817,202.4756236394116,584.3132971828916,6,15,196.3274346847318,93.41569233776222,-1.6487524463102887,3,1,7,0.4802104663630104,-1.990490225893748,-0.868480627929272,2.295028049994213,1.3759351624184208,1,normal
0.5666032750635154,586.5082038686168,23.097912453966494,9,3,892.1330167913064,5.259857473325467,1.020264850597583,0,1,0,0.8673014479544086,0.2943239789813865,-2.1237369412608498,-1.266875134581941,-1.17424135609903,0,ddos
2.019472175692016,634.1554239981148,129.61624293367385,9,0,54.51543123205951,370.3579491652593,0.7054059646777207,1,1,1,-4.690674020141526,1.565566649586359,-1.3459378066669463,-0.263508178336735,-0.0854865299055782,0,normal
0.9536128136418378,922.84607544067,102.4291199885421,3,9,216.18055983971465,1944.5236365667388,-0.6533534669849915,0,2,1,-4.33171515704972,2.019938087883175,1.693039837058377,-2.179311263323632,1.2308146583747577,1,normal
0.6096820336346094,72.91382729917851,475.5928000891181,0,0,246.37260659957545,1338.483577434631,-2.996407176236893,3,1,6,0.4651006560574335,3.714399340666517,-0.2693411593553083,-0.624203145240421,0.2372739993619948,1,normal
1.7651105752355225,1031.4976520383134,194.9136643685636,3,6,436.3647958397829,539.9920421069871,-1.2146633410037613,3,0,2,1.4997549529753158,1.5234970648713992,-0.7124784103910509,0.2101230839409089,1.171933886581564,1,normal
5.850721859683096,1125.303980539844,142.3406660196647,3,15,1228.4100829245035,1846.6727569846305,-0.6450088788053088,2,0,5,-2.130226398041544,-3.124411287266291,-2.819855473912344,-3.8746400500997895,-1.5401356678341236,1,normal
2.3130272950106665,1045.709221563624,767.0658130325597,0,0,4486.396029322894,1173.245889397011,-3.369920608927321,0,2,1,-1.5962420592362327,1.5191330464044657,-3.643049711579728,-1.336073186296893,-1.621625648943837,1,normal
0.8698586819738432,413.4265836596748,476.74788760084977,0,0,214.30879532263305,1190.0826836233598,0.4817403197218647,0,2,6,-1.861626151957644,-3.202265018808907,4.579773983655244,1.3169870787145117,0.792950693826464,0,xss
1.39405867082844,260.6263803817131,101.94455414975212,0,3,1213.3762170149723,2842.4018294318,4.692148316517426,4,0,0,0.9329588984632298,-1.860325096730776,0.1007711377159805,0.4087701592142372,0.3167368356270613,0,normal
7.497845764849204,1099.3576481244186,461.7497339641613,3,0,501.7835979626121,92.3206830861378,-5.10166815289378,0,2,1,0.8290246187234518,1.0630992568608446,1.8637507641924,-1.0306424300910952,0.1166966903463734,0,injection
5.712911526444804,1205.007061200064,438.364713479086,9,0,563.018858678085,2581.904288582794,0.4699218766982351,0,2,6,-0.159633187386285,-1.3634801053220202,2.474238727099719,-0.7451859894448671,-2.1804090319961777,0,normal
4.476129040068414,238.0397006768472,764.0763906125416,0,9,914.1375684775854,392.9116027947805,-2.325766046567014,1,0,3,-0.6258373609634857,-0.5745916935003041,1.8691911373205363,3.87177371279103,0.6421526874014473,1,normal
0.9154975942125272,506.63639391673166,792.1138266711076,6,6,139.82648638432977,898.5359859453824,0.4275961071243017,2,0,0,-0.2955096347545608,-0.2167357593634242,-0.5181376843995056,-1.0619983436882134,0.9946030642814688,0,injection
4.757813387776424,622.2774653060461,806.3634239471511,6,0,2015.5819601030107,1660.198883266872,-2.855385838214524,1,2,0,-1.605209165582437,0.034887697156374,1.0192627501652385,0.8051128587681069,-1.003102630658549,1,scanning
5.954564824245288,150.01621522594445,113.15186309271316,0,3,171.70874625361702,733.8696357724588,-1.3084211101351284,2,0,2,1.3335111756266178,-0.4686849829519697,4.138470887479355,4.832980820451666,-0.7059272266915451,1,normal
4.801464059192963,445.2177553859895,120.39673190659988,0,6,107.16635310134193,381.6436479966908,-0.777017038000372,0,2,3,-4.0959602271331335,-2.2260525067761474,2.184886299721323,-0.4546751154440003,-0.6344902599997858,0,dos
1.885795809049504,962.3507996554948,599.0248685332892,6,3,279.21567966432895,697.794597021385,-1.3024212759300962,3,0,1,0.2755420799405786,-0.8435290406250602,0.9852303091692486,0.2827913660603808,-0.115290006897819,1,normal
6.600389075102878,507.8761449331778,735.4624280522012,6,0,691.8779331030433,1286.067329419741,-3.2812870137857306,0,0,1,0.6198438033172169,0.3219658158961702,1.6361856490979083,-0.2804095685809735,-0.7098507426375851,0,xss
2.2542742163730405,852.8884195944566,499.3194560078013,0,9,927.3287545837916,1239.0404020111464,-2.464208970862693,2,1,6,1.9232111854794536,2.335822327696512,0.1784044456108859,3.139054891684558,-0.6662357163909589,1,normal
3.183316480385523,784.5089711588566,365.16959645757385,0,15,1187.2566381849572,1134.530584087138,-2.331348960471651,1,1,3,-5.61562344698935,1.7338115286563631,4.334286319516087,0.4239658121707121,-1.4889830045988384,1,normal
5.710592848202153,1590.628033662424,966.190666646128,3,0,1753.9069897663244,684.3343777752517,1.1464803479698482,1,0,2,-2.010801541102293,-1.5922702055240865,-1.4899617595519827,0.8543997893018644,0.3345259051216813,0,xss
8.314711894940649,1449.5605931629395,147.06573415112746,3,3,190.9046513919536,689.4639589403346,-3.0545883175778386,0,0,1,-1.4776608637224935,-1.383900505990263,3.755937839731395,-0.4385831750965336,-0.4049431019449995,1,normal
5.520919288992924,224.3404483106836,440.79972572577566,3,3,281.8626063474256,1405.95200475856,2.2083576917890597,4,0,3,2.4709235410183945,1.1981136092227611,-0.0329409587467699,-0.0304860771775172,-0.6191203087515667,1,normal
0.5027239364580549,307.56191639800306,3.0249762774605977,6,12,1979.6707199217744,869.7599183125128,-0.6399902970653961,0,2,1,0.6145800327010421,2.4329572636912697,0.5813748523337156,2.6165726887105025,-0.1636125558173397,1,normal
4.344177875118324,146.2804699421858,217.56690375832167,15,6,735.4338073064214,2440.28792667389,-1.0843427026229917,1,2,7,1.431444045690334,1.7060082006859842,1.3913243057856937,3.795290844545328,-0.3702028602963046,1,normal
3.991666310344135,1842.7629850166115,24.099243047376408,3,3,2905.174097012259,2118.7152505945464,1.0650788494777592,2,0,2,-1.8740733778140268,2.5891822296183182,-1.7665125685043512,4.273051380055373,1.1425351138733888,1,normal
3.373759331361115,182.06329556820492,47.82581501565042,3,6,2133.827338234365,228.2622921172276,3.805725456175716,0,0,4,3.951448606556763,3.3611623672883297,-0.9038444203106476,1.3518259533357688,2.1727223000617872,0,normal
6.453822120825366,1631.6306655110448,1066.1054973727032,3,0,386.33176636392494,277.5029935311416,-3.076301159837857,0,1,0,-0.5085436771635728,3.8731508827251178,2.281794658143188,-1.1749343772668988,-0.3225630975891012,0,backdoor
3.6336397454371463,603.6168202502406,1492.945891418986,3,0,3076.150146195549,596.9758680230627,0.4086586535230629,3,0,5,0.1889334611056536,4.094663585278959,0.0363801842264925,-2.543186516216808,1.4188785575104943,0,scanning
0.947641452090535,61.505848947959294,832.5247349752075,6,3,589.4498605833867,1622.6324549588803,0.0640148446295163,1,0,2,-3.9931095609844967,0.2983710504713064,0.2649370106179434,-2.1421210692651504,-0.5055204181328767,0,normal
0.6072628809467495,1656.4632534879306,274.15991571735435,0,6,279.50176730752713,668.323895923036,0.5790222689712254,0,0,3,-1.621492902268013,0.685687991309724,2.2811138451418493,-0.1589598876536364,0.1464736253431607,0,password
5.401249010046044,125.86302070474017,687.8352507426634,3,0,1452.9998538574823,437.76839300392896,-2.169297634619872,4,1,3,2.6761761509624677,0.1808041818007253,4.000731803169093,-1.394290944453165,-0.35070028509552,1,normal
5.763293108331851,95.64002651306492,324.24938750338464,0,0,1672.9422338518432,820.8789987910491,-1.3403405226088223,5,1,2,0.1908729727322633,2.017845159445612,-2.0719331756810897,-1.079777459471809,0.7089696156082816,0,scanning
7.85046534496789,2925.657119119984,10.77234899831154,9,6,4182.201313257353,1029.103581348017,-0.5934192742953799,1,1,1,0.0440864039855624,-2.878135251007974,-5.8681938473579365,1.382898768824275,1.0560098245266634,0,password
0.802059085010963,643.7343507237097,1193.7916397409335,3,0,1109.0868877507842,50.5491542558943,-2.3999196249146,3,2,1,1.2341647291941753,-0.8369354797995705,0.3670552194125506,-1.7952020077453366,-0.6033558390430093,1,injection
1.542622531841967,192.53696140530192,247.5527514137504,3,0,271.2688965934859,983.0085926587836,-1.0836428897561572,5,1,2,1.016208344254767,-1.9276149349254768,3.030168918900205,2.4265678465197693,1.3292744067416096,0,ddos
3.267915312766505,1304.547487178393,368.0204509351988,6,3,1059.829001055278,1695.3173414046005,-1.1531848987069566,1,0,4,-1.7643649626633462,2.7812148163593378,-1.5105619247803477,2.475687973575136,-0.4973982961963664,1,normal
1.2592044429160545,1565.4305976304245,997.3304486419092,0,3,298.33954766889,622.4576307004048,2.4744174632037104,4,0,1,-0.4505316858313196,-1.704920681819148,2.5827257603949207,3.29029835743901,-0.0901693412595784,0,dos
1.5220774532847765,1109.625890057466,38.69343418998295,6,0,555.9564846274309,1211.5948211852597,-0.7791205895832161,0,0,2,-1.186537349604787,2.4784122632658616,1.4566513186116292,-1.069001765499915,0.9830814398426108,0,injection
10.667209680329094,944.2636635512688,1040.288800923728,6,3,1128.3371954013046,1697.3340738934753,-0.289295340745602,0,2,5,0.5522154550933784,3.920566483699967,-2.0375953987423774,1.571633218503579,-0.9154940569855972,0,normal
7.34282269890707,511.4811296732888,498.9021942786356,15,0,426.2409585337192,1672.5926295455515,-2.44873617310801,5,1,5,-2.663382322380824,4.459366173057198,0.1307165574695166,2.6301264956727373,-1.7476484071788687,1,normal
2.276278401513153,2014.7327137562008,420.87845650907406,6,3,2162.152738104756,1534.8426397694825,-0.3752240297848477,0,1,0,-0.4962483831377547,-1.35481476724942,1.4258822457608502,-3.192575391623078,-0.2578992457164069,0,normal
1.4218636267984568,1101.684974689955,56.28662075976657,9,12,3621.4390477929287,4367.66377303073,-2.034208175060325,3,0,3,-3.610023708338832,1.9940024034357304,0.880943491298792,4.439048023026975,-0.2237787107645608,0,password
1.7589336485598444,450.043904286081,348.51847503659087,6,0,1121.8013421513867,903.7736072925796,0.4636170658364684,2,0,3,-1.3709172391710176,0.7939901216647509,1.4063873220157204,-0.085219593842865,1.5458633662322483,0,backdoor
3.2366023291292456,131.61320575407498,167.76624415661252,0,0,252.5248404877098,1029.140868620534,0.9854787726567892,1,2,1,-0.7086245150497144,-2.12354174003446,-1.4643497266099652,1.6501511817975816,1.563701893667073,0,dos
1.9109525810631336,318.35899163460846,763.9183624736446,9,9,4306.241988593815,3732.501292628652,-4.275902073452516,1,0,1,-2.0575163634510307,3.424336659495681,-1.43715658784419,1.4188424840729372,-1.0372737661297766,0,scanning
4.401239120353663,1304.6702725038783,727.8746367659459,0,0,456.9843820906079,1316.6338065820871,0.0997018082236393,2,1,3,-0.5338352108619768,-0.7197734672570646,1.2870876258893356,-0.7867251789048499,-0.1145506167199977,1,normal
6.137617234308701,1467.132166943337,68.88152899961227,3,3,525.6585307912198,2179.6808105534183,-2.283888163855508,1,2,3,1.8276281454780168,-2.833261744752515,4.05461260270282,-2.1733264931057388,0.3005245626039681,1,normal
1.0877505612501313,2232.8718872893232,637.2835578098749,6,0,5283.400313592994,2366.283531671531,-3.934842965578407,1,2,0,-0.2879267034897589,0.1422844561106238,-3.0586579474561013,3.094341898516596,0.3282765826919233,1,normal
0.3998119337549823,962.1426642332664,424.1843940638917,12,3,3482.60818836454,975.3503526249514,-2.8590204406406268,2,0,0,0.1589409290200629,-3.0736973765042324,-2.098489578099084,3.824105038666386,0.2084661782065536,0,normal
2.462610825210577,1094.4093865442132,210.6587188864043,9,3,2116.040110124195,1097.7156118691591,3.1397113580660907,3,1,0,0.4299397125676671,1.9664278360467808,1.2694451627875,-0.5996721100280684,0.6968844314969134,1,normal
1.3004687901249057,1601.8369471264866,457.6615981158413,6,6,2331.998251927913,163.978889492397,-3.1549738026591445,2,1,3,1.4456437422027857,-0.9350757021647872,0.9190811845048574,-1.3513311603427305,-1.151033860474144,1,normal
3.020257934956463,809.5796223980179,770.1283785381482,9,3,2777.1396602734376,710.655243672285,2.4150662358513646,1,2,3,-5.859430768336827,1.8873609288286937,-0.4415724875152763,-0.03931013455323,0.1027717100304283,1,normal
3.2224374379063287,61.74922294506635,265.57208858866176,0,0,20.54857176861313,315.66911776117155,1.4359194973509917,1,0,0,2.9212826265202865,-2.025482835638234,-2.037161340558258,-1.0281979215451902,-0.6608258881566024,0,xss
0.5443809121073776,694.8887988356944,30.84521136341698,6,6,273.1927784293296,171.56380411943923,0.5585385201152349,2,0,2,0.7900309375219492,0.9320265693772344,-0.9505454691956446,0.8568571257824718,-0.1975178780669454,1,normal
9.580546708252484,350.31517030193027,275.93873007021995,0,3,1874.2140642569896,333.5123639372293,-3.970821219004865,0,0,2,0.2050426118510617,-0.0018313530535678,1.0583284962968258,-1.4329609955853484,0.409189250010934,0,dos
9.087459125883113,1786.3879006411798,446.2346785760843,0,6,1911.9879510840783,1077.2141834043755,-4.212834019814111,0,0,2,-1.5219533553218765,-2.186143579545889,4.419380039388883,-0.1708696256499675,2.060767131687303,1,normal
1.4424044257809188,39.13522666169777,333.8791990797462,3,3,428.9463178321604,142.72181011462135,2.9676462745545806,2,0,1,0.8880117034166259,1.2047252998715745,-2.5628790904639187,0.2985849514098281,-1.0212952687080583,0,normal
1.739184323458365,579.8788064255561,151.96095372885642,3,12,972.3892655742268,696.7130351544776,0.9173153691292376,0,1,6,-6.003432101949152,3.2439784188084806,-0.8609361286317945,1.5552552121365222,0.7074125029695978,1,normal
0.3536905773045912,109.10648928043264,758.0434562915692,0,6,1371.3542456459252,35.643488050583976,-0.8247295682195637,2,2,5,-2.1016822990267388,5.057009698253198,-0.0196834716227181,-1.515047860422697,-0.5595486535171312,0,normal
5.047984749034312,1526.6863443875204,1018.7138270630657,9,3,1825.7626012000628,794.4232783495676,-1.5229756228180291,0,1,4,-0.8595282543935417,-0.6383579924470719,-0.6810215366252366,-2.4228680559807607,0.1901402378581119,1,normal
3.012268964549503,22.90683244979697,48.45014481959219,6,6,1439.3033440976033,502.6797870445087,0.0075817132679802,0,1,1,-2.578071814493761,0.9704643307859422,2.515946607566296,-2.2625930594115005,0.7114560146656296,0,password
3.223112619328687,39.41840055725587,240.73013203568505,15,6,310.37464940881245,99.1056615033782,-3.863821367799548,5,0,4,-2.751495085870808,0.1650880691241787,-0.2634251279258195,-0.116989868712813,-0.1190750070988384,1,normal
5.497387844839659,490.7093932497378,468.9033684525378,6,3,289.1239863515289,362.64444150255343,-2.3128564448712776,0,2,4,-0.0832215437859449,-2.9868088563666664,1.0332129243996155,-2.9440454975677977,-0.0237664928484411,0,dos
0.199718785390687,3009.775440628462,396.52699817808303,0,0,5428.138817737055,302.594430296679,-1.9775703718973368,2,1,2,3.852459397773473,-5.896145708690062,-4.31827285674063,-0.8584831067417279,1.7825873664357952,0,scanning
6.721142790541078,231.00353044255684,357.08002010635886,0,3,627.2403318631435,878.527270025694,0.4804990261076204,2,1,1,0.0613101172936583,0.1315119888074718,3.144982522557497,1.539532362956033,-0.8744264896947455,0,normal
4.7600556673272125,1858.9987031911185,803.2070934621925,0,3,78.12333688806456,3009.7849353717947,1.4389539040428916,1,2,7,-4.325682715519647,-0.5174958723796554,4.758963779722402,-2.8911863064906145,-0.6632486092043097,0,normal
0.1473201737344626,1065.2548742690722,199.13375478629655,6,0,1567.2879682344626,187.5130405297425,5.4406307048863125,1,1,0,2.907087421800888,2.2854169049610777,1.5944529867380388,2.055079002301244,-1.5817254431967378,1,normal
0.8990191914322736,395.5375775787286,512.6352518694914,3,3,2060.406332619355,876.8059149625484,1.0801371884653264,1,1,5,1.422678697472903,1.7492326694619311,1.967785499129008,2.785320142616185,-0.9926902523000416,1,normal
0.5541711847601574,695.0345720342964,203.2501327912793,3,3,1447.07525825067,779.7714755201588,2.843407195371485,0,0,2,-2.960747610797842,3.042528832959817,-4.420414724815623,-3.0986206809073207,0.8200190028102375,1,normal
7.953977816921349,1322.3753098802858,364.868574042502,0,6,235.13959131424903,1314.027723891906,-1.5690927193639108,0,0,1,-2.9229730614964384,-0.1063159012067607,4.010188284979691,-1.1546003023691995,1.1174407387269445,1,normal
4.3405046002245,1507.640972990671,19.683205799911608,3,0,1205.570787806532,350.1637388858582,-0.2431000604359008,1,0,0,-0.19308979734224,0.5252331433366966,0.6089918477336718,-0.0482906400888993,-1.9889280421024125,1,normal
7.270857686054224,106.22903329777134,575.16463184609,0,3,678.8650589367478,262.5139300666037,0.4522824629377884,1,1,2,-0.757262388238606,0.4877818722619326,0.0167152424754757,-0.560698958419981,0.6150347786939958,1,normal
0.4315560408624306,1103.545123786438,1075.655989714236,6,0,94.6011901400894,648.2090800443052,-2.952583609314674,0,0,0,-0.6165918948946181,1.0184599540423207,1.901616687820053,-1.8108325542300907,-0.0587861029983864,1,normal
0.4512827567188865,1011.7569505946324,577.7563686027851,3,6,1421.7528746812516,340.75424595517654,-0.955022500257018,0,0,2,-0.2646742405099708,-1.2490821086101025,-1.132363931766102,2.197355228353752,1.3964216356750607,1,normal
2.92732567141707,284.4142929548016,219.0352337048277,3,6,1150.0401690003264,92.21392238654276,-2.8908248342089697,4,1,6,1.0870590140328742,1.9635561433763529,2.1166573290448234,0.8733733636153977,0.8312789823868505,0,normal
2.7552835381344147,326.9357022028877,497.9500295834128,0,6,560.7449374613424,745.1397462977098,-0.2209965765300867,1,1,0,0.8872014718090051,0.4912664535352828,3.0119168989781717,2.136798198049416,0.4406685548339808,0,normal
6.035703973975373,1059.321368514869,492.2283811264325,0,0,2165.930133329338,1305.36297644648,-0.5860176656135172,4,0,1,-0.804089583143299,7.481101803455918,-3.090314829572346,-1.9675847646658329,-0.3907962263597455,1,normal
1.6271196576858649,1383.95989414823,37.36849269293911,12,3,2063.9668723363493,1646.4587608795246,1.261744847061547,1,0,3,-2.973192406143353,1.9460223989660064,-0.8993546290163963,4.754085447618361,1.1936232952257235,1,normal
0.9788154553245666,1141.5708488035405,84.99474028704967,0,0,1215.1039740595884,495.1864157547432,-0.4585386756796239,2,1,0,-2.346481396685471,-3.614428838099559,-0.286116144384541,0.065040117910579,-0.87041007708844,0,injection
3.377346130498169,1158.3180333179346,281.39928646868907,0,0,4295.2442778704535,505.09135039009504,-0.7919209293286968,0,1,2,4.5942945112569165,-5.277107037978063,-2.461590050182216,3.591198286545386,-0.5060225257998867,0,xss
0.2280208786574577,1391.7042528418503,178.1384191043167,0,6,2843.5438123335325,1306.407733275052,-0.5124828408662749,1,0,4,-2.159821313821462,2.903899303681531,0.1471719324295397,-3.312430852255829,2.161795646212449,1,normal
1.9445850275750836,531.6869033998001,398.6668034203885,0,9,1122.9023144154323,1351.2672879496515,-1.787437641123701,0,0,2,-0.6446108381906058,-0.05855557850667,2.867967670012779,-1.469649356235418,-1.45515117806863,0,normal
3.589249119310142,2188.2582562450234,660.5687180538736,3,3,25.73311147755059,709.1902611740733,0.481702678979325,1,2,0,0.1423998333043352,-0.2999598695414386,0.5301758340544056,0.1670296429505073,-0.6008815452722203,0,xss
2.3686471918071743,1310.900153066112,346.50421913976186,12,3,1026.7320061414732,2722.9881375911577,1.8893810675923544,0,2,2,2.490136855707729,-0.2764458049292655,-0.5911884954019999,-0.7409079155051506,0.6629002983550286,0,normal
0.5026120058341084,476.8051392435605,391.8939015472764,3,6,920.3792802036156,574.8078493198141,-2.1098719564668453,0,0,4,-2.9911067554198136,-0.2427673893464275,3.7955133835840247,-0.2697678185735861,0.2115735317371508,0,ddos
9.12261121003348,1611.58446259399,818.2796393074317,0,6,1156.3881649478335,1991.468868444944,1.89839958959682,3,0,0,1.0527809330619085,1.1244095683785795,-3.4299176998577305,-2.2282478034982534,0.832462011268791,0,normal
6.105741662790893,2118.793922192752,448.7398916716311,0,3,237.42789866631227,973.9709380058958,0.6402295425932304,0,2,3,1.0215403251186026,-0.6224638161042559,-0.136421907759167,-0.5918692341252636,-1.1776022925854313,1,normal
0.8444471158696125,45.75186413575205,242.87203466283296,0,0,23.575371611300923,1394.0718489534984,2.544022229409534,1,1,4,3.068218004839001,0.9674427747222606,2.5160519976367643,1.5439791285547322,-1.1704820208681563,1,normal
0.1403724217948067,243.54849712164227,390.0152591943602,9,0,1202.9985102099697,281.91149417048155,2.845051711193816,0,0,0,-1.0606045305940834,-0.9383782087395416,1.6001381794572058,1.1699394061549675,-0.895395468310962,0,password
2.1677329194842745,579.4793943507497,785.710209213946,6,3,2112.3679078177875,547.7837340198614,-1.2061744536804957,0,2,2,-2.3495439013442487,1.0534512349714058,-0.7923930978372119,0.7218817634065944,-0.2175845916359187,1,normal
2.096462523191428,2377.5208217411387,419.4089442703829,6,0,4391.994967534393,2309.3682440640628,0.0114360248360567,2,0,1,-0.996612302845911,0.163330714388642,-3.2673552725768555,5.267183518979887,-0.4345692413738414,1,normal
3.820156194760076,122.24462294583888,721.2314325719798,3,0,367.2819263250924,1077.229373877998,1.4141199226005432,2,1,1,0.5352698899757251,-0.3102564424284344,-2.9608421375296565,-3.3219152997572188,1.21014900290913,1,normal
3.3163656521131424,404.8071669957612,621.5771966014039,3,0,1328.7791937349048,1246.0621810804912,-1.142850643634716,0,0,3,0.7760399352689789,2.4570902982416483,3.280596975991809,2.797779407721277,1.6179570065895166,0,normal
5.3820961635886615,515.3227024163278,181.20446485137785,0,3,638.6806432391664,408.7814849180788,-0.126123574534763,0,0,2,-2.3080668928335197,0.8348283428755273,-2.171005592768092,-0.1341216979011905,-0.0592046814878117,1,normal
2.3180827151289303,26.213891911978205,666.1748525861801,3,0,2251.1463312695555,1816.3900036403104,-2.5905931535633133,4,0,3,-0.9840674522648144,2.9261295042735718,-2.3736648341881645,1.137760381676861,-0.8885616398755122,1,normal
2.5762706482798503,1033.4912767221217,881.9417254978795,9,3,743.6968628435517,1953.6139982958784,-0.1307411858772627,1,0,3,0.0336597598130019,-0.9243388470446374,-0.1552741973325488,0.4531933286466897,1.4312202576635409,0,normal
6.084736897207906,1238.5527543110154,212.44782000532385,9,0,2411.949875596364,869.9167007390299,-1.2593056903927675,0,2,2,-4.019772419497048,1.504905583043403,-0.7232330110623766,1.005391563013582,-2.217252785006931,1,normal
5.755480476062379,135.12961193303403,12.906094165506667,6,0,577.1951962783577,179.39683452587997,-1.6165549019493133,1,2,0,-1.925376756587127,2.735691283534893,0.0929948611433628,-0.0568731476725656,-1.0372633353329148,1,normal
0.3922613464712345,217.5337610563196,546.4014968356684,0,6,266.7524647007136,182.1486620628941,-2.440947450104188,2,0,5,0.3570794177244267,-1.145350679765902,-0.3070001262536126,0.371819044311217,-0.6268183437955682,0,normal
8.211627832601277,883.2951927283883,76.47037917242861,6,0,328.7379526184266,435.1606643698341,0.0088159018491342,1,0,1,-3.792092642483895,1.2781103707337167,0.8227882282866441,-0.1569579203743119,-0.394500731802974,0,normal
2.6347717519751286,716.0938365229589,366.441638944301,0,6,201.15920314720137,1492.306479650986,0.0527106455107422,3,0,1,-0.8844027516212087,-2.161100347135913,0.5537542880734657,0.8073776038600493,-1.0748678258250757,1,normal
7.79293852011916,130.34686137739448,329.7720188404861,0,9,389.0784469158639,273.66313267722177,0.4421996531442496,0,1,2,-4.89001783379004,2.3586028459850104,-1.0153490620477603,-0.1739169092271204,-1.2005567177795289,1,normal
2.4227167922422748,318.0532181147332,53.53217846310287,3,0,862.3526282504569,1737.917613885258,0.5355159834742031,2,2,3,-1.5153352003390097,2.8645703117967107,-2.332809157417873,0.796943956165248,-0.3641116066174479,1,normal
1.5368304209984027,1187.5937267136392,22.227173385587346,9,0,3020.854561574025,1573.396594328898,2.5427375262736094,0,1,0,-0.1464857480728796,0.3876539037258015,1.918952846015136,1.033020430657612,0.245177046783177,0,ddos
0.0654548578294028,522.890941387949,207.29143802119484,9,0,1104.2628369129995,133.43216299275312,-2.564840967362408,1,2,0,-1.3406512026057509,2.566705713099673,0.4885038743547361,0.2941775815327532,0.6402901712692374,1,normal
0.3253196723672001,881.9427351585232,197.75350378045317,9,6,3050.8809918902293,721.5072932336809,2.855266942070651,3,0,3,1.366731408335478,3.372400514600544,1.4440116375178622,0.1705789736593495,-1.7844935914301814,1,normal
3.9739053326127705,138.7058433010987,70.71434266065151,0,0,844.918772094155,335.90791732861544,-0.8833169037045105,3,0,0,-1.6053415059445844,-0.2281191129360265,1.7887980113971838,-2.732496256394026,-0.6706912073169058,0,xss
6.682449361656527,24.1998001233561,54.2676182324371,0,21,2158.181308699546,692.7925880297278,1.397939719979948,1,0,5,-1.7299843392423668,0.7926298897162445,2.998695877368543,-2.597698421981145,0.8364827640800973,0,backdoor
0.0503301911723654,354.15933480842085,463.6360517966514,6,6,34.62544435749735,306.17433643758955,-0.6339994494543459,0,1,1,-0.6641391201804601,-1.4695297184444922,2.4061487332913085,0.8153398917674871,-0.2898207941584873,0,injection
1.892236674341201,123.90366968888222,195.5067843891128,0,0,116.72741497638822,162.34521269626234,-0.9636297516829228,2,1,2,-0.2678794493227301,1.5993466466338666,-0.5357747880674562,-1.3274171307623424,-1.8869819294773065,1,normal
3.2883737115416274,423.084435310329,575.7786664518376,3,6,575.737097436255,743.759492573551,0.2578344915458642,1,1,1,0.0680015004545184,-1.125536726071349,0.9288783733730624,0.1449627835976927,0.0962649862670377,0,backdoor
0.729868972285816,132.80006291054713,496.7497882595509,6,6,385.5010503897885,567.4903649527829,1.2667273665338723,5,0,0,-1.7778468650449204,-1.2706924750440238,-0.2273342737380486,-3.060102073580972,0.1168919326093309,1,scanning
6.510214571100475,1403.529219387521,552.9234571919549,3,0,1145.6863492268767,1011.7936739212404,-4.939112844037995,0,0,1,-1.3683313359332867,1.8013894352947042,2.749831212249678,0.65862955639976,-1.5364376156169943,1,normal
1.4906984769130962,276.6397459430792,255.7725828192004,3,0,1119.932231216259,1334.503480658594,-0.8287857984946325,2,1,0,0.575890439414966,1.167571656699919,1.938836703679304,-2.712365403929734,0.4831280487537886,1,ddos
1.981383685804592,1968.306010997504,130.0410992030637,3,3,183.32629433472812,1048.03031815561,-1.3718291614665767,2,1,5,-1.7573740886667932,2.9421893191862565,1.7101359573690162,-0.5600759313919095,0.0435678959184861,1,dos
8.872400275103507,224.1906105564283,381.1779768012139,0,0,4041.372690892321,1948.1142515755496,-3.612368354630752,4,2,1,-1.2260270993074656,1.352195600227273,-3.3181236913017784,-0.1683702194980405,0.912804051650668,1,normal
1.076174474439069,1615.554209611195,391.3972137429163,9,0,37.47611888262737,789.6817301041721,2.35782386449932,0,0,0,-2.011479416951379,-1.2499913124212123,1.5150349993918766,-0.0357302132787882,-1.926567307493763,0,xss
0.2921864812294066,1625.5351766952645,143.00115401536675,3,0,672.1272669494009,118.17587180960996,1.8043782708332756,1,1,0,-1.7135875849554691,-1.9110408960334075,2.238883643441066,0.3948038423822188,0.9684903897265326,0,backdoor
4.7004194194272575,1292.3680371938342,744.795734032115,6,0,1055.9447632408535,2212.836765164719,2.859216261069041,0,1,2,3.7857951557772953,0.555778671855994,-1.4565982072271322,-1.2216844654322767,1.1843698093730357,1,normal
11.578660492285737,2357.0776119114435,693.4194598011463,0,12,757.2796698477596,1650.8486658660831,0.2427744900287913,0,0,3,-4.262789070796354,3.219792529024251,2.267423524862109,-0.6104998658195628,0.6655554465137248,0,scanning
0.4134235610484827,319.08591024140463,310.2166409586776,6,3,1459.2682852594107,1054.2178979877715,0.8641429076872258,3,1,2,1.3433037464162696,-0.4613786928084118,0.2924281480099037,-3.1915040504661847,-0.2260506067745722,1,normal
0.6566573669980368,1116.8701242778964,234.28221532980308,3,3,606.147148466111,987.7947284628112,-0.0642063602625122,0,1,2,-2.8475824075001155,-0.9138323780230692,1.8350893244704447,-0.4301989209921218,1.709223594286177,1,normal
1.1950142296337931,1312.4542346628862,33.31578708444894,3,3,609.3719146532418,2187.016304643299,0.6256733558755504,0,0,3,-0.0889839494975297,-0.797795085104605,3.030431247033821,1.1854123444369775,-0.4661691308355635,1,normal
6.906878058258901,145.185859697927,697.1720009445245,0,9,668.3713636581194,1117.3614703112075,0.7292779858936067,0,1,1,-3.529636761723133,-0.1647486255780188,0.5157007363997922,-0.6531787047020395,0.3656489906976402,1,normal
4.426683713185169,123.3591777831371,29.83714468352636,6,0,514.6914856824554,1001.9825639932136,-1.7804194999109235,3,1,2,-1.5225610038786628,2.183467427228816,0.1144634268213113,1.2805468791095544,0.3056474798408126,1,normal
7.814578794333551,1121.1679130510754,749.3135377597627,6,0,2785.589899869377,454.9801536672073,3.645884277695664,0,1,0,2.456201347682888,2.741337423021667,1.6975732396813006,-0.0374262216985552,-0.9753870576201582,1,normal
4.1292310038113005,699.4055377258186,433.84260932805535,6,0,1758.559963445712,615.0877811532863,0.7196693724593155,1,0,3,-1.4679228551093226,2.295980366325666,1.5118368256517216,-0.8627752219022287,-0.5015322143243672,0,password
2.4830654856375274,943.2832523127244,68.80891000880065,3,3,893.3025308858726,473.1235370944447,-0.450929579070861,0,1,0,-1.5487492784288,1.852855053840176,0.0035011233090491,1.7223613004905451,0.704484719426741,1,normal
3.7584074387724535,876.3226246256817,1169.7415208969635,0,9,1320.7774360628478,1423.8856776841185,-2.538079800274514,3,1,1,-0.7650010397650955,-2.2639718298167573,0.1962507608130836,0.9709150597901612,1.4395488238615468,1,normal
1.1740192377217895,84.7685857626681,152.72258105576353,3,3,525.6721483045603,798.4218399691794,-1.3187823301576536,0,1,1,-0.5374460122539577,-1.3717141439194878,1.7157103360857169,0.6168666741394536,0.1729814785379958,0,xss
1.449266194997779,339.2640839308787,222.6808129526742,6,0,261.2876227641252,404.3612804824879,0.5301239656662304,0,1,0,0.2859225759463009,-0.0567275080117559,1.821351252015616,1.3540199039630123,-0.2028423101578142,0,injection
9.48156787981789,151.68317533661445,7.598430726697023,0,0,1669.4251339731309,258.4552066770572,-0.9201362602739585,1,2,1,-1.3394578007015687,-1.5382794762364425,-0.0647626634016338,-0.0169849715488163,0.0367266000004427,0,dos
6.819418365984683,1255.7611671012942,287.80496919643286,0,9,668.5648680339038,245.9227146907023,-3.4098538806801253,1,1,3,0.4030075796441932,-1.753701800685773,-0.3871534829047136,2.29973971071642,0.9683108296606592,1,normal
3.899392441305505,1957.822384196223,275.51147038624293,6,0,3400.094967935548,2025.8673656942085,-1.5359556048812502,0,1,0,-1.8174256775193236,1.541936009743648,-1.7329086354352363,3.8508643993077,-0.4240065435540424,1,normal
2.8979004774918664,524.967209726108,411.4986329764313,9,9,2215.7915219018746,290.4061515359941,-3.288256148485555,1,0,0,-1.0196274680156727,3.805612943148626,3.138183385406033,-1.5849384558865525,-2.0970329148601463,0,scanning
1.878233284869496,1491.1281298843328,182.74507042466988,0,0,378.9361608545693,2058.572929345169,1.767077101722862,3,2,4,1.2477591418729708,0.5355631640454608,-1.0246826576767487,-1.853372741520814,0.8200881115515747,1,normal
10.680129246617652,1087.708327978613,56.95295060909447,0,0,1151.627361118346,1205.279546492697,0.823109630011712,0,1,5,-0.6534241745395873,-1.662016788694531,3.700065513960253,0.854062294322848,-0.1975238942964102,1,injection
2.096701519506297,825.5893044129845,83.39947827470394,0,3,605.1535491242788,1570.1091073636774,2.790850702036753,0,1,3,0.3933636423467106,-0.3513223389285589,2.7408880917412644,2.48871056484636,-0.7994044375757136,0,normal
2.2667829739422207,46.752712090828766,0.9449914242260034,6,6,617.9297754441343,331.34410132845915,-2.551767225146364,3,0,5,-1.2720998516956177,1.7131865335107903,0.2945366262610633,0.4256893688151093,-3.072159135589621,0,normal
7.852455242678427,53.44216651004852,438.6309896299718,0,0,241.60224264529003,200.17219023644137,1.631350833464352,0,1,0,-1.6586877607196078,0.5888779157880959,0.8094613580492758,1.7522987334815183,0.6922151252288801,0,password
1.744746369719227,206.60035138212885,202.29774778990463,0,0,96.21103314966268,1364.9645723717142,1.7244323944284157,0,1,1,-2.5626603671845847,4.691238981107994,-1.2675719734136148,1.6213917840307186,-1.7525964280095765,1,normal
1.2911169847429345,178.5415802168108,265.53930809746896,12,6,2387.2867605180368,1041.775864063181,-0.1375535052122736,1,2,6,-0.6607136148875596,2.3937087660199494,2.778049495382527,1.713881713974844,0.2929167150371443,1,normal
2.264115165557301,267.25574591014515,110.22780083361832,0,3,450.0859902082144,1557.717294695915,-0.936324230821674,0,0,0,-0.8842842927208726,2.435920423001642,1.2884930033254,1.926914604884274,0.513780073775689,0,password
3.3511992558867125,1066.9841388756424,903.8534827641272,3,3,1265.3446887951611,861.3573144770098,-3.5697360637767748,0,2,3,0.2901257224561422,-3.0198629252400675,-1.8281439641672796,2.3564188739004264,0.1364753176765017,0,normal
6.83314936027771,747.0776534945401,273.9869692082173,0,0,311.1582782429415,2727.664786661267,4.83867949378233,2,1,0,2.555616127819407,1.3280072290862075,1.8465428720694412,-0.218045750296022,0.0910063523819221,1,normal
0.0149061394944572,1389.5603413156232,196.7957637332803,6,3,1128.7926393065063,808.9336015302895,0.1026687168829878,1,1,1,-2.3806212590610167,0.7911864198700518,-1.4286539535189493,2.629480086581875,0.6520363005534658,0,normal
10.04262403825311,803.349630140556,194.72621286590388,9,3,356.45607032398004,1693.132362370846,-2.0827418933731976,0,0,1,-0.9539465459948996,1.5354859261518898,1.3874238411244413,-0.7418049609147297,-0.318492457696076,0,scanning
5.021013042638592,528.5924044894604,42.22482310367131,6,0,2082.8461164382798,354.4714491402443,3.1767139513728324,1,1,0,0.8113363991588778,2.214254481594772,2.800919867170101,0.8925792236719572,0.0491664888468847,1,normal
5.401297486825968,856.1369575053136,2.848670612261108,3,0,1646.9769871527774,555.8345663569473,-1.1242718169399646,4,1,0,2.0781708237465004,3.280556146382628,-2.598315584152393,-1.428143247538795,2.910828870061429,0,normal
6.830241544723871,204.617675525557,659.9730975604489,6,0,1280.4108008407431,365.3736517113435,1.059439012419137,1,1,3,5.36995123800601,4.418933822180133,-0.7809782459554206,0.0407947758145805,0.7084261124477438,1,normal
4.3165547526213714,1009.107577751482,183.02604586639305,15,0,2136.9443190401216,1200.0201919034669,1.9223911295492089,1,2,5,0.7250110329709214,-0.2755877069702357,-0.1998551597926909,0.3599606005833881,-0.4549427868557189,0,ddos
5.718797930108445,640.1611866792656,143.434109830459,0,0,37.60749628278887,2606.208576988051,4.069687222029226,2,1,7,1.5113152780902757,1.3742766889456668,1.2745168466276715,-0.1838220376029566,0.0465655667070786,0,normal
11.14840151192526,501.2705711589518,222.97979577797184,0,0,770.8728708488053,1820.88385140155,2.8675697588731413,3,0,5,0.8320307128860992,1.5110889022274718,1.0210386922390056,-1.2113210994093655,0.107036890324752,1,normal
7.513133593421488,487.01109564997336,594.9916872525972,3,0,940.6813268998328,551.7086291602163,0.5357472628738685,2,0,1,-2.01395495589115,-1.2860481251353515,3.850675083099605,3.692095384423484,-0.681601288443783,0,injection
3.6708455275644942,927.5910783774344,447.48373343492347,12,3,5025.9392037730495,648.9348571802477,-2.0607060122696472,4,2,2,1.743682013641782,10.931628691906056,0.5494014800116764,-3.750913490357842,0.2331158065014571,0,normal
2.873705115372145,632.7527989339303,1083.2790131004965,9,0,2119.000123745918,359.0635672954268,2.8058565408148244,2,1,0,1.8085159678381677,3.824032579342063,1.5851427863267455,-0.8224719642239118,0.0761257525427836,1,normal
7.1379722764546365,1031.110417841986,557.2857372992906,3,0,31.30776774175956,888.7448361228197,-1.737088290991491,2,0,3,0.5981778835467866,-1.6128198184135911,0.9856750814952449,1.65912636316893,0.8731187460320229,0,ddos
5.979051656377095,1184.4480794404838,100.93798843148991,6,0,426.0341501545118,916.4083479775416,-2.6583390796294672,1,0,0,0.4085604777958689,-1.903364917503662,1.7760729433000804,-1.2679562516527505,1.4760255647748657,1,normal
2.9587358728639863,856.6983506089804,804.7062425089961,0,6,1207.325931326728,478.23995788173113,1.53023732896896,1,2,1,-0.6828363616641097,0.6462304275412136,1.4287657911444511,1.688603714169806,-0.2175445856614232,0,password
3.257945318263948,1172.7189066427156,357.8904087064219,3,6,999.1079902109224,949.3850931951474,-1.864258723305103,1,0,4,-1.8474025640379332,2.286911173638323,-1.3361364376928109,0.651074784621037,-0.3329052438561669,1,normal
4.834139521747609,811.3995205806804,733.7314669261932,3,0,2810.069521293096,1586.4059789167711,-3.4598760133153377,2,2,1,-0.7965268436703306,1.7916012884249026,-1.4373912759877028,0.8760824716749507,1.9982813636241672,0,normal
4.262187883576075,317.7624337161316,109.23667844138228,0,0,833.3299571169887,1769.7993055923716,2.620927839047681,0,0,2,3.251575521399099,-1.651831400697571,-0.215009773383758,-2.498221248805817,-1.9287984293805664,1,backdoor
4.001589317485284,1188.597836022158,415.31072086770513,6,0,1090.4545602393289,911.229289262644,-1.6614479661865318,1,2,3,-1.0957524927685038,-1.5966817356297798,3.541827937397241,0.171931536932445,-0.714422902283796,0,ddos
5.021099530119675,1371.3087606099682,1180.1252639108343,9,0,1177.1650208088472,1736.9179392092683,-0.7245978066518126,0,0,3,-1.5574279077494118,2.0963861045617533,3.4063112756914515,-3.222386029138847,-0.2897794584918425,1,normal
8.253197023736146,601.7524290026303,490.5374125876985,9,0,304.51260748598696,2462.3543527533025,3.8773581582395904,2,0,6,-3.589190417111402,-1.3297349336332418,-2.741804678436065,-4.054157437162745,1.6638806650017672,0,normal
3.857516718464635,1695.0792129488216,524.7496989684017,0,0,838.1029383807892,527.262952498192,0.7930054887558251,3,1,1,-0.6476410200661058,-2.2990836177611467,-1.8719165663971544,-1.1806527376393685,-0.8545744521009125,0,password
0.1765028628882458,1318.2537251539954,1596.2717679079608,6,9,248.62899689901096,82.9821128085122,-2.234138502536373,0,1,4,-0.7166358727542097,-0.4822314515651902,0.5325405239190364,1.8252723036082636,-0.468589763504267,0,normal
5.999845217759768,614.2532204738197,167.7684742164595,3,0,585.5376231912138,1649.2458482450886,1.966247404647924,1,2,4,1.829713249346386,-0.907993191183645,-1.5420397847782017,-0.1403630499836206,-0.7100542880573936,1,normal
9.1618838198729,566.3411831416447,194.70454158218223,6,0,1037.7899376511866,81.45808061672058,2.535296851631613,2,2,1,3.590553935165113,4.669897550001112,-1.3666315773241668,0.0482786913466322,0.7487488230985202,1,normal
8.681183831841183,723.4916369151476,425.7658628253242,0,6,89.70642344054163,403.4200180240893,-2.257880036659521,1,0,3,-0.0661585998217331,0.8409678059176333,-0.8930868205293538,1.0690889073412848,-0.1428799312754133,0,normal
8.058414893562901,1526.094661807205,35.94123226463543,0,9,971.9568049982267,1247.1494749212927,-0.1931118694213189,1,1,1,-2.19830495320699,2.3456804984174884,0.5644865093451993,-1.416386991234262,-0.0530805207176468,1,backdoor
3.5551294531791013,441.35779469338496,103.38919983802435,3,3,331.93986731772645,1248.3801403655511,4.86506463047258,1,0,3,1.6011959703911551,-0.114814763405812,1.695612848568188,2.37616678200592,-0.0204464479830837,1,normal
4.209152773509013,152.20148689645407,513.7366036748389,0,0,34.846536637680146,613.6379298112752,1.7885073897092203,0,1,1,4.84562090378066,2.9841049438297667,1.163547845363813,1.9785367706638133,1.652920382837628,1,normal
5.739997948105227,178.4527216798284,189.25592634905237,3,6,62.13398889916581,964.7467102944188,0.0349934042671136,0,0,5,2.069390612695118,0.9295381237840964,-0.7252868133426615,2.64053509982531,-0.4208988353402869,0,normal
6.669756876231582,1046.4971521496357,179.39375335357553,3,0,986.303951723952,2391.4313352030517,5.135407179061516,0,1,4,3.63155138797275,-0.0365363547433967,0.0566719109914497,0.5258504796536746,-1.82333960898518,1,normal
8.350197423079047,2152.034464000521,345.03612360991224,3,12,3633.599276174441,314.40685687781433,-5.673406807964025,2,2,1,-4.105693492545216,-3.383215759232433,4.008355522534876,3.0201811705343733,-0.2573340757876257,1,normal
4.068260935937019,1177.0757422164409,282.0691952658641,3,0,2775.656817924694,243.02727208778376,-2.0245141121643675,1,2,3,1.070764684276199,-5.305363449185398,1.8460825037924888,0.6143225656727036,0.5542759604118628,1,normal
5.942766463927645,763.4329531869274,525.9585417972428,3,6,909.0042789121724,1035.828555075314,0.5623573541211713,0,0,1,1.6882048426694125,0.7653782833893827,-0.8354535390008955,0.3824910795371269,1.0302666196799175,1,normal
2.529972655388917,208.8390842102591,122.20849449988904,3,6,270.10035542894366,570.6314089270049,1.4458301126037911,0,0,0,2.822437228213324,-1.673521755058012,0.9766786136445564,2.846234586476247,1.7612204654726449,1,normal
5.678869393901028,805.8660298950101,122.97762323185592,3,0,703.9554614300371,789.7824370858062,0.7449019077531012,2,1,4,-1.6342947464394764,3.167687115628887,-1.126916543689322,1.6330172808891923,-1.0524757403718787,1,normal
2.1334370462382157,1021.201650221154,297.10415841903153,3,3,2528.763345438263,155.16659489269762,1.7860163697241378,0,1,1,1.8598610605725048,3.44606436184515,3.251866111576988,1.2570709921075318,0.1475581615154161,1,normal
4.256847754039399,833.7637676597468,207.95644775910145,9,3,2342.1205105073573,406.2802416480625,-2.449204020128666,2,2,1,-2.8097781664180523,-1.6508221552717968,-0.130066070816569,0.2039411815654839,0.3617848745298602,0,normal
1.3380589090404005,465.801524873872,454.817642802974,0,9,925.9040963679043,2126.866978146106,3.159673869889479,0,2,1,0.2112142997296855,-0.5373458733454288,1.6454485317724,0.1520161710499792,-0.5860702871361427,1,dos
1.2024423396987856,1425.909081609662,251.12693830260747,0,0,3724.3240285617376,916.6159869131178,1.086949256688314,1,2,2,0.2964613458210454,-3.344055028898084,-3.397125506488133,0.8416334699755403,-0.5104688255853073,0,backdoor
3.007471686081603,1309.3552994476522,62.09447325533353,6,9,1829.5305882764744,1179.9536760073088,-0.2440927193770077,2,0,3,-4.177912911570698,-4.202961169499393,0.9613131772545612,2.222391799057463,-0.8760113298842706,0,normal
1.0078420247648203,324.6772630115132,694.1565697772056,9,3,1842.2744804570243,175.30164280721743,2.994517093054731,2,0,2,2.334333884486293,3.6152960955144495,-0.2334520401012165,-0.0048697138415916,-0.6377223169906732,1,normal
12.21211919018308,421.9221419955682,156.06262380148948,9,3,68.21165956846775,31.65113342881768,-2.3311722049458408,3,1,3,-1.4648062478342962,0.9727591387457568,-0.3557128326302469,0.0836920140117751,-1.0577160697138264,1,normal
6.204261973967827,384.5656294817791,575.515779408878,6,0,1874.649310069027,1517.3969848486709,0.0034136282730827,1,1,6,0.9245128049114704,1.3763778238743836,2.781822786175548,3.5676360996968226,0.0337050483900015,1,normal
7.846109790725892,168.49020540555597,159.74248888810544,9,6,1626.5427152887564,322.1254819926054,0.9919995113227802,3,0,6,-0.2948032572598302,0.2776991681164906,0.4414450249772649,-0.194280459815108,-0.4599601148195332,0,dos
0.677653642692556,2064.815171340693,65.69538724425837,9,0,3477.620928283956,1743.7380304250955,-2.366748455290235,0,0,1,-2.2652344099771176,2.668836469928398,-0.3032034864665096,2.6259730334774773,1.5216918066451308,1,normal
3.764872400780548,1155.1706593253837,126.52458932072066,0,9,63.51622059109737,1188.6943495108585,-1.0550101963898686,1,1,0,-3.831029753711257,-0.9769738714356117,3.74448530364167,1.030770204188017,-0.4505837603664102,1,normal
2.984686243797664,92.98311019544292,389.7747959755987,0,0,3814.302953019925,1628.6071220527565,-4.149316928643834,3,1,1,-0.0135229939775591,0.481294683735274,-3.4360747268285907,-0.909685122660182,0.1907085869662202,1,normal
2.8206737370339905,1151.9578134377718,154.0989579594394,6,6,127.50617516700636,2224.152665554868,0.7587683440887265,1,0,2,1.030567304398763,-0.2865204348145445,-0.2160606184699809,0.1452191340221456,-0.2081031501584081,0,normal
4.303921494539655,790.748951890156,240.81577213034925,6,0,2228.426495253016,1839.034376167729,-0.4759207063547519,2,1,0,1.1731500363264746,2.7576658466790582,3.024963212205251,-4.13770864015034,-0.5652038305749664,0,normal
9.36065499156562,100.51975581863049,64.72247855858481,0,0,1741.8929311938236,210.77579993206737,1.128126304181108,0,0,2,-1.858823956453325,1.8610424517317377,0.1933409372158288,-0.8329611763790625,-0.0061170581451733,0,normal
7.76085623119147,1536.306853247053,808.8397241114538,3,3,959.7746604281292,55.95338736818567,-1.4705760918914077,1,0,3,1.3148082098331912,-0.1419804466029188,0.5287382354585675,2.100903916783845,0.4541747710064832,1,normal
5.456803467392618,2089.013377303429,231.2443497030815,3,3,1419.279108420907,214.4028714268268,5.2376249254183085,0,0,4,-2.792815012986618,-0.0768629515834133,-0.7335395652805625,1.3497152345016918,0.0438253603065476,0,dos
0.7455968452486851,871.9108787078121,381.0127250641417,0,0,141.48076544528556,530.8071148709373,1.1534008988425803,0,1,0,2.354763657519156,-0.2801857200882065,-0.9050606161802516,1.1297216011069082,0.673303652487899,1,normal
2.1396196149748112,402.6008078092565,14.375118913523286,3,6,457.7221255440716,878.2652999162792,-0.7893084528071053,1,1,1,-1.6375320623114658,1.701049236865796,1.9939728698781565,-1.822186949667294,0.2179151027433658,1,normal
6.359581543961196,994.5115911231272,458.2061116380237,0,3,1435.5600291148555,186.08572071724996,-2.486977630150843,2,0,0,-0.448352288549579,0.0274800342424919,1.939297498410656,0.354841076180544,-0.3978574128141987,1,normal
0.151370299468051,282.8786039158353,1316.9047150612737,3,0,85.17238729959432,974.803378773282,-0.9546754376512304,1,0,1,-2.1173598213059086,-0.1568978155812217,2.363269866809225,1.4000702958735065,-0.4911061138970562,0,scanning
1.5388431702666503,82.61538583511674,468.34473726595786,0,0,24.086795869951853,212.35012951419637,0.7887873797210219,0,0,1,3.002888574021301,0.6736541355118957,-0.8358001604593637,1.8826042683974669,0.9705775796578104,1,normal
1.6768750010326814,434.5143460798766,405.00936900123867,0,6,706.7247528223579,1702.475359692699,0.7537511978662894,4,1,2,0.4222349208059619,-1.6336440141085664,-0.8360319296963101,0.0211741759590737,-0.0088479519361368,1,normal
1.0072288312835431,1163.607897742205,129.75083953952938,0,6,114.87897167262668,923.0152271919076,-2.696680100060876,1,1,0,-1.115006178090426,-1.2068046109390935,1.929265183247329,1.177633967720687,-0.6675584203212832,1,normal
2.45198962821373,867.9136810514,214.6185813980055,6,3,2128.293774686426,2157.813689413582,-1.45121993340724,1,1,1,-1.987173308722068,3.0990521563621183,-1.7999467579813762,2.216164217149605,-1.743303856114561,1,normal
4.346221363972993,1252.0904748776736,64.5666964993074,6,12,916.4739435537653,3012.494578925662,0.8080784407445158,2,0,3,-4.965289628191263,-1.5348718026302743,3.0947547867913188,-1.3940039801453026,-0.0706825305058205,1,normal
1.4694447251247489,500.43828410469496,500.4586976521107,0,9,1266.4648338567508,491.3809719413981,0.4073059350189369,1,0,6,-0.6558590019536551,2.996330185690625,0.2047745350448344,2.118241152204692,1.522826042061436,1,normal
9.343112235265782,940.0175796484982,123.04556902377482,0,3,2779.508026339775,1214.934304410273,-0.53937423263386,1,0,2,2.130163554723948,-4.1524351705792535,-0.1283895804583406,2.9261808193055785,0.7204806948565838,0,ddos
3.2089506220623782,1189.1622498810057,5.059839823841681,0,9,1275.9658072459497,322.2205106813479,-0.6526688464636337,1,0,1,-6.099562147166706,1.0205258709544909,1.5297404971424609,0.8965603107016513,0.489042383274209,1,normal
8.056441043273155,569.3017144093004,1161.1400354509988,9,0,1849.8658589569463,26.27543614179021,1.190181800245528,3,0,1,0.4067017389788695,3.6161659694188586,1.6863301465393414,-0.1937974420648018,0.1311000929436135,1,normal
2.753936629743332,547.3222292573516,222.28392710318724,3,3,452.6311282611204,419.5252575631899,0.3618979562395843,0,0,1,-1.9689268346451,1.9308361299590464,-1.3297929344665105,1.3611472072833557,0.2873508110988413,1,normal
1.3418149902929275,1887.209640799746,529.858480824726,9,3,304.5447416340752,92.68723666303406,1.0819034525197162,1,1,2,-1.407238136048805,0.0434417934361779,0.3641190313929312,-0.1022714360581591,0.9320883331569054,0,injection
8.683482468905009,351.97888209193707,203.73764513921532,3,6,3501.046047975909,1058.0683836874534,-0.8082720097962741,2,1,6,-1.7057084065039754,6.368186384641419,1.7046058529790833,-2.809116073507033,0.5281836789594103,1,normal
1.182616502346158,844.7121196102053,344.41933529368094,9,6,176.58890979931323,586.5958490553669,-1.621496669323404,1,0,4,-1.89302822804068,3.206922121017084,-0.3816370816034706,1.5342942105058084,0.0962652066455801,0,normal
4.261117372838346,348.8685591869818,242.08132184107595,6,12,1519.348998802947,2965.953167680486,-3.4291178633701263,2,2,6,1.7831097919398613,1.0008949891206542,0.8325883275660543,5.259902676627849,1.5397744582797412,1,normal
6.719406961356553,694.5710486017788,407.27792701149286,0,6,237.6947389306725,117.75099765648204,-3.5789000980610446,2,2,3,-0.3215069256809622,1.07512134722495,2.956441979410138,0.2152864365367326,2.017062703703227,1,normal
0.5592806461238011,2124.801842454654,71.42078372439748,0,3,2147.984477595188,1073.5992880764925,-1.1494277796904322,0,1,0,-0.2490310760608121,-2.4617339610243434,3.747553790150709,-2.154087790067277,0.0901780920444558,0,normal
1.6490191638192122,630.72227852453,573.4242214666665,3,9,3301.961986052953,1696.0633165640415,0.700838488347989,1,1,5,-2.3664928993587564,5.483385823119433,-0.106682005394298,-3.534343326781852,-0.8539941644856568,1,normal
1.146877856283138,1081.1773342299025,91.90313876653242,12,0,416.9210536407993,684.57838266777,-0.9413139716061288,5,0,3,-3.5893785168250387,0.879003933552424,-1.2729552800666075,1.1693384394641748,-0.8720527774071817,1,normal
3.7211115782373354,1027.5831223635248,254.0771770741179,12,3,2341.1912492067117,1172.5601034960964,-1.408993701210944,0,0,6,0.4221195657791667,3.0905006563590867,4.108661226361222,2.7326721104575835,0.2298491652835747,0,normal
2.031588178783224,498.8532873199233,35.83000693541212,6,6,1253.719886422911,324.22467442141374,-1.62076847260434,3,0,6,0.0350419503491998,3.6016142454930504,1.036883761969979,-1.5662601833025742,1.4403320757054856,1,normal
1.4018225150450438,9.042655650700391,252.9696377674824,6,9,4101.444988841858,702.1080399756923,-2.249306961751196,2,0,5,0.1740014453123424,0.8947534056636204,-1.9719913920020775,-0.8571087270485759,-0.4842245503994647,0,scanning
2.434229463760271,330.67926836498407,101.30852533661005,6,3,2323.17644091296,614.1771612108629,0.0863592792972289,1,1,6,-0.4904461792561021,2.648165187899353,1.519799268952252,-0.499456407839653,1.2998462434988645,1,ddos
2.353894539038911,954.5208029568432,1.64422999274828,12,6,2178.616784093865,44.48621350749498,2.4396329167384345,3,0,4,3.3530247827272106,-0.9943777407081402,2.322895331956142,2.3008787137546003,-2.410897562119137,0,dos
5.752984668537012,1209.7668214431026,155.6198279424037,3,12,1621.278933568505,861.9778930682403,-1.94187252598301,0,0,1,-3.0324451539342565,-2.745198857278436,3.702024481098328,1.2799887982738465,0.0922935470189436,1,normal
4.191664071675234,556.0981652866017,336.90899032293134,6,6,1880.8775976487275,2606.885712890893,0.7081779807270396,4,1,2,-0.6852367925596068,0.1978676753866162,-2.118252054924528,1.4490763744328008,1.0713017153476705,1,backdoor
4.010657521610181,657.8091835820801,435.2103071886364,0,3,4016.268625404271,1751.5919409651044,0.7028622111826377,0,0,3,0.5999334157884513,-0.2819862294017012,-2.786057629908212,4.028104262941976,0.3907691320125336,1,normal
0.6265730862367895,355.7265809543475,884.5695840104607,0,3,686.964448485553,649.5064710462101,-0.4983703691813713,0,0,1,-1.1605553893479563,0.8334097192713346,0.082956052368871,-0.7805860655341079,0.7631623866765943,1,normal
5.043506604182072,2818.0047730383662,129.63678899304824,6,3,5813.666965627238,2831.670606467801,4.349896835886563,0,0,0,0.3991720939855274,2.0426390395906457,0.0488976465702668,-4.501611866730389,0.1887964722872245,0,xss
2.7727808751038365,1329.9905477613092,626.4749054234773,6,0,1209.9399120509486,1248.1478014011627,1.7994371983131978,1,2,3,-1.0329208832197592,-1.0383624543270036,3.6027621006695085,0.943880802092474,0.8958964245538024,1,normal
2.8826529888020627,1227.2433984363497,181.85399760410465,3,0,2154.0408585813457,675.5791576668043,-0.6598945261579525,1,0,1,1.5349787451045414,1.890929099392571,3.124789736467828,0.7177600122802557,-0.7834254159124706,0,normal
2.1334370462382157,1021.201650221154,297.10415841903153,3,3,2528.763345438263,155.16659489269762,1.7860163697241378,0,1,1,1.8598610605725048,3.44606436184515,3.251866111576988,1.2570709921075318,0.1475581615154161,1,normal
6.460437732927962,756.2032613792509,191.1771518152493,0,9,253.7282157466131,1089.710441650393,-0.4961310806406193,0,1,0,-4.584249378287675,0.3522704307896094,1.951056578288879,-0.2714185462810575,1.5102511936118073,1,normal
1.622250466947588,217.2428033221071,182.99270891818915,3,12,115.14848716573832,1026.5138871401557,2.370956220476383,0,0,3,1.1229281619309632,-1.2002600669035952,0.6792627730256153,0.5460441912839853,-0.2090422196565784,0,xss
1.4309222290266008,1274.4256088196812,237.33820643685067,0,0,1294.486091987661,667.2969804539476,-0.3766981851916433,0,0,0,1.214119320968463,0.2651944463279613,1.60065086642523,0.750061445272634,0.682565303486003,1,normal
7.01275598640248,540.613516219483,90.60720042472012,3,12,255.3031043771329,172.58912173717852,0.1199666939145391,1,2,4,-2.879055980420833,0.7587398587648615,-0.7121965329809679,0.4339855812348472,0.2160921937473424,1,normal
4.01337460892295,1528.5532217885166,704.8915035900035,9,6,3811.7921698612618,803.4507651869584,-0.3025175534422175,1,2,7,-3.644277157542813,-0.2038627812835822,-0.8180588472464341,2.3958690583534774,0.2609797081552029,1,normal
0.9890902555376074,1343.3703466774807,207.3119056530828,9,3,1548.855615693287,340.3889892406925,-2.4730724090784744,0,0,1,-0.7661234827943961,-0.3886923595054998,0.2148537472283752,-0.0850785060107586,-2.1204728102742187,1,normal
0.3322362407425224,1207.8163384164088,1443.6286591521855,6,12,576.9534062604298,1531.98017108224,2.830359343436491,0,2,0,-0.9113567818367444,-1.0818948144943137,1.5830270952438286,0.7634327774472858,0.5396288646999512,0,backdoor
11.412458519419031,519.9924187254824,118.37098928807784,9,6,2543.2630674818965,837.0654678757035,0.6531738988523823,1,0,0,0.6526409328498235,1.428394869282177,1.2791711278227431,-2.610819303784289,-0.3685169025393867,1,normal
2.1870627723090603,791.4900307960079,373.7208405671767,0,9,1678.3016805511988,2416.3254583419057,1.3528884202775728,4,1,5,-1.4673466660334047,-2.427605150939698,-1.106630326455211,0.6325455984442515,-1.168063002105539,1,normal
6.951571818555725,429.4706731729242,178.17346787538466,9,3,1382.52340399603,176.37871959891012,2.1816934891431883,0,2,0,-0.6553427859428456,1.1209334108478954,-0.7864820548394029,0.6950367665143358,-0.0395374268193145,0,injection
3.377346130498169,1158.3180333179346,281.39928646868907,0,0,4295.2442778704535,505.09135039009504,-0.7919209293286968,0,1,2,4.5942945112569165,-5.277107037978063,-2.461590050182216,3.591198286545386,-0.5060225257998867,0,xss
2.722545948918993,1795.536059924865,766.2204596910337,12,12,3425.7460746941447,914.7275222444008,2.990342717273341,0,2,4,-0.9644196740860684,2.353309591245492,2.029204146204472,-0.820012787242703,-0.2560326415087571,0,password
6.686834931792283,173.87073299303728,548.9983456391728,0,21,2926.957408164116,284.3458658025744,2.320509478221203,2,1,7,-0.0765841137273528,1.001524752841065,3.249601345010864,-4.080584661879753,-1.873393527586249,0,dos
3.234498476736907,1521.9783074305687,310.58545106922986,9,6,54.21938349922705,1908.7579971802888,0.5428528871072611,1,0,0,-4.77053935726969,1.4505607063951182,1.6530799190615415,-1.6131748363738907,0.7583767479398307,0,password
2.208712786313092,1095.6594346608672,61.76513058316663,0,0,725.6475793864578,1245.6298776201093,2.181354077329961,0,0,0,-4.026979224891695,0.1935543197932188,-1.1694932462766945,2.08751057979022,-0.7884289925762397,0,injection
5.6727264817913605,316.38817577164593,284.96221922234486,3,0,179.88435686834896,1020.75145007537,1.7201025605819813,1,2,0,-1.776445215041583,2.3096020046719223,-2.135223961284156,-3.0707033755171254,2.9405785545424097,1,normal
7.794810416031322,1768.496574224432,178.40806017065083,3,0,1419.3616999322055,474.0895174410011,0.1954340522889113,0,0,0,-0.3415527359711177,-1.2676690181577346,-4.100130299070895,-1.218090839620735,-0.5279855149910062,0,scanning
1.7631187358913072,1396.7156829099615,765.7870463311209,6,3,242.84365523179773,373.9868446566706,0.7994569179707013,3,1,1,2.4332620609491267,1.9563392908838644,-2.4804775336497684,-0.1149217249026561,-0.8055676646802135,1,normal
0.4134235610484827,319.08591024140463,310.2166409586776,6,3,1459.2682852594107,1054.2178979877715,0.8641429076872258,3,1,2,1.3433037464162696,-0.4613786928084118,0.2924281480099037,-3.1915040504661847,-0.2260506067745722,1,normal
10.75741350488464,1694.749879146686,486.2730759569053,0,6,449.95079794244646,303.25262165608075,-0.9063630961882788,3,1,1,1.980236942164021,-2.415585814335084,0.8061472940261802,-2.9136016846441124,-0.7969203205728117,0,dos
3.5681017220830347,492.4392760310915,667.0604403936178,3,6,423.4725962377855,2519.617398131898,-0.5916149505149726,1,0,4,-2.0713503382765963,-1.579707444832119,2.272560837721178,-1.7895384593418209,0.1448932174156645,0,scanning
1.0446279777375405,1545.270295139598,400.6241329432038,6,3,3139.4356780792987,837.9375965694006,0.0601753393683082,1,0,0,0.246885245049135,-2.1926890732806665,-1.8206705634425773,4.7065638503056535,-1.3053877416784625,1,normal
1.7658176853282694,1857.2272544664727,377.4016420362422,6,0,546.333845098414,2689.947837754444,3.1469493409863905,1,0,4,-2.408994833467021,8.041822234458513,-0.2369921455428508,6.181706957916579,0.7310295537371451,1,normal
0.3305560405404304,1149.1086931858424,539.1745460255086,12,3,229.16436005150783,1254.9811312674517,-0.2158173405323721,0,0,4,0.7653428586505693,-1.0030753810671529,0.6609483216579787,-1.6168159576212393,-0.905514665932226,0,normal
0.715373475961528,1666.9950913633977,802.4932642333371,3,3,1900.337269500275,1269.3336930652065,-0.994977042481296,0,0,2,-0.1916222916848273,1.5593872687638322,-0.7356090260109689,3.298751761757681,-1.909406126121849,0,normal
5.845113358202633,241.55219880410996,194.7338379683154,6,3,607.550978958684,915.0674154220742,-2.5482851402644933,1,0,1,-0.911471399830872,2.742363915596375,2.3955680932640115,-1.3608456974578296,0.2202712530036054,0,password
2.9039425297921206,807.3700808640657,325.3048369974873,6,3,966.5441431376828,1093.8610652510374,3.3716528247734434,0,0,4,3.782848452586867,3.773334298847392,-1.1739752363934952,2.342452964178158,1.0134136811364725,0,normal
0.1173540797270147,1493.7239580738485,776.8142139778854,3,6,3016.853885210484,481.06310434768005,-2.0023441149813115,4,2,4,5.292965952462191,-5.508293748747175,-0.0956074803013398,-3.074576581312445,0.552229148457047,1,backdoor
3.330928119200112,797.0817003730156,209.3722620926536,3,3,23.112107478141027,2344.9863600221315,2.07108192855061,2,1,4,2.0904974356947728,0.8228024977797916,0.2321344300671541,-0.2418866460730055,0.3680111046440736,1,normal
3.851281075170135,2073.626221725912,459.7610705076432,3,9,4856.920372390098,903.2966332669986,-2.119275845115557,0,0,6,2.352485148992061,-4.525897336234859,-2.4435378829764627,-0.4565237715362464,1.2531267638161163,0,password
4.704879536931741,37.45461283640561,434.86322176270926,0,0,964.3499046371804,644.3760513654441,1.2853296538770878,0,1,1,1.8711818033134568,0.0834844598191981,3.349072993231121,1.6317929707435834,-0.8394124564323002,0,normal
6.939190976860523,494.9211778654004,178.06793870397,6,0,1940.728466327656,116.37199602420046,1.5631965045360616,2,1,1,-1.3527217008615748,-0.3601336888683746,1.4477812377564934,-2.750259740502061,-0.5317360259066465,0,dos
6.208271788474993,961.4481480303054,124.32398001512873,3,3,1443.7283938349574,182.9022771843724,0.1018170529188391,2,1,0,-2.6138239118300968,-2.878122854966501,-0.4493475830156854,0.5178840045786186,-0.6111701112888225,0,backdoor
0.2136573278785707,1236.3663074976407,280.6702960817996,3,0,1140.736103687677,1437.018723385635,0.3842335214108865,0,1,4,-0.925077602014142,-2.6190969860857134,3.0461876070965723,-1.5355709360690897,1.0888313060957997,1,normal
1.935050957513124,149.83788330184677,123.25433651219974,9,3,246.378482713406,971.7177779639064,2.6755025691455225,0,0,3,-1.8589942118615224,1.0694982584538126,-2.077904594960864,0.7111471242581517,-1.6737167274440528,0,ddos
0.857290807231794,986.1595331554128,337.78680119102603,3,0,1630.4044794525282,521.0458451208051,-3.2155515148777614,1,2,0,-0.5975753686901887,1.79568522962175,0.6352559879480002,-0.6558451489150006,0.7743353191157716,1,normal
3.928705882574127,1068.0989309167928,482.7374076244566,0,9,801.9833751068394,763.254824227005,-1.6560303422404172,0,0,6,0.9165061549999168,0.9217729784535028,-1.2529886036215223,1.3063088131457024,-0.3351789783364539,1,normal
5.293044818366381,1428.2259963409035,141.86970449222986,0,0,4645.70240578094,1734.0705032715207,-1.5204945757874309,0,0,2,0.0531589981750277,0.1575794878149774,-2.6437241651303665,2.6130467637862798,-0.1692740821960463,0,normal
2.148081717565876,803.3232959166947,309.1670759857335,0,0,1697.1384281524215,351.9901805043549,0.2971110202777433,0,0,2,-2.0811734004613607,-1.0340111318765597,1.7919310297698423,2.100007767601232,0.0696553100120617,1,xss
2.827516249851605,1758.886366180286,844.8892536625003,6,3,1663.9109888177547,116.30018779760096,0.218844616145692,1,1,0,0.3215937113957565,-2.8553286966868203,-1.094170970199034,1.5006739488580358,-1.4306082013011496,0,scanning
8.705718554522727,1339.0782006499926,424.1768836654255,0,0,773.0335002529105,13.915738082264276,-2.3769981361601147,0,0,1,-0.3174862587568932,1.205682866944934,2.5354706978372463,1.366841820207933,-0.1151646338594739,1,normal
0.4134235610484827,319.08591024140463,310.2166409586776,6,3,1459.2682852594107,1054.2178979877715,0.8641429076872258,3,1,2,1.3433037464162696,-0.4613786928084118,0.2924281480099037,-3.1915040504661847,-0.2260506067745722,1,normal
6.917237054151768,737.1037811797712,141.04676721903587,3,9,1497.1382870517696,1965.3995897060825,-0.9936126277652886,2,2,3,-1.6380825705655842,-3.70861942837926,0.6256391079328312,1.767201250880173,0.2341144716321693,0,normal
7.362081561571243,1235.1696306353792,636.350097052565,0,0,201.8188133760667,104.21930349418916,-1.845077157642785,0,1,1,-0.4105375677116984,0.4757435522563192,2.2760501401632887,1.7412836487387255,0.019702421122864,1,normal
3.8283632492171775,1504.141001019006,12.672229412850095,9,3,2901.4769417648504,489.1493848046625,-1.3959438471205938,0,1,0,-1.406201571388557,-0.0713939785268538,-1.7299069964023066,2.667828728932659,0.5294950634549035,1,normal
11.863726394908118,37.15029543954462,271.93633262292883,0,3,601.4851552320632,2541.252915318209,2.422125234145697,2,0,5,0.1811267999603605,-2.9222968361154398,0.3602388956308731,-1.787855408302813,0.9081029343682184,0,backdoor
0.6993115766077646,1018.2637777339604,431.2685297629739,3,6,1373.0741200820696,355.2589761451818,-1.463225779345298,2,2,0,0.710401612757922,-0.3979580442038275,-1.44032230224257,1.2643671385261812,0.1312457903178883,1,normal
1.9184217092839897,1461.1157663701554,211.80335805114163,9,0,1027.538090659859,1252.724792243009,-5.067572553596994,1,1,1,-0.7394445241857944,1.7657126719548843,2.569284882655252,1.134804871086233,-1.4721498865919929,1,normal
1.6913835685800347,926.4071242098864,81.32895477929007,15,6,366.38949496952256,2279.8976175292505,1.443191337772443,5,2,0,0.4013306677240245,-3.8117067625856063,0.9633078158268285,3.875331573597101,0.2201456707483411,1,password
5.755480476062379,135.12961193303403,12.906094165506667,6,0,577.1951962783577,179.39683452587997,-1.6165549019493133,1,2,0,-1.925376756587127,2.735691283534893,0.0929948611433628,-0.0568731476725656,-1.0372633353329148,1,normal
2.5500406051876645,945.3342808172614,737.0111452147537,0,3,2958.974722883063,1127.9827760612825,-1.0902123054097668,3,0,2,-0.3257676373499862,6.8211086838033,-0.4535633408384734,-1.641200960832693,1.4839781916600476,0,normal
3.5159843239786035,437.91138250959096,350.9192222010667,6,3,1116.3328684813914,1540.5994424985445,-0.3714704273392689,2,1,0,-1.860476314474351,2.6422207133616213,-1.6657101019907403,1.8262840549717605,-0.6815620308032937,1,normal
3.92849249384879,131.31193151894954,155.9407677143661,6,6,1107.4198584247245,1936.2256898904648,-2.192971857507966,0,1,1,1.443794005150984,2.906667373231879,1.6264211947799407,3.645263326980733,-1.4382301469569656,0,normal
8.2742673717378,716.5492334907656,1207.233368913208,3,9,652.0082991173998,745.6033842417493,-2.880498164896485,4,0,6,-1.5992911017420686,-0.5250341547014485,-1.2978975866162872,-2.462215315486331,1.078057436385752,1,normal
13.10664669235795,1231.2516596955484,94.16261184713862,3,0,2174.351789269554,780.3655241789387,0.3338719236625911,0,1,5,2.516848530237763,2.5803838685760683,0.686677930442695,1.3330350026757058,-0.1927124304512948,1,normal
6.7453412731479485,2348.2774174725814,1321.732597399159,3,0,5660.235956135663,933.6922972878726,6.268438023107087,0,1,0,-5.636131301694545,2.6631569613889274,4.834709238337693,-3.5145403905787465,-0.0437574947415779,0,backdoor
7.356024601740866,664.2413810349534,888.8285310005099,15,0,1021.5791694385013,701.7392442071706,0.9069170892057856,1,0,0,-0.5673860451979178,0.2667221294390856,-1.1730314397610129,-0.2118231985762473,0.0034967294924379,0,dos
5.746184135722285,925.5448947923576,267.3255646648426,12,12,1761.0079068115506,349.34190822266004,1.0558754319981685,0,1,3,0.1241159438491439,1.4630912795735138,0.5578924174005575,-2.418264992106788,0.1367396435848262,0,ddos
9.337336927110876,17.742980374085505,77.28842142609838,9,6,2159.5331380801167,902.5216706539508,0.2415510242701144,3,0,0,1.686577446969188,4.007782512142732,-1.550759268357367,-5.487675914924213,-0.5157414484148567,1,normal
1.4358956270544077,809.1274094910991,474.16200130444633,3,6,841.9646314129384,775.9790785672407,-3.749884357325011,4,0,3,3.685292641601076,1.846640788456429,2.9438645089838027,-1.3589166463328146,0.3437119499128536,0,normal
6.814299031822707,480.4380641552439,220.2801214251356,3,3,1176.3946314065347,877.499506084535,-2.5870931041829843,3,0,4,-0.6220495693772162,2.854460458155481,-0.3420030518459076,0.9283138786868468,-0.7184696523989339,1,normal
7.846868567895585,637.7092271097553,175.91817602808925,0,0,962.191937122443,842.4109987011061,-1.2343182034537836,0,1,0,0.16726821922479,0.6544520668687178,0.6619628206096234,0.6535528731080547,-0.5321923603351304,0,password
5.229153403546253,601.333434432644,157.08499934726348,0,6,786.0055746126224,2104.9160582759973,-0.8855928763143961,2,0,0,0.1987553253385654,0.1699599941502316,2.490182992983628,-3.2504599164956325,0.4049261103183311,1,normal
2.826298215791891,15.965183604405798,685.9497646080465,0,15,2322.0853572226997,1668.820975078566,-2.768977380426146,1,0,5,-2.95509966641803,2.847217169591468,0.9344568840641558,-0.7669830744464987,-1.8681326136194083,0,backdoor
5.778984673047262,715.5494709468113,57.71719319461014,0,9,804.9829785394527,1379.7709413634193,2.035749568328666,0,2,2,-1.3706318654160252,-0.4276756207605602,-1.6924500704504315,1.1765176716673509,1.1353325731863817,1,dos
5.229153403546253,601.333434432644,157.08499934726348,0,6,786.0055746126224,2104.9160582759973,-0.8855928763143961,2,0,0,0.1987553253385654,0.1699599941502316,2.490182992983628,-3.2504599164956325,0.4049261103183311,1,normal
5.977934644901696,812.3914635883845,746.2343444218608,0,0,576.3445935488454,892.2564991148038,-1.72836993832373,1,1,1,-0.9083498824530069,0.354193549071654,3.1249055523156795,-2.588385214785673,0.3237497447434688,0,backdoor
0.966810129719732,1115.989950035124,338.613627163222,3,6,859.9602120452712,629.3738018901802,-1.838750434626253,0,0,1,-2.395269537667989,-1.463496391481217,2.420966998875182,0.8293161475551367,1.494179869703837,1,normal
1.2011597793352615,1123.6086888951463,548.2200078802028,12,0,1263.0195674335614,544.7988784160334,-0.6243536101734408,3,0,0,1.3833281842507734,-1.4287218024298285,-2.081764519879949,-1.2269152900089846,-2.1030085708079778,1,xss
0.1831905875027945,330.28480484549493,306.36043765588227,3,0,1355.1212195800256,150.56892856265625,-1.3602344427006083,2,0,3,0.2171191201591069,0.2365821559698632,2.073461855219152,-0.2889425012267845,2.298183475012463,1,password
1.0177937417713137,74.78987816709959,586.8896031189745,3,12,119.70691072550105,424.0208506890874,0.7949992767691787,0,2,2,-4.58582415524912,-0.3250960442337938,0.7324621009481371,1.4840642676595752,1.6774291383647804,1,normal
2.09686723024104,120.06502136996366,219.49630467218927,9,0,2295.3757098079395,1996.7657630629767,3.1204785919000857,0,0,0,-2.1733135884257733,4.073674493985741,-2.846701688446112,-5.180437828758125,1.0931626835326131,1,normal
11.041727403266986,1929.6053789743248,1301.2320312199568,9,0,1314.8988594145935,2047.1033726492187,-2.0572678364655204,1,1,4,-3.373463589229644,5.743575058673935,-0.503406042621376,2.077120067379534,-0.3690420304200199,1,normal
3.592866148548021,820.853336518144,80.87743998557978,3,6,1805.522733643231,920.009880863844,-0.5627336229112901,2,0,2,-0.1976822587987421,-1.0725077239633805,-0.8187801570651803,3.6016455278281203,-1.5219985105082448,1,normal
8.209330783593593,219.80632815070504,710.1817882287609,12,6,1844.764894298596,1047.920126018029,0.5735663642779636,2,2,5,-1.4418732665008995,1.475102781479618,1.6277090049198537,2.197367685821823,1.869894832336002,0,normal
7.559183078654902,426.80458039989145,89.91820070299377,3,3,41.94414585837284,373.7920599846132,2.3261986267576784,0,1,1,-0.2695670734288868,-1.3351525152782129,-1.4015452408547815,-0.7853404472682997,0.8146061486441102,0,scanning
7.369257092445952,913.7966395284049,289.5819065452177,3,9,1325.677564301021,716.9780253446671,-2.3571562717850654,1,2,5,-2.8718538939030687,2.9140003053092087,2.6921372019528875,-0.3303326994660921,-1.862442522214088,0,ddos
4.918552374013874,687.336561165448,31.00471405949118,0,0,456.1267784008984,1303.7351721425748,-0.2540797578480063,0,0,2,-0.3668558394100899,-2.5797531141651344,0.7860781664041954,-1.973475353616544,2.2979678314031187,1,dos
14.077245351161892,30.36203694470685,205.33389182442627,6,3,1367.0117032839134,652.6014383287034,0.0104167917539963,3,1,1,2.8931281785381917,1.155185861897756,-0.7687138705392742,-2.846511182632652,-1.7993282821690837,1,normal
3.053530383307732,458.76791294655885,905.7835290127252,6,0,268.5214146990072,673.8140672156483,1.2682199502742353,0,1,3,-2.9351552072132137,2.5225984901456915,-4.430627946746693,-0.2013373262666489,0.125887658240882,1,normal
5.188509718566979,663.5061050763167,492.35536209089264,3,0,176.33461785018935,452.1909905325461,1.0218496762127325,2,1,1,1.555007721884865,0.5211302671722126,-0.6606277110629277,0.2807285991312619,1.205257014912192,1,normal
0.5862842859463869,1788.1826337392415,344.06241886253264,6,6,893.1750282871551,1006.6523941931003,-0.056815029559061,1,1,1,-3.747501365300651,2.5767277613798467,2.8439684883712326,-2.602088278860295,-0.1146032114417886,0,xss
5.463464517547783,31.800685580362643,651.4702539299755,6,6,1353.0511431027696,2136.483111586829,1.2693908020694025,0,1,6,0.4450301986152235,-4.369126567975212,3.594414041433449,4.136864030924729,0.9004781323323344,1,normal
0.6523047411777871,1167.509489700314,335.25726397871244,0,3,2045.8634870138528,1058.217475236184,-3.90957854081188,1,0,1,-2.268552540607136,1.8140831624701468,1.8282401905572128,1.3566538907542822,2.086912113959184,1,normal
6.348443074824296,386.8229710885085,1390.7742440041245,3,6,1575.3303721373986,245.3903629576684,-1.929292134270829,1,0,3,-0.0211789192364715,-1.009714610407653,-1.9218689465688736,0.7984166024413251,-0.8975746276315741,1,normal
4.626056534583504,650.9917961955292,294.758649359925,6,0,614.537229348305,1923.5139587998065,3.139822101421136,1,2,5,2.1774160833825933,-2.140424672963473,2.068738860768876,3.074361005963881,0.6887032604453666,1,normal
7.77214475402846,430.96547033592327,394.8605250727032,0,0,1046.784673569074,185.45768555093343,0.8237010948045254,0,0,1,-0.2784463573320622,-2.2085617359785736,-2.213621628328447,-0.3852475783957971,-0.7084701504381246,0,password
3.129865755282468,2957.8452067871326,502.4820964253974,9,9,1234.6466025967136,821.7488754073313,5.540860977941424,0,0,5,-4.619791575584689,2.045265981024017,-0.9753154661809889,0.3311276504926705,1.4627791731985398,1,ddos
1.7196000254038049,2066.279664857647,486.9508809525005,3,3,481.94567038519887,2234.979799826253,0.1508470015899374,0,0,1,-3.5691506408731986,3.6228807332131607,1.502921154144819,1.398955059901658,-1.2022833288537882,1,password
0.9112865524672652,173.23494163790997,370.4208387144547,3,0,1965.3054461338224,854.1958445347159,3.052480557527677,1,1,2,3.8824638976809354,3.281815859554614,2.8897537018815083,3.235444397515965,0.835978777068271,1,normal
2.6898556878759017,1455.6446300143568,153.727048595842,6,6,883.361018250971,1590.9622691157808,-2.019877623387404,1,0,0,-2.596128721212012,0.7764998087921577,2.046842649854981,-1.0911119128074689,-0.265525637207131,0,scanning
3.61882762448515,826.2875433773141,640.5792606799005,3,6,1331.9273158342871,489.8971926962771,-3.0290747199614323,4,0,5,2.4539556790539896,-2.037343358658755,-1.5824172270504702,1.8075165283696608,0.1132280728120809,1,normal
3.524460592822252,853.8264399089132,383.7914118499894,0,3,983.1021581028656,579.4403155807164,0.9872005048961212,0,0,1,0.9601334440705044,-2.2259069443163715,-0.535430679158996,0.2842907779642181,1.3895208789424087,1,ddos
7.608320155464931,87.45948661552217,48.89642113482524,0,3,647.1018163789086,1131.0957740382232,0.7953643346920967,2,1,0,1.2099912573776417,-2.393355012678205,-2.262163362609681,-1.952390005118484,0.3302537116536352,1,normal
5.466933439002676,2874.572734827176,257.7974512489346,3,15,2545.4248824323167,2132.5707045176846,-0.2773992861834564,0,1,5,-1.8529214608510052,0.0553387894878818,-0.3659945691705849,-0.6847082592004634,0.223367119563575,0,dos
6.601592009438491,717.3343643395506,372.98379373273616,0,3,226.4191006673984,589.6676957227398,2.5623945740315337,2,0,2,0.4493091119319381,-1.4531498241251708,-3.136171750098049,-1.4287473389407297,-1.1636763595515949,0,dos
6.211181471048367,624.8038032009023,344.8367489135944,3,3,3935.586622781564,1118.22254038952,-2.051746368484599,0,1,2,-0.4718070512886946,0.3828371924208048,-2.283728092789593,1.328128947657797,1.8186871710744896,1,normal
7.204692608442715,87.27145415037019,211.73850398649148,6,6,2116.573510323336,1251.964906925579,2.086871803366946,0,2,2,0.5606923409552571,-0.6289214115091452,-0.8777826054945461,-2.674582786336746,0.3380873748486586,1,backdoor
1.3129490209350148,1080.684557957028,280.5599453573343,6,0,1096.2670068079078,226.02156384079157,-1.5110385371734572,1,1,0,0.5990266124359668,0.5185269202157041,4.568433736135844,1.2738055354412188,1.425410347048126,1,normal
2.8131326365234117,4.824842239823268,440.4901382707585,6,0,1878.4286807435549,290.1860870394255,-2.910373998923875,1,1,0,-3.762391347712276,-0.1974923102927281,-3.039208531873582,-3.1610792988645238,-1.7260834186271397,0,normal
6.89673049411181,322.30024913119445,539.454411938822,9,3,536.5066370743147,1051.1999314224272,-1.0079550666424573,2,1,3,-0.5946115941423195,3.7047323091195983,-1.1744275753545523,0.0380962801124553,0.0091315464765779,1,normal
7.814578794333551,1121.1679130510754,749.3135377597627,6,0,2785.589899869377,454.9801536672073,3.645884277695664,0,1,0,2.456201347682888,2.741337423021667,1.6975732396813006,-0.0374262216985552,-0.9753870576201582,1,normal
2.3038644310257688,1456.3532050428455,1240.7068174128462,3,3,2789.9286141776,178.08661241412557,-0.6131852786665735,2,0,2,2.7758170005890426,-3.862426388251624,-3.087064725853108,-1.5519161589462034,-1.2207816214062706,0,injection
0.665135669396661,1400.6385128934426,1109.4207424693384,0,6,448.0069048470948,454.36518104739696,-1.072786458396724,3,1,1,-2.361072421804816,-0.1412404330892001,1.860204786107513,-2.874202515562798,0.9048420660208396,0,injection
0.4327878675803923,263.24653482223886,50.26080497113833,3,9,1720.9748508663,2355.0394254333783,-0.4436769462900467,0,1,1,-0.7818907905547907,-0.1017803987890086,2.031227090787352,-2.442153288774562,-1.4029517763345385,1,normal
3.1624999484395264,196.5572873060152,193.2473772550336,0,6,1846.3680217986357,723.3681507864677,1.2910751849585036,4,0,1,2.924817682318504,2.3325228623594416,-1.2696433774094926,-5.057041533714195,-0.2739599055298138,1,normal
5.775515405673085,1026.6716003872452,568.9598807292231,3,9,974.7456559064136,83.79835396860746,3.1400244476064803,0,0,3,-0.3569922035750661,0.5457446464838709,-0.6841865251128105,0.7565435380752762,-1.3972604685923058,0,injection
3.9556145769757873,1336.430876185612,399.7573411225846,0,3,2491.793582215094,711.6572387430791,1.577498168170431,0,0,5,3.3955169207614477,5.611110626734129,-2.1026445244944005,-0.8714015309785472,-1.07839334213716,1,normal
5.475806510396741,404.94093271356667,176.35118911987146,3,3,2927.628326114304,528.798119625582,2.5574305651381515,0,2,1,-0.8402881285872186,4.4447769793889815,4.764915698146693,1.891538254738428,1.3009851065237357,0,normal
9.35302001158066,928.4818870120716,165.38482062783694,0,6,940.7361182664068,773.8731542188619,-0.9682239593973148,2,2,0,0.606987161726109,0.0671217405351958,-0.7363038686798862,1.1622928764635945,-1.1232853251414288,1,normal
3.13362465336494,1931.1847698229783,174.09095251923284,9,0,2410.0798309133584,682.2091952423431,-0.9149403381170133,1,1,2,-2.9553418753785508,1.9158647247518776,-0.233030019006784,2.040612311388038,-0.0944741223684438,0,normal
0.9457380251084716,295.84821245086266,4.383864470602109,3,0,653.7333948076465,65.25142940325263,-0.4260938045752982,4,2,2,-1.4333463330075882,0.5719565260444813,0.5802322021110174,-2.2561171866896808,0.4020124067892682,1,scanning
2.610231839529744,1428.5917222105556,98.229586529453,3,0,1557.616063103664,1815.3738038363883,-0.519687134115329,4,0,2,-0.1366932630825363,5.743114414554435,-2.90199260853482,-0.8561937472699449,-1.389851302072843,1,normal
5.924516788854481,502.06846789243554,313.2998050646953,3,9,989.1800342569278,151.23132322520212,-1.4914265307107015,4,1,4,-1.875601979099964,-1.3533060257338383,-3.1864997715843595,-0.3843571251350919,-1.2141213518386798,0,normal
0.2121452007330127,1067.9882402588105,319.90902065909927,6,0,2099.0941705314663,718.8527416738189,0.8405688284356967,2,0,5,1.328055412148829,1.5922450476461951,0.4714959121548708,0.6265228999448329,-0.5570673794822889,0,scanning
1.8604470551889785,1801.6458600968344,568.7841134665418,0,3,1508.7147041391124,1816.2977315019905,3.1198708234854866,1,2,4,1.41796883347718,2.0652345781995805,-0.5289664215285892,-2.2658555336306083,1.242372772211626,1,normal
2.245619931414318,1160.2634740989972,173.14904694251038,9,0,281.5713820310154,2469.2297860232616,1.1585865624182776,0,2,5,1.736129081821005,-3.743140391726668,0.9749723104036327,0.7021888306637204,-0.9034327585715016,1,normal
4.893192348180496,180.21694481244836,854.8634437586464,0,3,374.7496144783525,1026.4204513226357,-0.1791412333826467,1,0,4,-0.7254831817591905,1.566923030332458,-0.9553698911048464,1.3568162498060408,0.0087685516133841,1,normal
6.650995084662946,432.2888377045265,366.88271017544383,0,0,1314.481269191615,2145.953337942723,-0.2243408034501121,2,0,3,-1.1711456560184414,4.167039402531827,-1.4923037130713266,2.3161786930458543,-1.7099430974590124,1,normal
3.1238562718784424,112.60191092232984,631.3297583051494,0,0,693.4755117101007,254.8133844730287,0.368481928926659,0,1,0,2.3229558115656017,1.5020147670008277,2.3665747786552367,1.966237036267988,-0.9794424109602526,1,normal
0.9982218489870496,985.2542527272371,530.5066245401923,0,0,2129.668845206903,710.4622794789453,-3.011186146852061,2,0,0,-0.3357049871299389,-0.1126841917249672,1.0282058284141429,0.2947019669876312,-0.1673821235788448,0,normal
2.791333285337188,1658.8884999354182,335.8607934752725,0,12,1742.5919334360938,795.6493850140738,1.2431813454565894,0,0,6,-0.6245600697719473,-2.0178192310010985,0.6366048916436995,-0.5848780826537048,0.2487934744177384,0,injection
1.6543227397962963,376.0247846847613,359.1808790587864,0,0,857.0182676076008,130.5095661203433,-0.7381249224871824,2,1,1,0.5903331215028751,2.5671096128119304,1.1971226195660394,-1.7457220958436936,-1.737774317708943,1,normal
9.290673665523713,71.540293784646,168.54149711682967,3,0,887.078509941618,727.255903282875,2.643346490170184,0,1,4,4.964610414681091,4.003746637438287,-1.6558818331919356,1.4348955982129832,0.2814776197840075,1,normal
5.358650957781372,1898.520395539045,219.253219303602,0,0,1005.8896808800604,1258.213209261554,-2.4932137797258527,2,1,2,-1.0034243456401424,2.7674951160008048,1.5390852678723497,-0.2450109427245621,-0.4478678212127251,0,injection
7.187849616447903,396.8972188229708,286.0392365723784,6,3,774.6127576587717,1531.7670328737806,4.777929256845662,5,1,1,2.4910620441172227,4.1804674255414485,-2.409824039275776,-1.425685467661382,0.874928568721287,1,normal
3.4911711804794336,2826.7811817376464,387.0267790621804,0,0,1491.0781775962848,177.37121293366698,-0.9517030263970734,0,0,1,-2.6091266036871748,-1.648424919751872,0.8826119779791899,-1.9896135486571984,-0.861186955551413,0,backdoor
8.099137932880339,657.7095417410434,315.41162214818223,0,6,96.56028588210624,216.5561035774005,-0.1787992637135007,1,1,3,-0.1548390704200453,-0.3216178965457057,-1.4499452022826211,0.4325714892126744,0.0158358460022147,1,normal
3.3798148841269606,863.7027721551875,218.5069728844676,3,6,360.106397622416,817.3316649042016,-1.347983443958925,0,1,0,-3.4558815002247867,0.5088793479848384,1.322649851388341,-0.1498919959536957,-0.0044647372453617,1,normal
8.741805605001382,879.1267377939025,559.2426728181497,9,0,2642.654629122343,805.2410060763025,-0.9633990060095629,1,0,0,-3.135905672788569,-1.2758286803759005,-2.4465724575150016,1.907289147380685,-0.3754205592814508,1,normal
3.4085339888954183,1514.3706492766055,567.3271114678636,0,3,1435.239634908413,1497.0791515270605,-0.7137218590821126,0,1,4,-2.474050345503439,-1.3183477431259811,2.0454461652171645,-1.9191087358162051,-0.7504502476260887,1,normal
3.729161393763091,1312.3955541461935,394.4871962586012,0,0,205.7361180471895,632.496498072368,-1.2200302670692649,3,1,0,1.6723086659935122,2.5515657045791205,-2.488089158718552,-2.1948659985411973,-0.0189707552102962,1,normal
4.119965770214121,154.46087303851246,623.2383462888433,0,0,179.33945745793096,669.0064403705182,0.6936504776849277,1,0,0,2.2086543999420067,-0.5835894545200551,1.9747031016168324,3.009615053606165,0.2464085804654337,1,normal
0.1622206229346189,1381.6108508739226,140.75971366500684,3,3,1703.0698591550745,1788.9633238797155,-2.023161099536653,1,1,0,-0.7315559089409929,2.6287173741227527,0.454816316176155,0.1561167887350469,-0.4751504926000736,0,dos
6.367009594127532,268.25145574427364,205.7644977480855,3,0,2190.3884441854084,582.9253179698156,1.3892065953465724,1,0,1,0.4394200039214814,1.3649779255506744,5.650714028289397,3.5277127954592293,0.949614455030529,0,normal
6.69640531156316,697.235064068305,455.04753365475847,0,0,264.40505635187367,69.26779544684051,-2.7972327413778286,2,1,1,0.2792217484980788,1.8327404850187292,0.7753921826483188,-2.358300544017873,0.7611299206324144,0,normal
12.254069672990957,1184.6820298515902,260.73263549284235,0,15,2681.6880680433924,2074.9295183574723,1.8284617500405531,0,1,6,5.619663677343196,-1.5923553304846167,3.159307963454677,-4.249097942254654,-1.133716001493211,0,scanning
0.8799002534786236,862.6569176159076,441.5546997685146,3,0,1986.33114797906,2097.8916472344963,-2.523954027731781,0,1,1,-0.7258682912055519,2.1541014026461847,0.3298395147767631,1.912846352809934,-1.4500731843973311,0,injection
4.633677018850765,613.8756073261861,250.8725875818076,3,3,342.89623543681085,356.8424389282411,1.7796185461107572,0,1,1,2.241934117157613,-1.1554982983838418,-1.595984200648699,-2.763152167478362,-0.3091511683459779,0,backdoor
2.6955557242690005,126.18117770809968,228.86987713554663,3,9,1660.805354042317,1047.3255171721962,1.9068172318755192,0,2,2,-4.741496962071357,4.1659412400069735,-0.1952000449916071,-0.9511792913211682,0.6345888594205921,1,normal
6.258960881392216,117.73894079957424,676.7219705362043,0,6,2118.8284112984725,262.4412902471356,3.4749392118107663,0,2,2,0.1522572506817796,0.9696511316340624,0.1820512699073677,-1.8550340773634684,-1.3479616079151202,0,xss
3.3262783245948064,428.33271599663726,395.1517506458397,9,9,689.2471518722664,879.7076648611762,2.7534954656007447,2,0,5,-0.9034085209669422,0.755829956957953,-2.867370781357107,0.9405207702241868,0.7112145376055794,0,scanning
0.9706818304630266,793.1198368938623,285.2676678949314,3,6,2132.267854050456,946.821802668638,0.7659700995707202,2,0,5,-0.4331698898775392,0.9796283048907152,-0.403044714331447,-2.359962202822864,0.2704362715591105,1,normal
3.216848357346685,1703.0221454495158,392.0998747194559,12,3,293.12514023837,2592.651631861423,2.6643357305822004,1,1,2,-2.912869563113301,0.6896845764053764,0.4033916573245972,1.0903061091362625,-1.0851374705303316,1,scanning
5.235013610767218,81.23705569504558,716.5822624255147,15,12,537.5008090474222,1477.172327758195,-0.736257988421845,3,0,0,-0.8354429073422145,2.442306636736032,0.3084624056414667,3.1262772806136763,-2.59540486942653,1,normal
7.029814247221008,1080.161354275462,399.0658461383686,3,9,356.8899630981535,1294.1847704787006,-1.1529667210777084,0,2,1,-3.579738113095833,0.5222889167683471,2.3782107991946484,-0.5361120096631881,-0.9739411296043208,1,normal
5.32094571783055,343.14480355811537,1234.804396585067,6,3,805.1427944885452,1072.281381586267,-1.3318964141325,3,1,0,-1.5680660977885132,-5.378955397376843,2.6834314654440194,1.0985051346276713,1.0119822128340308,0,password
2.076861910268623,432.8948754664372,698.7943759384049,6,6,1918.281488752942,2679.736836052813,-0.964272306971662,5,0,2,1.17592600180135,0.553238076078473,1.6505776285023075,-5.304505584952103,-0.9532601544080042,0,ddos
0.9703257561836512,798.9971151848746,233.4754486797359,6,3,97.5703248308099,2286.96696986487,1.9960658071635808,3,2,7,-0.1806178570634957,-2.0360994885829813,4.155327883477177,1.0003217272803338,0.2342098215607387,0,normal
1.7983849016233342,183.46279267423083,409.3508652102937,0,6,2378.715386383243,1210.7393126369882,0.4071335856473865,0,0,2,-2.11736299834896,1.6147387691246384,2.4199044375624528,-1.4743247483939148,-0.4332193325867967,0,normal
3.859736368675677,344.99794759863624,413.7742884689292,0,12,427.6417833839736,977.444484780754,-3.417026043117936,5,0,2,3.5827693925094586,0.09870163150156,-1.446927846209754,1.9699206392716109,-1.1373107650442542,1,normal
8.42301266499382,888.7697961967217,234.4559371502345,0,6,1153.4054487916087,1121.8551004459011,-3.972671676278855,5,1,1,-0.4725240884940935,-2.254458994179425,2.4976985240329705,-2.177799586875825,-0.0881329483238786,0,dos
0.4853149998013313,77.83163841971164,759.605579205864,3,6,429.6990683464175,210.67591627956705,-0.7221350774226951,0,1,4,1.1439565105558225,2.5233537626002223,-0.2198542173076669,0.3634874417586152,-1.1474935907576342,1,normal
5.974498388556434,1073.9472595409627,368.945535120041,9,3,39.43805797917869,1618.4059452190197,-2.133618518313857,0,0,2,-1.9116969505218544,2.8291509428890134,1.5086324692497846,-1.990429025095032,0.6949452597730846,0,xss
1.2520647187896214,449.69303284484073,274.42749457427874,3,0,630.3984759083323,525.7517045925078,-1.6494710677414914,2,1,1,1.4688902237057542,1.5980387938183565,2.0217303764400274,-1.5467705536502334,-0.7202401337799503,1,normal
5.411005672458535,897.2158808330338,196.83759375004004,6,6,1731.408126207455,3502.6040681354366,2.538340794870524,2,1,0,3.109718705947988,-0.9527178221925052,-3.976483623731672,-5.824422255317703,-2.0414043040099887,0,password
0.8301070032470775,303.34621164035025,232.1634111712907,3,3,1228.9016902379888,245.1916303065071,-1.84904586192678,2,1,3,-1.016348508670185,3.696947663741132,1.6787751304764174,-0.8983134504211462,-0.1154716454480445,1,normal
5.340064867747691,574.5581941954636,258.3609680219388,6,6,1105.3201709871723,1712.3145297450135,4.822597302576628,3,0,1,2.118075875659025,1.657244238085112,-0.4894209350676803,0.0499235786477023,-1.0444486821109,1,normal
2.8887490299942,1146.242056088391,247.6513748101445,6,0,277.18935741906887,1627.6198520003727,-0.1894046135645639,0,2,3,0.2965406760022173,-0.7907361367132375,0.0869629434875536,0.0140934078170433,0.4975319834473204,1,normal
1.998725139142599,514.0841405033875,54.04689597268166,0,12,1444.0166885989163,277.31082798362905,-0.6388049571109568,1,1,7,-2.561648067684246,2.791527773166841,-0.1443858161233775,-0.4896562285888078,0.554905512747472,1,normal
0.4492962902134494,1901.321506585364,49.22904662702275,3,6,6137.930075579525,2605.14463203018,-2.496815740021492,0,2,3,0.1288955353873726,1.469616280878757,-2.502498713472006,3.804640671188393,-1.2208711920080588,1,normal
5.50760987935334,384.61829674668985,223.274903550107,3,3,804.4089509780621,1882.9515523840992,1.7512691481516132,0,1,2,-2.1783935006971173,0.5257794819071159,-0.3833812975347186,-3.3576936417266783,-0.8294038832462026,1,normal
1.3485951155066476,300.484520112176,189.5972198223133,3,6,1065.2893594531388,311.81925288970365,-0.7166087347797894,1,0,6,-2.918538406258277,4.570491485082253,-1.551327095443068,-0.1780837088896165,-0.643486359816549,0,normal
2.796480951033879,418.44352778829466,468.14183886475087,6,9,1234.937654550458,1766.1712115488183,-1.560947628427528,0,1,1,-1.558595858895511,0.9004217611307276,0.6928102045267234,0.4246154211973709,-2.081447466657929,0,backdoor
5.277087903943594,1862.756984085698,406.4128140885297,3,3,2488.1791163041808,3295.362057048578,2.37049878495728,1,0,0,-3.207027855326311,3.824295884668509,-2.7642278272566028,5.619495670602813,-0.7380496434473426,0,normal
8.187571819445985,913.0000538141538,193.11530908161444,3,6,412.7588343151871,1674.1094951327004,-0.6721742371055349,2,0,6,-0.0471866757199732,3.462378159060508,-0.239595677447557,4.218662940823965,1.3150688389881993,0,normal
11.843743016618774,1194.029732462461,598.5335942951144,3,3,1708.6743494662144,344.0654644986071,-1.4768248511014856,0,0,1,-2.1946888169782586,-2.2812461090060063,2.36364546084193,0.169457612588286,-0.0338481662641761,0,normal
4.30154589807233,29.243546096701213,920.379740626126,6,0,587.4810262582087,829.5058722826639,-0.9235160747118434,2,0,2,0.7133770761816595,3.5913518202931485,1.9443469233162176,1.360174058420562,-0.2606311488112711,0,normal
2.51893348627894,428.92560738750063,648.4653519446581,9,0,1171.653619549605,30.38124942162555,-1.4502111751028222,2,0,3,-3.657998960823063,3.62787174911158,-0.774671078150347,-1.0173363184360886,-1.4285517098144425,1,normal
2.631736810326644,175.36794573090287,239.4403608785938,0,6,95.26807403857228,849.2603267807037,0.8353142465276542,0,1,0,2.1454799396414925,-1.7315487415418864,1.532948946962806,2.943966315784805,0.1474543389494624,1,normal
0.2281116331216785,206.96341497918047,313.05798978168434,6,9,1322.983113848785,277.4309948369548,0.7401308580023942,3,0,0,2.0092925753264543,0.4660167254772207,-0.413108079442879,2.815638382250928,-2.0733736434204912,1,normal
1.173713565293266,698.5644439716265,167.55395959901074,3,0,3273.3399062025437,1780.207832828973,-4.619355533638848,3,0,2,0.844961132512126,1.182064751242416,-1.239103055404431,1.699895298865964,-0.185127204125123,0,normal
2.6471513184533086,1132.7423268215398,34.332111038992416,0,3,264.56592824940043,136.0108317055858,0.9050855672295984,0,1,1,1.6137069900234018,-1.2774422113663588,-0.246635163971281,-0.4709176323688536,0.3746037646138229,0,xss
11.757645642792529,123.503101076587,538.4439764999797,9,9,976.4452905225318,626.6095001017538,-2.3282468204403437,2,0,4,-1.0406299655873923,0.0400146361748159,4.184155029287396,2.73804525236821,1.202154817293466,1,normal
0.8923035256148522,669.2033753620942,325.62257856201865,0,3,341.13497839894444,616.2879926747801,-4.1178735243243,4,0,3,2.769335736356392,2.3816643638202413,2.270534605274801,-2.492713101422522,0.6709313393154654,1,normal
3.408186187296799,541.9287688463082,443.5373144600532,3,3,1859.981912880168,472.54418097306177,-0.5440844775906983,1,1,2,-1.3647560740859164,-3.768282109453762,-0.1356577247001811,0.6742505051903934,1.2014744348132702,0,ddos
7.06452513196891,856.2908546892882,299.7877959661314,9,9,203.88513309844228,1224.2190099538673,1.014958651378539,2,2,2,-0.7257066653661453,-3.536450801254308,3.2385109433115598,2.908511168973183,-1.578284007944562,0,normal
3.799073492667211,542.5601156263675,469.5154528767613,15,3,1406.7513880170727,838.2679959827401,-0.3406674736423215,2,0,1,-0.0167318190136094,-0.1733199131280385,0.2877327151888684,6.096962328385689,-0.4377420757249338,0,normal
0.1957778682293874,828.2891370271668,932.074068270175,0,0,2933.46716841017,2270.4126303449398,-4.381127090983292,1,0,2,-1.2327329752328304,2.2166280118068538,0.7648220397971175,2.6359800659347368,1.0338641562744666,1,ddos
0.5449205863413188,284.9182296932903,495.6531034385112,3,0,1039.7009479490127,800.8534798851006,-1.1170145827086202,2,2,2,-2.6975736033372355,3.263831572131089,-2.63555776600398,-0.9052830164682696,-0.2066472719848256,0,normal
7.643245450434659,813.4464021911848,519.8245200768773,0,6,410.937902233073,805.5349176914508,-1.1571099644094838,0,1,1,-0.2510815831957398,2.1391166723936195,0.0445128409952901,-0.4182435065166333,0.184950766493938,0,password
0.4504472506854413,2448.8438444438984,398.3594454254083,0,3,2882.837152121076,2224.874151284072,-1.5999654134644714,1,0,2,0.3151614240331419,1.813742124857173,-1.1162391802631575,3.6170689468842623,-0.6757069672690507,1,normal
6.450204264868116,192.8126616056512,252.1554385829366,0,3,2148.7213324063773,490.6041392639131,-2.8908408058877386,1,2,0,1.3130558760967912,-3.044781954070088,0.0352137551476237,0.1974351201713271,-0.2155484314308476,1,normal
0.6399968943885193,267.4255487330598,47.01579655641815,3,0,1771.159151506164,2007.0011715998005,-1.5701658741534703,3,2,5,0.9257340926228694,1.757847827084469,-1.891621265291725,2.064491234945934,0.273888456536876,1,normal
8.767656327140738,266.7101588663933,173.40432372304232,0,0,445.5704528800003,11.568084857123694,2.366781560533747,0,1,1,1.3413461760633645,-0.483043966591693,-2.158618163934109,0.9100473941248286,-0.0685268085038393,0,ddos
5.367794040927506,1680.580070958455,268.44762348678523,0,18,695.7450968376022,1688.553386141414,0.8126329913813379,0,1,5,-4.97591671094084,3.632384823397171,0.803601021938825,-3.2434296819952,1.6391314758735689,0,password
2.3303479163640253,899.3759407358315,39.81565470936637,0,3,836.1178647079284,49.71463093849296,1.1066491572323316,0,1,2,0.5398911118531395,-1.495674994350293,-1.7367517407734585,-0.3952624229048439,-1.976733576638937,0,xss
0.6860710132352738,630.2701447952979,442.311049670841,3,0,1361.88990885668,363.8867990133527,1.648946327731378,2,0,2,1.5117833345980674,2.9014424768913747,-1.8341051218768052,-1.4049011365656632,1.450515896029501,0,normal
10.569453754027569,1253.6638309597884,285.299235502906,0,6,716.4868653802829,131.20015024050812,-3.699257892868157,0,0,1,-3.1681261422665745,-0.4906576109147154,3.215011544048473,1.3091015472552858,1.0996190263729668,1,normal
12.726001052524117,1415.7132855590755,185.2195956622008,3,12,2403.166824459189,1839.833491133599,-5.942185418586778,5,1,2,2.199401096079699,1.7252279430430584,-1.4192872626194577,2.0493435693725988,-1.0060544696559912,1,normal
0.7692119289717235,128.9126675422224,54.047460608284176,3,0,1281.4758281220254,1180.8373734117731,-0.8260172604131174,2,2,3,-0.2389612981492047,1.6665048475810302,-1.9389133530471687,0.3871870881200078,-0.3092912829531314,1,normal
6.181410775568262,2621.869681378815,262.20948998203977,12,0,3165.7998713641105,2279.17449780402,-1.7736581810539618,1,0,1,-1.8244663065765725,1.6310110096587436,-0.2663080966805463,5.795307916997299,0.3578717360506634,1,normal
7.356024601740866,664.2413810349534,888.8285310005099,15,0,1021.5791694385013,701.7392442071706,0.9069170892057856,1,0,0,-0.5673860451979178,0.2667221294390856,-1.1730314397610129,-0.2118231985762473,0.0034967294924379,0,dos
1.5897980697570124,2423.693922418767,151.7359403009052,18,9,442.6393739723429,580.5194841239651,-4.295138123166618,2,0,3,2.105263948405661,2.0713836878877734,3.843537077922521,-2.6377658290277424,-0.4087693348562971,1,normal
1.6181959304734983,1094.9902238581042,1105.8202303465384,9,9,653.0394446127618,376.2049116546926,-2.020575378842525,1,0,3,0.3514326669378909,1.039755026108161,1.1940435210374385,3.731270358209144,0.1669485858513546,1,normal
2.6766169798642285,204.13679892880864,476.0740543270152,6,3,2322.8992442067,1089.6746825046905,2.658282945854107,1,0,1,1.9088545088207995,3.841946897525043,3.554724167953092,2.142893649183317,1.2745672371206391,0,normal
5.712348376444573,313.4919184786916,226.887359580604,9,6,900.2043431749302,704.8051205405346,0.4306223474240903,3,2,2,-2.439680067325079,-1.0793187371794952,6.588091900163602,3.003458631915179,-0.7167715280069822,0,normal
5.6727264817913605,316.38817577164593,284.96221922234486,3,0,179.88435686834896,1020.75145007537,1.7201025605819813,1,2,0,-1.776445215041583,2.3096020046719223,-2.135223961284156,-3.0707033755171254,2.9405785545424097,1,normal
2.91328788236847,718.6279250874888,386.01141946573017,0,3,3133.484714634415,1745.9858559375796,0.963125881865855,3,1,4,0.7454618424218808,2.9987209386221947,-0.4583051044374422,-5.179333784173725,-1.44613608234106,1,normal
2.0043595905413354,332.9486762727961,152.3232910605556,6,0,3656.09190751423,425.0838973570964,3.1316845931334454,0,1,4,-0.076231692078915,3.267264833141227,2.320785198714719,0.6354868250004548,-0.1480741484279628,0,normal
11.076944856362871,24.957745005654957,573.4240018014497,0,3,336.9526899940099,250.77329871582657,-0.5715531524695747,1,0,2,0.5248885552582117,-3.7128986824753047,4.487759037163822,2.0012619787984613,-0.1139095594167993,0,dos
2.6296974395622814,152.6848047358241,61.41350201551427,0,0,503.1992022517767,2088.588106261904,4.446250024125138,0,1,5,2.080747477702533,-1.4272546239571786,2.909448754975982,2.076076372588199,-0.1910837169334428,0,normal
3.2872223632117064,57.80496475412456,9.895370998931778,3,3,1308.068852760544,2246.999417592017,3.7071833403317447,2,0,3,2.008563280116647,2.059838315493459,1.6144447216662046,0.2354184529855008,-0.3918953622797158,1,normal
0.8272912472500538,950.5843620767812,240.62843812987344,9,12,1322.0852978630428,612.1791333178351,0.2184810771689782,3,2,3,2.4114757411108583,1.659128427131743,0.1482690912920901,3.6299703278554354,-0.7861182328938707,0,normal
8.790529026121266,841.941303781064,304.64554432127,12,3,2459.659913016104,140.81084716892548,2.2770770892503576,4,0,1,-1.559839108014652,3.005622909321697,2.2418427915403507,-0.0025148094364901,0.5558394069784075,1,normal
1.0525133492250265,510.1277190166796,221.6452060525676,12,0,681.3481111710977,1306.345155483436,2.6434423629553505,2,2,0,0.7333235112442165,1.8983921568579916,0.6445086054039536,3.0849802702086744,-1.6325972587778594,1,normal
4.329269483835176,2185.244507496908,701.939345196307,9,0,2713.815906090548,1440.4406377568528,-3.0257629002158137,0,2,5,-1.1275768260105252,-2.021340014625837,1.1491819883476768,-2.1639238190856567,0.0558527816764874,0,normal
0.2773358268332652,1081.5952016492947,305.9439991558539,3,0,4188.776281079172,1539.9766618642325,3.8255200008975168,0,0,0,0.713357887090621,1.695999466908601,-0.1817034657876286,-2.7138146951736863,-0.5387366581111795,0,xss
1.943315048354144,29.92186388585472,48.9193802951542,0,0,1131.1719695945787,985.2722580199932,0.6499695800420301,1,0,2,-1.7597096808991568,2.3858572054624405,4.025509227931806,0.4242169260125481,-1.3516174713336324,1,normal
4.201797392429894,1339.288445883734,679.4195975020169,3,3,1432.0264931796012,25.5359621344715,-3.906564232376161,1,0,0,-0.217713193818213,0.951427265954246,2.5249448002482486,-0.1313212292717844,-0.0228049992190742,1,normal
5.960607935287152,2184.146813097372,496.4538114947591,3,0,3421.5906528949213,1694.618361775009,-1.2301905098825472,2,1,1,-1.525239640852206,2.163799807830032,-1.5200456417189274,2.580639636907107,-1.5383235910294906,1,normal
2.8161073350899186,815.3827667557802,1300.6187390975083,3,0,2824.748669714437,715.5415854783888,-0.4968669612203422,1,0,0,-2.074969138236458,1.4071444845121002,6.209760576038162,0.4319246924686761,0.6629645240599552,0,normal
2.3352059967831136,1100.6795242400835,275.92848467648315,0,0,524.2258156543048,289.5923682319852,2.78812081272617,2,1,0,-0.3267899376773457,-0.716169072097055,-2.482777940645036,-2.5069055954615305,1.241155752190534,0,dos
6.889207529076975,193.59485802593625,84.77093778764667,9,3,196.51612771784352,123.14735015438116,-2.0064726720668777,3,0,3,-1.468426640364305,1.3680580576898038,0.8172549155610824,0.8138290233625431,-0.9515157830658572,0,scanning
2.3234055514524035,1814.5470272058103,1204.2051806110712,3,0,391.3869391543787,1909.0453095663224,-1.232216228586856,0,2,5,-0.8279850923470302,-2.0822312661477547,4.745520151540339,-1.7845831882132832,-0.0428408546955823,1,normal
1.2611825440233362,982.9706474665768,221.06992029439837,0,0,955.1192482591616,553.8265555054464,0.6313475842764268,1,0,2,-0.2835849688663276,-2.0425404760948025,3.46566750259504,1.6320090394988698,1.2353353515365122,0,normal
11.674397015197144,103.24882550997016,610.7841629104307,6,0,3234.576237501728,1689.2933912478995,0.4900698324374493,2,1,2,1.0476009149375674,2.2572815271763016,0.975271629834575,-3.947069787896967,-1.4533725906157344,1,normal
5.296619042028457,106.55854757875092,386.7917265224293,15,0,763.9347541035103,1122.8981962174846,1.2212812503300758,0,0,1,-0.836280824687744,-0.6072837769859291,-3.8291849282960975,-0.3728625451616172,-2.2082778865561408,0,injection
2.149781575678303,47.737375050475485,178.85789960069195,0,3,118.02859578691864,681.777945700456,0.3878619628184947,2,1,1,0.4640280359836131,-0.5386210970344565,-1.175148548890084,-2.088249403253015,-1.4925982196326275,1,normal
2.760790112155661,1051.3215502979515,363.08883070039934,0,3,1914.401886376837,283.43230153357007,-2.804216684226073,3,1,0,0.3333036426223601,-0.9543791902090744,-0.6045707537966707,-1.0698635358005832,-1.8008893160529345,0,scanning
5.463437424005937,1658.080657629633,1542.2688696999294,3,0,2335.6955344767684,732.1781541401831,-0.2218218164297736,1,0,1,1.94982737924478,2.129582032955721,2.2755042901803826,-0.226799749023036,0.9399769034302612,1,normal
7.179845308243669,181.5151684057898,85.27875710986059,3,3,251.9641397244414,1960.0610791811,0.0047204853906419,3,1,4,0.8986747597382341,1.0485565780914368,-0.7683745536805267,0.7388627429672472,0.8552761841771283,0,scanning
2.71752075768478,81.9359451592393,593.8758232754006,0,6,336.80252234781,438.3299409095669,0.1679273066778261,0,0,5,3.126010932591206,1.5670247022643078,-0.9556852141196656,2.6957746672687484,0.1787232606261339,1,normal
0.8563200409706718,601.6323535123814,854.378609636408,12,12,1422.3432380179308,2550.164258632238,-0.4455024807483072,1,1,0,-3.518853409469094,2.0293690120590657,-0.9103957797378592,-1.9389249642575008,-1.2082231986035668,0,xss
7.229635296142672,1600.614469049216,174.21026563942183,9,3,3923.738643610509,1386.6797211169037,-0.5352843265376297,2,0,2,-1.4037414978786968,-3.147818194540541,-3.277114682786232,2.1063835873912438,-0.3159877697789981,0,ddos
2.550624628747037,1014.8743933801204,571.9629094674208,6,12,140.30180967023657,1004.5868448462144,0.940720503852062,0,0,3,-1.220412021255577,0.7913061633745206,-0.3100708420602154,-1.3020603842806526,-2.1582782475936204,0,injection
6.022312820728794,608.1834315671313,747.914123711819,9,0,23.46804875732929,337.6598398121524,1.3423068825206663,1,2,0,-0.8768076029593839,-0.1297855864983443,-2.595266688841868,0.1792992610799091,-0.3522179273980036,1,xss
1.3164469375852126,1298.366821043782,169.4096379253183,0,0,1456.684880677949,403.448597522372,-3.2776989755792654,1,1,0,-0.2785315180684694,-0.5026153938525402,1.5673935297246409,-0.691236766937381,-0.7205258523206413,1,normal
5.363294072179242,352.40316507306744,20.15978385342179,0,0,400.2398171057547,789.015584097503,2.1778899945007524,0,0,2,-0.164086553709116,0.8315881041071627,-0.1677302982661093,-0.1521065320131478,-1.6790082592564823,0,xss
5.1301687083972265,1408.4360240945684,513.0458569500388,3,0,204.56651989240896,1350.6714213372788,-1.2857819571366125,0,2,4,-0.5948949882072057,-0.4017704138444447,3.4861668339404392,-2.52587074087151,-0.883064904186664,1,normal
1.7051320644150567,279.30632817024593,521.2723467337464,0,6,754.0164086294335,264.72812228313137,1.8370936975599717,0,0,0,-2.320999419667842,2.539387150173283,-2.242722714515229,-0.1511447420446303,0.063505528586751,1,password
5.649218395765172,380.7818767072599,738.7638668555238,6,9,1580.4926837537532,1308.690749142832,0.5745700846960444,0,0,3,-2.9529656669420987,3.312926598548298,-1.716716265080158,-1.7978926961155133,-0.0939922912904982,1,normal
2.0039322586182844,318.34426325047536,490.74794435393727,0,9,181.35089250181477,954.8628952942736,0.6726834349933619,2,0,1,-0.931651397583834,0.6453848589135908,-0.119412478101462,-1.4190014260970762,-1.204091854590884,0,scanning
1.9926662835553253,989.0746730921816,536.7655769875379,3,0,2545.8418938199684,1203.517157652811,-0.5376148537219634,1,0,0,-1.0997490674920931,-4.57218911751557,3.0030169593155405,2.468000229988156,1.2726989465257388,1,xss
0.5623906258679605,1207.9542450615584,191.0905574464725,0,3,2953.4184422186736,684.6541250465876,-3.6470115217993007,1,1,0,-0.5046500834139578,-0.5500221107064021,-1.2574992952124575,0.1096835431552838,0.9065571463781972,1,normal
12.595168307069663,106.59446667548424,501.2140636270325,6,3,2438.92911012434,2295.498172213405,-0.3439045464999031,2,0,1,2.416676693452738,2.0137123595050346,3.342075694381064,4.786491543502344,-0.6239711232960417,1,normal
5.270782535654965,1555.7285276188582,416.3824107952434,0,3,2093.389959266997,1170.3136962976005,1.5137264501081873,1,0,0,1.7984882185681412,3.193016751201853,-1.966953728983756,-3.3726966130802074,0.1723152338074049,1,normal
4.627353461722948,634.3265106861213,62.04908992128882,3,6,811.5846665548295,147.81769666963314,0.6678415193556249,1,0,3,1.6729041467495738,1.766188266110326,-0.576629625673504,1.3515012597461882,-0.1875079532793122,1,normal
1.4750108579735002,910.071196784776,462.922685671627,6,3,1378.624830085897,1752.0082678494837,-3.0019075200651666,2,0,1,1.642110650267225,0.5862874652811573,3.600266420578245,-2.458878198566917,-0.2699695284893286,1,normal
6.4001654495891405,187.00619076358964,52.02665841905824,3,6,69.61127868693998,1083.878927998762,0.9990264880567752,0,1,0,1.54578346062978,-0.3349119799384736,0.263408328291477,1.6140531228259822,-0.6640422957521871,1,normal
1.9071512429219464,1896.8621684982656,1102.9432455604344,0,6,2696.194231753645,1769.3609660396949,-1.8579684987322045,0,1,2,-3.2546438551455736,3.602093451673145,0.6003456575441654,-0.0086732605822437,-1.597664392926541,0,ddos
3.105145483048214,179.44353687454395,53.73527163627915,3,3,80.77634615621983,614.7178215451205,0.4009623037153615,3,1,0,-1.0751517721609505,-0.403262529536327,0.7146426427363322,-0.7109374234354124,0.0467965010426568,0,backdoor
2.1121020508804684,901.9685760268794,416.4799139949878,0,9,634.5686339316685,1934.527687993257,1.810845723276734,2,1,2,0.7004058143729786,-1.939172812579529,-2.659322235237399,0.104366319466999,2.1504605082551715,0,normal
3.979379146115893,175.3133551087205,33.063913096966694,9,0,2008.938032220409,468.11534198857726,1.6621885402153405,0,0,1,-0.3192389177392221,1.2961633773521246,4.103151509820315,2.280018761395043,-0.5401502278730611,1,normal
6.065582431672521,213.13521679408777,590.905531153624,0,6,2082.799132577763,856.3279791457852,2.470609587844072,1,1,2,0.7662306496571591,-0.3999774366271764,2.1216609782226508,-1.2514082299116231,0.937264448540565,0,injection
0.5821791335628206,166.30724823482785,370.78543075931685,3,0,1428.288267404092,1693.634300892018,2.3351374495674557,1,0,1,0.0658726463893009,-0.2076177318429269,-1.440658398481964,-4.531041961057063,-0.6894465962000322,1,xss
2.2181515489833354,1778.7203395457266,674.7935079647881,3,3,499.99107368336,380.2439592685601,-2.5704397076819534,2,1,0,2.435235093534625,-1.1921662213041937,0.5739955829145355,-0.1121508823988022,-0.8930248528685322,0,backdoor
7.30159041462349,718.2843839160372,381.7692061640088,9,6,1206.456305161104,815.8696646934033,-0.9033029648490516,2,0,3,-2.0602401929377963,1.0173867440036504,-0.2421364844282656,-0.4854020958059695,0.6552136081311538,1,normal
3.405946261014745,225.36054559408737,491.82553701675664,0,3,1278.9183813119291,258.6408063646992,0.3892770019937591,1,0,3,1.6338963876496364,3.5207811383576457,-0.4372419669691652,0.1694932856660729,-0.307139536390756,1,normal
4.624291654221336,676.8421432049211,544.77121358221,12,3,755.9510163321147,539.6082966162029,-0.1230468823630075,1,0,3,-2.712771315818692,3.896337831952607,0.7832429774606662,3.0962486904754627,-1.4623697098005022,0,normal
3.054774528921018,673.6375804796357,92.43324962911444,3,3,1836.509363762359,212.98979845174796,0.9094051167923144,0,0,3,0.9642817219788592,2.10417898905704,2.738280406190846,2.632405252559871,-0.1505006194776772,1,normal
0.3692581863951024,673.7495959704419,334.503117813542,0,3,1309.4847321538823,443.8952415601815,-2.098741163234387,1,2,1,-1.0784067375820252,0.273973109639422,-0.025906043068987,-0.1324134892040651,1.7976464311067744,1,normal
8.682616078000436,1354.8171242332407,316.2821698959681,3,0,66.91611997753807,95.71278176077432,-2.039105153979029,3,1,0,-1.42561013545811,0.0459764782916505,3.342250494665881,-1.0549203297357446,-1.0486003875971726,0,dos
1.0851430243309153,337.2082955550537,269.4476868828681,6,6,356.1335686137727,522.997180227612,0.3999213420872234,3,0,1,-2.172278628758205,-0.9357532942154296,3.8816914991129146,2.1475936872820984,1.3937896006635893,1,normal
5.72641943221628,1385.1894195574248,26.107746239049643,12,0,3229.986358599225,795.8716933845167,-0.3326416274227912,0,0,1,-0.6901986276174614,-1.375973880289396,-3.760767807540982,1.962031716984264,-0.4643037053648699,0,dos
2.096701519506297,825.5893044129845,83.39947827470394,0,3,605.1535491242788,1570.1091073636774,2.790850702036753,0,1,3,0.3933636423467106,-0.3513223389285589,2.7408880917412644,2.48871056484636,-0.7994044375757136,1,normal
7.067327379389059,172.60283550730838,424.105452109036,9,9,869.166298465443,137.6646361908223,-2.9495429175133925,3,0,7,1.0315717004888458,2.188387128188664,0.7413229555969203,1.4878662076212072,-0.9715273892565858,1,normal
1.0516541493967673,1859.505788607928,1248.5746751866218,3,3,3877.3906716004512,727.6877451695836,-1.171467890183888,2,0,3,1.466269726452674,-4.721156694248052,-2.177378337374652,0.852548628749217,0.5554673391718374,0,backdoor
2.6701034142657187,751.1236593863426,86.40564584603467,0,6,917.6158895802296,424.4929783453342,0.5957030379823074,0,0,4,4.446263512305206,-3.1459933515363705,0.3498509565112813,-1.0677692505341403,2.304413974940459,0,xss
3.4131740586529253,244.8084080237422,80.21274505929895,3,0,836.7647101449229,992.1945390156866,-3.5986776205505318,0,1,3,1.9200326565965269,1.9402026390238605,0.6395343359203162,0.4000740520864512,0.214212552836844,0,xss
1.614163045054877,1272.466695252807,231.3726244311948,6,0,586.2716002006143,2158.4997287041574,-0.7218038069822645,2,0,2,3.124194517965704,-4.0598938150978885,-0.926808825747886,-4.572960016183786,0.5435647760339819,0,dos
5.9300152576169305,762.9449774892781,640.3582082968949,0,3,351.2640778710882,39.91721380154883,0.9885554779338496,2,2,1,-2.47387958625974,0.9385858517831018,-1.0385282596378422,0.5209645836917981,0.3937255767569724,1,normal
8.276042349744232,2889.607778974313,594.6047354428339,3,3,1414.5679573221312,1773.6393684153832,-2.6205330081014333,3,0,0,-0.5551708244613786,6.852535426625594,1.5040262029283775,0.6833823042673413,-0.8183249960158271,0,ddos
2.0581690570558413,1795.9993499424345,420.39940474569175,3,6,2444.834695911891,936.0137976811186,-2.0147086479397878,0,0,2,-1.499165327831636,-1.0192255269801185,-1.6232282983129096,1.7450815813561975,2.456856478223264,1,normal
9.161135145280232,823.0278501695916,158.9787447359286,0,0,1685.5533724884765,551.7060333892254,-1.850104138748606,1,0,1,-0.5825570716808852,-0.1180289679334749,-0.4001131976678636,-2.033192215075111,0.9234360530609004,1,normal
1.5368304209984027,1187.5937267136392,22.227173385587346,9,0,3020.854561574025,1573.396594328898,2.5427375262736094,0,1,0,-0.1464857480728796,0.3876539037258015,1.918952846015136,1.033020430657612,0.245177046783177,0,ddos
9.463932832048744,574.2919166707675,457.43912615013744,6,0,2297.288390330136,234.5168184425483,3.001556690305775,1,2,1,1.5473207424376598,4.605576331595368,1.733769520898933,0.2546606627670102,1.0340268897703453,1,normal
2.8124071970908333,2594.0204137761025,595.6578309433312,0,3,3338.879314878785,760.8868908960078,-5.8427610798223,1,1,4,0.9566467755314576,-3.854295213147302,6.394267444058903,0.7908825159660862,0.0099238066699922,0,normal
6.975252844956225,556.6146814796252,446.4581572768132,0,9,2108.811342378309,1489.3525768194313,0.6812049516349261,0,1,3,-3.790184761764314,-0.2171923168545011,-1.0205581127539107,-3.006948141451809,1.3149805542476556,0,normal
2.0634511924007466,1546.736183741201,582.8949995280507,9,3,3410.78346743962,802.9209687401344,-1.1976177051203327,0,2,4,-4.389610938844319,0.5211084136955955,-0.9724585911576646,1.2969836437881646,0.4217973393282362,1,normal
0.8071425931504626,1742.7634863516923,255.15009568781767,9,6,2576.8906350040907,2969.5745703755265,-0.0303097689541809,0,1,0,-1.4147051505733903,1.698390071119691,-0.7683531462126889,2.043383219293055,-0.6779151219361121,0,backdoor
5.054101712678061,118.44908897293304,168.27030850144197,3,12,1357.9209390837816,1103.4184308252602,-0.545343772426903,1,0,3,0.5424214087559192,-1.0666057344700075,-0.4986629566095653,-0.9124318083602344,0.7681607989372239,0,xss
11.824134112280149,1547.2223607796343,263.0759924965606,0,0,1814.3705421699688,829.3972710530625,0.73417915253434,0,0,1,1.4684025931603677,0.3020485545815677,0.5117661956611618,0.5307590570480447,-1.9576817075680677,1,normal
2.4518204208267367,2002.801384469036,72.4498812224231,3,6,2835.8590888260437,474.7609438195264,-0.8922097040757366,5,1,0,-3.3402064591150022,2.7722011721393667,-1.4559620249320229,-4.3327901295078,-0.4122407852222237,1,normal
4.834139521747609,811.3995205806804,733.7314669261932,3,0,2810.069521293096,1586.4059789167711,-3.4598760133153377,2,2,1,-0.7965268436703306,1.7916012884249026,-1.4373912759877028,0.8760824716749507,1.9982813636241672,1,normal
0.1698833762517195,956.1308152228352,163.03275672765986,9,0,342.4085559945533,1324.267088201968,0.0653538795058354,1,0,2,-1.1730731283703582,-1.6665190612803171,0.1249664629916535,2.400093405351126,-0.4069778513564855,0,dos
3.740977151831277,171.6460994085885,126.15568365533689,0,3,959.5407780065044,1541.5067011278916,2.116144435372445,0,0,0,-2.8712259500020094,0.4682202561470696,-1.005113612580666,-2.6833044426757784,-1.075764546972664,1,normal
1.1053193693537728,1464.9024318996887,537.6967741961093,3,6,2374.615239027339,1786.5101994367556,0.8084239372507893,0,0,1,1.291287554840219,0.5196956276553995,0.9551544643843288,-0.1773219051854688,-1.2717864825355407,1,normal
2.31450923334702,745.7987136220628,405.124972554469,3,0,1964.3770915384816,581.6920171042777,-2.250111829467867,3,1,0,-1.6329677913043736,0.9723117283979962,-2.065768205249316,-1.0173006235410058,0.0773274113905407,1,normal
7.078851793458984,257.2309936358296,98.19645489200909,3,15,2083.1172484421827,1030.697588901451,0.8686980012961167,0,2,6,0.5495726847529279,-1.6820331674403048,3.169126412718123,-5.53327781545085,-0.2214387777199912,0,injection
11.649117037542888,373.3665012447884,32.681294046755774,3,6,157.0048344666128,1239.556528649336,-1.3269993575387602,3,0,1,-0.1403789898820546,2.928576302177988,0.9103791882968136,-0.4719847893039208,1.1313901972559592,0,scanning
7.76023101136603,511.51795718632377,424.0289881111621,3,0,787.1915781295671,2196.88493607095,3.776881507309015,2,1,7,-0.8137298082434261,-1.6676307643184705,4.54283250917779,1.3219923458773255,-1.3652242087108817,0,normal
2.52742696498171,1346.670512846511,438.5088786426405,0,6,1556.8452696899049,1233.8859765897164,-3.097087196414325,0,2,2,0.4260971235038102,-4.262549477588357,4.333443360363355,0.8220333454962476,0.1183403947705857,1,normal
4.978943215651225,1218.2015877856095,560.3075477013023,0,3,2455.823265474085,1896.4465888505445,1.7648689899850427,1,1,0,-0.5180884436582316,1.6558746929541015,1.7914841740201704,-0.8077432365158994,1.9698429446905432,1,normal
0.0838783928253602,105.39590753611006,87.4228736357809,0,9,1789.3059354882914,1570.4362645547942,0.856693678479451,0,1,2,-2.2015924058473253,1.561533097440772,0.8011305074831192,-2.051257015167684,0.2536983692367763,1,normal
2.9587358728639863,856.6983506089804,804.7062425089961,0,6,1207.325931326728,478.23995788173113,1.53023732896896,1,2,1,-0.6828363616641097,0.6462304275412136,1.4287657911444511,1.688603714169806,-0.2175445856614232,0,password
2.025201673125912,1777.678695682163,55.13700828712293,9,0,2897.494087812589,1356.7805944261515,-0.5353627054683412,0,1,1,-1.806373050486721,1.4109101442532352,-1.0808404186413103,4.083727016360394,-0.0556778426886743,1,normal
1.3036772809139865,409.13365094712407,19.068384201288904,3,0,1639.8142220031502,2055.3604579174707,-3.6033454309338415,3,1,1,-0.2106568494618929,6.668053136841788,-0.1142192528135095,0.0121346076806618,0.5807899679539668,1,normal
4.050411491044796,986.4714689345736,127.06255045247376,0,6,199.87590888180048,1838.4006044962373,1.6096153402504263,2,2,2,2.5377431809756708,-0.7875713489461509,-0.582180039703861,0.9032044165128532,-1.4487818441236842,1,normal
3.3682326882347224,338.8646347202585,74.99129337747455,0,3,503.610209715617,593.2562654146856,-1.6788866262274622,2,2,3,1.516885092567524,1.9847340700128435,-0.2698246637069149,1.547830749362677,-0.0109622231766433,1,normal
1.2957238142099303,645.1084892274134,486.03960992598144,3,6,87.761242552274,1169.7367809217872,-0.1571628563331468,0,2,0,-2.1615176451756346,0.4988321420514935,0.8067488599992975,-1.2272808669406314,0.0404486865190025,0,normal
0.404345912182623,528.0290594226775,245.91963306576844,3,3,1008.1914825197244,493.4047979928974,-2.085479447587194,2,0,0,0.9235516172223408,-1.5710272822368456,1.699579611100452,-0.5814957007881032,0.6630972035651058,1,normal
5.560173480780036,471.12779442941167,180.95798721252973,6,6,614.2758419039475,878.1722016100616,-2.2311867247858617,0,0,1,-0.969160449603712,0.3950904548054884,1.2839964737200111,-1.1072583684225492,0.2571087456004814,0,normal
8.5137319011826,138.3380032689217,166.22420491705674,6,0,1483.0179821944855,868.4320531803147,0.8737317327918743,1,1,0,1.2698290121028035,-0.6629467720201039,1.1212775293912978,-0.8418769619228713,-0.1126184871264729,0,dos
7.10065305556041,1921.1369601762503,732.244750484581,3,3,2196.1468582643265,459.8894879767553,-2.999520147324192,0,0,2,-3.3345267847464823,-0.1926526037300309,2.4141007469574074,-0.151532018171528,-0.3568336898180028,1,normal
4.63906008826458,98.73554596047629,84.77692772161559,15,0,1636.2945747322317,422.3122904367272,-0.0155640922287385,0,1,0,1.659709454992505,-0.6163167501586405,4.571281206886739,-1.5310681922035292,-0.3265490462570728,1,backdoor
4.090575118084722,1154.4237917601383,191.4251405930224,0,6,222.09057888699436,1115.9632250522873,-2.4952215100434225,3,2,3,-0.3635036718388442,-0.8712249621367587,-1.191720673149237,-2.2880489779523785,-0.8302625595363959,1,normal
5.097354300986634,1282.797831926739,1168.46020878993,9,6,2158.693917983346,78.35791951948876,0.2083696679603665,4,1,2,-0.1961672521850002,-0.5442175104197347,3.062992066039601,3.899079918161264,-0.4843580759560199,1,normal
2.35831523178506,1180.0255416520984,226.0719521437258,0,3,4488.254217362193,587.3242318442708,-0.7549736646597168,2,0,6,-0.3921183240250939,-2.2643933722248315,-1.5952801441499778,1.5710200548318174,0.3376845563603071,1,normal
2.874921803511832,408.11171607542695,1026.1404490338095,0,15,2280.7387836002026,1458.9984833696872,2.174834733275267,1,0,4,-6.299467308764102,3.1403197923362263,-0.676918497003167,-0.6385207375845062,0.9030637845979654,0,normal
3.799073492667211,542.5601156263675,469.5154528767613,15,3,1406.7513880170727,838.2679959827401,-0.3406674736423215,2,0,1,-0.0167318190136094,-0.1733199131280385,0.2877327151888684,6.096962328385689,-0.4377420757249338,1,normal
7.401822520917582,1480.6642523944836,887.0526294596062,9,3,440.75921490539145,236.0637981832008,-4.042379323046927,0,0,4,1.719522306384514,0.3219534581974128,0.1073677584180614,0.4315672120336895,0.401690440678257,1,normal
4.401239120353663,1304.6702725038783,727.8746367659459,0,0,456.9843820906079,1316.6338065820871,0.0997018082236393,2,1,3,-0.5338352108619768,-0.7197734672570646,1.2870876258893356,-0.7867251789048499,-0.1145506167199977,1,normal
3.905877377517717,84.19290505122068,50.98413329283859,12,3,1203.3549883410478,1145.2130154984577,-4.4270447668431965,3,2,0,-2.2626895997117167,-1.2620956923921849,0.6519474301627306,-1.8491093732973705,-0.4903823536764016,1,normal
6.522325388159798,322.14184447110136,423.8946544411141,0,6,3783.596698625307,206.2821596344256,3.725772639175392,0,1,0,-1.118838856814482,1.863022546829616,1.013410406355309,-2.2967131759283825,0.067982738234742,0,backdoor
1.981233855198539,711.4673484203754,254.90359237455837,0,9,2371.7563287459893,525.1202408323941,1.2153671970810394,0,0,6,-3.9267318852873383,4.6202646111928525,-1.504480712414707,-1.4899039017449511,-2.0557130065985296,1,normal
0.8859260970570575,1151.7464851330312,378.53408164349776,6,0,600.1818891347434,1181.265515799496,0.9598135309750554,2,1,0,1.458765572838535,-1.4762838703909174,-1.183886634286009,-3.233458239771293,0.1388834927074725,0,ddos
6.914431492410863,2486.603129031605,298.18818640342266,0,3,307.8190592923718,459.4834559776574,-1.810804395757386,0,1,0,-1.2299545866011434,3.6789568644965858,1.827431285162621,-2.9341695066717577,-0.2439389697078738,1,dos
1.4903162136498955,591.557486032827,255.14637085453035,6,3,2288.0199715695912,1155.6736258236026,0.1858768856179322,1,2,4,-0.8001409287225367,-0.6472666426149696,4.6560196785974135,3.9075132667693,-0.8157338986607952,1,normal
6.977636746730895,634.8648757572638,120.36302351766196,0,6,1581.9140189194763,715.0977703756677,-1.1377338700124071,0,2,2,0.9024446277176216,1.7103870364599476,-1.126335281960012,2.1194640150858937,-0.5527862335390292,1,normal
3.648328136590319,350.70778032048565,409.0934319166447,0,6,1004.7677112193944,3095.674803575023,3.7815560852276207,4,2,0,-0.7805382874200386,-2.601077525410127,0.8808337554411471,1.0238852220032049,0.6828841704861626,1,normal
3.2598559845045094,507.0620987393842,369.6143592796317,6,3,1736.8263186645706,445.04461752241696,0.3751314664867069,2,0,5,-0.248623685299175,1.0372894390242,0.2671152379237608,-1.0522218946407256,0.5336537188704352,0,ddos
1.9994274067333295,1378.9328446137615,20.95022977845784,3,15,310.18780089079894,3180.302083699309,-0.151698137159177,3,2,3,-6.73270680599659,-1.496055719920465,3.582543237605697,-1.2354001613607672,0.1042634398660809,0,normal
3.671663721878853,1402.8748853438397,884.2470543272934,6,0,1323.9476473801433,2127.0619873639766,0.8402850228144823,1,1,6,-2.1909308147324413,-3.03012327673099,0.0087358939716244,-2.438588803930015,-2.141859087941945,1,normal
2.4537776559922144,805.4471674625939,172.94644467336397,3,0,2957.873781797705,42.28932132031042,1.626558460095788,1,1,5,-1.5395139471744437,4.806265271609294,-1.7097048874361984,-2.1886686698342723,-0.0575153344004814,1,normal
0.2143165665048953,156.6769315126898,367.6240590315217,0,3,1944.8700894954172,552.4387185037026,-3.593570289027042,2,0,0,-1.863217286940704,-0.6430921324981054,-1.9525368696220984,-3.283632020060262,1.2902387463338,1,normal
3.393733972071847,681.1906206897405,522.4394878001541,9,0,2419.1260584766164,2717.5853559591046,-4.427052077999404,0,1,3,0.3999965383880954,2.50917056470824,-0.3571123834064009,0.7782683406683688,1.6526423407747248,0,xss
6.297599097398416,1284.4467500973742,139.9957345098259,3,6,749.0185632771651,310.8460516764003,0.2104330613870255,2,0,1,-0.3085077298714033,1.030551322846668,-0.8788335418691067,2.2071469681858966,-0.1399281467230352,1,normal
6.621483931654836,339.540567770377,213.1355826938168,0,3,1080.7479264723545,581.2056687064122,1.2206960050991085,3,2,1,0.8832666832780303,-0.920152922512046,-0.5022056539033704,2.656698724951636,1.3031803927371537,0,ddos
2.560895843637531,312.8702093022506,359.6617703628008,9,9,1280.3900311523196,2183.8258554942813,-2.4251994309377785,1,0,1,-1.2813751306413748,2.2918401446933867,0.4472328571332342,-1.326480044204009,0.9565135335680568,0,password
14.804594371565692,639.5381050103772,126.07670228673244,0,9,530.3944955309519,1272.960941260153,-1.0479595337060077,0,2,0,-1.0887808756279074,-1.7423173786458308,1.6159238509459817,-0.256780411917837,-0.1339736990447929,0,normal
13.37387018555062,927.7756014433844,740.8511695753438,6,9,1795.4051602809209,336.2204050690915,-0.1519365220311488,1,0,6,0.6162037112215086,0.2996442935266801,-0.542843919083721,-1.0572415078762931,-0.6925707964392841,0,normal
6.442685313840059,1665.475995371504,83.13102228474987,6,0,2991.659814934322,1251.8819219231202,0.0320800989991054,1,0,2,-2.464127922540545,-0.2098531745234502,-1.359923675152457,3.5622513590176874,0.0460020618156341,1,normal
8.539829063947082,210.78365188609104,579.4385227501081,6,6,887.4316107096938,610.8256107650254,-1.4757451098480312,1,0,3,0.7713003765546251,-3.996050273115107,3.1374536641207182,0.4138173223790966,-0.3604114834603714,0,xss
3.69822370414424,1002.4593692581216,781.36480467112,0,15,149.80512799183296,941.6311124033424,-5.597068976810349,1,1,2,0.6974613997798651,-2.4357236067446677,-2.35127396300204,-3.256286835189387,0.1329956072708358,0,normal
2.747030106380068,831.1099681837935,118.85830934594262,6,0,1338.8038170805412,1096.4179635540058,0.3277967637921013,0,1,0,-5.13328267052067,2.4031693229831843,-2.041011085305416,0.793312485131587,-1.0236761121192313,1,normal
6.691579809758313,1275.4156855076335,831.6218025700965,0,0,526.6767467741942,305.99343550866763,-3.7247096875315178,5,0,3,-1.1260363204217698,0.9021815520937856,-1.021744116367126,-3.168234802194473,0.2684121797598204,0,normal
4.007543444490506,415.9116388385411,233.8745631039911,0,6,1113.280477193297,1190.5027562454386,0.6162750617399964,0,0,0,-3.106156464306575,2.076540203511069,1.705816370865124,-2.127304173977377,-2.026269261907041,1,normal
4.037058868274506,493.9975674212,740.8475806411808,6,6,1896.863478316702,526.4918351361243,0.0234926100870362,2,2,4,-1.0998318462249703,2.5203305054985607,1.3644865325705906,-2.2637873631186585,0.1821900341375244,0,normal
6.43721472170916,203.0205400072708,733.6289572469259,0,9,629.7264049329987,578.0132654532656,0.7963158809802928,0,2,1,-4.729230707455762,1.1778835956860556,-1.5683142768107603,-0.1583246995192424,0.0966278305823093,0,normal
4.259457844312459,254.5285814489133,862.1530180884595,3,6,706.6888878774188,434.8808551877711,-0.2089067806389868,0,1,2,3.636588070104412,-2.7486381883922744,-0.6138325768335652,-1.0052387662645614,1.228660883166469,0,scanning
10.470893152401164,1410.5069121063796,591.9760078942851,9,0,630.6704848794691,1321.3515977848106,0.161468837741151,1,1,0,2.1286860089627475,0.0265992427789296,0.4532524683696557,0.7460889980007015,-0.817159433353762,1,normal
2.331809587924033,798.6892579407556,267.0128066457452,3,3,718.433362986966,1169.8282525162194,0.0596471061296579,0,1,3,0.4216120099511071,-0.0414450569426438,3.1309405707577804,0.2460663276264497,-0.5061749575867508,1,ddos
5.02940127334007,773.0515993162471,693.1773061103638,0,3,955.8535736058492,894.4772936543734,1.2214760119917372,2,1,2,0.0387925977589271,-0.7089013906181738,-2.435171330485394,2.586451846688615,-0.8503123408634004,1,normal
1.7812743913990423,1132.436346569174,252.93816728608087,0,3,452.1663851336096,1400.336870556384,1.3428681983885962,0,1,2,2.271426897615875,-1.870592041137096,1.027491526735827,1.505369368342328,0.3013616266262328,1,normal
2.9932750638941785,601.3464770511952,135.8943589085719,3,6,1091.2245987258664,2140.876455434809,4.91263152484099,3,2,3,1.3105073262482072,-0.6088270904026845,0.1591318402527435,0.3147956466212109,1.2640622753840964,1,normal
2.7342027870632384,750.300636719491,518.1289068403458,0,0,2589.096188640864,637.2015008630008,-2.7661765176739115,1,2,5,-0.472787805854625,-3.133525236196138,4.387968401197253,1.3493473412065742,-0.0536186221995192,0,scanning
3.0452012219580387,2308.7025064258905,504.8125348404005,3,0,4853.929356161637,664.3819018126987,-1.3805539746547717,2,1,1,2.8312113843338995,-4.200626605705693,-4.963184347099253,0.2179470007904249,-1.7747754303604186,1,injection
1.989091842770204,90.7120203954468,292.11936329524696,6,6,176.724084558419,47.2904413217555,-2.301424741789259,2,0,4,0.9503570486302924,0.3255942524583365,0.810091981414615,1.853554201235528,-2.2326877369731744,1,normal
0.4411846112058974,18.96951020807669,961.8113435161856,0,3,912.128419335701,476.73614458607904,0.0329716441098626,2,1,3,-1.6929139971707232,2.6439312889539623,-2.4323156173335105,-0.6428645392588251,0.4716900977663892,1,normal
0.754203029269485,1243.0235797704463,1254.0646213516234,9,6,1671.004789532735,912.5731185494328,-1.816617473748714,0,1,1,-4.8168688023187,4.961837583874789,4.35506152097035,-0.7788240882435615,-0.1006314751069598,1,normal
0.9944830737965576,604.2636672944833,56.090606746709824,0,3,315.2513830912321,696.6450767071774,1.8909152304417904,4,0,0,3.062109224549311,-0.6347131566705768,-4.182484193868054,-4.849811754417586,0.8796096329916832,1,normal
14.755794225632869,947.8102534182082,110.69205427927264,0,3,1596.342489921575,1723.3045176457615,-0.3453284966559213,0,1,4,-0.3075425781707536,2.934920222057235,-1.6964241300522274,3.203494945127045,1.796581825050077,1,normal
0.2580491653521168,514.8232036716769,21.508968694852356,3,3,1871.5397652919255,1234.372356380668,-1.17087068352258,0,1,1,-2.721473045186638,4.291242324259993,2.51410862904224,-3.1406278650933173,0.3376795456676729,1,normal
15.873839548577518,889.5125251090443,104.2797611946935,6,6,375.3408328871984,3448.0599083893862,2.0254430601436675,1,1,7,1.1215355101187867,-3.667582772681668,2.1977767062003437,1.1561821986317546,-0.1392202121766361,1,normal
3.2598107824535405,1051.7264904862982,241.1219086049895,3,6,3525.671760855765,1658.0347984648463,1.528288371006698,1,0,5,-1.403968428853087,3.991400546114399,-1.6466713573171974,-4.206254751336697,-0.6481503967734382,0,normal
2.793571496645828,26.96936222335744,90.05167740446906,0,0,684.4655328575508,803.3141121144894,1.201356040477637,0,1,0,3.3654224119911413,-0.5398635306136542,-2.256394921158269,-2.6009296370359185,-1.486515152225505,0,dos
5.842325606128142,1302.688987526214,326.8973742426492,0,0,1436.0029421534416,410.176899079931,-0.912136347452078,1,2,3,-0.6323530756551955,-0.4228340447666974,0.5837325518096923,-1.7093673880622149,0.1356130139635211,0,normal
5.494079000831256,1781.5164758779006,880.458659229994,0,3,601.1251357298114,347.3038366414862,4.6932248080176215,0,2,1,-2.1246958866448384,0.3186222962001068,3.025265083454625,3.678014803498208,-0.3927652876546856,0,scanning
0.1840313801102228,902.8667861067784,655.1206089544074,6,6,925.3135762862164,1673.2755542307948,1.3581295409339598,1,2,0,-1.0917581139881036,1.0636845956418517,-1.7817365146773616,2.9897203364859184,-1.5316187324488215,0,ddos
0.5891179045301188,1912.966538391533,45.24092577821754,3,3,2817.324638890085,275.10350510427486,-5.7783551738343375,1,0,0,-0.7242718544243584,-0.5832170692162475,3.0269099681777583,0.9806850785674116,1.205117775411065,1,normal
3.007994178068692,174.6613407159754,222.71726020980955,0,15,3762.3885181707087,3492.7805108995785,2.376317192161575,1,0,0,-3.4969049847722307,-1.2667286603651948,3.340573821282409,-2.2109717196211487,1.7107296374068115,0,normal
5.277087903943594,1862.756984085698,406.4128140885297,3,3,2488.1791163041808,3295.362057048578,2.37049878495728,1,0,0,-3.207027855326311,3.824295884668509,-2.7642278272566028,5.619495670602813,-0.7380496434473426,1,normal
3.966156913262766,2305.3253477432995,819.0908963701945,0,3,2918.656755703389,604.634033387691,-3.122071171831032,0,2,4,-1.055975675343692,0.2057009776756504,3.6346496382486704,0.2221645318232388,1.1112122829357274,1,normal
6.674613191740518,186.36792831911663,614.1458352322136,12,0,1758.0983478681162,32.03050378947426,-0.684752689592174,2,0,4,-0.423195337736059,6.115227886972527,-1.0142043821318902,-2.5471797839255017,1.0688476259361548,1,normal
8.705666015022176,789.0760812101634,560.7199081097676,0,3,364.815284903185,673.2641263557099,-1.534542142844318,2,2,0,-0.0804079945762408,0.8335861481433517,3.4566435957647883,-0.4948865766147795,-1.3796837722313513,0,normal
1.5021533242522231,1376.1897207824836,366.46049670740064,3,3,1009.3376710949508,1676.842333109759,0.3119577663105659,3,2,0,-2.472809059931965,-4.296745927661701,1.5811398564554813,2.4180337237106926,-0.2052148753632743,1,ddos
2.651351979094017,258.6049656504909,761.3179166856086,3,0,1016.5974436438648,1996.276191851327,3.803482808386789,1,0,3,1.9465158375215137,1.4138737318211103,0.399483876824548,-0.1588575927319648,-1.336735344066215,1,normal
6.413222363813013,96.99922153375384,245.00727318641592,0,6,248.41803227565444,710.1239828119163,1.489069870644695,0,2,0,-3.1567104876754124,0.0402327146764738,-0.8089417709442464,-0.3047202146036601,0.319806521007006,1,normal
1.6957415289453674,1810.3911627161892,21.20800928144321,6,0,324.15873465978666,1264.340965337345,-3.179653936507756,1,0,2,0.2641936449325242,2.75443836175302,5.336823429369806,-2.864729608015426,0.7092694298315877,1,normal
4.641274426805674,974.8562507220364,123.89542227004884,3,0,1228.0591735330097,731.6897891325224,-1.4466621163207825,2,1,0,-0.9667170859954086,-0.7589781887391254,1.3118313415279823,0.147715962139743,0.9218451563107912,0,password
4.208039702114117,746.2146684698304,254.79752491560956,6,12,5854.916167155229,169.51333746548997,5.18579302139662,1,0,0,-3.313206538025147,5.828747707798761,1.5545323949391874,-1.035228865375711,-0.7051745480580647,0,backdoor
7.319443733017961,497.55170121348834,15.254313152656712,0,3,132.75236732879335,1232.0035351723477,3.381232155979249,0,2,2,1.7835850649678506,-2.6078534752234512,0.0796893317072098,2.4662084676439364,-0.4305902667731385,1,normal
0.3694334565990048,830.9250267313575,296.1824449061033,0,0,1624.370057732835,1216.3955215860544,1.5842481107113917,3,1,0,-2.1450599906812733,-0.657484502530015,-1.8031485144910864,1.615511986289059,-0.5185917458920645,1,ddos
6.090140302043969,7.625439402953793,394.24727142466986,6,3,1512.9831137162012,118.75068614456498,0.0567462237697018,3,2,0,0.4755028764023667,0.9329762420135226,-1.271795150444866,0.8480230340099096,-0.0707242562632692,1,normal
6.588306710960767,461.17860390262257,116.88038564231596,6,6,1326.1133863830898,473.4225873701901,0.3069687063828268,2,0,2,0.0052754159029912,-1.4201471218575992,-0.9373437893232124,0.2661429776334689,-1.6253902575551653,0,password
3.972353286322385,763.4305346561133,201.7297358600777,6,6,623.4650458144996,640.1962977224244,-1.601247996506337,3,0,4,-2.279864283453956,-0.4874221591239003,-1.0627510081422131,-0.8144281873925812,1.8080750485099288,1,normal
5.982747575750707,152.2775128642078,262.1294086458525,9,3,1081.4053154356036,1756.611908984018,-1.0347596778738002,0,0,6,1.147952360415491,2.67124653298038,2.3393542459662173,3.620190475843757,1.6956902771755935,0,normal
1.935050957513124,149.83788330184677,123.25433651219974,9,3,246.378482713406,971.7177779639064,2.6755025691455225,0,0,3,-1.8589942118615224,1.0694982584538126,-2.077904594960864,0.7111471242581517,-1.6737167274440528,0,ddos
1.4903162136498955,591.557486032827,255.14637085453035,6,3,2288.0199715695912,1155.6736258236026,0.1858768856179322,1,2,4,-0.8001409287225367,-0.6472666426149696,4.6560196785974135,3.9075132667693,-0.8157338986607952,0,normal
10.04262403825311,803.349630140556,194.72621286590388,9,3,356.45607032398004,1693.132362370846,-2.0827418933731976,0,0,1,-0.9539465459948996,1.5354859261518898,1.3874238411244413,-0.7418049609147297,-0.318492457696076,0,scanning
1.7076874133762017,65.03535913179648,376.19700481853937,3,3,1401.3116617095138,411.4714498338717,-0.8727976447706695,2,0,4,-0.1677014363168634,2.826832665405137,-0.2599008919245431,-1.545041379821018,0.2046407061608504,1,normal
3.843132518620398,104.99250728273934,495.8459305387684,9,3,2008.200786447868,285.74207322488246,0.4593306434559443,1,2,0,-0.0076025921627127,2.3581705888641578,0.3317726150675244,-1.7720044222303075,-0.3327394204749778,1,normal
1.4470496626155782,192.38693407895903,684.4731683502578,6,3,230.68183388970817,729.6490622338072,-2.4318991350779204,0,1,4,-3.1380861248778444,3.5803784426610505,-1.1118565277648151,-0.0382306663862528,1.1766444167766243,0,normal
2.0425063861080464,184.6016517717569,265.76660403204284,0,6,1632.9805168761393,2012.142081047847,-3.605375507559409,1,1,2,-2.850837983619426,4.535688642918825,2.3370064270298934,3.040176191609976,0.0293069318695527,1,normal
1.7887550058361343,559.1961156152242,39.24378205196271,3,3,505.2334884289359,973.9274658982388,-2.199012695561384,3,1,2,0.0590421117874506,4.751597999788097,1.5307037328316158,-1.4160646744240508,-0.3889986041354572,1,normal
2.2988963433635297,25.716422512585435,179.91505949186123,6,6,1847.5981251608669,1402.113748643806,-0.4279742129491894,2,0,6,0.2074253243086038,0.6299084141287506,5.678787255589541,5.730203594003805,-1.1703700177046152,1,normal
6.231119762171109,500.0798310085025,180.739812832036,3,0,308.2838779421048,271.18375017179835,-0.4055056111915265,1,0,1,-1.5380268696557569,-1.5768061663918451,2.4117465802078843,1.0284072809672984,-0.1330608167399828,0,normal
3.419641121785346,2337.089417181902,34.95898211789773,15,0,168.69747946953328,1818.011695067189,-3.2765228022966983,1,0,4,-1.0321455440597287,-0.1592665991645798,5.161937764337151,-1.4062605647946111,0.3694706506948641,0,normal
9.505707230976228,434.41107550829713,148.449672419287,3,6,1636.9345876935763,681.8206119660173,2.2384259897205734,1,1,1,1.0311591775287463,2.2432781553002807,1.7912029881516762,1.543765140172932,-0.6021874244560091,0,normal
3.5810957134951176,441.65900231715017,1127.2136492280638,6,3,1087.7053939106297,698.9979762541714,0.4212585784867775,1,0,1,-4.115239338832124,0.4710552238770876,-2.875573692996654,1.0346241005627956,-0.2569737375193856,0,normal
0.4968445008335791,909.6099221293742,567.4520776876446,9,0,313.7100329909293,1000.315510647313,-0.2022900145766809,1,0,2,-4.079226500193874,4.268023618156446,0.0343206900517372,1.6109452795548371,0.4753589544471272,1,normal
4.743107391757613,734.6163274883988,306.8074208895339,0,6,497.6661173333084,340.2226031017201,-2.082501015473614,1,0,6,-2.7764503701722054,2.450017316253584,-1.179061497806848,-1.8058036147273324,1.6782788367920285,0,normal
4.399920041103296,76.09574693964338,424.7432948769771,0,3,8.583624497092735,928.0255590827236,1.5216298780983968,1,0,4,-0.8411435179026345,1.269081002862712,-1.4389563571068251,3.3490875679741148,-0.5813995700031725,1,normal
0.7201226622782492,583.0740934398757,162.77088107827404,0,3,1782.8639156393283,771.14000337689,0.7508898414603846,0,0,0,-0.1326486230653609,-0.641340411786083,-1.7494281987175513,2.33150792829744,-0.1276663405150512,1,normal
1.7982936452953917,548.3994872052162,522.0909377418697,3,12,150.5029944905408,2282.806238656222,-0.5310362466573624,2,0,0,0.1128890832761637,-4.992039202266466,4.445991082117982,0.2905814290254278,-0.1481776764030314,0,backdoor
0.8636629004082874,215.1542866061188,88.29968991610625,0,6,1431.5063946667262,2148.7746548212035,2.626614803951045,2,1,6,1.4867437325818722,0.3159379508798957,1.3477343571727791,1.7029987945955751,-0.5837947501935112,1,normal
3.8194189181671017,410.66055257726623,78.50160918834644,3,6,2180.3895549848307,1034.461351617076,1.1644101368238606,0,0,3,1.4926673640659864,4.119474642509026,5.706184800336993,0.4137170334187474,-0.1830469440047003,1,normal
2.817380589432417,471.5919108385938,332.6826922400174,3,3,1368.0807937949746,594.878330240235,3.1658377645300453,1,2,2,-2.050169192776735,2.145303532079448,-0.1792849614374789,3.969305632862452,1.7622371019195986,1,normal
0.8414715953581581,94.44167249825388,1050.117760733521,15,12,2130.686521482734,1892.0568339141732,1.8436139336986568,2,2,5,-0.3879841147622154,1.2155134980102775,-3.8336637154905953,-1.994322209964483,0.4868873964765386,1,scanning
2.966518528541275,330.6336456005311,769.7929330721215,9,6,1219.5336327468974,127.16674127885238,-0.1995383468312914,0,0,2,-2.604814619165044,-0.3226476337635344,1.8934682371153888,-3.811556856728412,0.2529964925982015,0,ddos
2.054812015304117,583.6756198681155,323.3623024254328,3,0,105.50191035556576,543.8358172260831,-1.7751103443060874,2,2,3,0.5604131405652961,3.94046671054752,0.1224907090936449,0.4978690608768513,-0.9649980502746828,0,normal
1.0194737016159692,1246.7989035315727,165.1427502722445,3,0,1325.987599817288,1425.3343866121286,0.5919696487901963,0,0,2,-0.2223855090878675,-1.85158213665785,4.625675806350527,-1.7450717411251848,-1.3958558234438208,1,injection
6.282925744263124,994.925906031279,689.6694524454276,6,6,2176.800456381874,112.73316881715787,0.6575268442974732,3,2,0,2.3969246186100865,-0.1103671903500727,-1.1388751101111343,2.3599615703486148,0.3900325579428201,1,normal
7.958039976575755,965.6862525057088,52.51901780907794,6,9,910.5122619762813,473.2771545860799,-0.8857343779221296,0,1,6,2.841800509187507,-2.11538993645166,0.8815854935464607,-1.8036176231034244,-0.0206668789575817,0,ddos
7.44159972592454,733.9850365854008,120.42217521358172,6,3,1893.37861276134,1132.422310180822,-1.7520675845494804,1,2,0,-2.313874676498528,2.2518581501299577,0.134573791613642,1.6083333058088538,-0.8213768518982122,1,normal
4.260936718995385,11.52965520248117,244.44204684966132,3,3,550.9932958680879,361.4382678054992,-1.073515615686397,1,0,2,-0.64453378201182,0.5620735540708286,-0.6384899550537838,0.9289025015834368,0.2342614908321332,1,normal
2.285872283025641,33.03000766801356,567.9066625394743,0,0,1125.3174828770532,1190.770386279628,4.778628229532349,0,1,1,3.3507519253980504,3.643982198341368,0.2437690843151821,1.0243535084269475,0.1329833896004688,0,normal
6.590788354278068,2003.9490037253104,1057.477902347772,3,12,264.259358447337,156.8873374976868,5.6989162176127,2,0,5,-1.3727913327456456,-0.8226007314500712,-3.619214099112821,1.6855834205700262,0.7851032147614606,0,password
2.819065120572104,1229.5827986168683,128.24760465640864,6,3,778.4314835365014,1393.8309226919264,-1.4276844572625311,2,2,5,0.8095902372466048,1.2136501517829597,-1.481507082554365,1.5781301786304296,-0.7228048354055163,0,injection
2.2226796065355128,162.24951918755886,518.0087156207915,0,3,932.05752541761,838.0772770606388,1.4885153101846007,0,1,0,2.356587293971968,-1.3847240093210924,-2.867507030033803,0.7033834290005785,-1.2694614648407283,0,dos
0.836603239065567,1513.701323764367,401.7293937622927,9,0,968.886635446046,1179.5739221711492,-0.4038140133138823,5,1,5,2.7653389305596976,-2.888593022835377,0.0159330180685455,0.7906389101148664,-0.5661384285947331,0,scanning
6.856326128671974,782.8407726209426,312.0831240444719,15,6,2293.225810786798,228.78209085429305,1.4811211528248216,2,1,3,0.0281087071509424,-0.2608247433035546,2.9880127023593577,2.584751566081669,0.2797101292216504,1,normal
0.2109196944679317,1152.5665922873886,455.6494657437144,3,3,1085.7081991520365,698.6549716982895,1.1113198372985735,4,0,3,0.5740874708705024,-1.5212531369026132,-2.5653845241661983,1.741120813478496,0.2768396513719999,0,ddos
6.291143493793666,471.0762673329173,1029.1239953798963,0,9,1035.5712587873709,27.533081236897505,-2.887456456448646,0,0,4,-2.672124503848728,2.5401604654312173,3.1408832246801044,0.8579660728784904,-0.719006566976389,1,normal
4.918552374013874,687.336561165448,31.00471405949118,0,0,456.1267784008984,1303.7351721425748,-0.2540797578480063,0,0,2,-0.3668558394100899,-2.5797531141651344,0.7860781664041954,-1.973475353616544,2.2979678314031187,0,dos
4.383939642008149,887.4645099920945,536.6444776491609,0,3,3441.8439877685387,1388.4531792141888,-0.3236238561085127,1,2,3,-0.2537414361553864,-0.0457333132740251,-1.7616041160001954,2.108347220418356,0.5802554513857875,1,normal
1.1032349786120808,366.4711391032195,286.2324781055314,6,9,79.14734984450483,64.31903323090901,3.4728928259009217,0,2,2,-0.4364068466584705,0.1076241152508024,-0.8384885554781272,2.0967462109139205,-0.8867767132369395,0,injection
4.4987563581211,1997.9436126622736,504.4106141019664,6,6,741.5095613881164,1131.1877349592137,-1.3687228055647729,1,1,6,1.3034378156008417,-1.0321351118715516,3.175237487789734,-2.800482988248305,-1.2728036374669642,1,normal
6.718126752979674,4.2297039727237085,734.989793357799,0,3,1548.873895341415,952.2529984785516,-4.280966862952139,5,0,5,-1.5426742790961046,2.04816751914631,-2.2921545828214853,-1.7967606910316851,1.3626748396427204,1,normal
6.337393382934632,237.97397315365453,234.6994481338117,0,0,1154.7666562694997,1073.508552144826,0.3372828012454505,2,0,1,1.284938453692387,0.9033128028260036,-1.2899077360699127,-3.4438472696430478,0.6903857016801737,1,normal
3.688945518004695,143.05350754732282,97.42831030295255,6,9,41.97795474986651,1486.555058212291,0.0145901362122828,0,0,0,-2.359066325266527,-1.654145449315812,-0.7487361543254101,-0.0424322147433451,0.5787818765283974,1,normal
2.880282760300472,691.3255569780625,73.17220332962916,3,3,579.6444001790802,132.65050528298136,0.056878378486064,2,0,0,-1.240058851107435,0.4824718829878978,0.8968267059612094,-3.108197682140551,-0.415896310353912,0,scanning
3.703114062840688,51.27904766573344,643.4224070530673,0,0,300.8159472055031,173.35913850573417,0.558379784961576,3,0,0,2.537276431487109,-1.5330905302076183,-0.9428485531811756,-1.3795171639530717,-1.1884382724625615,0,dos
18.388326865142677,1354.3689931388822,319.3799990187934,6,3,890.9143049500165,332.7327491571522,-0.5979857361290157,3,1,4,-1.967712891023948,1.5565148270398503,1.5529581019388108,-2.415278782250545,0.48888653527379,0,scanning
0.6254842818351357,1478.3238708747274,136.7419637415208,6,3,53.23196691325764,1775.4261600803102,1.1132858844448643,2,1,4,-3.380231532650442,-0.7849593590674186,0.7612008730907762,2.511210412749908,1.839599239646384,1,scanning
1.434964689290851,1276.2953248613155,207.4175383050593,9,0,467.3793366181262,507.6057934830022,-1.7197967219108996,0,0,1,-2.35102556448872,-0.9638057424468308,3.3424180717941603,-1.6432019532541289,-1.7858252090510216,1,password
2.92818280815421,639.9625070854362,822.9146489160281,6,3,1646.1947639949642,169.4419771967101,3.99835990679128,1,0,3,0.6375597674532651,1.5922300992512033,1.1223673968615804,1.8490905661358368,1.7321710076922754,0,dos
18.388326865142677,1354.3689931388822,319.3799990187934,6,3,890.9143049500165,332.7327491571522,-0.5979857361290157,3,1,4,-1.967712891023948,1.5565148270398503,1.5529581019388108,-2.415278782250545,0.48888653527379,0,scanning
3.723926837928664,1218.587635317729,299.5911298852354,9,3,1081.028581785536,2032.18063922517,1.1767959022188414,0,1,4,-2.027630647937043,2.056842960274506,1.10176597309365,-4.782760124906527,-0.7007064199177121,0,normal
1.4068680265325562,1991.7808978799465,3.08821472659413,18,3,41.5130846350321,3686.150265133811,1.3684557695005546,0,1,2,-0.6938342377785216,-3.1875429937786777,1.711571974740977,-1.3823518460020676,-1.3666236496919126,1,normal
1.6236222142827803,53.62553255217362,413.2976509901388,3,6,1292.5695054881471,101.2259546410754,1.242010687957365,2,0,4,1.274729177206814,-1.0488914144153068,0.3929348412789678,0.7155074061222789,0.9838573279276008,0,password
10.189786589781871,2630.52479145272,100.52595111986304,3,9,1473.0599442042524,3076.3010874669963,2.4284980611573097,2,2,0,-4.977958129892329,5.090538379124648,-0.940220514149546,0.6702331531545473,0.2185808971647067,0,injection
9.049843445567513,621.2473030498702,488.6701333650763,6,9,406.121149059249,37.39059541756737,-1.7704966682181875,1,2,3,-2.1888386077152964,2.190251192701916,4.771159635702805,0.7673806308464317,-0.4514514250663098,1,normal
0.9930724647566048,764.8347556656399,526.1762188342144,6,15,1698.3330893408213,895.5674626421986,2.3872564975116486,1,1,3,-1.7375370348108523,2.0935143354944614,0.2631198488017559,0.8262081269372648,0.3175570254429826,0,scanning
5.327990243200373,424.3961589646207,516.9597167006423,0,3,1003.9516514258596,2248.3782101093143,-4.125242633156633,4,0,5,1.1037873839088377,5.089399429790269,0.0113744568001372,-0.360319720603576,-2.163829928029092,1,normal
2.5326208531052696,443.6589507531911,520.719933746443,3,0,1765.3865728209485,459.65465754758776,-0.9287223119816436,0,0,1,-0.661334179148477,0.1015030435753423,2.665399109169108,-1.808383968908985,-0.3020844977160052,0,backdoor
4.6928927884504965,2072.9407052136166,990.254379210066,0,0,1136.2217698349812,794.1467053727451,1.898855196826946,0,0,3,-4.951034534528054,-2.3732958716106043,2.05682923112457,1.876922698441482,-0.8841593865093276,0,scanning
6.90997432561426,488.9749916289167,810.6220058124541,3,0,24.387033335011733,1142.4180159755908,0.4735775480567222,1,0,2,4.15035859633451,3.808851373435009,-1.779368089950346,1.0236650688095204,0.554518026793477,1,normal
9.202447079132916,881.2829254569997,506.8365891265254,0,15,683.3428296076953,3295.3257649182688,2.017476018197129,2,0,3,-2.011078798562863,-1.6743787732338182,2.964640049734742,-0.5359589008896688,0.5537359309032863,0,dos
1.1123977557589817,1177.0703035435442,821.4166130019046,6,0,2776.852635255678,433.6725267366659,2.3513141321187687,0,0,0,1.0495392089007218,0.7008392602939828,3.6094927852657,1.398615391631531,-0.0435226555695657,1,normal
2.352109141362174,738.302385439736,106.13385461151373,0,0,1473.750396211272,1622.2507182897302,-0.0449881794338584,4,0,1,0.8508718056745403,-1.972201442269751,1.4747439543489356,-3.5152455799547395,-0.4851144864205926,0,injection
3.248391749273172,634.8416342408915,331.51225960480747,0,9,1283.9710451285223,135.80310818382634,1.0916451228093662,0,1,6,-4.603743071045808,4.604711307781002,-2.9006254029033105,-0.7581550832277312,-1.4422445926805547,0,normal
2.803764199807505,1235.4302102210909,372.31463908612136,3,0,100.13739058198152,1294.7675142658231,-1.5618859441234418,1,1,2,-0.2821514978390201,-0.1632553505624754,2.37992581512297,-2.4778906059718016,0.8148344697230965,0,normal
7.779472013023233,355.8028992039012,680.4791039366874,0,3,420.9869465843285,510.7982697250863,-0.9880737657186238,1,0,3,-2.2019762071229696,1.1846160524736096,-1.323846212035466,-0.7306991483833805,1.340297745552634,0,normal
9.81995800130268,1636.8017158144055,455.71909437193307,0,6,727.4930440549998,673.5159709592298,0.5576888732668868,3,0,1,-3.628879242245669,0.4199346464811677,2.957352172915768,-1.5778547913522,-1.1626441365127769,0,dos
5.022797648344902,218.99783894348712,224.0196251788049,0,0,238.5276798989854,176.38665587657746,3.351435911303029,0,0,0,0.3580260400417474,-0.5342196096267328,-4.663185485872941,-2.2073977612342794,1.4369152998304864,0,scanning
1.8481749983778808,649.1174628714299,59.210536970007,0,3,587.3454748990372,484.8464225939061,-2.0352310308538035,0,1,3,-0.7874862096214081,-1.7837097118932617,6.258557659719901,0.6246926969186097,-1.737324016949643,0,password
3.87320568626855,87.64570749988276,1003.2681924234446,3,6,908.093200769256,741.6151471478674,-2.748683115332673,2,1,6,-1.676770437468133,4.890228360902397,1.0540563513089545,0.1086341309507743,-0.0988679519300356,1,normal
4.066284369366028,185.870171783093,147.6426467560816,3,3,1179.6267297874542,197.3125076152046,3.4014492467430104,1,1,3,5.126243406118052,4.154425558132909,-1.8670244289204097,0.7643300041575793,-1.1744198116703028,1,normal
6.193804618749602,1050.9418109996127,700.4598619385013,3,0,635.1372677159702,54.83625707021997,-2.508244695802931,2,1,0,0.7339496601423221,1.2510404288048969,1.5565213031713538,-0.8929852237884244,-1.3532411310210988,1,normal
5.500540573465267,201.34914230868856,469.0436263340779,6,3,864.199057254131,599.384130354246,3.7268560501129926,0,2,1,6.65303177525508,4.86366545162115,-2.1681996017311835,0.0443833893417662,-0.902158670856928,1,normal
5.8696907022791125,1042.9926803268822,141.60333217359522,6,9,314.16443570730326,486.6004109442807,2.0093864389195804,1,2,2,2.575149743646496,1.7625414416690424,1.6252021859635852,4.159232469879795,-0.1758857981749439,1,normal
8.553332913418753,1392.8083636418771,565.4598282507558,3,3,1945.1040375470025,857.0696777691722,-0.4041599974287637,1,0,1,-1.149563063398971,-0.592965926785296,-2.5885587613710914,0.3314807029462088,0.1336116653724508,1,normal
2.1467476033642248,56.12889161635904,163.3994902461078,6,12,1732.8006345873937,1214.9404585660347,0.9185099723362564,1,0,3,-4.749662995294568,2.5109578614658794,0.0002588273389239,2.688902794201198e-06,-0.3545462770558067,0,normal
4.0626941833939805,215.2729769585069,9.359178255002488,6,6,479.1080563479383,301.8906729636775,-0.1468861133983456,1,1,2,-2.778988228752401,1.353621401826527,0.1358879406535023,-1.1205699499812058,-1.1254429344662702,0,normal
6.141749201791317,740.1895225660714,529.1360175415091,3,6,3260.3934837381807,705.2026446742242,0.0079295023651753,1,1,6,-1.9100215319811935,4.2613017818292125,-0.1746057303209265,-2.1307240403002354,0.456264699709951,1,normal
3.4330481873392937,1357.424449375982,62.38048938794728,9,3,88.48859500847067,1754.9859789108325,-0.2505207875748805,0,0,3,-2.2394290409704403,-1.060910805881815,1.998072247158061,-1.4710483842709356,0.3697140379522177,0,normal
0.0796743255975504,1137.9914477184063,362.5526358962003,6,0,1881.54810131856,846.5838896993013,-2.0939266917019297,0,0,0,-0.4727302812850927,0.2318029880959287,2.764623042111899,-2.805855825927082,-0.3368186002753993,0,scanning
4.656581902978277,587.5975520941547,82.54738945403413,6,6,1891.21995533348,1234.05145899796,2.065757156406133,0,1,2,-2.6109641572093585,1.9501954481901624,-2.999559128599428,-2.079600774127621,0.0214971480397489,1,normal
2.449029407709687,1269.7777920167323,842.8861193238957,3,0,18.70220314283483,251.69459619534496,1.2536068259073991,2,2,0,-1.1325785509993775,0.6018122078411583,-0.5419044726693688,1.9829890483939432,1.701183472874516,1,normal
0.8701701096471275,1846.7430668876204,78.34783229469707,3,0,1742.5860665778182,608.4389932397714,0.5748800339632052,3,0,2,-2.449399709863859,0.4451930253866812,-0.5484491917198004,2.4815453132656766,2.299451087752594,1,normal
5.2571657586452005,322.74653863782186,138.15178258914307,6,3,4103.90270355425,1282.1207637975658,0.4790031892348614,1,1,4,-1.8225962053692235,5.178863747706931,1.116364098664973,-3.5914239245682094,0.1671709414419058,0,normal
6.917768449629963,413.3914869060153,225.78314832560457,3,0,2497.240114995842,1072.8987187952528,1.2292638397810938,1,1,3,0.2322043861852767,2.057361356583633,-0.7746001474953148,-2.495740683979667,1.0716251778431425,0,normal
4.556506163280894,728.8347789159626,237.8398532671376,15,9,339.0049278965909,1286.3656192877709,-2.1058823672299223,3,2,1,1.7087474009485624,3.052798294024205,-1.662188276799142,-0.9481966644018152,-0.3727490634396615,0,normal
4.412994317843378,262.81478462143315,12.82717865858206,6,9,1599.4622028301387,302.2437732418556,2.474452741177957,3,0,0,2.5665745127843103,-1.006279599131236,-1.333692359636079,3.347755826239552,0.1619788781401962,1,normal
5.757418240308828,458.9426683746983,61.15159272483907,0,6,1078.8387817880616,725.6377365258985,3.248664740781936,2,1,1,1.7624913730533678,-1.9155133008255805,2.190376163470115,2.8872417409391216,0.3857131234880309,0,backdoor
3.3438257960236366,1452.9870914068977,296.1149791632384,0,0,1258.436984564076,2341.248739800546,-0.5304155639246623,0,0,4,-0.6121070806858154,3.628461404843816,-1.3777944673999694,2.9499228293867894,-0.4275414907807808,1,normal
4.329229039059764,796.2636589726958,121.8245681196479,3,3,1256.3267670276443,889.7131970457464,-0.0950301891486018,1,1,2,-1.6436406691625445,-0.9823631215499098,1.0117366240617651,-1.594605221067422,-0.725083265927798,1,normal
2.9684922293717757,2881.438359056893,50.83303772453194,6,0,2353.028282497058,235.31071727862263,-7.144544228217153,1,2,3,0.7861273016480677,-2.4938042905072955,8.090099189252259,1.440785070647462,0.8021232869756123,0,normal
6.384036388765208,141.26440484501367,573.8024520945665,12,9,2514.577736456189,544.4329890425083,2.453664889826856,0,1,2,-2.952803459127732,2.259840042969876,-0.3059539823807452,-2.307599146109286,1.1099922785256997,0,ddos
2.8683418451665683,376.4056007074826,110.4800964747916,6,9,1957.1888856304276,2777.90144594204,2.951045128350254,3,0,1,0.4025086780264647,-1.4564143542150352,-1.5687887341901454,-2.705230261692488,0.6627955526034358,0,password
1.6676185492657782,1433.7488214825553,755.175228159086,9,0,499.4462890234707,767.5726803650275,-2.870972419779563,0,1,1,-1.1966142253912635,0.974229118008796,2.783653344649359,-0.958212512754704,-0.0933826785684975,1,normal
7.588172303921477,495.2339821958605,178.54941074049137,0,0,481.2012827569672,1374.5295622047297,0.302980325550904,1,1,1,-0.2640566653506048,-0.4353467579928292,0.6973904778705827,-2.477714986449011,-0.9519403312304796,1,normal
8.217974778967767,266.2316585742296,39.10577305653965,9,0,2695.309305567111,389.9848505254989,0.5174550746188367,0,0,1,-1.1016044937868046,1.609735390154019,6.336849350638343,2.1253101454160035,0.8408337620197149,0,normal
1.32939695805915,123.90880509637124,242.6694033919004,3,0,792.5077568839098,1405.5539242274356,1.229286411200937,1,0,2,-1.447261811418472,2.567085900799534,-0.0859962547475134,3.212511539680584,-1.6820796222831929,1,scanning
9.86248059795996,54.612048984080566,577.2886163646199,6,3,2765.426104985029,2284.6330541909965,2.188523280517945,1,1,0,-2.0426046927350603,4.124189203942104,-0.1187610401565106,-4.866907381985099,0.829753516890463,1,normal
6.564403673464138,279.68880418285056,168.71591390158312,3,6,1996.6696153760265,827.5211679788763,2.0286948849366566,0,1,3,2.1683056462737613,1.5160264293354884,-0.3600122294063221,0.9266457809826268,0.1412630570365067,1,normal
1.886900614202308,1288.1063970683626,187.19283767736772,6,0,161.677301856357,475.9856955739389,-3.4115304193836966,2,1,0,1.376349388601558,0.8393385558493447,3.189062507098557,-1.252160155442695,0.0850102140353094,0,normal
4.719344642318956,630.9287194273537,190.29330832276236,0,3,1986.8209124065943,714.1679718122208,-3.2970599645020773,1,0,1,-0.2175983309108333,1.0746583108416758,0.3871909750689248,0.1270149635197717,-1.153991763591481,0,injection
5.651195050518477,755.6440113985752,607.9671441933651,3,6,928.0446047571172,979.1817789407288,0.5729837158054877,0,1,0,2.838052606103465,-0.791949643790876,-2.065271579185742,1.476207187762312,1.558611559485246,1,normal
9.496768969695085,724.7306414188657,244.7461976715747,0,3,1186.7330910113446,560.8384744265353,-2.897422698851272,2,0,0,-1.6489248023575311,2.1328056161186115,1.3452647282051169,-1.7198342841197318,1.0277090492367391,0,injection
9.066368747153351,355.35445860791947,881.4373811181805,3,9,2279.8692904687987,228.408151626825,-2.334594798755992,1,0,7,-1.7186068161886427,4.7796117068897175,1.6676139303522817,-0.2469377674757695,1.1001028764079568,0,normal
3.007994178068692,174.6613407159754,222.71726020980955,0,15,3762.3885181707087,3492.7805108995785,2.376317192161575,1,0,0,-3.4969049847722307,-1.2667286603651948,3.340573821282409,-2.2109717196211487,1.7107296374068115,0,normal
3.815651456710908,907.6426542812968,23.915566874215397,3,0,2902.4169942562485,36.27625440431788,0.1536676728717285,2,1,6,-0.4199642530074933,4.589540540517212,-1.469048908764892,-1.8655209384671805,-0.7249485677994824,1,normal
7.214167409616662,1470.1559202151757,411.6827359764915,3,0,272.2901287321648,671.1204649482663,0.6673484559898206,3,1,0,-2.7528542894018235,5.289775110586236,0.0859361988212108,1.067384755579608,-0.8170682868659187,1,normal
1.0492401699018374,644.679590185745,51.8543641066756,3,12,3232.4122151018805,470.0346569433704,3.857057301641274,3,1,2,-0.8029039916132439,2.620738292049812,2.2463946941910296,1.5864799480160483,0.3388062854851282,0,xss
2.011620455959085,906.9603515250966,35.65413089465024,9,6,459.379995210557,202.05719972645932,-1.0723945989984027,1,0,0,-0.936048738365826,4.014749027411579,0.5376693086698227,-2.163901184643165,1.5453050683769234,0,normal
2.715643040429967,670.6076811614353,625.0301257092008,0,3,369.4079566916024,743.7158653119723,-4.059362792890079,1,0,4,-1.5780869274696054,4.275460182795797,2.114676771954929,0.0034649098667982,1.429367779183868,1,normal
2.767767817304925,96.99789923094104,285.2854172665491,0,3,2640.460125002829,918.0923069715944,-2.7964958621056537,2,1,1,-0.036140804597941,0.9870052286875916,-0.5927215222179281,-0.2529990391318263,-0.3270962599399857,0,password
0.0230955948589682,490.7760327519888,238.58493507642396,0,0,867.637398875274,1503.953419680119,-0.0113121804785631,1,1,6,-1.73807973861539,-0.8453044136362657,3.192178697883702,-0.5844239890030394,2.7014914821373397,0,injection
2.306907053710126,1610.9121365022174,585.4274597274242,6,0,1480.8763105379671,2665.485184746934,3.723080380689191,1,0,3,3.027029728097933,2.815932244331047,-1.9299266646323752,-2.477105043438905,-0.0312485920856136,1,normal
9.773925870350624,2419.7428515111305,1195.9450283233452,3,3,3613.767376801355,1704.271275419806,-0.2863732350295124,3,0,0,1.3976137906626287,-0.9206688965836196,-2.4889962925101967,3.5307418533562744,-2.354949310073957,1,normal
8.466213351204292,2248.785076727498,173.08991315682107,3,6,2306.77547905088,2997.632036107489,-1.9241186792639493,0,2,1,-2.295446021570567,6.193988117945168,-0.8517032123428818,-0.1836925668797087,1.3299481938568982,1,injection
1.9474616595079632,1335.3632975957642,407.9909010757864,3,6,1002.1828356214417,1693.4428225941333,-0.7640681181499398,2,0,1,0.4741090803090224,-0.2201343855478756,-2.321772065417444,0.2713264586814272,0.1286706563804447,0,password
0.7966467768804326,542.0923019603714,116.9953409339176,6,3,1347.6866553985117,1891.6584987392253,0.8903823793694932,0,0,0,-1.8926304430801797,3.502732342694709,-1.5273252507289117,3.5178387872639583,-0.3459569012048991,1,normal
1.984954203062588,303.3410609193337,73.76475686485095,0,0,136.4216310619462,1031.639393776617,0.2560937153724096,4,2,3,-2.1371215383067663,1.7367014079373315,0.4587103686127434,0.3480730762186856,-1.3314438581400525,1,backdoor
8.572346942910759,516.3068299433102,94.4696687994486,0,6,451.5286551783914,935.84377550034,-2.6074678583409723,0,0,4,-3.8265514481559695,2.271008943989518,0.8559457774072365,1.9707211312830373,-0.7549353172986148,0,normal
1.7545422255120702,515.2240376362104,139.05249561193563,3,0,310.3450275660174,995.4720059733612,1.707501673839458,0,0,2,2.9965761546123533,-2.593955906781714,-1.103311080514656,-2.1280479850610683,0.7868722728343542,0,password
2.6995568459649744,467.16650460760246,203.130684648994,6,3,614.3301772578434,197.59595032176,-2.7188877748773024,1,0,4,-1.844386297270158,3.729039066217914,0.9421864243206052,-0.5553231954532271,-0.2325852864547109,0,normal
0.9374856936993744,838.461746530866,342.867740800744,6,6,265.9645681917441,647.6768364290378,-0.3220262647988272,4,1,2,-1.591907474085977,-0.29592119633065,3.9013219479781833,1.4681358818064558,-0.155193313385718,1,normal
9.868355111227633,935.1784726437178,613.5519907560193,9,3,1154.710855117009,640.2232807868236,-0.4310140375859626,2,0,3,1.0540717837303568,2.162813215083468,1.195156505626808,1.20488718217253,1.3450420274382435,1,normal
4.8318703208168,55.53729432722654,618.4117160610837,0,6,191.27891393907947,179.44512321951603,-0.806124166691894,1,0,4,-0.8370564283023019,-0.5353130002340156,-1.9159117362467293,0.3063298774480986,-0.3925948244548961,1,normal
2.1828227260334545,1604.0477771708263,84.47918229390953,3,3,716.3191954732426,2061.298854371912,-0.905949496780211,1,2,6,1.3765330953401118,-2.377016722943885,3.218785834405145,-3.413471352976932,-0.2582016136482163,0,normal
2.722545948918993,1795.536059924865,766.2204596910337,12,12,3425.7460746941447,914.7275222444008,2.990342717273341,0,2,4,-0.9644196740860684,2.353309591245492,2.029204146204472,-0.820012787242703,-0.2560326415087571,0,password
0.0134964764762002,936.6725542635749,655.7343909307452,6,0,2141.35634929101,1513.0397136995418,-1.4271895110591044,0,0,0,-1.3730847588278954,0.637634369684925,4.611276816209423,-0.1658234049485096,1.0145415982019732,1,normal
1.186528521564779,358.0150055241289,79.24746453453778,9,3,1197.5121757695854,1569.34816251052,3.25550552281557,0,1,2,-0.0671174425527512,1.3183614502929386,-0.9082194767255694,1.5754163847165423,0.4925152720029346,0,password
9.295650110753154,821.3558991858771,954.57824165353,0,9,394.2870178208855,1098.8919658010425,0.9405819067737108,0,2,1,0.0101763586372247,0.640937081322632,-0.935440804558492,-1.0377428137968694,-1.686678991224977,0,password
1.3967140084757526,679.2797448209877,606.7238210194473,15,6,1960.808884937652,1328.385489162222,3.8052097904655353,1,2,5,-1.734524010677705,-1.2711261283446558,2.381254981484394,3.9874586529986233,0.5074207161729933,0,xss
3.7470244586559134,207.02807302757756,823.9188577278985,0,3,507.081447882269,460.2261672557943,2.976611758509097,0,0,0,-3.4987795151327203,0.5576620489988798,-2.3155579007718643,-0.777005066255493,0.904423167823088,1,normal
2.0037024889076864,1683.2640626187274,66.04471904426315,9,0,1127.4905952510005,1829.5492225951589,1.2124434653928804,0,0,2,2.857407623202006,-0.3584300033454777,-1.299705613195088,-1.243987005827264,0.1330708255057458,1,normal
5.158104955082264,568.7820969021401,108.88917769418872,12,6,121.41596314823072,224.10715466232097,-2.5705131465132216,5,1,5,-1.2115497015906973,-0.1087687300700539,-0.5401829522384058,0.9138680595856832,-0.4042307613096161,0,normal
3.2321761092751085,659.2101094994175,68.35727978619569,0,12,1373.5751361115729,379.85803201924807,0.9132298443379624,0,1,1,0.3689958832387829,-0.5010542544406499,-0.8740363694072981,-1.9880806521436571,-1.8922206956797465,1,backdoor
2.66296600050063,775.9158836790905,46.58273511991279,12,6,1269.8234769984365,831.1068025284859,0.8613340403603169,1,0,6,3.5064935444818914,2.736851794443932,-0.2595541431279256,2.0064178037448976,-1.503032424218738,1,normal
6.064405719251321,876.4771426862106,209.76096149471317,3,0,669.9401639175135,401.17784169026135,-2.563762976840194,2,1,1,-0.7700000736562587,2.3850693193753214,0.5415697571930579,-1.6682854227060115,0.1500454297454045,1,normal
2.1720947740013763,935.0475491833956,232.19321739031665,12,0,826.7420449169306,560.7133930577039,2.4826339201564025,1,1,0,-1.1551395505237625,-0.6613317227113844,4.332696202602515,2.562862502381268,0.0001420241306222,1,dos
2.636008686263401,1961.472012688028,300.68433753445123,9,0,2799.331001817844,1623.505833953001,-0.5023116963406148,1,0,2,-2.1674502686518755,1.3464833243306489,-0.9019764612921266,3.7276159162526064,-1.3491613157456324,1,normal
8.729057817890677,1321.5892190252796,13.603354396999366,0,6,193.0530376581013,321.1100628096624,1.2609056221952966,3,0,2,-2.2449891345838138,-1.984458185265963,1.68161990267335,-0.9221400698859624,0.5219430050161404,0,dos
1.487757249810404,814.3680738399295,209.9633928818667,0,3,605.9130705041191,399.3043672431187,-1.847967863944071,1,0,1,-2.170466973850817,2.374315649042249,0.1145928336342638,-2.2071140953562614,-2.011434376492151,1,normal
2.620519528784006,963.8727665502936,136.34388307960683,3,3,452.63147992457095,254.52822307946707,0.5621898308748586,1,1,3,1.6509319718345274,0.2876643110100193,-2.2968967626009142,1.292302444608256,-0.0794315207277453,1,normal
5.022086587481479,467.3226197519518,618.8549088739535,3,6,315.5661382956103,777.133910466784,0.4169952480127875,1,1,0,-0.582102625881995,-0.5829121661571675,1.9250100882822896,1.3368889187408255,0.0984770286948954,1,normal
3.359591566494359,625.2968580252519,687.3862881655294,6,9,3040.867916635518,388.45569341211376,5.217347130010862,0,2,1,5.687300290718964,7.572200128405741,-0.3356956111485774,-1.2277794274229763,-1.102112490411968,1,normal
1.2813436066797654,895.5785593814851,633.9218029968671,12,15,1555.0826553516515,144.5119861838064,-1.169914580214543,3,2,0,2.6747942959033475,3.198546827015808,1.0216748184099869,-3.8772628714048354,0.3644604031747657,0,normal
3.5787507707834747,2013.270469955775,280.318120515224,6,3,173.15347867776148,3183.327986573117,0.3876203510569167,2,0,0,-3.1293697270375365,-3.793040710859376,4.27109947656536,-2.518822815867512,-0.5787832777826378,1,normal
8.486265080238983,968.5425407973104,266.91706793228764,3,3,1477.535534053727,1057.9566874941804,0.4180054534024686,2,1,0,2.7963613627715165,-2.9259363633400284,-2.531611785692581,-1.8056193850318265,-0.5888944481766415,0,scanning
4.265513283740591,534.1187469194248,148.01012819550476,6,0,400.1725663875709,41.11431235866315,1.1486190379857175,1,0,0,1.2947371925750446,-1.655157550950406,0.4433876267116822,0.614056275807095,0.3441489042642354,1,ddos
1.875088957033226,1817.3879009623795,517.9621298658863,6,0,562.6360579841781,948.6615973618052,-1.0269551006155409,0,1,2,-2.329717487849389,0.656885692343251,3.533720364395169,0.2245667645428284,-1.6286956849286904,0,dos
6.75121498788648,1068.1122884995698,688.0854540627155,0,0,211.91035389293785,459.9443310984042,-0.5451931330617695,0,1,0,-1.8906494078523612,2.024630722102329,2.083886930229712,0.0929222380625194,1.1397926658445396,1,dos
4.777040281203016,622.8349903502507,586.8685042018934,6,3,837.471556917081,42.16084194157259,-1.2620208374999828,4,1,2,-1.0242543272252482,-1.34419652538166,-1.0690232899784884,1.3203686244548691,0.4869177551002506,1,normal
4.669130954894652,371.221360290033,1021.2639844107574,9,0,2736.486181063106,1545.0035583947156,-2.745819933446123,3,2,1,-0.0142766873670039,1.3498568993661162,-1.438763240422385,2.841264116596742,-0.4769191421067902,1,normal
8.198282125038869,914.4959149457176,917.8020315727022,0,6,216.1351061582945,353.1812316945954,-0.286377137632876,0,0,3,-0.9626799457462232,1.477120462169612,0.0163807956498476,1.9758301548509212,-1.04093895421756,1,normal
1.700970989919501,87.3823266222562,647.9102040872367,0,0,1472.4532537972234,317.50545274468305,0.655728897994257,1,0,2,0.9593597733585616,0.7372554569497449,3.3070428326661183,2.723252435047657,1.283071626439361,0,normal
3.623288862939336,1501.1023381376058,1001.711043381208,6,3,70.53118749623748,2539.436151343742,-0.3240513556897024,1,2,4,-2.516798440313494,-0.6942883267731232,2.2618417650606943,-2.8958380775896915,1.596907329806743,1,normal
8.879000522663803,425.4609809998774,164.3320896688423,0,6,1906.0625888393156,757.6582772998419,-0.3115591510773592,3,1,4,-0.8596446629854064,0.7720119868122604,2.3977543861037613,0.004834400436027,1.9453249442812284,0,dos
1.4424044257809188,39.13522666169777,333.8791990797462,3,3,428.9463178321604,142.72181011462135,2.9676462745545806,2,0,1,0.8880117034166259,1.2047252998715745,-2.5628790904639187,0.2985849514098281,-1.0212952687080583,1,normal
5.143068939139543,1693.266109293245,156.29502006550092,6,3,511.8123357207725,2756.366434494668,1.701900012950155,1,0,3,1.2430856059925282,0.8958661243660133,-1.1338999302686827,-1.5269128229774342,-0.066953619291041,1,normal
2.5896862649190666,1413.3368864425267,595.5196289344364,9,6,2535.86240045975,2135.597455208687,-2.2195684998125067,1,0,0,-3.886174597295584,3.188079088776852,6.655601415389656,-1.2148448211699046,0.8023067496474814,1,normal
8.474108520518723,113.83175730021888,603.3117028831408,3,6,784.7288011416332,1204.564131574754,-3.0918639446232903,1,0,0,-2.057098424773665,4.515784001729928,-0.1013993992738817,1.1846629024354394,-1.5691725936688925,1,normal
1.743910288785619,1500.1302004211486,28.46099006487419,6,6,4918.642800348877,2918.1395942271183,0.8702771149673982,2,1,2,-1.4557124156181869,2.200378016293573,-4.820542898500153,2.350902503139816,0.9495126890504832,0,normal
3.148770711090627,1683.9049396829173,416.1930542723146,3,0,1826.1381195946317,2544.2545891236377,3.4321632249512675,2,1,0,-2.1261510185886445,1.982883743862586,-2.3637200856997884,6.346601130810652,-0.3860657067643984,0,normal
0.2877650417180645,238.679319638338,626.7489790667823,12,6,1774.3511636285784,1338.61944592723,-0.66270149552837,3,0,1,-1.4473559291104552,2.0719927186568285,0.2510310356726173,3.6799897429892754,0.4782044868999818,1,normal
0.3736227312287496,109.90243590497994,1113.1139447446287,9,0,1395.539969863886,23.945040059186415,2.060477088444552,0,0,0,-0.0927268133243659,1.1972381590118102,-1.7417142080599683,1.0274432916279257,-1.2567931728040345,0,ddos
1.440129981704916,1254.3926018002746,511.19935238568615,12,0,1681.4757159909163,2645.508770357594,-2.8922959954635257,2,0,2,-1.2290051119708538,2.2446207757129804,1.0950458716273788,1.707905148655742,1.4287086069905832,0,injection
4.072595668223882,614.9523803255255,877.2861003833469,9,6,1171.8070188995105,170.39225681959437,-0.1140657148232748,2,0,3,0.6830881376155626,-2.0842042581365936,-0.8059825752445783,-0.9377968406444704,-0.6493912582588721,0,ddos
0.1754594967554153,1452.9493018767716,262.7907680589182,3,0,1158.284003786914,973.9521434859616,-0.6317172897889971,3,0,2,-1.0108757313771617,1.8162637385189109,0.8427049276518004,1.6161696696478078,-0.9312631682995756,0,xss
0.8453630465024607,1016.709903742381,541.6162242597106,12,9,318.6723670310008,1367.8513832301296,2.069325170150146,0,1,1,-0.7896550354745071,-0.7268276914200094,-2.1904327207565766,-0.5314480108596522,0.9797559582868997,1,normal
9.15455430437121,198.95996161944552,166.8679259494953,9,0,3759.105223936284,575.5006701435059,-2.8963433073671068,2,0,5,1.4041667292178557,4.584225070945295,3.871030601528752,-1.9261446305858456,0.4796967378925352,1,normal
7.757072068355156,302.4040386417233,579.9765557629809,6,12,1085.0463698768688,532.2854763676793,-0.2835651794163104,3,0,2,0.2199860954071382,3.261429221032496,-1.8287691076904184,-3.3050532478013244,-0.6844050402771008,0,injection
3.3846228743102524,2072.554570455525,438.0435960579607,6,0,624.9581258322559,2406.173903562383,-0.5297279824675962,0,0,0,-0.2716566093309502,-3.740123785224168,3.9935877453570168,-2.700764489906601,0.7666569879821966,1,normal
7.187849616447903,396.8972188229708,286.0392365723784,6,3,774.6127576587717,1531.7670328737806,4.777929256845662,5,1,1,2.4910620441172227,4.1804674255414485,-2.409824039275776,-1.425685467661382,0.874928568721287,1,normal
3.7701451801937007,1089.050098545691,794.942492023152,0,3,113.4612347901313,163.51844841387992,-0.2063405647549463,3,2,3,-1.8102887604114264,-0.2328249357034411,-1.8165473237331,-0.8042270120335908,1.128277849872261,1,normal
8.594871986980571,421.5998349288327,451.8396191641216,0,3,1708.822768951459,236.2846412412725,-0.6820166039353228,2,0,6,-0.8294514929761438,3.438250026470256,-0.7941679342313499,-1.435680922579701,-0.244251131171823,0,normal
2.446233776147845,1002.9738005555618,183.91868440732856,9,6,616.6773181007421,678.8601827657915,-2.4522602543591505,2,0,1,3.7658170440549945,-1.5082213006148562,1.7798230799968828,-1.8673782119605349,-0.6298433947753691,0,xss
2.9928713456255576,596.2592907802947,68.69035199384633,0,12,3033.1851659685703,963.7885017272056,4.054192029022995,1,2,4,0.6103112926913258,1.7877045062408372,0.1033097084376208,-3.82826133958258,-0.8609008329856114,0,injection
0.1765028628882458,1318.2537251539954,1596.2717679079608,6,9,248.62899689901096,82.9821128085122,-2.234138502536373,0,1,4,-0.7166358727542097,-0.4822314515651902,0.5325405239190364,1.8252723036082636,-0.468589763504267,1,normal
3.415690164571359,2195.782444662202,243.09717736049487,0,3,3132.167474152976,1977.5118309635584,-0.8995480383351742,1,1,1,0.9707084117650292,1.4303049633015237,-1.713065012719444,3.988659925694112,0.359635026752918,0,normal
1.3801445133947168,482.8986268494787,795.2031772633657,3,9,701.4287522919352,566.1414474791679,-1.9091549562159635,4,0,6,-0.7195779171759408,-1.257826525659887,-0.3946611169581203,0.0876051467497576,-2.561427179911576,1,normal
0.4975621409427366,752.6953583403636,289.79970943540053,6,3,1432.5249438989574,1822.461835526817,2.0111544129898045,2,0,4,4.139914985755199,2.463362930994636,-0.4854001787432636,0.5732272223036101,-0.4371762142447168,1,normal
2.9097605772382678,237.43267504317845,575.1317541043683,3,3,339.1850948575506,1036.4475871650611,1.9023185592619685,2,0,1,3.101034156765902,-2.3221813972128924,-1.826568190413172,-3.891647179234596,-0.5298422501126832,1,backdoor
2.774006187267189,91.60396413621486,893.7417817283743,0,9,2135.055593528532,1581.9149948951836,2.0294129609932234,0,1,1,-4.136856574835051,1.6390781130631176,1.3913430796049129,-1.3059674065380311,0.3385652183975328,1,normal
3.985043500647956,548.8903686326487,514.007157843342,0,6,1408.5219041131818,2030.760648917897,-0.6551052900083587,4,0,6,-1.5250860789859224,-1.9215658350401368,1.2481999043902725,0.3119071141017535,1.1562158442205457,1,normal
9.480567436077196,955.7307293412152,309.0689274082285,9,0,1189.492348465718,149.88126427031057,-0.975892428679611,4,0,3,-0.4793498449796161,-0.9311890065475724,0.7343802448541079,-2.7225599787696244,-1.601903962841672,1,xss
3.250577661500564,1292.9238027063057,411.2075390188604,0,0,2974.5276415718467,647.63108522522,-0.3925080853307545,2,2,7,2.113331324984318,2.6935657799814505,0.9239615700574568,0.9991104011836676,1.5130970267434922,1,normal
4.00429201951562,751.1347441976613,342.13596004558525,3,0,1424.2259059171115,1322.3595244879966,-0.8391995333129303,0,2,2,1.4917654622477403,2.3047548548307075,-1.5499732894243123,0.1913248966816998,0.4142996061989655,1,ddos
5.120426913513622,7.9757842792362865,219.8868507769332,3,0,1331.0344961825492,546.3711468787233,-1.0352221907601096,1,2,1,-0.7471305808434778,0.6786051798728326,-0.9114750812236392,1.1321384629892497,-0.5479136339352662,1,normal
7.687019255354354,2365.456542457628,47.18133643105745,6,6,1184.0578975018038,2891.294311160967,0.6553921290724161,1,0,1,-4.587113281308715,2.6916400646894942,0.9343572417828144,1.3160644712844565,-0.5199748702714854,0,backdoor
7.348356896218799,835.5578227288007,271.4875143303413,0,3,1973.7523291944824,788.0945109938451,-2.2305739254345407,0,0,2,-1.2462739386419597,0.3550364637824482,-2.5299266359363983,-0.6025972197363423,0.8411692265322753,1,normal
1.9926662835553253,989.0746730921816,536.7655769875379,3,0,2545.8418938199684,1203.517157652811,-0.5376148537219634,1,0,0,-1.0997490674920931,-4.57218911751557,3.0030169593155405,2.468000229988156,1.2726989465257388,0,xss
10.169037924548658,5.31353420689018,1077.9863239258152,3,9,432.5504341829692,759.0266834168349,-1.398753182868871,0,0,5,0.2927184589451417,1.477711009131632,1.981354583358468,3.2516351175031506,0.8162054594112809,1,normal
0.6523047411777871,1167.509489700314,335.25726397871244,0,3,2045.8634870138528,1058.217475236184,-3.90957854081188,1,0,1,-2.268552540607136,1.8140831624701468,1.8282401905572128,1.3566538907542822,2.086912113959184,1,normal
2.9928713456255576,596.2592907802947,68.69035199384633,0,12,3033.1851659685703,963.7885017272056,4.054192029022995,1,2,4,0.6103112926913258,1.7877045062408372,0.1033097084376208,-3.82826133958258,-0.8609008329856114,0,injection
7.793328306400645,476.5007026964004,764.6066837771135,15,0,3757.870173151885,423.8256195633787,-2.901024052777046,0,1,4,-0.6267246111520759,5.387774385559514,3.5034883743931555,-1.8444066732036275,-1.971344647969365,1,normal
2.0144032830266214,1280.892171626276,269.41306330923607,3,0,619.7880099924623,748.4943890387634,-3.9677255054102254,1,1,0,1.274224505492464,-0.6306003717185849,3.440086823962159,-1.175684986651078,0.7293058321208296,1,normal
0.3322362407425224,1207.8163384164088,1443.6286591521855,6,12,576.9534062604298,1531.98017108224,2.830359343436491,0,2,0,-0.9113567818367444,-1.0818948144943137,1.5830270952438286,0.7634327774472858,0.5396288646999512,0,backdoor
4.558469531038984,642.3995126603053,645.7121748953675,3,6,1520.3960112879936,443.7593136017614,-4.0578364597566114,1,2,2,0.3599000137769388,-0.4606299736311792,0.0667679511527576,-0.8946094656736217,-0.0369921288901311,1,normal
5.2571657586452005,322.74653863782186,138.15178258914307,6,3,4103.90270355425,1282.1207637975658,0.4790031892348614,1,1,4,-1.8225962053692235,5.178863747706931,1.116364098664973,-3.5914239245682094,0.1671709414419058,1,normal
3.2085078507171785,1117.294401039698,339.7318515661248,0,0,3534.969638266663,2790.152535835643,0.8528051629435354,0,1,0,-1.3431549351881706,0.7522552381191872,-3.3030450075719715,4.657141949958579,1.0804056885766715,1,normal
5.297203810367503,443.8626708629166,416.4624549999818,0,12,1747.8081732672345,1878.5475748525064,2.354650326511296,0,1,1,-3.5216907693104664,1.1277525529124943,-0.9140374839886178,-2.166522306577681,-0.8554214474619345,1,normal
0.3565903990943539,615.3345699382077,152.59872269702606,6,0,281.1893555065068,523.4982564173586,2.821874221628984,2,2,2,2.1611004057493703,3.030360753100227,1.3210763784067228,1.2332979197292049,0.8903550785900347,1,normal
4.854340444663142,449.759172525807,270.8245340270221,3,12,1787.9393913620106,1312.282799113341,-2.456098217804242,0,0,3,-3.242664640773664,1.1765911023137137,3.639649586587991,-0.108509256439629,-0.0990799599232523,1,normal
4.124726128975013,1545.5681423629055,105.75279684909172,3,3,1662.5583946368426,1079.3480791144236,-1.5506048599490787,0,0,1,-1.9091947226690773,2.0918529575474087,-1.2405696956195476,1.2530148543823054,-0.5441041870311656,1,normal
0.4185473027349667,1980.8016570235072,168.27729089633772,0,18,5826.239538380616,597.5404854584908,5.09215735047598,0,1,2,-1.6374790159761046,3.690775653769309,2.654619707440795,-3.496994915803943,-1.424251508888584,0,ddos
9.336248174038262,688.0705988674662,156.18042935581732,12,6,3834.706748836216,315.6676694221832,3.7763814241981306,1,1,0,-3.3055274066836047,3.3716361443262857,1.1916083756270048,0.7166011158349206,0.2273429799196195,0,xss
6.377000621750144,528.9849375841629,892.5370525401095,9,3,2723.9790217776194,814.2528678054204,-2.151738334559496,1,0,2,-2.2924118311303263,-4.23499856859479,-1.7686297232919026,0.2197427751157047,1.131840227543785,1,normal
11.480219587344518,2263.483235343275,617.2803477626076,3,3,721.6503668840346,1389.3003755874138,3.8048929356854417,0,2,6,-3.130865397529149,-2.9592064823533644,3.511376899044937,2.2953836269448944,0.090009504346959,1,dos
0.4296231403473139,750.3423954933164,345.9232982154557,0,6,2716.2591866015023,1008.9412684111184,0.6243808136981408,0,0,1,0.6735276926506248,-2.170769929373889,-3.3547458572654563,3.3578616217836377,0.4159802191822028,1,normal
4.726635279373423,855.8128154339031,56.67260410930413,0,0,1388.4945661271563,2518.570757669825,4.129624292070692,2,0,6,1.33389399704249,0.3434413066209847,2.260617065574434,-0.692735470672394,-0.3280683872178997,1,normal
4.862365318567804,1083.4096125510985,0.5023773790207863,3,0,3154.849550744765,505.0814066001429,0.5348233395010766,0,2,0,0.5794027135874809,3.476336413597512,6.400987797844,1.2000192058302743,1.1571476300250485,1,normal
0.4702711904044487,239.77388576651063,708.1120199590662,3,6,556.7720154399567,289.0640338481956,-1.010465368731498,3,0,0,0.3854983415840709,0.5973324635028383,3.990353809611495,1.5665255494214207,0.7860405570316585,0,password
3.0652448609583214,1137.381229132309,451.665155327881,3,0,954.0004909648428,615.2837425509011,0.278756958616507,2,0,1,-3.750643926412225,1.352450810600874,2.3813118602897045,-1.5695439390764956,-0.0212689166343086,0,dos
6.4992293230729885,683.1234533549758,305.6204699877687,3,6,1680.5969318017485,497.8645366083919,1.1676413357234947,3,0,1,1.404745690399416,0.364965962935453,-0.5487210870196206,2.031932344760073,-1.105312349952487,1,normal
3.81361843014927,1284.1075092249173,433.62583846384814,0,12,716.5132195069444,1262.4286989414768,-2.2940540848560174,1,0,0,-3.885179976547564,-0.941426889214638,4.224266158167416,0.2598749433615681,0.0592019175375713,1,normal
3.4169861689748937,2166.739710993509,374.05880446421287,3,0,1830.5091851167283,1596.4123982267993,1.5309095789383529,3,2,1,-0.4663818765904539,-0.2840349690178099,0.312036411469839,6.209179538808369,0.7209483026526067,1,normal
1.9474616595079632,1335.3632975957642,407.9909010757864,3,6,1002.1828356214417,1693.4428225941333,-0.7640681181499398,2,0,1,0.4741090803090224,-0.2201343855478756,-2.321772065417444,0.2713264586814272,0.1286706563804447,1,password
13.31743678095336,423.21660019726784,25.6646889023974,6,12,3666.21398877361,244.51345304726277,3.734715671083835,0,1,1,-1.8618575122128775,3.894228698603284,0.7135059862582886,-1.250544344663738,1.1622823190887186,1,scanning
2.45198962821373,867.9136810514,214.6185813980055,6,3,2128.293774686426,2157.813689413582,-1.45121993340724,1,1,1,-1.987173308722068,3.0990521563621183,-1.7999467579813762,2.216164217149605,-1.743303856114561,1,normal
1.9613074582372216,947.6303744459224,38.44060469965677,6,3,1298.3226035231585,534.9460828334909,0.9046433518457504,2,1,0,0.4127287159893613,1.792811838803894,1.2163917253961516,0.2278948990966661,-1.5132578445249787,0,normal
3.05750268190932,457.2373985821614,436.0742383328042,3,0,778.5123823724515,20.232359114773782,-1.5119381179002196,0,0,1,-0.1903884918988394,1.2477965539595612,1.5445053091427798,-2.6399965603992546,-1.75384690356688,1,ddos
10.996166029414482,954.4372875662382,819.5911419170965,12,3,286.65669357335133,1653.4036448378642,2.5918835669923976,0,1,5,-1.912124800609116,-0.1437116088780459,2.110098190279662,0.1255723086091322,2.1888716798445493,1,normal
0.2394631101898848,696.010506825833,84.35792801925001,12,9,1140.5395679905089,1860.1314153676285,0.2143281323129386,2,1,1,1.839283488365887,-2.1126139426003565,-3.730608974544325,-0.8767366605043482,-2.1079977538400003,1,xss
7.152876653739603,326.2347069375987,845.0106704867032,6,12,1222.5109476016237,159.76475475111144,4.701005328122736,0,0,5,-1.7022744594792174,3.954067079146423,-0.7788206806246813,2.210579761520723,0.1428383278905032,0,injection
1.2102159487039117,709.0322477867877,246.39273477707232,3,9,2439.113083192467,100.64533144157696,3.270188995076377,0,1,2,0.9927818423694726,0.5728986099817677,1.5598866289988933,-1.436948309854048,0.1418054522112331,0,xss
1.3318283624805938,456.4219899339625,671.7286039488974,6,0,1279.5596246631758,1266.9879109315032,-1.0539504220376303,2,2,0,-1.9867844845782667,-0.6027630462742761,1.6676409791865996,1.0959313599358087,0.4691255894541241,0,backdoor
1.9005849697912696,786.855791926896,215.643594204684,15,6,1984.9098546465025,794.8016810821941,1.3917743690158089,3,0,4,0.9033775416595632,4.964094241159295,2.870626840278072,1.356984648553397,0.2835033328458023,1,normal
3.0352708581179133,889.1446574393618,367.8123988385914,6,0,2486.183559856557,1620.164074884805,-2.027149637938352,1,1,2,-1.286513340172191,-1.6793319804699534,-0.7417821834676259,-1.020467288755937,1.918705180394858,0,xss
0.4581866013369107,741.4559816381603,434.6727631516584,0,12,2627.1731600113126,1774.3282039978503,-0.7914358216299182,0,0,3,-0.5142516502336553,2.338118387397579,-1.3374695582352796,-0.252029892888637,-0.7534842893736446,0,xss
4.808391025344062,1874.9456712243395,18.368122135222027,6,0,737.0105128859332,450.7702225100281,-4.143367803080221,0,0,2,-0.3229524750451303,-0.9605621866022596,4.701489017559664,-0.5675794232569893,1.8492882109685944,0,normal
1.5726961651189344,975.9610132111256,47.16245039255363,9,3,3619.4341054253982,1363.0460036996449,1.006484210742742,0,1,1,1.607231544688231,4.278014900574926,-0.1434308575590799,0.6632010208074046,1.1718031623690686,1,normal
3.174653103437909,1096.9670728905048,567.8419744354641,3,3,2610.6314616453174,1010.6146063909816,0.1256118437760871,3,1,0,2.666122202716245,-2.9810579403060844,-2.5969965317925423,-0.2245851756023205,0.7783558487559482,0,password
4.360838324389464,692.215609042022,678.8788454427518,0,0,133.8670729060343,1272.2543242021477,-1.3077857987094523,2,0,1,1.7391648546688112,-2.2805891669647824,2.1346354632273274,-2.165738535568532,1.4330670980081577,0,normal
1.5322597826889313,260.7846103213579,372.74356199976376,0,9,1625.6175234712953,1343.7043271769348,0.9807321346561528,0,0,1,-3.7578804069607417,3.498578683309348,1.3653298245771333,-1.6736240493683083,-1.2921091146705983,1,normal
2.646969784811746,263.1912015056292,354.45679400370886,0,9,1039.9504572189394,1626.793123059782,1.8924380936571643,1,1,0,0.8877700204099981,-0.4052641198328113,2.128889333307668,1.7463292521954168,0.5263670488023147,1,normal
5.286153741865622,245.0179365880174,128.2886429096787,3,0,577.4333369034445,688.3708172818779,-1.049078910049167,3,1,4,1.4040990157541997,1.3732249331701891,-1.86930364387548,-1.213213923045375,-0.1921015906439517,0,normal
3.0415259009401363,879.5776864197669,844.0400604712315,9,9,1456.5484379238687,2539.448841763904,-2.155395081326084,0,0,5,-1.4204051402800173,-4.735794751049323,3.393772228432661,2.7861012114348505,-1.4837171797507174,0,normal
2.972466652989602,182.50672920218352,655.6631640827699,0,0,161.9123725556615,213.2046771358388,-1.752689533744303,0,1,1,1.0880645846921675,0.4145081947214403,4.399154267468576,1.7694884866864289,-0.9175194278689016,1,normal
0.2796194083779575,228.4877048290499,460.1163637341769,9,3,1269.2640762905603,181.33651759962413,-0.7337510015947704,1,0,0,0.5148837006613447,0.94388165880326,-0.1743550805291782,-1.1180703945697907,0.8246677777570226,1,normal
2.868598408774403,2860.642849270654,174.22750236981082,9,0,6600.250988400475,137.1326131482815,-4.251321998265534,4,0,3,3.9273821465540815,-6.165950120221965,-3.5732082000015613,-0.3043667181016409,-1.1587723391748557,1,xss
11.575512999881338,1511.3449281584587,902.4384196911752,6,6,234.7387347649577,443.8099156567306,0.7443390773144601,2,1,3,0.9711105692771848,-0.9609949211696764,0.5318866821124653,-2.6484966393886618,-1.2424252861995886,0,dos
0.5251699861388851,776.6523590397477,695.4282807647177,6,3,54.79202336313394,826.8526949884922,-1.6345762421650656,3,1,0,2.432949275718564,0.4775673462526252,0.7266324383601529,-3.141595954125186,-0.4938201213459261,1,normal
1.3418149902929275,1887.209640799746,529.858480824726,9,3,304.5447416340752,92.68723666303406,1.0819034525197162,1,1,2,-1.407238136048805,0.0434417934361779,0.3641190313929312,-0.1022714360581591,0.9320883331569054,1,injection
0.8574036011763073,1128.011684460147,232.2238320093097,3,0,1131.6183803943943,240.06458961342645,-3.630720953051598,1,2,0,0.3105696574279784,0.911401455397434,2.030572834244036,-0.8308626138663758,-0.4163331815263358,1,normal
15.991319086849312,1542.1879876724922,17.555426174341047,9,6,352.5059057697284,282.5070381896926,4.0959970014052445,0,1,1,-3.308270770821035,-2.747127626621375,3.9157179960766655,3.005070042175885,-0.9879254424315784,0,password
3.913707604994365,310.1250997062943,157.7609794775375,0,0,669.2948732487263,794.6434097675112,-3.008167948871599,4,2,4,-0.7717804673975539,1.0918732080945466,-0.7279742711242669,-1.0733089766125874,-2.1708077306378524,1,normal
4.097946125197297,1938.5432618514567,344.0780904334004,3,0,2612.9674777815103,614.6301706672456,-0.9619900321674232,3,1,0,1.628166023177888,-3.5235574378404326,-4.273642281002765,-2.052708100373837,-0.5231744864344077,1,ddos
2.5827880090528934,1346.462336542494,314.81470179131554,15,9,443.4283377610757,370.8328125782653,3.305344062446114,4,1,0,0.0292925919660218,-0.3647363959060081,1.8319965726041407,3.713981764150408,0.8856043123781249,1,normal
5.374743606408606,696.0124121583457,369.0325929430438,0,6,1859.8255317298065,2409.212764258636,0.2552638745118405,0,2,1,-2.5018973672900966,1.2562662762175552,3.809496051136268,-2.7662059587087287,0.9594498148312144,1,normal
2.4404749008712296,447.0344928441205,160.0167112954975,3,0,1107.725562014727,291.15006453181434,-4.77247924131313,4,1,3,-1.601331044992755,2.690360034996888,-0.664398324691965,-2.9542838368577327,2.142879744324144,1,normal
0.6953397089221368,1383.4914142824236,835.1231550511295,0,6,1007.235372479439,1344.7865524189046,1.173536016629681,0,0,2,4.208867544339752,-1.0899914091708949,-1.6708388985100475,-3.335480640802504,-0.0166061453131996,1,scanning
2.7175976663117902,95.14903664135376,209.65123415117225,3,0,311.5584041151885,881.4223894062312,-2.2845722624982,0,0,3,0.0052445721591853,1.547097283540643,2.618352771735813,1.940615614165739,-0.1357904085701248,0,normal
2.142618798723617,857.8979914995086,194.95614286028788,3,6,156.9506492777301,591.7393943776525,-2.8077849142106386,1,1,1,-0.515261106649842,0.0976005709306586,2.3413188694026914,-0.4248787334603395,0.831409749998789,1,normal
0.209972879235683,1108.271499294348,580.267698898709,0,3,141.39832701494132,1824.9932843619808,1.1308572655883131,1,1,4,-3.092744851105797,-1.673872335540907,2.5231295425503824,-1.1614589883614934,-0.6654105303349125,1,normal
0.416410927832385,1766.179892388856,710.4829921915149,0,6,1390.3242154498876,2451.4133023794047,-2.719010276589561,0,0,4,-0.4074046225135471,-3.485232478978384,3.980141838010212,-2.238505260750715,0.4002992860123519,0,normal
0.9203802637052724,934.9634401986116,14.520093321399736,12,12,1484.4212951729353,640.2510895850089,4.049812999201089,3,0,7,4.4336253743346,4.375888478188739,-2.3318144450143183,2.271115692018845,-0.605233272983602,1,normal
1.3438705555917252,980.2363402821228,711.7051418057873,0,0,227.4663868575601,37.95933938549701,-0.949105881633727,0,1,1,-1.8933893457241164,1.14685985416861,2.633812910272382,-1.1607493073542052,0.8734018867019572,1,normal
4.374859812448577,899.9667673721185,214.9444837166232,9,3,106.5977798792959,771.3302365636313,0.9800075699639266,2,2,1,-0.3594089365066308,-1.9795504226248388,-1.2886771577964349,0.3732525405603779,0.7638772922587936,0,ddos
9.066368747153351,355.35445860791947,881.4373811181805,3,9,2279.8692904687987,228.408151626825,-2.334594798755992,1,0,7,-1.7186068161886427,4.7796117068897175,1.6676139303522817,-0.2469377674757695,1.1001028764079568,1,normal
2.820651812820941,1275.0431881603809,622.4178539215017,0,0,1868.142451821053,1319.5122214480136,-2.208809300275982,1,1,2,-1.539600283279144,2.355546485951534,-1.1071334205025811,0.8081582866965052,1.5207784768549633,1,normal
0.1616157264288489,11.577970673206096,323.26716683074005,6,0,54.041143746626574,1285.3121220707185,-0.8013723783731128,2,1,3,0.6193877567566926,-2.208287408563668,0.2117074676693549,1.049827794309884,-2.515812588242729,0,backdoor
9.1598060343741,676.3391137651247,842.0527284737345,9,3,920.2208656411992,813.2536592431095,-1.4791590049703558,2,1,0,0.7423494925811782,3.393016070578329,0.8678357607402873,-3.827817316527147,-0.4271048813707821,0,normal
4.879943894216389,299.5552599977849,904.0500380073356,9,6,724.2318234290123,1.1507780410846893,3.4073478908784613,2,1,0,0.7633915522859303,0.5927025407728151,1.981820243679321,2.981123387690859,0.0755155893050545,0,normal
4.613041127538437,287.071119338631,295.0544992868147,0,6,976.0825193928474,341.2811619586016,-1.064477205317604,0,0,2,-0.5627538067301062,-1.0521663407469612,-1.873051335125888,-0.3233574358784956,0.4614016776838867,1,normal
2.2667829739422207,46.752712090828766,0.9449914242260034,6,6,617.9297754441343,331.34410132845915,-2.551767225146364,3,0,5,-1.2720998516956177,1.7131865335107903,0.2945366262610633,0.4256893688151093,-3.072159135589621,1,normal
5.821025569987109,164.7968699697941,696.9195058010044,0,9,898.5643121018566,3183.478226880788,2.926893973326509,0,0,2,-1.4900835036177311,-2.4892627687336075,0.4074362999125739,-3.078392763899941,-0.6619723897456051,0,normal
4.58739510581556,1783.7658385310472,23.312823142110627,3,3,2167.1350178800903,312.01094572885034,-2.154157943507084,0,1,6,2.668782208663915,3.0443605241262706,0.3615070050646397,0.143323211971613,0.5636716074424065,1,normal
7.273543842226906,136.68354718672072,903.7060351029462,0,12,318.6886862975439,717.0905489744397,-3.051104744089831,2,0,6,0.0958709118161249,-1.2604190784137856,-1.5528960694097862,-2.5187685049498088,1.0894212117629565,0,normal
5.355581603906455,2440.527127206312,720.0427891587074,6,3,3207.985923381288,359.4384487705904,-0.3354855751269687,2,0,3,0.1967954901417088,-3.2790198162442623,-2.5843369798737745,-1.0638986493050857,0.2803939921683012,0,scanning
4.365470055908749,1986.77139606672,686.4713301446209,9,3,3249.8014385096967,1040.2297065933406,3.1015232037166505,1,1,1,5.357700510229198,-0.9529108177326006,-0.3412373170797848,-2.9598090862324518,0.689370482967316,0,xss
1.8337383441888124,269.2351560768623,747.6570265881016,0,3,2152.865327261184,819.5799350877454,-1.7802808059225033,3,2,3,0.3594662715360048,-0.6282028830174871,-2.669183651289969,0.4244920672252236,0.9992656965758624,1,normal
0.2457233350507539,566.5380357695241,582.5360190641242,6,3,382.6864474649232,341.5617696193235,0.73818126525912,2,0,2,2.362779514302705,3.0579289508597274,-0.0856832967713858,1.1152780227384178,1.2996839869063488,0,normal
1.1678389464708012,165.04496417034647,86.40945493199,0,0,2760.162438231615,1696.2355070221058,-1.047432230067166,2,0,0,-0.9138601943096268,1.836511362166219,-2.822432261311328,1.1404617448792798,-1.487656608935916,1,normal
3.1383165731395835,1145.8958843040095,169.80932685981222,0,6,480.8841223878334,1528.0724839118543,2.612535801081776,0,0,3,-1.6074666896979943,-4.04374796200139,0.6311197536209159,0.0976647956381917,0.195814809247452,1,backdoor
1.7662660875969611,1249.2431602611057,109.1790337814736,6,3,1442.0400405993446,749.9395656236617,-1.9562271958813384,1,0,5,0.0270372269801009,3.243301412501697,1.2115537562598206,0.7420632143637733,-1.4281623424848888,1,normal
6.322851347932917,1096.8788529412118,75.57824898046375,0,6,729.0002312352804,919.5175667601208,2.2718779930757567,0,1,1,0.0166981095806182,-0.454118360178447,-1.9954643183791303,0.0328001783008384,-1.6333263812829029,0,backdoor
3.7162955876438857,425.1167810979273,448.2414384470486,6,3,1767.951110940815,471.4910857817676,1.7364524198354323,0,1,4,3.2356667152288825,1.3396726459418615,0.3307681752297474,1.7028462309575791,0.9151562798761398,1,normal
1.4076966025520226,1147.4904321995498,196.22953691190824,6,0,924.0483493372888,172.42157465193614,-0.3539339088117339,3,1,2,-2.6746223349875757,1.876626883404499,-0.2744408304933254,-0.3969400154221125,-1.3800781885853588,1,normal
1.5696435694114457,695.6252969132998,804.5440270379722,0,0,1136.124177868582,1583.187054816631,2.36580502530724,2,2,4,0.6193195847000607,1.6122920971918215,1.4612813695876092,-0.7516569667645951,0.3108731155147274,0,password
2.645956471054556,35.59055267942735,78.02513830329258,0,9,889.0729620608889,1202.4685532315114,-0.3501073902413326,3,1,7,0.4645776422792935,1.0790652264480165,-3.205866069725876,1.809524044868268,1.8617789950217445,1,normal
2.4167919654682395,834.8212157438604,249.9092832630342,3,0,1962.5835219205364,1413.2359997231292,4.323286831509669,1,2,1,2.9463529475069423,1.646270259642165,0.791912007573913,0.4123061302196882,-0.2628947122055821,1,normal
3.1627631473843607,1267.528422792784,474.5377083595177,3,0,1123.649821789532,1561.1657077757136,-1.9161743287198745,1,1,7,2.7486797530571567,2.5789935349612234,-0.3309734364791417,1.939532559843056,0.9166380735433536,0,normal
3.808034413872447,1382.7232119846526,222.465260641356,0,0,2217.5272817043733,895.2030457117191,1.602284481954597,0,1,0,1.3919882680851487,3.370944190319485,0.2463677405568183,-1.5184671398154177,0.0773221860625222,0,normal
1.4516592379375894,1223.4578621238277,395.5887152450045,0,6,1822.206364127171,2023.82649175969,1.2191070306501606,0,0,4,-3.5778832515207286,-2.5191520308481845,-0.8735769478621094,-1.7486888061409327,-0.5324947514994793,1,normal
3.81965543428106,761.0997790148134,511.3862327957778,6,9,2091.263766191337,328.6399165398004,2.5597478648083607,0,0,5,0.3539358045637915,1.3698861198071108,0.3812094697378809,0.0328150810396772,1.3853231280630538,0,injection
0.7531329227934626,401.60383392888457,369.25630578461033,3,3,305.0139737198605,571.180307299045,-3.044042593249313,1,0,4,-0.0663104423042855,1.6148760411659393,1.291832948476487,0.5283372946210865,-2.5053266733727617,0,normal
3.4068158809289995,90.68374372126164,340.13681835675806,3,3,1777.304198251787,1015.56012611911,-3.127520671751342,1,1,0,0.6508478709011767,3.779323511312044,-0.4788898496736643,0.1513624207727746,-1.1147537373755847,1,normal
1.8060727159550565,489.3734838482156,418.82677357120383,3,3,2238.3570110421783,1486.171235453237,0.8572583586819529,0,1,3,-4.047808287798044,-1.369319868935318,0.0160411365504316,2.535446393765027,-1.3980171972720246,0,scanning
12.10894011305754,449.89252155996553,249.1159663238837,9,12,2339.6850642716563,1418.6274333287356,-0.7531351015612363,2,1,5,0.0391634490599415,-0.1722444082022878,2.171252338891346,1.7625033142368889,0.0435912652877746,1,normal
5.719970005433871,384.9989718679639,130.7917325727563,15,0,454.88712294633285,896.5640544322218,-0.9681539100642093,2,1,3,-2.8404698160340427,3.096405525755473,0.5174032578369265,2.9831301738637945,-2.868564240142703,1,normal
3.005625094182056,1288.9926274868592,30.839706487319116,12,9,1664.0911866714605,1042.5235315274845,2.2718604625709133,4,0,3,1.4543284918164736,0.4201860815328195,-1.6687525791531834,-0.3916248894225727,0.5613567349182985,1,normal
0.8587589572166061,62.911171882861,184.1293800847387,0,9,532.0087264048005,2283.526279972501,2.817685104839022,2,0,3,1.171662759943907,-2.127474768577188,-0.1553359713962137,1.2832218629997991,-1.3237567723422865,1,normal
4.297195024832291,577.598437202848,490.43399633703046,3,0,1227.842262787928,664.0999662581612,-0.020601303816701,2,1,1,0.4691493897273417,-0.5829846103601231,-2.275564174639001,-2.5209820726592103,1.1111206703364662,1,normal
6.142558017827348,31.59893338781505,64.45434094644614,6,0,2245.7238133942587,2314.5903524655905,-1.6516138279041863,3,2,2,5.392835733896986,-5.006856540153066,-3.96252074373904,-4.18987202185224,-0.0434478623652703,0,ddos
2.9304667278778296,1663.327692110009,303.0753321018322,3,3,2368.095203662687,507.030295525798,-1.0510163079227202,4,0,1,2.881222589318663,-3.999437749295277,-3.3448528340269865,-1.654377454780367,-1.9849389460484976,1,backdoor
7.858091783694455,1344.6177928592888,48.69636680644635,3,0,695.8111454777526,1440.847932099034,2.5840286514903523,0,2,0,5.328038983555611,1.4252765258339055,-2.511733186705557,-0.5633018261108627,-0.9977902819108816,0,normal
5.4609805863269205,1402.1356673985536,459.3377151275428,6,15,1115.4582655746542,1020.1934201426004,3.437837572644317,3,0,4,-2.301771167763502,1.279328551045469,0.6715938772576716,5.394313170102332,0.6261219618787174,0,ddos
7.161461823973263,568.8596141877141,816.6034561752132,9,0,796.0963415547315,1074.1146046153187,-4.120100778181163,1,1,5,-0.4930925667970441,3.7761742480533327,2.102675761791768,1.1776098841773626,0.0707027024344614,1,normal
3.42089397224028,298.7819480317858,372.4736336795702,3,6,280.19635847640154,214.0515455241023,-2.032545235263985,4,1,5,-1.2701772007225218,0.1632435451603024,-0.8737487601310074,0.3286771273041337,0.0580591818702271,0,normal
2.6695058891584016,467.7462682979362,201.2802648059587,3,9,1084.3310252615795,315.69355620510976,2.3490247436578127,0,0,3,-0.4155721684865084,0.0823784711331261,1.391236621950812,2.451490973466017,0.1465265955427155,1,xss
0.8372216063085856,14.03594840897182,214.14827524775023,6,0,324.38758306883216,2.035510323018851,-1.779603868829807,1,1,0,-1.0921483829255303,1.7557606499365863,0.366170797645732,0.5060992715456496,0.8045919306083406,1,normal
12.580792043304152,360.28213847159685,516.9619551969499,6,0,2168.235706087663,94.75745904052168,-2.295257740768061,3,2,0,0.7016847678430775,1.6908074328934497,-0.5882603410312623,-0.2878685941420291,0.8381600792216856,0,injection
2.2335214842495943,3034.081937837021,172.29629360249623,6,12,627.9182392924375,3022.193001087582,2.4752004318838856,5,1,5,-4.30175240709383,0.0099627178758521,5.433262853632701,-2.2145743211200983,-1.1540435164006126,0,ddos
0.2096325752565623,181.63807650544527,815.5271375354342,9,0,883.2444641819334,424.6767088581344,1.298442670193124,2,1,1,0.1046688187680657,-0.7884916993907669,3.366133107925311,1.6211231333959255,-1.3923780580810623,0,ddos
10.98981329414718,970.041542388498,205.31475295684936,6,3,984.1091193548208,1572.3090485102514,0.9913998032936764,0,2,0,2.154406464055569,1.4370908671641436,1.0561679007261344,0.6819371089553512,0.5406153469093938,1,normal
4.085848058821351,916.1565407306388,6.302121639690076,6,3,907.7789402987838,502.739029026039,-0.371839313031771,0,0,1,-1.84763292440538,1.8199929652375355,-0.7981939022044593,1.828410425237902,-1.8562961624520224,1,normal
8.846472958607738,499.61773451952615,110.6125396520388,3,6,123.32742384069158,910.1278040375385,-0.5546026344826521,1,1,0,-1.277353650132083,-0.664574888686978,0.489109470297974,-0.1457906176752939,0.8057638510790508,1,normal
4.171985959289693,12.25859960841369,67.68786772768894,0,3,698.742002275836,525.363650879082,-1.937025638753809,2,1,2,1.1155349855702503,0.5508739526836811,0.286081273852931,1.234314985983443,-1.6039708474437004,1,normal
3.133942155163049,1409.4400609235688,687.2792057158082,3,0,277.42684801988554,1959.0752019022768,-1.658542853893874,0,1,5,-1.0089831288448932,6.686452058134824,0.448127701608185,2.200685075305097,-0.8916184586119639,1,normal
4.999940419807904,211.1897167842008,1198.016641635969,0,0,1535.8506186021248,196.35231650620017,-1.9469311353437695,1,2,0,-3.671428600871544,-0.6434328861111098,-1.807762967746536,-2.450293322714052,1.8466595218305293,1,normal
5.1301687083972265,1408.4360240945684,513.0458569500388,3,0,204.56651989240896,1350.6714213372788,-1.2857819571366125,0,2,4,-0.5948949882072057,-0.4017704138444447,3.4861668339404392,-2.52587074087151,-0.883064904186664,1,normal
8.242955064057366,765.2614392896272,14.831245491166888,0,6,2373.650352843884,118.45134115344504,0.7627170704829751,0,1,1,-4.767044112008689,0.0462665223274041,-1.568015205539864,0.8332746858817981,1.48472766387457,0,normal
4.410762630741361,857.6684438631927,122.88258169499892,3,3,2046.4639253282617,225.23070467087047,-0.1654263808369331,0,0,3,0.5380328272432454,1.659930284312201,2.722161857409309,1.8953540126439228,-0.331827816757119,1,normal
7.499413057202457,1638.0845812555651,93.37590079925724,3,0,1245.189967349484,736.7883549002224,0.2388933734367312,2,0,2,1.7056644874429283,-2.038405111789072,-2.078630894796523,-2.794592880906531,-0.1199931810167234,0,scanning
2.98635924241418,1142.110544808631,327.70385790093314,0,6,1468.2403167257514,410.48184565768,0.3186814325642668,1,1,1,1.9747467100823863,-2.386941356127055,-3.234677275247412,-2.662513108289823,0.6450383677425872,1,password
5.142020693797558,524.4245191806643,360.8273322810918,3,0,887.9302786730158,947.7373899315024,0.6049574269505612,0,0,2,2.735926204133316,1.5640878009435062,3.994884788265656,1.6473246113582158,-0.5754125799088072,1,normal
6.441065751275072,1644.695530915863,315.9664833998443,12,3,722.8292207243362,934.6016764373304,-3.1525057024207577,2,0,4,-3.2796164740307283,3.802510165174516,0.0250465217054276,0.7381084998463595,0.3229454830487532,1,normal
2.7339492366745137,58.75940299914206,314.0189324173624,3,3,60.06841334462701,941.9478326636796,2.312045638806537,1,2,0,-3.895180173469349,4.754520662402494,-2.1959210184700986,-0.8137507493869263,-0.1516836368915443,0,normal
7.175386681840939,1446.6400252042424,44.52594280743037,3,3,2401.1750236183034,825.1617832989378,1.4901754759350514,5,0,0,-3.06085823525006,-0.3947240032696177,2.5080363432463444,-6.1392649726985615,-1.0120294291247571,1,password
3.2962736451808654,1330.7993059147063,378.2467299366205,9,0,1044.912008437522,493.7308264270908,0.728942220985344,0,0,2,-0.5714736505932332,-0.9292033540736744,-0.6027418266231183,0.4260840926917462,-0.986963545053532,0,ddos
2.520200845070476,285.6537982250239,214.75752117013397,3,3,170.2949754045094,12.53716733891286,-1.825913604568141,1,0,3,-0.2505643928097577,1.466798423116759,-0.4169065548763281,0.1996405779318306,-1.5863899007761657,1,normal
1.1581073911281226,213.921498964376,22.589111079638386,3,3,1057.059938067258,2157.979352367387,-4.4792763844908885,3,0,7,-0.6214070787169436,4.10400807201712,1.134999382196255,1.3129147661637055,0.1072001423731029,1,normal
7.496134781954859,96.06404887877753,206.03108177700773,6,3,26.648327389119743,2465.196421542614,4.606676521127374,5,0,6,1.6212569022047805,0.9775876504216104,1.320256025846506,-0.1657604111236377,-3.002449397011288,1,normal
3.270846982480573,1110.0649056799289,798.1179426117956,0,0,79.87898757774947,586.9152721164633,0.4151457182600097,0,1,0,0.0108765673967068,0.93550862371928,-0.6553463670635351,0.080674946888541,-0.694658150365224,0,normal
3.504734102866724,205.31409561220383,466.6381394641908,3,6,764.4137162732945,658.8701013389704,-0.6488102652504083,2,0,5,0.4141644438574681,2.492559072126153,0.7240251798283064,2.5367190521111294,-0.9578434218065528,1,normal
2.469667778514542,3224.195351554112,692.4537221047265,3,12,4929.324353096297,2975.510501821406,-3.830132540778424,4,1,6,-4.050600101041634,5.867124450473811,1.3959994410002114,1.956088084021876,-1.3374835882530176,0,xss
2.25664988867014,51.58816551039392,174.92769462990884,12,9,307.04382572110296,282.4023251997093,-1.2834984155940663,4,1,0,-2.1741839540342616,-0.7831923431713543,3.4418429992121977,2.9600305814662726,0.7793506179158711,1,normal
2.701440646019736,244.83014007906155,452.0866025916209,3,12,80.25133776897879,271.3500537802116,-0.6890752850117801,3,0,2,-0.0371178844242265,0.8331097051015905,0.8698623543068671,2.373727604377595,0.5279868194920324,1,normal
9.397812903988203,259.43912054651395,224.883509842803,12,12,494.07285238303353,98.0193362170711,2.233003657694748,1,2,2,0.5229474185431934,-0.1388614929853449,2.3902855391588487,3.8822383369384186,1.956218367152941,1,normal
14.131386725503816,715.7556502706476,955.839860358917,0,0,1631.4256887257802,720.0615279477739,1.0530128241919992,0,0,0,1.2098467535009392,1.0265703588096684,1.96490403457094,0.4770847338231047,-0.4916305664468622,0,normal
0.802059085010963,643.7343507237097,1193.7916397409335,3,0,1109.0868877507842,50.5491542558943,-2.3999196249146,3,2,1,1.2341647291941753,-0.8369354797995705,0.3670552194125506,-1.7952020077453366,-0.6033558390430093,0,injection
5.543845336677541,248.30244074757124,122.5873246924194,3,0,966.373090426888,568.1461545836262,-3.2007767156170868,3,0,5,1.3209260336583135,2.3339601861767254,1.523127648686346,-0.3665878300900758,-1.7661252897144777,1,normal
2.3463273681708285,272.6998785931856,154.45506219511404,9,3,1946.491657837587,1647.3468582103949,0.3935459380469932,1,1,7,2.485096805976145,4.309119707259594,0.0496264896258531,1.517169493856056,0.6261493656339324,1,normal
5.360096261329414,1377.6427940570677,651.5315724220193,3,0,85.83564792840001,1056.6838104288263,-0.7138484805188663,0,0,3,1.1384736623859542,0.95329068417838,1.202981473808695,-0.0028130780644015,-0.0196588936610307,0,normal
4.13557934205283,248.5320241960377,66.23976986475326,3,0,910.9242182579252,945.9078680710718,0.6680199649662791,0,1,3,0.593092422161491,-0.1827989828397263,-1.384248656737878,-1.5937686958167407,0.0630255496559486,0,backdoor
0.9203802637052724,934.9634401986116,14.520093321399736,12,12,1484.4212951729353,640.2510895850089,4.049812999201089,3,0,7,4.4336253743346,4.375888478188739,-2.3318144450143183,2.271115692018845,-0.605233272983602,1,normal
5.581683626626913,538.3187877055834,946.8783668827988,9,3,19.329245412158887,388.8388613724509,-2.151726921205593,3,0,1,1.3963291828543236,2.6381865788939933,-0.4484608639248391,-1.9580749200448104,0.3654859639352421,1,normal
3.185251125313978,233.40208658912923,398.35951176192754,0,0,10.114791041179489,618.9957253366802,-1.8277557753898517,3,0,4,-0.2510821737837315,3.113237590451228,0.6080652266264585,-1.150337683719472,0.9798207471313752,1,normal
12.115062480848982,896.4505828867593,311.191068679649,0,0,156.90437784202564,1941.7688848189773,-0.0748433946600592,2,0,1,5.227261838155991,-2.8857546048710816,-1.2156372544465754,-5.374234751605188,0.1807074942766829,0,injection
1.1425575957025642,175.62574467075865,314.2103549327968,9,0,868.4407294457618,1426.8244922936633,-0.8658649751251544,2,0,1,-1.15740183480639,-2.310851436695141,1.0310440119770472,2.032955754847924,0.6040866493324746,0,injection
1.995390559113345,997.8022683382168,341.01624501152827,6,3,870.06076874047,1805.126054341374,0.8580920772023,0,0,3,-1.9314125780131597,-0.0982300117635726,-0.495785753452286,-2.115337295673278,-0.9854241277740432,1,normal
1.8519663537638964,413.5515821697292,146.27611396253647,3,6,1236.441464797065,573.6445300384431,0.0211079591306502,1,1,3,-1.9197695291727757,1.300677339258332,-0.0322655371295195,-1.2335029632577372,0.8919578507483191,1,normal
0.264882070871267,363.7563671886701,310.74281365242297,3,3,1091.5240175050085,1629.2671254195732,2.6201542975922103,2,0,4,-0.5783945573056448,-0.1948963262761969,3.9856150929756815,1.0040841621190797,0.1717155617298494,1,normal
0.6455357237045617,2709.1013086990606,715.4384102008172,0,3,104.41695103610304,112.3856862194782,-0.8164711622789234,1,1,0,-1.511550340789279,2.770010779883385,1.5075679907468382,-4.166051332022244,-0.7385935917247389,0,ddos
0.9788759430705742,176.8721128257874,373.946026670116,6,9,1665.8475587489538,369.46447506243135,-2.06616071606187,5,1,3,4.151546831910214,3.477817696012563,0.382814084869759,-3.532764065226572,0.4157281867401033,1,normal
1.5544688740041597,796.1124452756645,466.8150585344632,12,0,105.44097057251516,385.0374214937761,-3.2894233942600017,2,0,2,0.7161727079619005,3.131220927131782,0.2067683868400284,-1.1998962264990247,0.5577139144163579,1,normal
2.7479913112145686,846.5887291915558,733.8554455116252,0,12,638.6233144645325,213.06935867360127,-2.519747019652871,1,1,2,-4.694416218854268,0.611193498110974,2.122093347748992,1.8660161198857057,0.8952053751431427,1,normal
0.2585337347460458,394.8362637317154,967.0087232776436,12,6,1483.0566554754037,309.4943260169392,1.7428133937820824,0,0,1,-1.0274605975701558,1.013421345332359,-1.3435129449566166,-0.6839313685721324,0.0785229109119548,0,dos
1.8909470638123385,1533.3675283277807,794.6270722222627,3,12,2332.486315374264,947.3727566836228,-1.9344289096005909,5,0,7,0.4670039290761187,-0.0947228576532603,1.2125972695141565,-0.158040488843804,-0.4880577643363144,0,normal
2.9133069283721853,820.6906746930457,337.91224035439643,0,0,1518.7544787067368,90.4013232490087,1.204115427304462,0,0,3,4.664824750870656,2.98190332992303,-2.1677039188472804,-0.8556015015222689,1.9002902867638691,1,normal
6.780725790755558,451.154457622052,171.30938667981377,3,3,604.8990755872021,544.2012071584916,1.009529617395441,3,0,0,2.8798035909222994,-2.233691434957824,-0.8566728762365814,-3.076999134146578,-0.3480210435851602,0,xss
3.7873881320439216,1417.2438169941715,1041.0141506315967,0,3,3131.3810795553145,1410.957707527346,3.82657130815352,0,1,0,1.8226505237708053,1.2678921022948002,-1.346525821180083,-3.598385304391785,1.3326571293076153,0,backdoor
1.5499099621941932,1081.1533311507524,514.5671756060179,3,3,362.9721944664788,1320.206080737313,-0.7502231874470875,0,1,0,-2.300698440625381,3.8682599819282943,0.3511847154870493,-1.7898749049700804,-0.7527158703074078,1,ddos
6.213640355840246,1115.4647706331318,105.70406549873384,9,12,56.00666426347386,1683.0218615458186,-0.034914861373408,0,1,1,-1.921938701894753,-3.114910118963948,5.43140585469917,0.1093111457375846,-0.3532577951967012,0,dos
6.542785447695203,263.4802151576377,242.9299547568473,6,6,17.627526975022338,333.777893298414,-2.630786341892998,0,1,2,0.0309852862198876,-1.6147410536793052,1.1777324725898402,2.2376964021132144,0.7327455772398369,1,normal
0.0321557227897045,2680.759203212256,121.31347992606216,6,0,5424.898769543293,2940.0831141266626,-1.0040430806338834,2,2,0,-0.7339639971561913,1.184905531013266,-5.012559324773705,1.8750752043609464,-0.0918501298102897,1,normal
3.9931453304252367,154.28472122628185,641.1693489360678,0,0,167.59956794360673,509.10357536342354,-1.7398021486011666,0,1,3,-1.437553256594856,3.358685954210336,-0.4502392765613991,-1.3338425008253163,-1.9156823339357725,1,normal
10.706396801783276,1918.3186476233843,191.63821188209363,3,3,1813.035402427073,721.6978353441547,-3.756487244200114,0,2,2,-1.0999874515411503,-1.1803157872415335,3.631471485568457,-0.4867864829058504,-0.6781335567847024,1,normal
2.794576161744873,135.97905738214544,4.636705762636836,0,6,843.6847007731608,501.6292408938039,-2.456186246418168,0,2,3,-2.463545799036639,1.2011584556356445,2.3879769060221703,-1.161717988832189,-0.6779171064810754,0,password
4.469644710181477,1248.603910408582,679.763132265003,3,3,2702.824967019565,1119.3287569146642,-2.88334505270832,0,1,1,-0.0961072118798274,0.9014572180191722,-1.438860057785499,1.2818026454360376,-0.852991036208079,1,normal
15.8580237206461,2705.911954068996,1148.7598421195987,3,15,2207.4875487946733,1806.5584736669853,-4.251024029847087,2,1,4,-5.805561599742384,-1.8169377994134168,7.274334467189081,1.9093266319537796,-0.3678687294179719,1,normal
2.4733246071376707,1693.5187796417508,74.35510210315167,6,0,2535.4320177201453,252.69227638177267,-0.2880859740988502,1,1,2,-0.0580730182227224,2.7670548369655563,1.503299612410926,-0.5527012946789127,-0.4138992946054891,1,normal
4.746250167431862,709.8147943278029,707.2463380932145,9,6,100.12567285270887,337.36748346315096,0.266085479058799,0,0,0,-2.3159124120129224,0.2688850141863513,0.3403203328372566,1.905422354479628,-0.7682062895813753,0,normal
0.726380185333463,1231.3851549648552,28.830311408040373,6,0,827.9167849791804,744.188833033927,-3.640726497190333,0,0,1,-1.2417737085565286,-0.5842850296339979,3.340990213900671,-0.1882927416450688,-1.2959886983790878,0,xss
1.9441536296153827,1541.1988579150425,283.9568034430234,9,3,83.85040132288805,923.9927394814276,-1.272006069553956,0,0,3,0.1687563777265393,0.8939307118547564,2.5841157573938043,-2.160367743233293,-0.3766706138503943,1,normal
2.1568582712729376,1876.518286517994,247.8163628736588,0,3,1985.403225911416,1717.6964977831578,-2.935044688826836,1,0,4,-1.6598937552347302,2.417311781763798,-1.4694152055649128,0.4631437782724789,1.0625484527695117,1,normal
3.986192087403235,415.4473268585629,686.6157029684725,6,6,1669.0765544645967,1246.6665375836596,0.3977966600436841,2,0,4,0.0730895319592435,0.0836869855401116,6.257172908514504,6.134311618566713,-0.3015557094423641,0,normal
7.834793057840475,685.1331009103855,51.37041119846914,3,0,1121.2575761770709,554.0589723471721,-2.550746277032764,0,2,3,0.7718452396774833,-1.375187693883668,1.6533925731917134,0.1857612201021226,1.1196462935010334,0,ddos
9.470741363898636,190.96898517822925,640.6703500978832,0,9,1023.4806056336026,328.8890359998923,-1.4637711575050296,1,0,7,-0.2472528807478597,2.2726726647843534,-0.4436301397077284,-0.1599032355733884,0.1204772381339384,1,normal
4.051832388630947,1150.5731165927607,490.17975763744977,6,6,406.7563214229136,1415.7674021097332,-1.5619250164054537,0,0,1,1.935543843096434,0.2749013470882123,-0.5009361654403299,-0.0957247122599844,-0.9161807483879988,0,normal
12.73029075180892,642.849138228739,812.4055353770085,6,0,1252.8712690364114,695.4922828885168,-2.532605652492557,3,0,4,-2.018158910936342,1.5578847575333112,-3.3821934490670493,-3.85926951624358,0.4883613812807213,1,normal
2.4865343150159096,1694.4568362431412,156.9020929739372,9,18,1753.1508670296887,127.31388859763038,4.849261891756977,2,1,1,-0.5800916809938589,3.2598040807771023,-1.7705947094780148,1.0251956195121608,-0.1700106350426,0,xss
2.325675099055378,1298.4067440899878,1212.1864956034954,6,6,1194.3716755230323,575.8302498919372,3.5371729980592868,1,1,0,-4.221985436535401,-0.437587213475693,-1.19947690818114,2.3323358179030245,0.5068364548957974,1,xss
8.33939768285967,136.97593779483697,316.7945121166503,9,0,2030.1532135393425,758.91564248797,-1.1261478246715055,1,2,0,-1.1222836316438984,-3.671526378661289,0.4323992825340915,0.8006078744180829,-0.5073204017583326,0,injection
5.981069205947408,1820.3379202956337,292.88016673980576,3,9,3386.5133518360017,280.6131341953049,-4.419034742039311,0,2,1,-3.963513546914226,-1.900511794532217,4.038068077683144,2.367903811401804,0.962214273429522,1,normal
3.498557213210696,164.98344748388817,316.25428217449667,0,6,40.37065403012746,268.99564290983574,0.5943967607049941,1,0,1,1.1960459333704514,0.6526368886651429,-0.3015793831114037,1.8125442451998064,-0.8172149324756313,0,normal
3.605820532899081,292.9086476542609,461.8106834087436,0,6,1915.8246936646367,631.9321367175273,0.5703059401601844,0,1,3,-0.4518118875663355,-0.2001713703986387,1.7668803818490395,1.5220760993451772,1.3606934249419833,0,normal
1.5717475561679963,833.9052409762902,865.0814858855446,3,0,2136.734111090938,596.9710823742289,0.9054180900591462,2,0,1,-2.9051335796697595,0.7650499648861411,2.539615846100231,-2.929751153996185,-1.4680059520928217,0,xss
2.250782572080769,308.88779797197583,275.58026340460185,0,9,922.313871791334,463.5708530642786,-0.1677009389752506,0,0,2,-3.79454512910602,0.8405646908296096,-1.1636498429491733,-0.2197146628079469,1.6299718332095925,1,normal
8.111526793171093,2545.9150491547857,253.20182496706292,0,3,5064.337147381483,73.11282474563446,-1.6838142893857804,1,0,6,3.823977157032021,-5.540700990412062,-1.065819881556588,-0.520571759312329,-1.969932903842342,0,dos
11.198575003851376,2292.674778421947,1026.745681723482,3,0,3329.890894661167,2611.9044343712058,0.9875636421404284,1,1,0,-1.6260722708593511,2.301058170923529,-1.830541708566908,5.783528094559384,-0.7041213069995215,1,normal
0.1718764937148411,1227.138615759956,1375.167691770915,0,0,2576.171251723976,459.12186331265394,0.5976987014661446,0,0,2,2.019575232750391,4.794840872178428,0.5174633977994428,-1.576355586214268,-0.2133849360480707,1,normal
2.456429100615914,782.5142304345917,424.9345588591911,0,6,1998.9255715452648,853.3231733135842,-0.5637497136390002,1,2,7,-1.9286187362792244,1.9808242333547224,-0.7250330070147053,0.4849358788770785,0.1948405121333806,0,normal
7.383485906439299,1780.7068473778825,188.88692506150056,3,0,2358.027823988749,1866.080038395724,-2.96293904079924,0,2,2,-2.5963053792091704,4.606060995273309,-1.1878767064110156,-0.0275437821443325,-0.8480343706500657,1,normal
0.754203029269485,1243.0235797704463,1254.0646213516234,9,6,1671.004789532735,912.5731185494328,-1.816617473748714,0,1,1,-4.8168688023187,4.961837583874789,4.35506152097035,-0.7788240882435615,-0.1006314751069598,1,normal
6.670142490295076,961.5988767935224,95.50252373010552,9,3,61.699219057142585,1092.7060486047485,-0.3127056257822526,1,0,2,-0.5320183301246366,0.995432829489422,-0.1885945388291052,-3.198377774150787,0.2744117559590178,1,normal
0.1302023619760781,2328.7888661142206,1321.3801122104016,9,3,2022.001317484736,3456.7096282481,-1.5955576656828123,0,0,3,-0.6617362045110281,4.421349274757316,-0.7139708664566613,1.24178229215111,-0.0310583208142574,0,backdoor
3.0305869593051087,70.19079583036091,703.3526113790972,0,6,594.4575598255034,1653.629839721924,0.6621926842424938,3,0,4,-0.0913403235206999,-0.9568353997621036,2.249839340499624,1.0658697285783485,0.6827592496206951,1,normal
2.084207272796081,136.34771003567425,100.27591811007568,3,9,1777.6843352862295,1079.48941039917,-5.043707935220677,1,2,0,0.0196326609339267,-0.9326850906675392,2.896159473679469,0.4707628185227419,-1.178121855567076,0,ddos
5.420542122905131,2793.5928165419864,521.2508895353786,3,0,3107.6503602721937,2511.736359007337,-1.84047749100324,0,2,2,-1.1863864353301117,-4.109457280081477,4.155777229123554,-2.306304289974132,-1.309007947657288,1,normal
5.183234791421469,2052.797585805727,256.22615879220257,0,3,4392.005901479568,1610.7116269312785,-1.0178281446531312,3,0,4,-1.9993380884634708,1.4520966910292814,-2.6638334561988826,0.7379234750109664,-1.2263881732006083,0,normal
6.691579809758313,1275.4156855076335,831.6218025700965,0,0,526.6767467741942,305.99343550866763,-3.7247096875315178,5,0,3,-1.1260363204217698,0.9021815520937856,-1.021744116367126,-3.168234802194473,0.2684121797598204,1,normal
4.891782063936864,701.6564308564814,242.6775018792623,0,6,382.342747389784,467.9448045471291,-1.030099598899892,0,2,0,-2.8645444418465376,0.5141223715280723,1.6471364906582548,-0.5435499861557657,-0.5370578087233887,1,normal
2.769341530305637,150.9566581261398,576.5552456278052,0,15,912.3611288847133,371.56146750884005,1.052981353683362,1,0,6,-0.2242635457244426,-1.4860046044863864,3.291056409580447,-2.274998859940074,-0.2558548908576519,0,xss
0.4486411650558132,1543.8539861803197,207.07979046044784,9,9,883.0828618720088,1278.1323883692774,5.431285863539772,4,0,6,-1.3566143306779024,-0.137351657516249,-1.3456091543505395,2.8392123331962136,0.2413034682691122,0,xss
4.391328875238608,1509.0207501550408,339.2354142214068,9,9,1144.5693483039176,1526.5600284171248,1.9352865296698425,0,2,0,-2.2048003173708244,1.8886465948149924,0.9085326565148734,-2.038178842029717,-1.0059074574596143,1,password
2.283802028375747,277.5204521667151,125.03079327560194,3,0,734.8950749283682,485.9658958798162,-2.086182203740878,1,0,0,-1.0818817385987782,1.868197247463124,2.5273966331624376,-0.7583040840487993,-0.4185277669984394,0,dos
0.8100129420496749,628.8132587764666,270.4715138631943,0,0,2907.025552670255,1744.8128970341572,-3.134538345187288,3,0,3,-2.4062532955076064,1.4039057226514873,-2.872727890180391,-0.3341724032464612,1.7048949375372464,0,normal
3.080163589223773,360.3831657962672,181.4084004946193,3,12,1167.189030400825,1750.0670734296984,1.8079188444055685,0,0,1,-3.674172863466356,-0.7659559601654551,-1.007906385789768,-1.5622335832141665,0.7297258886359328,1,normal
8.411782270080652,2344.246580095422,236.7473628499919,6,0,185.55780325478185,1818.5094158000627,-0.6230280937101518,0,0,3,-1.847800922200132,4.297822594035048,0.932777562774401,-0.4647612089387368,-1.7010527333498615,0,backdoor
11.113674743170678,97.7254053111105,369.5007426747388,6,0,1755.3932648314706,2051.049107866671,-1.3246839693683383,1,1,3,1.365052840450147,1.2712107053921358,-1.098384958790262,3.0353666016595646,-0.5729123159911856,0,xss
2.753936629743332,547.3222292573516,222.28392710318724,3,3,452.6311282611204,419.5252575631899,0.3618979562395843,0,0,1,-1.9689268346451,1.9308361299590464,-1.3297929344665105,1.3611472072833557,0.2873508110988413,1,normal
2.204703408696485,467.3960058930602,1159.4337223543223,0,0,161.80601928183523,735.3751134731566,1.7753044021249955,2,0,0,-1.8702970418850635,2.00442451150406,-0.7096275649785024,1.6945285757322188,-0.0879576414441025,1,normal
3.782685297490935,325.16391310283166,651.0905179398671,0,3,959.7741792775984,1496.774115384058,0.4359947038716645,4,1,0,-2.5133175244154184,4.499169191110922,-1.944901103438712,0.77194965736945,0.0964080404807701,1,normal
0.4978989134300815,764.2408332646928,532.8408942082312,0,0,1677.465805377875,709.1172331543078,-1.3412157406859122,2,0,0,-0.5383451860749494,0.3578214009488446,0.50565079401675,0.0128400540080197,0.1784048900954599,1,normal
3.558218144568825,1930.0744577782943,148.45279561707076,0,9,1353.841625827802,1412.6431064789006,-3.873983172365353,0,0,3,-1.879578243197685,-2.1503845652324243,6.272259707283756,0.0693616013366942,0.4275287224045375,1,normal
5.4609805863269205,1402.1356673985536,459.3377151275428,6,15,1115.4582655746542,1020.1934201426004,3.437837572644317,3,0,4,-2.301771167763502,1.279328551045469,0.6715938772576716,5.394313170102332,0.6261219618787174,0,ddos
2.7434883655953106,2065.3911205474697,330.3579040771666,15,3,1738.3567051372513,2276.4551402147754,-0.7359816727779699,3,0,0,-3.3252609294327247,-1.0320674098087907,0.0115029796375505,-2.0929575647156167,0.7762572492719252,1,normal
8.752715377787503,198.7851942613111,82.2586495518216,9,3,1357.1523881016265,1894.8033279515196,0.4184298475116311,0,0,6,2.992911645798565,2.502451074552927,2.3533836120203606,4.447998999170013,1.490955470496137,1,normal
2.6757925006244805,131.39321793768283,316.19059129092784,0,0,72.64470362933297,1.4402102352251198,0.3559728236624027,4,2,0,-0.4310314006420513,-0.5164030979676044,-0.0254317760102118,-1.7951028028845266,-1.8012686801347153,1,injection
2.2749491696837367,601.1976780410641,225.46260331768468,3,6,3572.0637338021425,2743.7802192667614,-2.146168883182544,1,0,0,1.1540916664792105,1.824572349713864,-2.4598915015266547,2.0418911205333066,0.7559925678762799,1,scanning
1.9353676060618732,490.5256946076274,377.2915667866179,12,3,508.5574141135032,272.6975560956542,4.6468966272650505,3,1,0,3.471934940863566,4.240687718180295,-0.4561231394922957,0.7053228013133742,-0.6320858795712248,1,normal
1.1681190512543518,434.7121094364053,251.4594546785457,12,6,183.82158494907864,685.6034025562835,2.840485779483608,0,0,2,1.159710823413186,-1.7175143927917094,0.5842460799659517,-0.4168344307390578,-0.3321028087476882,0,dos
2.168534365988305,550.5379666936034,530.0720619081105,6,12,886.3213086496984,73.62218628006633,1.4075825217908926,0,1,5,-2.7005621813328142,1.3630444954701124,-1.601173964724228,1.9101265295339225,2.9617091047351045,1,normal
4.100169268396575,199.00581772080872,105.27626600972616,9,0,1444.88781543158,1170.91331578527,0.4772296564628661,0,1,2,1.0736689072054773,3.3789344883786185,3.9935369791346655,2.359640110924367,-1.7355267966178471,1,normal
11.985855132244923,1139.628463885527,310.67961296467104,0,0,2615.609678718705,856.0318503851811,-4.615080893920429,2,0,0,-0.7253253031989739,-0.3427526893752421,1.832953596862896,-0.1751545560757668,-0.3908961986915523,0,dos
9.058686146945906,1614.7340858845184,813.7490737446273,0,3,891.7025825796818,896.6503066394794,-2.63033186096023,0,2,2,-1.442646875481702,-0.5918958898986009,4.094389001889768,-0.7490034311963987,-0.1291139222902614,0,normal
2.5012209430127275,1465.4007421636634,498.3395522982207,3,6,706.4873084671696,936.348278820938,-0.9208740751990394,2,1,5,1.889227779249895,-1.323258719899542,1.4791820492348813,-3.76541040554832,-0.2617124714239247,0,normal
7.55593903257323,876.7586299032254,161.6366071309406,9,3,116.30389478729136,221.4541920267397,0.1437194121704275,0,0,0,0.1573054647265408,-0.8681490090149853,-0.3409119050112534,-1.3782676853027127,0.8247801606502175,0,xss
3.414969142480038,2176.533977622674,454.99290226185263,3,6,3058.004865394759,1072.9675081168843,-1.7633712198646567,0,2,0,3.412393147184595,-5.045902993076635,-2.633892823528317,-2.654489154901734,-1.9016581666780696,1,normal
1.0972886358369691,654.5272070977322,131.27406447112762,3,3,1932.568154569895,1612.7661662355365,0.2745297206763251,1,2,1,-2.16004757935884,3.310819138127605,-2.1809110186769165,0.2780214141981936,-0.0924234724893298,1,normal
5.493602982717192,535.4807676113469,813.0853819780012,3,9,574.1456765379174,304.4298823906796,-1.925844048050399,1,0,6,0.9257330066445756,2.277809561493544,0.7884158615076089,1.5547943747329969,0.4491069864000397,1,normal
2.5363733446991428,486.47879918870206,176.73525361638207,9,9,2673.1919170701813,506.11285559702,2.08970224305955,0,1,3,-1.3136171296249095,1.6962033698361936,1.6436180631939563,-2.3616271289645,-0.1982430753741035,1,ddos
1.966998289083624,475.0303012733012,174.0598897100755,0,6,1026.9712960687343,1085.7128017533632,-2.367501587697792,0,1,1,-1.5349593640194,1.3128177903406666,1.8403845668944372,0.1656838051336391,1.0084196429930017,0,injection
1.5136128783763738,1148.6550057190414,132.92070696884488,3,12,1839.843994526752,2259.753055375851,1.0945027116574264,1,1,2,-1.8520227605002129,2.509618656040617,-1.412575437277132,-0.0086201321093026,1.1227320366023628,0,injection
7.526357593694883,451.2604048981189,726.1036748866566,0,3,687.1509640989096,257.58506098625605,-2.635683030879157,2,2,0,0.3415772403927386,-0.1814530612154095,0.6410118167179271,-2.0089357131117973,0.3226201449419204,0,dos
3.432006361203199,590.5003620917096,152.89902024048425,9,0,3172.986257099078,90.79694209091495,-3.98012236375702,1,0,2,-0.2459382610256197,-0.2489341821222981,-0.4232894183558365,0.3990297285457022,0.5117221497815767,1,normal
0.6157746589546166,951.044789764464,45.787694216543024,6,0,2315.290654403208,1669.7939595624389,-1.859430759763061,2,2,1,-3.3790330515904348,2.323447335031035,-1.898808416380485,0.8756872544116667,-0.7770284988927211,1,normal
3.035253894400671,392.58891194564416,715.3673918097496,6,9,1093.460516854204,1232.1805266835072,-1.1794457637236182,1,0,3,0.2466244155188681,-0.7442046196515693,0.8100869904906121,0.8259090975235976,-1.0867112181699403,1,normal
0.0741886624935487,1893.3125181590935,201.54171924699656,0,3,3161.458854130383,1003.6790867209615,2.8862790341024214,2,1,0,3.187519464299198,1.9021881803724476,2.42149303830434,0.4861691239437747,0.1414289728043597,1,normal
2.2638381729328785,176.72009687333357,718.315594035755,12,6,1684.0137164806506,916.4876397088024,3.033211191094584,1,0,5,1.724841344755368,2.525912845042284,0.2133063503188248,2.58231112673114,0.5770419952599185,0,normal
4.620528025764524,258.1968962498146,137.8120769384597,3,0,827.6431426203335,786.0661715288588,-1.4895367416813623,3,2,2,-2.990702099062908,2.185782163562126,-1.3068940567174443,-0.6610840996884517,0.0780647003804177,0,normal
1.186528521564779,358.0150055241289,79.24746453453778,9,3,1197.5121757695854,1569.34816251052,3.25550552281557,0,1,2,-0.0671174425527512,1.3183614502929386,-0.9082194767255694,1.5754163847165423,0.4925152720029346,0,password
1.2867727761645154,228.2889870374105,407.2430099508439,6,0,1129.667805817264,2018.216435684053,-0.6227622356985953,2,0,4,-1.7827196177767923,4.188620706791467,-2.417391462351945,-0.4869133363408384,0.042246195845034,1,normal
7.883021126105937,338.6282544978046,72.0321544885246,3,3,78.40290930725631,1655.7435298623943,1.6177128504757785,1,1,3,0.9338201057992146,-1.4491972115130485,0.4577422224920271,0.6770998605149908,1.5498107507691747,1,normal
3.6213040813401935,306.0038633441387,320.3085585467789,3,3,471.66212296358935,603.6204822032453,-2.0225961720246306,1,1,3,-2.0166751256388364,2.6630611132963278,-0.8174050946412474,0.0071845610738914,-1.1172748610914816,1,normal
6.271950984228145,1086.7277988653482,379.5226857952501,6,3,2631.8980942018397,700.026008859711,2.209297972855986,1,1,1,0.8269976043967056,3.533824243971037,2.542740713767702,-1.4613157926805231,-0.2021305606990914,0,normal
2.35424446929828,607.654808697809,104.67092228628128,0,6,1316.8968194352576,386.6274759529733,-1.816977421778425,1,0,5,-1.1509702787176923,-5.135666736511717,2.4589281193676493,0.3585584086746785,-1.0681553403518744,0,ddos
7.153704680544447,381.4855793290879,455.49116910280327,6,3,1593.1236209240517,487.6554062613175,-0.2282509373318869,3,0,3,2.0490441794819416,3.1623565668146165,-1.9971132521301715,-3.6779673047477672,-0.5790335323017831,1,normal
3.0240535685410643,617.737288722871,545.2951872454773,0,3,721.3710062864253,1006.220650669516,1.210928038112963,0,0,1,-0.0894654233334966,-1.757232602183361,1.4156612221575422,-0.2490688437432531,-0.3579012246794426,0,xss
0.4343880568287824,1578.5084820337167,607.708536339329,6,12,989.9792091768873,6.698428757375694,-3.287237627096731,4,1,3,4.23595976634721,0.04587855938129,2.31970950209246,-3.5892518963265445,-0.8446005887207665,1,normal
5.12500550964596,667.183061697941,331.03784610297697,9,3,1621.8168780945084,2331.981661513428,2.0807612897997547,0,0,4,3.192891469106393,0.5046429764811136,-0.4742424107077119,-2.960963111651693,0.8579637803197561,0,xss
0.5188928934706029,109.4306042731148,840.7309024189439,6,3,372.5767752991574,174.81014316096605,1.3278435655553005,1,0,0,3.009016152032684,-1.8232041696679289,0.4800835095705176,-0.6903695694798664,1.4822497925538567,0,injection
3.0845117999055587,563.3545182052413,181.20349461229924,15,9,359.2787853966763,2102.8073855791868,0.7737481806004767,2,0,1,-3.4725927770873133,0.3673880667192465,0.1475592602626785,-2.787758992628878,0.7547591488134965,0,injection
11.036654154706058,682.7715791911087,161.0906545966216,0,9,100.30225642825783,960.75672987138,-2.2012661759871,0,1,2,-1.8478818906791403,-0.2076376288425907,2.045760415751571,-0.9118059526330196,-1.8799921935317956,1,normal
0.7455968452486851,871.9108787078121,381.0127250641417,0,0,141.48076544528556,530.8071148709373,1.1534008988425803,0,1,0,2.354763657519156,-0.2801857200882065,-0.9050606161802516,1.1297216011069082,0.673303652487899,1,normal
1.300050232664081,1223.3858456209573,310.34877873206995,18,9,674.005183476237,23.05158496446709,0.1946121752288503,1,0,2,-2.048503858444976,3.033660121557734,-1.653853552394322,-1.517048901136291,-1.041709549050387,0,normal
3.9477890104683566,772.351948590293,207.8909343197712,6,0,2380.51378777435,719.3693426730152,-0.6329176218203119,1,0,1,-1.6395305925270636,1.334878961576354,-1.1325174410999492,1.3797720708298216,-0.6664302375224762,0,xss
4.719344642318956,630.9287194273537,190.29330832276236,0,3,1986.8209124065943,714.1679718122208,-3.2970599645020773,1,0,1,-0.2175983309108333,1.0746583108416758,0.3871909750689248,0.1270149635197717,-1.153991763591481,0,injection
4.704879536931741,37.45461283640561,434.86322176270926,0,0,964.3499046371804,644.3760513654441,1.2853296538770878,0,1,1,1.8711818033134568,0.0834844598191981,3.349072993231121,1.6317929707435834,-0.8394124564323002,1,normal
0.2581135600267436,529.4730632541941,458.2130471964852,6,0,215.77682002465932,371.8874250214234,-2.5629798394323364,2,0,2,0.0005153013142338,2.616136662300357,0.2547054600209859,-1.4401642862443966,0.4011873065016849,0,normal
1.6650399432310137,86.91502214255087,176.2596993566431,3,9,339.8123136823808,743.5091650887049,1.2724412374775684,1,0,4,2.1352021499925904,-2.426339254831588,0.698863318422424,-3.3365223553576246,-0.0429014472565541,1,password
2.5988066488302803,641.1196570197362,14.027219092211066,3,12,796.4622820644087,967.688610269602,0.2852468320388887,1,0,1,-0.3150590540993045,-2.413765434950447,2.340988396277682,2.964217232496245,-0.6424245844426174,1,normal
2.7118435176292444,823.2833899929678,587.5401948697773,0,3,49.31074217204424,1676.7841019974337,0.2786614838321386,3,1,3,-0.6649459085980092,-0.0579919452718167,-0.2828038153307182,-1.5606134174196946,1.1899336385565449,1,normal
4.3835474658185865,32.07651586915672,668.0559257379042,6,12,3391.998085176018,839.3141798222521,2.9399753369077497,0,2,4,-0.6615400240522156,2.36489386693288,3.2074878739989465,-2.602285339627026,-0.4435493487303282,0,password
0.0344997545318241,372.6808720872738,655.3429027568038,6,3,80.62964633190448,365.318497846656,-0.3831195488902786,1,0,2,-0.7426811141742156,1.355240715468153,1.0773967581008888,3.140689460010459,-0.0177816175949994,1,normal
2.589730995078055,1918.6233946862756,271.2916889982546,0,12,2768.057369928391,2739.0803833892523,-2.4651919237662026,3,1,3,-2.1026045794682244,5.450385234650679,0.2743877087252183,0.2196698711938578,-0.5271606359576109,0,scanning
6.811946339325758,212.6697892909237,186.6897291810218,3,6,1082.459696640328,1614.5871189754296,-0.8106890702158065,1,0,0,-4.720314114384953,5.640392721264655,-1.268711156634567,-1.1280650610533758,-0.0836728918600174,0,normal
3.649872533182669,488.4131185689624,318.2764697873675,0,9,328.4891668927269,71.50518963988681,1.8812594001645184,4,1,4,-2.5872817120802045,-2.5451694457326006,1.1348723573733863,-1.6580905372074397,-0.7454378360400711,0,ddos
4.2983843688582,442.0410205734907,428.195540751084,3,9,2166.406508120829,105.92120765668908,-4.358788894098272,5,1,5,1.654203445202559,-3.780961318899671,-2.186876885305561,0.8939101736641739,0.7642978646794646,1,normal
0.5052452254393207,1489.357757958852,555.0964943391666,3,0,2803.19454566694,377.1259454010879,-4.945350168896296,3,0,4,0.0970749996371027,1.6240865117028211,2.993816624158456,0.7621134504833205,-0.4895516643681006,0,ddos
0.798837131167332,44.97526701857601,296.1809855598901,3,6,255.5922225625183,722.5904021850283,1.5157045711682644,1,0,5,-0.9218032316300266,0.3581671204800256,-1.76916453455816,2.0388888748839884,0.9640471487357616,1,normal
9.792574221499349,311.95629408823214,1046.133269484004,9,3,2053.193797679311,1704.3634568366742,0.3337987782582376,0,1,6,0.4521335530472719,1.9128230582650256,2.7972724834593885,3.2248912644382823,-0.5224736301235295,1,normal
0.7106054524782511,365.0853051704627,568.4218862235559,0,0,830.2801845474461,432.59524383097386,0.2451399261861548,2,0,3,0.0138260928252647,2.701432686303302,-1.9997205889966063,-1.9714163540332248,0.9656759161318668,1,normal
0.5050560289135643,380.4049985481628,12.973051741173531,6,0,1162.3609067758562,1201.8439998981432,0.3311275357826492,0,1,4,0.8745143365854973,0.8951694342653265,1.433721349980879,2.7830719904576844,0.4849922471294401,0,normal
1.801829868701231,360.7229950929096,203.5914603108768,0,0,487.60395464464017,1522.3701916571397,1.7239484469980852,2,0,0,2.6193106291193624,-1.0290076021379324,-3.24275994972645,-3.885461850074347,0.9933690978042758,1,password
4.370883476495042,2050.0133157420064,371.82306540372207,0,0,2641.74560988394,164.20244257904042,-0.5775515192326142,0,0,3,2.281473309943941,-3.208392056828238,-1.1996696169114358,-0.1564076568731538,-0.687043648353068,0,scanning
6.347547758266568,668.0024355505426,54.524696211809015,3,0,436.81243583616185,284.90089256574475,0.432428677357782,0,1,0,-1.265159573418348,1.2971102431483434,0.6996561146836509,-1.5881831900833736,-0.6160050258232463,1,password
2.360609891697763,220.8072865257677,101.81204880137663,9,0,1632.828070306071,355.7968905619199,-3.1282679980908874,0,1,0,-0.7170918555590784,0.1921777206752504,-0.3055384721301355,-0.1217595665603255,-0.0464849287396638,0,normal
2.796480951033879,418.44352778829466,468.14183886475087,6,9,1234.937654550458,1766.1712115488183,-1.560947628427528,0,1,1,-1.558595858895511,0.9004217611307276,0.6928102045267234,0.4246154211973709,-2.081447466657929,0,backdoor
1.3801445133947168,482.8986268494787,795.2031772633657,3,9,701.4287522919352,566.1414474791679,-1.9091549562159635,4,0,6,-0.7195779171759408,-1.257826525659887,-0.3946611169581203,0.0876051467497576,-2.561427179911576,0,normal
5.252062617058597,1142.4246028036991,416.3898120113794,6,6,404.3034704180897,539.5341054765706,-0.0656586537157264,2,1,4,0.3369725403859598,-0.8666198908904288,-1.459000836179952,-1.2093505654175762,-0.3240658556924579,1,normal
8.644202151034738,880.6975476770522,173.5406455090782,0,0,1595.6691807329566,384.6147936461028,0.86569255655052,0,0,3,3.3051275886632405,3.111675817662806,0.4814719973280096,1.0288903565663172,0.4339148978669988,0,normal
3.822403513558648,1578.7423369242238,847.5343936672483,9,3,1082.2605601627656,1324.378299678173,-1.8935842949433468,0,1,5,-0.8814344273686815,-0.2694265891907614,1.2290593108672363,-3.129760763580207,1.4373947002406409,1,normal
2.4386013744623383,495.630455256332,674.9406604864469,3,6,218.94199990581464,240.15601475985287,-1.6233140841970095,2,0,5,-2.1953557443316063,0.5069449101736644,-0.1679506358211124,0.4712839088238361,-0.5926466741619197,1,normal
0.952271081409955,42.810644663256014,646.0484871625629,6,0,1074.6947663001315,1018.4058882064992,-1.944071259475297,1,1,5,-1.5336968416918606,3.836287212603229,-0.4880565512977812,-0.219218201037097,1.568527258214803,1,normal
1.487757249810404,814.3680738399295,209.9633928818667,0,3,605.9130705041191,399.3043672431187,-1.847967863944071,1,0,1,-2.170466973850817,2.374315649042249,0.1145928336342638,-2.2071140953562614,-2.011434376492151,1,normal
1.4638800232135694,1205.9110222079132,259.0215987868407,3,0,578.3825567961135,719.6847629259795,0.5574208847349869,0,0,3,-3.708031385139889,-2.1440275409342986,5.172309041009592,-0.1830747513113708,-0.793856966933194,0,ddos
2.190515501537547,335.0073528264589,139.5200656290865,0,0,1718.6818022831542,1039.2319808068146,0.9573481082052072,0,1,1,0.4896539153566333,1.014612235302048,3.81400566198282,0.84206531000555,0.3527413553220256,1,normal
0.774919044141582,190.97295985859424,405.38509739802544,3,6,501.868928121782,1000.3264359501976,-3.2925359980208704,0,0,3,-2.235321024486007,1.384465857027507,4.982350425019402,3.612098941922615,0.0316299674550431,1,normal
2.246711593389731,380.42457975290046,195.2629613000377,0,0,886.9028681235145,629.7220984600099,-1.6396124235158402,2,1,2,-1.3730268434167392,0.8222012688339639,-1.2339184800754406,-0.1964330624914103,-1.5364945877779672,1,normal
6.958623879532322,2224.123709562667,907.064738249182,3,9,2066.5599585493487,2237.683681547438,-1.3809263099890692,1,1,2,-3.763328733583992,2.961030702165253,1.6233488647538974,0.2955245124001953,0.5271654533784215,0,xss
4.510381497587924,17.14558976565206,368.342972202333,0,9,715.6610102407657,1556.5123985811322,-4.526655465586299,2,1,1,-2.000388552533281,5.118453957696119,1.787062034461226,1.4363241456756697,1.0961194655325237,1,normal
2.0462484174024045,1297.5661577213602,224.60781365506864,0,0,1404.767614002278,1459.42685190943,0.6390885494979297,2,0,2,-1.4339620430391011,0.4513633761908019,1.4487015478656882,-1.2785841891084655,0.8348058896230117,0,normal
2.57353700881386,795.2394983672725,764.5691432331616,12,6,1894.649685054504,896.2972128224276,-3.4230120316650057,1,0,0,-2.003233507033144,-3.3820407294285517,-0.3137679725981187,0.2908092839520289,0.8912479443573693,1,normal
3.905773688088385,609.8504734481907,121.17721103521474,0,0,1818.5464909784585,235.9028190674275,0.6250968694090351,0,2,2,-1.2361735942588552,-0.5933582924548043,-1.0053062070258605,0.3732347654057821,-0.4336868545501166,1,xss
7.342636083424852,1540.1702682786934,349.0339007150924,3,6,143.90243322216728,1195.891271438294,-1.4488018843262076,0,0,5,1.2010218111167192,2.4573562914220504,2.038849583674496,4.196872124673382,0.547420375393011,1,normal
3.579334281939909,723.6323471867847,426.6870324404603,0,3,2418.7447535808665,1075.1319603011773,2.0766636880981992,1,1,1,1.3942884105861515,3.47992972916313,2.3216460461382704,-1.6901136412379152,-0.4528796826447557,1,normal
3.968996635122637,1298.16012140951,639.2614522081735,9,0,478.5852100880544,2554.048719676691,2.259765128375853,1,1,6,3.2768729062018584,-0.4350049232425856,2.0367451317343184,0.3807635033536408,-1.6356981984307857,0,normal
6.917768449629963,413.3914869060153,225.78314832560457,3,0,2497.240114995842,1072.8987187952528,1.2292638397810938,1,1,3,0.2322043861852767,2.057361356583633,-0.7746001474953148,-2.495740683979667,1.0716251778431425,1,normal
8.03136164785294,950.4628435947942,677.9374169585609,3,6,517.8500365925173,1415.381285473832,2.954861978225153,0,2,2,-0.1627174594020077,-1.435400324273132,2.175735673006803,0.1558337768630762,0.4632177193661758,0,ddos
9.33237809184204,1111.5888688730363,397.9476405992766,3,6,1988.1822937631812,1126.0127072753385,-2.019649319302168,2,1,3,-1.3981053795182217,1.260482794810135,-1.493910687252738,1.6024829232258888,0.4544355169769817,1,normal
1.477350423028117,654.8021981688375,114.1224624528565,0,6,604.3215407755101,1236.2443793140365,4.0424015175513786,1,0,1,-3.011788496771533,-1.2336210755206014,0.3609866013350723,0.8388411599980015,-0.7355933023808146,0,xss
1.9874351363146616,218.0499598985656,52.714885784489496,0,0,1704.2244844646298,105.27183529387818,-0.0961422684397703,0,1,1,-1.019934274998033,-2.718597077849263,-1.4467937867539564,0.0369241998434035,-0.3804954684649964,1,normal
1.6884927887512775,891.5973574581185,288.8113777303377,3,0,1095.3225766265298,455.4863505263813,0.4300878692906629,0,0,0,-3.958854604537426,0.4030018009164851,-1.3925218102349817,0.7445308164728199,1.493787200214198,1,normal
0.8456334817311756,398.1325672347181,481.9757313160808,9,6,2531.1948612691704,1664.2600074691825,-0.0293071082588272,0,2,0,-0.4779237084434513,2.688629775776856,2.9047824210231017,3.283485239543875,-2.0761269092647407,0,normal
2.8436468503705568,1333.5819517518755,470.7394865802012,6,3,768.9838764418976,1923.862854811939,-2.134550816362552,2,2,3,1.1875061350633704,-2.6075105625320223,4.386873078532555,-3.475923194709716,-0.976175494037099,1,normal
1.5290461156832105,306.69058974807416,184.07069336087324,12,6,734.3614263325721,2417.5367868570256,-0.9790975947144328,1,0,2,-1.3438447049783622,1.4854260398142307,-0.506941795533475,-0.5155179580875644,-2.0999674730467173,0,ddos
6.867374320379297,20.05608897784772,100.91946484299324,6,3,1783.097227228961,974.787274514208,1.6115563712360568,0,1,1,3.955159093575476,-0.3351661093412428,-1.6702356034819148,2.541401922528033,-1.212792754275491,1,normal
0.8372216063085856,14.03594840897182,214.14827524775023,6,0,324.38758306883216,2.035510323018851,-1.779603868829807,1,1,0,-1.0921483829255303,1.7557606499365863,0.366170797645732,0.5060992715456496,0.8045919306083406,0,normal
2.207118140980997,718.7205706995063,181.27921735184304,0,3,984.7778536846236,1243.2638288375888,-0.1822321091933856,0,2,3,-2.293819200614971,-0.8664136961965194,5.854736743460607,2.0487700777599143,0.0688483051345989,1,normal
0.0391003065932801,503.2415948301215,109.15109972635804,6,6,3098.863150274366,771.8921964936158,-3.053169039438572,0,1,4,-0.4726528477471686,2.409737528351597,0.4493947987211882,0.8134087384134927,-0.8833660218113425,0,normal
7.114950455631827,934.3925955136484,781.0792964354544,3,0,927.4965749606883,1476.2269742760188,-0.3184406688384641,1,1,1,-0.0893804269205646,0.9263248444061652,2.677279149933967,-2.99587401148883,-0.1559331032697808,1,normal
1.8473856737519811,854.1762152814104,33.03727768201349,3,0,313.38219024031224,32.493173806542124,-2.96005885705134,2,2,0,0.0724082234355851,3.3482030728135115,1.1312770484176724,-2.6876996863699736,1.0088896593038017,0,normal
1.3713779829388897,470.17683325225545,414.1260732653944,6,3,1410.059557180742,703.4695165978671,3.4699150576487003,0,1,1,-3.102052329525314,1.0355592518928407,-0.9493016322154476,-1.4020891956294266,0.6487749414135887,1,normal
3.1902169965138434,773.5073625260079,1113.012707798757,3,6,296.37748644059184,233.3604427093885,-0.9179951689521968,3,0,3,-0.8336462455623885,-1.0760860422782026,-1.3821972127768218,0.7265805509338028,-1.0385258118179954,1,normal
5.815308761580912,861.8015449369043,59.19169659918671,0,3,192.1075738421828,857.9508393052,1.1703533780421675,1,0,0,1.668934734322595,-0.7497752514648985,-0.4951558083480396,0.8278526403720522,-0.6975630805317415,1,normal
0.177822391631563,179.46738070324585,504.7430703776923,0,3,1503.1005349767297,118.6859673476928,1.6248626619574669,0,2,0,2.8680529425837653,-0.2632811370472805,0.1804016852929075,-0.2459552659411258,1.8044251657017427,1,dos
5.183234791421469,2052.797585805727,256.22615879220257,0,3,4392.005901479568,1610.7116269312785,-1.0178281446531312,3,0,4,-1.9993380884634708,1.4520966910292814,-2.6638334561988826,0.7379234750109664,-1.2263881732006083,0,normal
1.541706899999238,966.9769448058888,161.28872923217077,6,0,419.9899236328957,1444.1418096417287,0.5547265085675233,0,0,4,-1.2955383245739314,-1.9352119269306416,0.4380137474083968,-2.024199596511167,-2.3868293998151,0,normal
2.2542742163730405,852.8884195944566,499.3194560078013,0,9,927.3287545837916,1239.0404020111464,-2.464208970862693,2,1,6,1.9232111854794536,2.335822327696512,0.1784044456108859,3.139054891684558,-0.6662357163909589,1,normal
9.209245429266153,1024.9497291835023,48.81655599044269,0,3,334.55432987009937,678.6037388829826,0.0393600993774143,0,0,0,1.8932386675790835,-0.6188627969234004,0.2328573064127426,1.2565554184325436,-1.586057664621911,1,normal
13.62020648784548,745.2656592521649,315.6014119276014,3,0,718.5696233643267,199.9623102002124,2.160326148925094,0,0,1,-3.185810375199428,0.9964969977803386,1.3162624753386871,1.7368260950038508,1.932844565273206,1,dos
0.7794027331727761,1906.9859926345307,240.31540027971556,9,3,262.75699031439126,2891.9582026538114,0.6538760448114888,1,2,4,1.476719333727742,-2.469860887533708,-0.6807400464409217,-0.225144116212371,0.4777603185797358,1,normal
3.065615080035085,819.449649782396,286.373045827542,6,0,1263.6052639000802,519.3360720146487,-3.795869623593468,2,1,2,0.2884893913248447,1.4046365046826328,0.1901091541756525,-0.3267345724507821,2.3112882890759554,1,normal
0.3168469389752387,819.385495422397,82.23301466002346,0,9,1246.4225785250476,590.94760911674,-0.0540421691599124,0,0,2,0.5670629039539578,-0.8244071196807152,3.6243965603815846,3.558836875069087,-0.1013504922206294,0,normal
0.3611629675534806,1164.827981899146,688.8586673876245,6,0,472.77906113230085,464.3499148343859,-1.7505241293755196,0,0,1,-2.3308766943171486,0.3736777417693355,1.6394008822647368,-0.4763409054008735,0.8371217484566492,1,normal
4.392954421585446,38.457346531334814,298.63381315557973,3,12,284.3231091290915,185.7627935462509,0.2746025366408,2,0,2,-0.8785121494042258,-2.007026381399922,0.2906066016445194,2.9663033510311667,-1.262930950936864,1,normal
1.4102320828811736,708.509658975602,856.3852197152506,3,9,1058.7557498536496,2324.1822422542623,0.0446510139675679,3,1,2,-0.3052978338881296,-3.2375559031741785,-1.1376728349715124,0.0958048822897432,1.456950407941754,1,normal
2.0455488137088493,256.4224611091714,857.5350756447776,3,0,2189.083219376821,1215.8085914369788,-0.0085896568787866,0,1,4,1.0601540208593976,3.483358486946804,2.6119151864248646,2.004833061556889,0.1936163207828661,1,normal
4.3032969004419055,862.4145522236705,230.17344985442332,6,0,1442.444945405349,1378.8407133153707,0.7709950826721048,0,1,0,-1.4135278479038798,2.513758470445601,-0.8620893355302699,4.278057639467346,1.2679526152986742,0,normal
7.079574483478926,1021.463333702776,563.3004226405791,3,6,2196.831914857819,2184.009496793748,-1.575022284431458,4,0,1,1.4244231727671164,7.02785431504516,-3.4026988578994564,-2.0183666142357324,0.310295574882363,0,normal
5.57482411865712,1012.8506673747752,859.4932556636373,0,6,1700.1502860207102,500.53009532051095,0.4072691653261806,0,0,3,1.070673980848498,0.3159791450488697,1.120846350684248,1.474471602286553,1.2362781860187926,1,normal
0.3143657488845549,670.6966351471139,17.459345496367135,0,9,326.8063498544806,760.802065253592,-0.3787930418773414,1,0,0,-4.643064639561975,0.1885649823804811,1.801469225491373,0.6756218056016303,-0.1888567478284245,1,normal
10.800975549611056,640.5008767691733,798.0312642280699,6,6,730.1247246394522,714.6821568170134,-0.2084117662927049,0,2,1,1.7922018749118462,-0.774849155972337,3.151500418000289,1.437403130431807,0.8363180353921618,0,ddos
3.355049609423995,751.842064033189,476.5114306927318,3,0,578.4745590124846,535.1240387149196,-4.769475851850607,0,2,0,0.9104882980560636,1.460936212240118,2.2735729376271365,-0.7075124701379165,1.0274047345373531,0,xss
3.0158103882360217,1359.845631437345,746.0676919853993,0,6,278.5549661256286,630.2619703877294,-3.4847952093346555,0,0,0,-2.5230331859597404,-0.4977521742041368,4.533286751472331,0.4262948088527798,-0.1652836439879523,1,normal
2.59839794891791,334.35089587226383,1106.1974598067757,3,9,70.69632766845515,1741.589505806072,1.33932118722566,0,2,1,-0.3971556973859851,-3.5177417125525,0.919935098006109,0.0709179379885538,0.5527078548618042,1,xss
5.123452334257682,271.3581297940044,914.5574615204688,0,0,275.8157492480236,486.21650798171584,-1.6860539717048826,1,1,1,-0.4722471852755338,1.8176565330428245,0.6517925611163022,-1.1903475776600394,0.7542193802020168,0,injection
0.7889644727997446,1482.8501038687018,375.53135657069714,6,9,1314.23487283852,2065.5074016817425,-1.2183287288076274,1,0,2,-3.210078140263221,2.141056652939751,1.215675540787303,-0.83675098690611,0.9699354338010427,0,injection
0.3689804499422117,1021.6150988052184,426.7797371567866,9,6,469.2237021372487,1957.896077336561,-3.2944564049895098,1,1,3,2.067953451702732,3.661289321979932,-2.082193684686485,-0.4292283375785348,-1.0972046339563648,1,normal
4.732775055761298,147.9484350362983,345.37705587686287,6,0,921.0360944596893,115.2015307551412,0.2616588584366817,0,1,2,-2.211745576240617,1.45308032984236,-1.0198639471158757,0.5448915388497069,-0.1076322578989514,0,normal
3.923465907195226,1120.7504227047186,240.8707745272135,9,0,1367.4017766100094,574.6618335978549,0.2637163111486542,2,0,3,-1.3077762480388582,0.9878976804333228,0.8469573813583586,-3.551693006073513,-0.7719916552778996,0,dos
3.494484245251499,580.4944978892703,296.7176074639105,0,15,966.1962548988804,1160.0028295793106,2.043210233276473,0,0,2,-1.1729013195657576,0.7460989730789342,-0.0644425282745926,-1.1914261468583889,-0.3058033279376759,0,ddos
6.1907225981857135,399.26059430030176,230.47310764691997,0,15,4261.744785708569,2617.846757633912,-0.3605753388214089,2,2,3,-0.7397951575932165,2.484031159813944,-4.102586253060792,-0.0349074840304204,-1.3952419011843962,0,dos
4.082309164036502,70.65582165028405,303.44379312000683,3,0,1918.151856019546,321.21060798260714,-0.5099269122918952,1,1,3,-1.6190414148234358,4.336357476323899,1.2343738395112884,-1.896666826494424,0.320288745258121,1,normal
7.068909181440887,137.4057340990136,436.6976845575517,0,9,530.9100845386424,402.2081279138132,-1.013203263405481,2,1,1,1.786137974859094,-0.1604139891837197,1.8240868021754484,2.9110238309170384,-0.0459232641999505,0,normal
1.1330707609968302,1038.9944757448227,476.3072677265966,0,0,523.1283519717873,2213.705113746776,2.1814239966854627,0,2,5,-2.5970753530510504,-0.3192512040581021,1.8313783676441664,-3.461532198147683,0.6421892695047398,1,normal
5.184480306483251,2002.204892523005,380.5514251613569,9,0,1092.2180554525632,2929.5305837799037,2.563170747984201,1,2,6,1.5912336528779008,-3.475377344186953,2.2713802749509693,0.5305946468356113,1.074034485937806,1,normal
16.225629672392213,1138.9107452138212,91.20401359482987,0,9,462.84787318204206,458.71064706826496,0.2347427829221204,0,1,3,-2.4044070575855185,2.327066534982472,0.9955328091243402,-2.0359046925013904,1.241066157126968,0,ddos
2.518780766855064,135.28500599129322,98.0964789885527,15,0,380.24874449108574,1999.8109359690388,-0.3712953884740397,4,0,1,-0.4449149140601394,-4.054658368062585,4.111789575504451,3.27516109623795,-0.2805670512459658,0,ddos
5.900834405711388,621.8484426956188,134.85955959206925,0,0,2401.955302641889,1636.6773556676908,2.64933772684729,0,2,3,1.450828636923163,2.931969800274369,3.804833082835617,-0.2740308070665427,-0.0739218248328346,1,normal
7.7287862772114115,499.8639687117436,131.28501320279196,0,3,1325.0012491849843,73.09616925649107,-0.0937202253850795,1,2,0,0.7245634118069912,-1.7964554279899254,-1.0245230336932014,1.4517601861539622,-0.1178082723725843,0,normal
2.0962380050208984,413.1952296488293,347.5740372850797,6,6,118.3992661383028,1128.7984445969091,2.1492286134071428,3,1,0,-2.515381706502468,0.6459387459946473,-1.2196604261963973,-2.058393139140945,0.3142841067193851,0,scanning
1.1629811974117996,1834.6571476455929,597.00280742299,6,0,3106.32428761836,2136.474428864573,5.882143966723135,1,0,2,1.682146843730751,2.1150948594574595,1.154853697514696,-1.0357553211751094,0.2125531794698821,1,normal
1.779133855430083,624.9946126629023,226.52035807338885,3,9,733.2684208801204,67.18141623561452,-0.1207411434972391,0,2,5,-0.7429531741605773,0.0211652534108817,-0.5737432278456422,1.6423179419639178,0.4406395514292453,1,normal
7.910178682219992,622.4157276734767,321.1521777577244,6,3,1.9856580624821336,865.1908886445151,1.080878409091541,2,0,3,0.6366186931575,-1.929913538123039,-0.7272355439612601,1.9805492551914017,-1.88938410564541,1,scanning
2.3148235009662645,717.012103096975,262.32235925054067,6,0,128.24530127950203,216.5605424708434,-0.9073168991067552,3,0,0,-1.063823442339143,-0.1670546666122168,1.687401514891672,0.5029988762392398,-1.324390929615079,1,normal
5.062835994475029,1941.7948557169864,400.83985655190617,0,0,1986.1387814102347,1220.0000783429316,1.7404548916257814,3,0,0,-5.1248638727867855,-3.4000815231259267,0.3768057030986754,3.333322491175651,-0.2875323022966173,0,scanning
10.3922256301014,586.6983751215546,11.905907985085989,9,0,772.7434343816328,384.6629068501284,0.5629839220642514,2,2,0,-0.1275292325002583,2.861118663646224,1.9211199070689515,0.6026925848182499,0.5361441858017475,1,normal
0.5666032750635154,586.5082038686168,23.097912453966494,9,3,892.1330167913064,5.259857473325467,1.020264850597583,0,1,0,0.8673014479544086,0.2943239789813865,-2.1237369412608498,-1.266875134581941,-1.17424135609903,0,ddos
1.8463239384250465,1470.7066572391093,507.1338401069864,0,6,3408.7970472819256,1495.2197879882435,-4.624134324404622,2,2,3,2.193857971917202,-0.1821365690097758,-0.6427065721443674,2.5256033191678138,-0.857670141672019,1,normal
4.01863065140957,496.5450389831815,833.0363620089644,0,6,417.8178546070743,610.1666532899605,-0.0640645128891681,0,1,0,0.9905643572274826,-0.1177128043160726,0.1195034408441717,1.5295896249663807,-0.0043697763917186,1,normal
1.524818837604677,2923.8250050047814,504.6208318098482,3,3,4615.908697104867,2482.934518525878,-3.2612633054749907,0,0,2,-0.1016264974348633,0.4419101147324887,-3.149093703804277,3.604589809143083,-0.0301664140831578,0,normal
0.1970613280128156,807.1420192180218,564.9389223707975,0,0,1329.4808669929037,465.9858037942933,-0.4410667180826499,3,0,1,0.463276824896969,-3.718068778586246,-2.3670403777243427,1.3394062111456708,2.081874116694699,0,injection
7.665288189638409,263.0274107426323,57.69029880252782,3,0,1086.6832174081285,1526.4693043906584,-1.6651979791085756,0,2,2,-0.3274348113695907,2.5422675815202576,-0.1044103186732885,1.192967065538194,-0.5134283299772555,0,xss
2.8206737370339905,1151.9578134377718,154.0989579594394,6,6,127.50617516700636,2224.152665554868,0.7587683440887265,1,0,2,1.030567304398763,-0.2865204348145445,-0.2160606184699809,0.1452191340221456,-0.2081031501584081,1,normal
0.5254131086255445,879.0756066272952,163.25705037540644,6,0,886.0984817195654,1503.72991363138,-1.2751165833858684,0,0,0,-1.1784604347593266,0.6737698555023497,1.8114509904429903,-2.6455000687686674,0.4994191460293274,0,normal
0.5259791588525355,715.371443237358,311.9326002883349,3,6,564.47417131999,515.8239829837154,-0.0511661659541706,2,1,0,1.008929328100551,-1.681439945286355,0.5908103778200605,2.1256743458149794,0.7921272127010609,1,normal
0.3955416328518146,126.96497988767686,102.12826641450556,0,0,1411.9761268686775,1269.4843181936633,-2.1002256534975814,1,0,2,-0.3179646490084835,1.1470291964765646,-1.6053354541006457,0.6706108465016912,0.647870399652107,1,normal
4.541011984975003,273.89075316793145,390.64021017436295,3,3,224.4998739797756,1028.7752634607205,0.599510219924186,0,0,3,-2.6358944162225253,-5.240409787461655,3.947938628514124,1.5194906924005684,0.4356638769635096,0,dos
0.9224346719932818,1061.9610449697363,481.4793889152473,9,0,2467.022745425706,1465.3652341560592,-1.6548617108432513,1,2,0,-1.3424642170438217,2.2841511102540526,-0.2016605538847347,3.010451133123827,-1.1059042756106954,0,normal
0.5934366353377238,1036.7314000686376,957.461380848179,9,3,809.6755089669424,1067.4422347208376,2.2443396524772536,0,1,2,-4.181240347567809,-0.4914884256758823,1.570667316653162,1.7502500909894485,-0.5177938328924822,0,xss
6.173906884120529,17.875086350153225,246.703475384592,0,9,25.98211014652111,1222.3731975526568,2.522911811125703,0,0,1,-0.6876805124313261,-2.19585998006783,3.0273102960504925,4.126413026623079,1.257832415089343,1,normal
5.188805750522291,1443.2389634207568,163.76912035576325,3,0,1376.1605258271284,265.4408189155396,-0.1244200173822114,2,1,0,2.179298227010116,-2.463049694339268,-2.94784924516316,-1.3878090056508037,-0.9764896795838,1,backdoor
0.8574928968761336,995.674479489482,553.2799398250655,0,3,299.8364059006535,453.05555565876887,0.1190074797180456,0,2,0,-0.748040854940222,0.2849753271605251,1.950428461891824,1.4563199545076908,1.497024622766743,1,normal
3.619767776803185,1031.537720206378,161.1059655469773,0,12,2695.094821283609,864.1960050235368,-2.549700406075948,0,1,0,-4.312909905278813,-3.326908096308939,4.592284786023238,1.098659560824439,1.3379977307493671,0,backdoor
5.638504990099157,796.4717314110227,399.0258176527229,12,6,44.62068731280987,1353.7212956780922,-3.0120951531349784,3,0,2,0.8953805845373204,4.56189838427081,0.1446694178208381,-0.5438348280560976,0.1304011894767328,1,normal
5.696429229274225,968.4117105889017,466.6980172579815,6,21,2658.5307433963967,2977.142346409873,-0.7546809258380952,2,0,6,-3.0846029863754687,2.459116351528075,-0.530866431997669,-0.9194814382167242,-1.361325626290164,0,ddos
3.853439632709619,1199.2054856565562,894.5180379066902,0,3,2268.041528712441,632.3417303759468,1.5472734350654676,2,1,6,-5.079843424632854,-2.7422819354565826,-0.1434650143393401,1.2024514229881118,-0.9079695787594704,0,normal
0.1083008710608017,1343.9717377611014,41.6488386000059,3,3,1009.9581124916364,1206.9981678381955,-1.7845779447434655,2,2,4,0.4449913167047772,2.1607721677809124,0.068467264639648,-0.056177187525608,0.0659463820087887,0,xss
1.5427785949208768,409.3756201611855,561.497057112311,3,9,3285.109477693416,717.4769688120479,-0.3776082347071655,0,0,6,-2.557629059983629,4.5996394530579465,2.025159565674568,-0.3643934827765687,1.845040396381812,1,normal
0.2921722389934179,57.50046059811042,688.0306359924282,0,9,1854.394882174487,1579.142644780777,-0.3223951049517506,0,0,3,-1.6028557147184757,0.4134254065875361,1.6209710944013762,-1.9583825526073984,-0.7283178860310835,1,normal
3.3682326882347224,338.8646347202585,74.99129337747455,0,3,503.610209715617,593.2562654146856,-1.6788866262274622,2,2,3,1.516885092567524,1.9847340700128435,-0.2698246637069149,1.547830749362677,-0.0109622231766433,1,normal
1.0496227240134808,1767.6230257037005,559.8450926840989,0,3,2254.814797790709,1029.8200371018158,-0.8166437537051073,1,0,1,0.0968342898011977,0.0495931701915879,-1.4234927247539124,2.76816899753412,0.6688988683758353,0,normal
8.196679234596811,271.0085831935265,1118.3473338979595,3,3,459.8369277862896,246.26697654756396,0.4324710142686239,1,0,3,-1.634074158999427,2.3371193241263755,-2.6226238565602413,-0.7866273342437695,0.7385560500617597,0,normal
3.050724864043239,94.25749626296142,495.1159878163103,9,6,3484.072167918609,1278.0092732105556,4.956978473867684,0,0,2,-1.1158204810792138,2.4264410838196886,-1.3061899728115485,0.0763707843273455,-1.130091979244792,0,scanning
3.2166776371718098,1042.9151009067268,433.5650700195464,6,6,260.8694403337117,1148.4689263587452,-0.1824404233235437,1,2,5,-2.200677045063835,1.6629831358217886,-0.4929073242070372,2.6414057028758853,-1.5230742872246383,1,normal
0.1023725327125766,992.2630850892324,216.0488429742184,0,0,840.4153749762793,324.667341134441,-2.688132707541849,3,2,0,1.2658169428424444,0.1087170576272988,2.332247379822105,-0.5106373575007154,0.8339224742894702,0,normal
0.2107629297620946,757.8456471212097,797.9630863077957,3,0,205.409988487338,8.99993951828425,-2.332598022063542,2,0,1,1.271260498739674,0.2943384700907647,1.797219263657999,-1.095069542206817,-0.6367911950586659,0,normal
4.231245309516757,1187.4444436757017,988.6850944050678,3,9,221.14674496093195,1486.605804302025,1.5576561223884489,1,1,1,1.0629980247363966,-0.1187321699947383,0.4165484471746221,0.195480121420398,0.2753431263574797,0,dos
3.0869694958676948,43.229857000689705,1.0613944547821204,0,0,1910.6818684607065,1668.08921076332,-0.8184874831475448,0,0,1,-1.0390098749124117,0.6378077376266718,3.261985317844908,-4.073936831528084,1.4083920157106808,0,ddos
3.5650630388978204,2367.489302529249,619.8483831976271,3,0,2376.2218951241707,764.195349137428,-4.774544008035256,1,2,4,1.6376410561589954,-3.0811596831556862,5.181339499573208,-0.3912733789445051,0.9568104534980034,0,normal
4.629049755635789,557.1095928753804,249.82280846680584,9,3,1697.3486753706195,115.34316116587055,-2.5462373538707435,0,1,4,-2.8590010504665995,3.915788506118673,2.6428828555122537,-0.0054617105863035,2.50066576475325,0,normal
6.417128560301794,782.0392431224002,39.10312119314383,0,6,150.1438062789634,80.98828450585412,-1.321249454053745,1,0,2,1.4002890576972316,0.1359328198116314,-0.609018860916235,1.5251911152613638,0.2127229429215044,1,normal
4.743107391757613,734.6163274883988,306.8074208895339,0,6,497.6661173333084,340.2226031017201,-2.082501015473614,1,0,6,-2.7764503701722054,2.450017316253584,-1.179061497806848,-1.8058036147273324,1.6782788367920285,1,normal
6.032621874679116,316.6568859396468,125.92705951962152,6,12,373.11928041367327,561.9638694513247,-2.9823963384652488,3,0,6,-0.5159128617928797,1.1646818289294023,0.0627230202397006,0.1966989913790429,-1.2410285848357865,0,normal
1.258805295330915,1356.5452277220468,313.4284543038957,3,6,3765.004974442353,446.9885752511767,4.243798991552692,0,1,1,4.2286072148028175,6.295509025494465,0.7296772577994709,-1.8654716644477511,-0.5391269505274275,1,normal
6.436750417953222,138.24804876669327,134.85982295630532,12,3,53.614512944189045,1589.7390037480516,1.5199642757606544,1,1,0,-1.0569314475122868,0.8334641174706683,-0.0203800396992177,0.4770602025196383,1.380447919598296,1,scanning
1.133214965117896,277.2830328440935,387.8557150555409,6,9,457.0123294558716,976.0719570976702,2.496345063007999,3,0,1,1.72027373005812,0.2191140254238945,0.9322206695816636,2.2589532571151336,1.5706332227574995,1,normal
1.7984016973081158,2120.587372710472,734.0382704727165,0,9,2638.253678318797,993.5205555281992,-1.991204541885057,5,0,0,1.6517836915623978,0.564742949687472,0.6837266693837467,-1.1681134873211156,-1.001988301966897,1,normal
3.1898534301850696,1675.4899689555134,191.88059151565415,0,0,4359.851212969685,2157.7065767079093,-0.3992525041105547,1,1,1,-0.2390152270848969,-0.2520954171672152,-3.82839908824098,2.971213641990828,2.2913837443046914,1,normal
2.052935405488973,2068.1063884687787,256.2478229680962,0,6,4638.10478192986,1127.6020074453882,5.2439878066899706,0,2,0,0.429583154995824,3.071421630928957,-0.557340680529793,-3.0594402094284314,-0.3839909390155028,0,xss
1.4040884351266376,2015.7155898013484,22.68782370402847,9,9,118.39552039279926,780.098444073633,-1.1618877645671786,1,0,2,-1.8157103253836435,0.0654704481659933,0.6894098735336917,-0.8545662784742674,0.4449869949557267,0,xss
4.18497511243555,526.3000574315254,412.275100482184,6,3,496.2547260082815,69.49248411079012,-2.769356004478971,1,0,3,-0.6139480007388021,2.515793188644521,1.3261718562929905,-0.921639745769721,0.4329546660475116,1,normal
11.524591598024625,1235.3130521886535,366.5270710536158,9,3,3169.889123739916,1210.5896410918183,-1.9340131989114784,1,2,2,-2.120387419140009,1.1946082557027298,-0.2258879566324684,2.659834098651263,-0.8222810647363171,0,normal
2.655445694525325,464.138007914332,279.31254918353073,3,0,3635.0765016133337,341.9031687961902,3.584040394560253,0,0,3,4.141797448799184,4.397703719508708,1.0421962402572789,-0.1884717451950979,-0.1314077213832985,1,normal
7.629868311902033,372.9080113346305,894.0783414888336,6,0,2659.5470524438,428.33352999042927,-1.7496270483031129,0,2,1,-0.0635526632711078,0.1967380814689896,-1.7305131831208034,1.438633886025159,-0.4007841488051401,0,normal
1.7144017374644922,599.4498628311035,429.2900482368344,0,0,1224.2823413689673,993.339075930687,0.0243766138522392,2,0,5,-0.5894292157821163,3.4227920806353973,-2.315978873277251,-1.2963541691417104,-0.4468000069493346,0,normal
0.957011794914972,447.01350948424846,193.20003895930037,6,6,121.0237846438586,686.4707587689106,-1.143873577585089,0,0,0,-0.1274520076074039,-0.0778425983541051,0.6654970257428812,0.885094131012703,-1.68378740737456,1,normal
11.5120298477792,1707.4346541121477,421.6320604792217,3,3,1604.786030382851,284.1247904506955,-3.88093060225693,1,1,2,0.0951488745420214,0.3646725811648011,3.221070697732535,-0.8898213950034681,-0.2079124598736741,1,normal
3.4916679560746444,631.3357240969207,77.88843611245197,0,15,4136.482314049046,2736.9234240214564,-1.1197613903422774,0,2,5,-2.7681796236979963,2.7870381234223207,-1.9767536271732176,0.1959524484443782,-0.7148362889042618,1,ddos
6.273518747861004,1029.407733507439,178.96170346874865,3,6,345.2856604526288,434.1432280191282,-2.859114918977064,0,0,1,-1.4453358149434197,1.0643020640787568,3.3204980799164003,0.2931252577812147,1.392262996925209,1,normal
6.830898042239503,520.4862195936963,425.1703611853736,6,0,1890.5582744748556,105.46507952976908,0.4172555134416746,2,0,0,-0.3147960802864187,2.03708659211956,2.202167658087286,-0.4829077833493551,-0.6748899833447445,1,normal
9.702178937469467,1436.9505628991255,58.90451121003064,0,6,891.8929981361051,873.1377282680339,-2.4799446240942387,0,2,1,-3.137298025210388,-0.7026983154404138,3.831179793823675,0.3245158268916182,-0.9422985627963322,1,normal
0.4079859653713664,1583.0341407533224,998.146464277629,0,0,1629.270689473636,759.7659596609878,-0.7657185568157985,1,0,1,4.648098692774909,-3.765480498069815,-2.3852501684027096,-3.810266951441029,0.233277372773512,1,scanning
4.952025258495572,204.821134754732,869.3956851823973,6,0,2319.48787219335,552.6059378376177,1.0849282637444655,1,1,1,-0.3014949124474162,0.4674554214903244,0.8562011530669681,-3.9305194032655706,-0.2502781205830916,0,scanning
2.0135048755887768,625.2099633859259,106.43245301784135,0,0,562.5418139174136,743.7081924687965,1.7213818659018556,1,0,0,-2.3402421629160157,-2.8746626389826564,0.950697253719075,3.014493656558294,-0.4925343936219702,0,scanning
2.235285584671368,685.785091828477,282.85072297488784,0,0,1206.4136986105852,499.2877584122096,-1.9278967317275948,1,0,1,0.9000282376410331,-3.4164439294096622,-0.8643830226643672,-1.2528205292222607,2.45622317661631,0,scanning
0.6416266024315199,47.05592428586047,405.3305454029282,0,3,1527.7888677004066,812.1582448182974,-2.9759155476966352,4,0,5,2.328834909461068,2.9187062976247957,2.0000540722792497,-1.3288414876505648,0.0746620303160688,1,normal
11.35666995821616,1371.27981585011,600.1604712893254,3,3,1995.219306349707,1303.938282628919,1.3161778919723095,1,0,0,-0.030155418349606,-0.5451525138093472,-1.6624438500095922,3.1843400130172075,-1.521747741637847,0,normal
2.609160850085801,413.5377947296215,410.0448220401499,0,0,453.63574460547727,90.72731457711586,0.1687253215675499,0,1,0,2.3931618030996518,1.0222307109406457,-0.7115299204863785,0.9491919930524736,-0.5355717358123991,0,normal
4.17382364160913,1186.9432914662,521.9062551394841,3,6,2161.3813571801666,821.7008082970171,-0.970285413429359,0,0,2,-1.0468180718629108,-0.9352833102737436,-2.9485314164777345,0.4395696463302743,1.6635625729796495,0,normal
1.6350483865783147,413.5739055089472,210.0988106160065,3,6,851.1668874334587,602.9563802978246,-2.233138380013928,0,2,5,-3.404141546685307,-0.7585917574396518,6.161784921907775,1.3488191246332828,-0.284757748947593,1,scanning
7.392655815021975,2173.7664614158107,21.861973790247028,3,0,2572.5735533789502,1509.9290930115471,-0.4989734451511284,2,1,1,-2.086093584787517,2.1407610041612664,-0.0833021513616907,2.860361671461788,-1.4994752071267845,1,normal
4.508871482262463,794.4098392459116,360.3793414587093,12,3,1206.521857793873,789.8718960182291,2.2758043297498203,2,0,6,4.854155710001099,3.730577900130273,-3.4305743752602487,0.2444945191487749,-0.8939002101962411,1,normal
3.1242606871578653,20.85441849816249,498.813115558771,3,9,622.3573587768489,580.7174562819833,-4.01617903502939,4,1,7,1.1185048640446718,0.9634467386588156,-0.6974961610054287,0.4240109641587108,1.6764387423948817,1,normal
8.963862352327984,594.9454141011448,89.0092616548182,3,6,1058.6780693672454,440.0345283881703,-2.375894772179296,0,0,2,-1.558459730052348,1.1573129021705155,3.08951982697995,0.1134689835085021,-1.6174402572605788,1,normal
3.523976475206113,926.9585449080084,265.11201257496487,3,3,3599.466994123055,155.3531999053881,-5.499169673477153,3,1,1,-1.4592631533651612,-0.0778271449795762,-2.39129625810346,-2.508589460997332,0.7186941948576926,1,normal
2.5771899990405926,541.3628667607227,389.8990679474456,0,3,1295.588677103514,376.7686283183982,-1.3717309493697254,0,0,2,-1.7058277191393272,-0.0244834677563314,-2.4125206906709358,-1.1610547257926516,-0.1285713110544616,1,normal
0.8632331196290359,1097.4175482922712,109.91747869177964,6,0,758.3481556287751,712.5641882806815,-1.1673320945345458,0,0,1,-2.053597716444838,1.4829527582355482,2.6471473525648745,-1.4748000949100404,-0.8554308483314464,1,normal
1.8380144591296643,48.0966158244448,22.93369930538352,0,6,2028.8150717352523,1010.8162614156556,-0.5634421560031446,1,0,3,-1.5306748069773988,1.5689333893441342,2.310208250225188,-1.3255162588129448,1.1516223295119417,0,normal
1.2784452510655842,601.3218289526728,462.43232819043976,6,15,1041.0389034542654,1588.2699044429862,5.474256113602444,1,1,2,0.4152753890493481,-3.401870655490072,0.2838078201072126,2.2412261318744,-1.0170935427996493,0,ddos
6.681075134298215,507.8523251418495,495.089042502197,3,0,2463.087754669183,2310.876407200921,3.2171632874846114,3,1,0,1.7750004703123785,-0.3257331475032505,-0.1156078059475282,-5.295899776934754,-1.7979638850025383,1,normal
0.2096108397676347,400.3824167042552,447.58179660755343,3,12,1659.2517975645762,278.88301044261607,0.3007771448240441,1,0,3,1.6443408591118736,-3.918066991062509,-2.439470831756865,3.0108856804282365,-3.4344699172433795,1,normal
1.8102747525102951,817.7273176326133,171.7845665374816,6,6,1018.3230041478342,2235.860267462466,3.575412279143232,0,0,6,4.016189536143826,1.8338315641824483,0.4893650981354311,-1.4441041018488705,1.0644779283647845,0,normal
0.443595456186611,1200.048080146749,513.3128437136303,3,0,695.7255654805589,2196.239597380696,0.924564881436004,0,0,5,-1.3910596711451366,-1.903984771897641,0.7887380918838611,-3.495779207798572,-0.1187183346799218,1,normal
3.793849844603885,211.5896086389426,24.175041347244125,3,6,525.0558283885159,1034.012864087685,0.8374673074246655,0,1,2,1.1994836412305472,-0.0333749556951472,2.9345490329165216,3.2989334510970423,-0.5307158137309561,1,normal
9.527944406792177,23.08129556264693,657.3893123706586,0,0,1415.8618607370297,1088.1686713256822,2.330738533885534,0,1,0,-4.528406959435164,0.0882010471255296,-2.551089093136861,1.9886202349796165,-0.7182732785389171,1,backdoor
0.2796194083779575,228.4877048290499,460.1163637341769,9,3,1269.2640762905603,181.33651759962413,-0.7337510015947704,1,0,0,0.5148837006613447,0.94388165880326,-0.1743550805291782,-1.1180703945697907,0.8246677777570226,1,normal
2.6321819141225875,47.87581149681741,202.82855248762743,9,3,1840.0399284651307,668.0645422176417,5.954346494920418,1,2,0,3.5624134920540653,1.47045043019579,1.0263588794228808,2.065557006875156,0.632150809438536,1,normal
3.0324804865919317,1264.2535352489494,2.1932069663678497,3,3,397.2993614721733,1864.247054765741,3.1056760750810826,3,1,2,2.4212809117546668,2.213323534436721,-2.0212002725639104,-1.4905508168682562,-1.2009108013018426,1,normal
1.829554227550818,354.8291132152144,31.690697896122312,0,12,1314.3113710625278,1071.292543250952,-0.9580338243463984,2,0,6,-2.0353727683930165,-3.704927223532172,5.026352883818369,2.7866250197008005,0.753098940488868,0,scanning
7.781480373440873,849.5020934314457,167.56215831495163,9,0,1299.7150773176943,594.3570121131229,-2.5088977272056034,0,0,2,-0.8756910320000761,2.8211743788754062,2.544319725149764,-1.127916272513995,0.1841325177555816,1,normal
2.2542742163730405,852.8884195944566,499.3194560078013,0,9,927.3287545837916,1239.0404020111464,-2.464208970862693,2,1,6,1.9232111854794536,2.335822327696512,0.1784044456108859,3.139054891684558,-0.6662357163909589,0,normal
1.6834292564202704,279.41657154092263,202.1262169048572,0,3,244.2959021435194,656.9213101904489,0.4183327285499076,0,0,2,-1.227289151516974,2.295426001322894,-1.4484897249620212,0.7629897851934027,1.4348311509974891,1,normal
5.409463449778791,831.885050151568,77.02410843359796,3,0,349.87477486085567,555.9219545627724,1.475636195426569,1,0,1,-4.438045264156799,1.1043224506396212,-0.3733830838274518,1.299933541802229,1.1787364334629804,1,normal
10.539221126705652,290.8743571026148,1007.3172566534364,3,0,21.42289307753494,1355.732439251017,0.4598948331089991,0,2,1,-1.4722880790048465,6.292876627719061,0.5161391679309075,1.9846691126584903,0.6128584678062327,1,normal
3.951109307724942,872.5564560660557,323.4984608067049,6,6,401.8413065344389,700.0726074442024,2.6253238930549667,0,1,1,-1.3761082788168884,-3.566111933036182,1.6444736265908482,1.8668885757875668,0.0907910087125094,0,ddos
5.788958724979394,375.4488838432974,225.03943533126176,0,6,677.8895203372995,381.9266492198624,-1.6549399034144263,1,1,3,-1.804990236813182,1.718295596436436,-0.5366658160015383,0.6737574551170076,1.487151426997909,1,normal
7.83861911451769,777.7668981409273,194.90580114126908,3,0,12.305631868352624,792.9113997326151,1.3048026878213586,3,0,0,0.9726585225342324,-1.2001160679184473,-1.0548829966627653,-1.713353936931028,0.2357030902709373,1,xss
2.972410040201075,2099.396863814878,18.15860462197785,0,3,836.3099214203332,79.35560217019642,0.1083998270968977,1,2,0,-2.8717896619278678,-0.3789154618286916,3.1007870060796847,1.0797750493111962,0.4866424048979711,0,backdoor
3.4810462689191084,1487.741763965981,73.99453251431457,3,12,1299.2363025461848,1136.009067911838,2.435915207170876,0,0,2,-1.4578171217450664,0.3637646617042562,0.8151996700545883,-0.5236327187369245,-1.8031756183971812,0,xss
0.8211269447663361,2355.6449775486294,9.3735685932988,9,0,3318.678118262858,940.6095675054332,-2.200237049236478,1,1,1,-1.453474528392451,1.237859334586785,-0.6293308156885514,2.90213459948991,0.4806429679115189,1,normal
4.893728553529432,1618.636107743149,202.2394485586197,0,0,2515.190720500898,2057.875580144012,3.458932586039088,0,1,3,1.3717322172032969,0.3924000692597617,1.287543294107658,-1.371180144928427,0.5560955961833282,1,normal
1.2998739502314072,533.329869987284,376.6697836728416,0,9,1316.3939202251215,661.9584645393512,1.094859365035364,0,0,4,0.2954721105505719,-2.38891157727441,-1.216911764699315,-1.013393634697371,-1.7142788956528563,0,dos
0.9898414938498123,127.12194016553674,284.4198336672223,3,6,1002.6887888403244,1580.1003627991029,2.377576696020961,0,0,3,1.3543880414203018,-1.998664659406832,0.215811367327517,2.391471249864243,-0.1275355111208861,1,normal
2.677599505935983,752.1559944390848,628.0358275116212,9,6,909.0830008336944,32.46128828416773,-0.9722614834148424,1,1,2,-1.0123785654980408,0.9415504955520364,-0.0179725790698039,2.7165459888173293,1.3144524295654332,0,normal
3.0123564301670664,756.7403435322011,455.34073972630887,6,0,1279.7393447014083,226.52750580650428,-1.4485113741394435,0,2,0,-0.6107216053010373,1.4239227592575796,0.3205217510347491,1.4015345220944626,-0.4268977485104958,0,normal
3.262869404291301,547.941007042034,124.56813490260778,0,9,1262.5187419660745,1157.1901913933186,-2.144618078006311,2,0,0,0.7047996373420118,-3.0884819605788785,0.6090937699552905,1.8018403118481368,-0.0501122059287574,1,normal
6.681514396780686,1457.901039341967,59.44882687649242,0,3,407.0422323476884,445.21837861794944,-0.0720585854573609,0,0,3,-1.8705580845522136,1.4877029481361592,2.690593716704526,-2.4683964853311524,0.7332323847019516,0,password
4.726127197937574,1266.025462696661,666.916960825288,3,3,2525.412178145827,735.57458652435,-1.24343760072091,0,1,0,-3.233668743478619,-0.091464215949421,-2.5982436790078145,0.6605161660558282,0.9653264724918916,1,normal
2.031588178783224,498.8532873199233,35.83000693541212,6,6,1253.719886422911,324.22467442141374,-1.62076847260434,3,0,6,0.0350419503491998,3.6016142454930504,1.036883761969979,-1.5662601833025742,1.4403320757054856,0,normal
8.19123548464683,2225.842496889439,52.891746619047865,3,0,3966.0088195935737,334.74260400467136,-1.893231278244148,2,1,5,3.725817759983758,-5.555781999667812,-0.4298975636786981,-0.0956182259619795,-0.2099690842306642,1,ddos
3.704588219950301,199.84807618930768,667.422899252484,6,0,955.3433623773404,531.7291414219975,0.9820588578435412,1,0,1,-1.547604836098227,2.796293023188957,-1.238578168684444,-1.475751529328705,0.6571125761449362,1,normal
8.70314896572473,183.0690314156151,244.77085090714107,9,12,137.24938642268373,191.05716320887973,3.0060413127855856,0,0,5,-0.2125626894422063,-1.6239382786765004,0.4331819440494686,-1.9645525098115413,1.9687553331509096,0,scanning
1.972058067146229,1123.0416501205002,615.0550008074124,3,0,1509.4930430815614,309.76755466829303,-2.659748595915696,2,0,0,0.2173188763925597,0.8631078248872527,2.0840601097127736,0.6102185324577571,0.4051014294488096,0,normal
7.972387556310386,2391.0961990685446,1431.919070767741,0,6,1762.1918391891722,1639.0416839025254,0.3559067830618665,2,2,2,-3.724826363051088,1.6974738769434985,1.368833247429564,0.4094603221769113,-1.596821841099524,0,password
4.329269483835176,2185.244507496908,701.939345196307,9,0,2713.815906090548,1440.4406377568528,-3.0257629002158137,0,2,5,-1.1275768260105252,-2.021340014625837,1.1491819883476768,-2.1639238190856567,0.0558527816764874,1,normal
2.429951730987639,628.3540876178009,270.24333759799816,3,0,2277.8547299714005,187.8731233796462,0.9776607656833058,1,0,2,4.3048927546180025,2.1104099127128904,2.0578938934765554,1.2461517723575708,0.3522214763763302,1,normal
5.265231911866249,267.31309793669675,427.8388069257524,0,9,1896.8987324729155,1227.851041796035,-3.068935273192733,1,1,5,0.626367229269509,-0.5199505810343903,2.0436316618291217,-2.1053871105064106,-0.3362679158524853,1,normal
3.4817655567134187,1065.8648164054907,105.67750846453175,6,0,2283.7827637268865,803.7910352637072,-0.1070050887981606,0,1,0,-0.8352406613405932,-0.4256983513517316,2.9714481515669844,-1.8261073672404429,0.1811246927441032,0,dos
5.896501808298389,780.3627014953253,204.6961372928112,15,3,748.048382447408,1381.773171367183,-2.0169878314450047,3,0,7,-1.997724075971571,6.069703818473643,1.0156931543478165,3.174521535386556,-2.5065935114947573,1,normal
7.161775164985165,51.89489560336358,362.3783703099648,9,0,1262.3820718890026,118.447851641153,-2.500981413448524,2,2,1,-2.8914131551285074,2.1084434586167577,-1.150544499151756,-0.3416027743049594,0.4945280551941977,1,normal
5.1745914910217135,1096.1237477428235,190.62646922237585,0,6,1781.765389949387,2506.910362019329,0.381581534954298,3,1,0,-2.52510572439862,-4.61312122644461,1.925426987063863,1.302023422638773,0.4909361223633596,1,normal
5.582974986175582,104.31166033107375,230.5974783688022,9,0,3254.716033426146,1343.5338163865022,1.6263118567278665,0,0,6,1.8312540279640344,2.586754739186426,2.70421691557596,1.976359275580379,-0.5675931969001964,1,normal
5.267247680583037,314.7654326435418,97.5800901083976,0,6,904.18269483184,14.236017624826566,1.0532506732722642,0,0,1,-1.1658201151940446,-1.050104274555535,-2.9580551777593325,0.7492526444025891,0.4317392153941909,1,normal
1.909831559807914,415.78890798334834,270.5478431094948,9,6,1708.0880058894086,1396.8485318956673,2.029829626542836,0,2,0,0.2001612256133547,-1.028977755175017,5.25085281259987,0.7126129672516883,-0.8311454963207708,0,scanning
6.639386005877867,2223.293161019327,62.61115202776158,9,3,709.0973760880825,913.9147695747512,1.582272064996169,1,0,0,-3.459183085610623,-2.4323139541416725,2.898316636195376,2.187336695131952,0.6032174067518256,1,password
5.07164374604232,508.2255591209079,507.09533389762896,0,0,968.9024947315812,1003.92970226356,1.6788651597726587,1,1,0,1.463548506014773,-1.1152158222267867,-1.2756721893401712,-3.874891512575005,-1.1948201375783003,0,dos
3.640878577594817,202.4756236394116,584.3132971828916,6,15,196.3274346847318,93.41569233776222,-1.6487524463102887,3,1,7,0.4802104663630104,-1.990490225893748,-0.868480627929272,2.295028049994213,1.3759351624184208,1,normal
9.636252076633092,27.98673086723502,228.75738525431132,3,0,824.4416369452372,103.94609510453728,0.1415721076536251,0,0,1,-2.77593897766724,0.4109902133583415,-1.1434905199104846,0.2093559748675665,0.2011210099182545,0,normal
3.1949237722386776,720.3147489280663,425.2727882588365,9,3,1116.6241546528138,878.5285906945309,2.135979287330404,2,0,2,-0.0162729244392796,-2.14327554168801,3.2009683268160654,2.7040541641262354,1.536771501640574,0,injection
0.9788759430705742,176.8721128257874,373.946026670116,6,9,1665.8475587489538,369.46447506243135,-2.06616071606187,5,1,3,4.151546831910214,3.477817696012563,0.382814084869759,-3.532764065226572,0.4157281867401033,1,normal
1.4757930921508102,2069.2977207030485,59.069207399639104,0,12,4001.9916795633694,1785.6501771484566,-1.300269799364932,2,0,4,2.2905729376977746,-4.186386980425618,-1.2422304711712284,0.3450730047331212,0.6011961346126391,0,injection
1.138125474025139,160.73816777607385,26.27971993840927,6,9,213.89547179320832,287.2388066194184,-1.806209568197388,3,0,6,0.8565722682160188,-0.0978526451169177,-0.656784780232984,2.4428321683457925,0.767634270411266,1,normal
0.4797863552244826,788.1648169246254,548.306514717322,3,6,1351.987533622917,771.5753649878,-1.025004652174283,1,0,3,-0.0177761211135289,-0.718200692178198,-0.9831896874767466,2.8721306506214037,-0.6594892359395929,1,normal
7.480230700957358,330.8652432852685,22.65676731234733,3,0,1174.4777377014734,28.06930347019977,0.8146198909841649,1,1,0,1.0139232930340385,2.314899875497221,1.861995085859463,0.3692440989624685,-1.3468205814383336,1,normal
3.29704267190068,561.8652642988329,291.35521450909204,3,12,3940.750831025842,417.3176953316655,0.6488519384968422,2,2,1,-0.8730076788243772,1.1683642366623923,4.640147463496604,3.9267698649027,-0.0927818757333939,1,normal
6.452573219490861,909.7588227427234,389.0619600915253,6,6,717.3872833120665,1680.6271508365746,-0.7664469501751052,0,2,0,1.7793638216372636,2.5179472872873925,-2.9788935027264483,1.639087030924354,-1.7052933701347588,1,normal
5.25937116001214,528.2766217852501,229.4017838862784,0,0,69.68158533093568,100.39755686464116,-1.3474444252768896,3,2,0,0.0425548539369016,-0.4221236557683574,1.1567770920327995,-1.0463545494871451,1.8007556774760691,1,xss
13.263581064228188,541.7307010016272,254.67919923036564,3,0,1916.617312871194,275.3023383875735,2.042671329426129,0,0,4,2.8286156265463003,3.9645550579742,-1.7822254077691777,-0.1870613058920498,0.6315944707519502,1,normal
4.122548854991075,236.80077550596533,418.0912251767203,3,0,2367.366814026603,90.83077135685484,-0.2535535685829388,2,0,4,-0.4591030710243236,4.125943734974944,0.3507425682334855,-1.9638882263091813,0.1635770014177306,1,normal
3.4175195451413125,1107.38759441533,713.0747392194372,6,3,2049.958744092704,511.88015141074334,0.0256154161938273,0,0,4,-0.4650270096293856,1.9153455441548048,1.9179277861526132,1.3004501675887132,-0.1508623202052501,0,normal
3.775657055388006,815.4453717603999,647.0027420777852,0,0,1275.4397323227615,1692.4933088517648,-1.1425053462922552,1,1,3,1.0468449226349277,3.0738973961401097,-0.1337313553455412,3.388798146622164,-1.41445561184268,1,normal
1.0698810020352127,838.7379133873214,137.1715598342328,0,3,1155.3301883927104,550.4134372038603,-3.2502017806146286,0,0,2,-0.1445774607597338,2.8707220882301616,3.162023470008536,-2.2781089565932917,-0.9594962833080904,0,injection
1.4073037140602465,2026.8386904863676,927.0883409205808,6,0,2688.670636079895,224.7413598657132,-4.508792433103577,0,1,2,0.2011941212235279,-2.225992826839281,3.4336148206955217,1.3933978226833592,0.2035936780411039,1,normal
2.1803709556868784,1278.0535782466184,360.1662684314284,0,3,1452.038426859954,1604.9343554934585,-2.175698446542662,0,2,1,-2.197344823672919,5.695816752815189,-0.9318414626856012,-1.290869043053571,-0.1826252666152669,1,normal
8.936681440986442,60.22790044877313,36.13132374227901,15,6,40.96568783202346,2175.936755838822,5.022662073571719,1,0,0,-1.593941563104627,1.3483531829445523,-6.713389823339347,1.5169476734305771,1.2473570093682516,0,dos
4.098115742768137,1199.5017268058405,3.444493929806762,3,6,1290.6700694377362,1475.515314827819,2.146091965855512,2,1,0,1.231456806688898,-0.5207017798284921,0.7076049593576083,0.86616735582649,-0.2848647524865812,0,normal
4.4439609044647925,1568.9580821909756,429.549303860234,3,0,4380.657340524949,1229.905531766215,0.4152492268291359,1,1,4,-1.990505242634071,-2.083992826065489,-2.662165382039458,3.3993135229366924,0.2206727519279254,0,normal
2.0283406875990115,1048.1256687181397,310.65103157807533,6,9,1041.6997308539942,276.31797017148534,3.0147747037670043,0,0,3,0.4416805517989959,0.3037811442137603,0.8438548876637815,1.6709690874017986,0.3308189918992117,1,scanning
6.078905565220961,894.1566657441474,574.6534309508805,6,3,533.6791323429691,761.884662123548,0.4566739077166616,2,2,2,-0.5071898876293481,-2.094250959785013,1.6417574265379784,1.7566398608077844,0.4290145429594222,0,normal
2.877428294639181,1329.975276691836,137.2169400972654,3,3,337.4778714242665,3067.1275658183604,1.8115681666815011,4,0,7,1.0393507352779388,1.1935679307176277,0.1533110788381282,-1.2330239773899991,1.1897973196117198,1,normal
4.047543594865113,1129.266233728782,261.0849021207476,6,0,2399.974799641157,1817.7511104333132,-1.3139248403109678,2,2,0,1.817139874295972,3.3280113295042355,1.726072613693683,2.1834947789843686,-0.3938341304439316,1,normal
8.174753486445303,784.2288849866994,291.17297394970404,3,9,1978.731745430258,1349.199626967276,-0.3273853733696376,1,0,3,-1.4108068141716832,2.9811649987521878,-0.4787192184257247,-0.0271930334759435,1.8026183194376455,0,injection
6.79634909296444,2976.463640072989,34.52676750686526,0,6,6305.131394971058,3786.058092672297,0.1457371304465069,2,1,4,-1.732325377589884,0.0395110666956792,-3.7974180333486007,5.503065207027023,0.112756115886881,1,normal
4.3165547526213714,1009.107577751482,183.02604586639305,15,0,2136.9443190401216,1200.0201919034669,1.9223911295492089,1,2,5,0.7250110329709214,-0.2755877069702357,-0.1998551597926909,0.3599606005833881,-0.4549427868557189,0,ddos
1.3964369386566131,3563.875412491688,972.8185308541962,3,0,5122.213441375832,3272.404477422875,-4.550303387751763,0,2,1,-0.0640280885197259,3.3473911447346696,-0.8947210037088156,3.945285507710985,-0.1337835086813662,1,normal
0.0405680243428922,2142.4827322620245,235.32301076864857,3,0,4622.32370668612,1240.0286926378978,-5.1503834381822,0,0,2,-2.5399444308771075,-1.1757433727731634,1.01029123094406,1.8780899570987253,1.6969265116941268,1,normal
0.3692581863951024,673.7495959704419,334.503117813542,0,3,1309.4847321538823,443.8952415601815,-2.098741163234387,1,2,1,-1.0784067375820252,0.273973109639422,-0.025906043068987,-0.1324134892040651,1.7976464311067744,1,normal
6.3287315244288935,1.0319791484937335,171.41764708610475,0,0,460.60314332497256,1005.4419703454222,-2.9919714184612927,3,1,5,1.619259779735428,1.1653353008529992,0.4105208486166662,0.4032713802219769,0.6766785975143473,0,normal
4.856485588612042,722.1953515119466,774.9791047966385,9,3,1241.1396283936504,1093.9091031018206,-1.7081903588039935,3,0,0,3.6827334208981393,1.1677966396779842,1.92424756492908,-3.299033496504051,1.3192691015727622,1,normal
0.0257944745411442,1030.4564906475837,114.57960939052352,6,6,1155.187188408196,1401.2903523672717,-0.8650919967049067,1,0,0,-0.7956956381056395,0.1970199753171571,-0.1263939816087016,-1.7538326627076175,1.102816073487063,0,ddos
4.655826614030798,119.60951739568073,228.2303330388267,3,3,683.0611555471436,1147.387159304269,3.974699736746521,1,2,3,2.5866459608903103,-0.1484020962002077,0.6511250219886477,2.400413282778604,-0.7840356368699185,1,normal
0.2539499339592988,576.259138787369,428.572437074169,6,3,660.3032739158142,900.6971917596104,1.9894641134663893,3,0,1,-0.7632150780993354,1.513219703054827,-1.1250625689058544,-2.467608600756675,-0.0190367616771168,0,xss
5.463437424005937,1658.080657629633,1542.2688696999294,3,0,2335.6955344767684,732.1781541401831,-0.2218218164297736,1,0,1,1.94982737924478,2.129582032955721,2.2755042901803826,-0.226799749023036,0.9399769034302612,1,normal
1.909831559807914,415.78890798334834,270.5478431094948,9,6,1708.0880058894086,1396.8485318956673,2.029829626542836,0,2,0,0.2001612256133547,-1.028977755175017,5.25085281259987,0.7126129672516883,-0.8311454963207708,1,scanning
4.000340449966025,712.0066906679921,273.1649186457836,3,6,15.883926736349736,40.29836346222001,-1.224262243979042,1,0,3,-2.321663859783837,2.252708007200871,-1.888190630656657,-3.031994113618696,-1.6644112499269206,0,normal
6.421476430407598,1047.8884856711056,66.76257849594126,0,6,3827.13316643552,2117.260633210169,-1.013619360389484,3,0,2,5.724117349880259,-7.084520128554757,-4.59279966846288,-3.51391690459072,0.7543171662764653,1,backdoor
1.325487111740019,125.82200522761632,318.0441005564843,0,0,1336.454156687612,674.8619046636765,-1.107125599327619,1,1,1,-0.6883534991859458,2.943929107407932,-0.3718705492466942,0.7600262222252625,1.8049988117124132,1,normal
4.127491590276404,381.4918424539665,926.6829039020728,6,0,1057.9424399958334,930.9510011889264,-1.7233901882017182,1,0,3,-1.7381148039985468,-1.3982862694199671,1.8995472295397973,-1.823476772512813,-1.7973632596027602,0,scanning
9.16579764237268,343.259130851571,224.4177231061753,9,9,902.7970068516736,173.52057721035266,-0.229950933915801,2,0,0,1.1071950485565958,3.409849605815001,-1.418307498936812,-3.222300120535011,-0.5665746634827105,1,normal
5.949777541219701,580.592151675825,1219.9801729810804,0,6,1375.839792479898,815.7303840870842,-2.6862416313110478,2,2,4,0.5848431959408749,1.9606229076026125,-0.8475732496792336,0.5411376691455542,-0.4135281985846334,1,normal
1.3520499363703122,1420.7934082474292,511.55097685212047,0,9,1359.938003518124,311.4984465100041,-2.199393196976088,0,0,2,-2.055551785556556,0.6044602286465429,-1.5810448972018554,-1.3581034982724216,-0.9940637513693042,1,normal
3.013976697555834,428.5388851911499,786.9635244036668,0,9,1474.7949829981535,1049.2191139624472,0.0370650189057426,3,0,1,0.3220987973559707,-0.6606067889729592,1.228831228384095,2.5414419924163685,1.333778008226136,1,normal
1.3744669140558332,59.121379890535344,397.06471342324886,15,0,1101.7574665454815,1582.863698046281,1.4420888164138088,3,0,5,-2.522658196208897,0.8104339506684551,-0.69432766859663,-2.011824282092834,-1.1050911084372896,1,xss
1.685419942349726,1244.928268016212,386.87029482371713,9,0,1569.7834152581286,1589.3194546633492,0.4071678838239077,0,0,6,-0.9817083116737352,-3.757302403006952,-0.4138981504172145,-1.3197404161385764,1.0637690099260468,1,normal
2.241049689735824,512.9710271283267,151.37870879754115,12,3,931.3410544982652,1989.6659339430712,1.225838298684887,2,1,0,0.8781251834719443,-0.8248647805690792,-2.5585279029019774,-3.4334094794527594,0.6035163919056463,0,password
2.453319421819436,1961.3967144243927,554.7862494491685,0,6,3037.5937521139977,2429.95332532511,-1.91301967243366,0,1,5,1.696352119207716,1.3115017613839997,-2.298887128952291,3.8918642696677006,1.8776676672465344,1,normal
1.006834073661164,1215.9328271071056,430.8183292741342,9,12,236.70623474235336,2099.130453033933,-1.2638460662226818,0,0,1,0.7628530915229843,0.4660464806434635,1.2250287624049023,5.309557971315523,-1.3166156686864814,1,normal
3.6026027244336083,901.9974343436196,137.43306044117284,0,3,31.46837112173392,390.3093620003342,2.9656692439825765,0,0,1,0.197840853641704,2.50549045124032,0.8907457564448646,0.901404517224854,-0.905420425749224,1,normal
6.722822901766193,793.0267010713403,265.6061443463324,6,3,1304.2140911715856,444.1849911574595,-1.7844410970618725,0,0,1,-3.129396250693415,-0.6090301597286822,-0.5521599321955203,-0.8780466622580636,1.2581551952561278,1,normal
8.582097314414222,374.3895212552435,374.7970188585372,3,3,356.2028861592852,1129.3023541863136,-3.546777898889085,1,0,5,-1.781581916595266,3.616933309866514,1.1759942403722492,1.0120440402288218,0.6867888186300436,1,normal
3.1902169965138434,773.5073625260079,1113.012707798757,3,6,296.37748644059184,233.3604427093885,-0.9179951689521968,3,0,3,-0.8336462455623885,-1.0760860422782026,-1.3821972127768218,0.7265805509338028,-1.0385258118179954,1,normal
2.0809356198065183,220.96879072148528,105.83337027349138,12,0,1137.9536573956163,685.8020310419661,-3.560272361297483,4,0,2,0.5977029387245834,0.6265430088111505,1.139388821318848,3.14831324099909,0.5324676044794981,1,normal
0.1699416928099963,1381.6730183240538,191.2120465469777,0,3,238.59512067659483,1771.6459094492457,-0.2059594842804055,2,2,1,0.8875636009994052,0.8634554304882498,-0.3956275377119533,-1.0282919071370846,-0.0172491388922097,1,normal
3.108436068401626,558.5553679541621,393.38254034777486,0,3,3194.713861896932,516.7058150195305,-1.4214691694333648,2,1,6,0.3199874537179206,3.846386369324457,1.6529252586094392,-1.9593050446361155,-0.0133276825599165,0,password
0.1503980220259996,433.1574342887103,755.6408961062739,6,6,1627.1807781018229,1.181853387550163,2.182327487688359,2,0,6,3.651933850316756,5.816560786335351,-2.9494156967014664,-0.3112207627927608,0.4732256419045519,1,normal
4.289034618535203,357.5861933272837,46.042593598189264,3,12,501.6627755022882,330.5892814073561,0.77155082772318,4,2,5,-0.6023996334123009,-1.6418166787059325,0.9992314928823692,1.5197892372179886,0.1242112238234272,1,scanning
11.314517208008969,2147.6918256272666,365.3753675887826,0,3,4346.6135543768805,56.94312156725709,-2.1655104387077184,2,0,1,4.3839310061414025,-7.274143080115247,-3.361666456578531,-0.6864702093414738,-0.5563265055181996,1,xss
11.586681144421648,1404.3777395997183,94.35307259123508,3,0,1582.9348787420963,492.9658019715193,-3.198554713132977,2,2,2,1.727574606101581,-3.5094176087519946,4.205971648284497,-0.838930364753343,-0.4418520304569655,0,normal
0.6973469633946812,111.88142408591494,505.5744615892801,12,0,1813.5572387115144,1935.585638808289,2.819451501112015,1,1,6,3.809900832462771,2.5328413114672257,1.136475277924638,3.63330743644818,0.4689875368387406,0,normal
0.4595184784267458,1498.4620341577547,283.4458270697887,3,0,1829.9457909960825,1052.899051109709,3.819563067820967,1,0,3,-0.4448251798851909,2.763756574601889,1.1560071153895015,1.357358488965495,0.6187691799761422,1,ddos
7.685674271531349,657.0623071604879,540.4789127952891,6,9,251.4766548436682,205.18881939166005,-0.9554103920773114,1,0,1,-1.5861905941312415,-1.5541338034407195,1.426455180475529,2.8341513102540663,0.0685284908283903,1,normal
1.0007543507358336,664.9425932727003,948.3271914141772,3,3,1001.6221719786524,1760.1989327327028,0.5152109806420724,2,0,4,-1.4167518005344666,1.6721188776932547,-1.4077895908272102,4.324611712934188,-1.375540247364243,1,normal
3.881952519135866,421.9130267666898,88.183195584564,6,0,2030.0200369630925,628.3502793849384,-1.9719260584869631,1,2,0,-1.6848450085758753,1.0669091587759596,-1.4245808363457937,1.020921605072585,1.262971717086621,1,normal
7.056038307347885,260.8090865833302,61.3413089455898,0,12,36.169624469669856,763.5420681896373,0.7481671442474207,0,0,2,-5.10266076325014,1.7124882534866774,0.2991650405757118,0.7656354159052712,0.3471846098470756,0,normal
0.1083008710608017,1343.9717377611014,41.6488386000059,3,3,1009.9581124916364,1206.9981678381955,-1.7845779447434655,2,2,4,0.4449913167047772,2.1607721677809124,0.068467264639648,-0.056177187525608,0.0659463820087887,0,xss
3.9756457859270418,338.370520269943,683.1929454712588,0,0,293.7678547950466,442.8830733110887,2.3874513518398253,0,1,0,-2.367449528790297,2.2538722177713924,-3.0896407299794517,0.3323736792073282,0.0932357100179597,1,backdoor
8.604245846328201,215.73596555299503,110.23496924484644,0,3,87.54079363444828,54.92873942995988,-0.4430770983218478,0,1,2,-2.348667737522746,0.9532723655329862,0.1537741634949647,-0.2257008613959054,0.9764539297745845,1,normal
4.173723353222719,1014.741887041362,321.8671729978273,0,6,1364.0749806668014,479.8094498392953,-2.215853690252969,0,0,0,-1.9116168225329069,-0.641788592755286,1.7344802917722877,-0.0022349682280033,-0.8303436955378938,1,normal
6.409403696605996,498.3219312643536,146.2885271213784,0,6,327.41540608981,242.374990209679,-0.7377821139736426,0,1,1,-1.9800898816447057,2.3320578531187675,1.8645759230267769,-1.991224345195484,0.4057793308998719,0,xss
3.98764138490134,276.3261910575351,518.5157768184728,3,3,44.75880299489282,119.56120745383656,1.7506584478488196,1,1,0,1.332508977140065,-0.2222366055820883,1.4896789481373112,2.510413561688578,-0.861855863674464,0,normal
4.0407179171228265,1500.802104719691,693.8183656422115,0,6,860.9623194787712,1312.8002347421725,-1.5406676080108606,0,1,3,-1.4514014157254105,-2.004107980776733,6.041524479722596,1.3842734206917822,0.4962558484515945,1,injection
1.671776717050255,751.9519141033715,188.03127215891047,9,0,1437.5536611658736,1192.689142845316,-0.6594706365144721,1,1,1,-1.96001383680443,2.680032292800848,-1.2310723544953053,2.6448274502864217,-0.3589037618572923,0,normal
12.595168307069663,106.59446667548424,501.2140636270325,6,3,2438.92911012434,2295.498172213405,-0.3439045464999031,2,0,1,2.416676693452738,2.0137123595050346,3.342075694381064,4.786491543502344,-0.6239711232960417,1,normal
1.2792600402400656,236.448330678138,538.7472855229635,3,0,2252.025962569603,1327.6376650945945,3.380627612879993,0,1,1,-3.6663311845198514,4.5416897450575,-2.16106891856911,-4.083081965098617,-0.4280475313869119,1,normal
7.685083012186279,821.6809801730893,318.593518577545,3,9,1991.8802729426045,389.8908019603505,2.922093395322392,0,1,3,0.5159951613437115,-0.974662048321938,1.5841780687956306,1.589511999048157,-0.6371784432342644,0,scanning
7.790346831619168,300.7521031655555,370.7001253797984,0,3,1046.4580379090391,1449.9835040945443,1.0625266250039735,2,1,2,0.7946271262886153,0.4515031936083613,2.253407023916024,0.1951461091503643,0.5549980829933876,0,normal
1.601713342508003,1329.167058670642,142.87286282051025,3,6,1397.8632900377625,1565.7355795122503,0.7564955569493217,0,1,3,-3.500903140166515,-0.1067523763390914,1.8164159275889935,1.5177523565121414,-0.1660947613909755,0,ddos
2.3745422857791336,304.7729290457759,102.34458981177508,3,6,1721.4806782758362,1881.6776837721536,5.907404156988996,2,1,2,2.793958496591859,2.0971033653421376,2.476145409865694,1.4290449234986478,0.1441989247465308,1,normal
4.185382164672066,2517.072510708348,595.88417584645,0,12,1032.570497339343,1126.7986949524802,3.2724345517143334,0,1,0,-3.421415365748984,0.6848352734821124,-0.6284921423374916,0.2724258529773082,0.9015822678437692,1,ddos
3.993369887842549,1601.8324034905022,289.18006005224,3,6,2425.8486565216526,918.802908158228,-1.3699531501210334,1,0,3,-1.395157084408459,2.354708554646441,0.3518118586383798,-0.656605451190227,0.4828529786894053,0,injection
1.9724641625013477,516.9638993277491,12.798945913692286,3,3,181.3112809063774,776.3544483864923,0.7159855538475434,0,1,2,2.747732272148752,-1.3425940526207116,-0.0644539098945151,-1.6794073302860706,0.5437608521865729,1,scanning
7.344982424589017,4.416152649058147,0.8963300805336679,0,6,118.80790116745588,1187.622850660736,-2.5455293476468643,5,1,4,3.3600105350084526,3.402787876273008,-0.5749187849560975,-2.29737160109463,-0.6001540163251314,1,normal
7.087446503346607,440.97922404137,325.79573335039487,9,3,344.587831518015,152.94212721510485,-0.8602122493444473,0,1,4,-1.3971949336324834,-2.7604614917453283,5.633330948636617,0.7421008475802839,0.5118132122474839,0,scanning
0.5106611885853221,1928.596553405864,520.3492317298524,6,0,2498.1602071198813,71.75943513398246,-0.5567353374236848,3,0,0,1.454779301126034,-1.937356739187794,-3.940277220186955,-2.199606750356802,-0.7062157001653996,0,ddos
8.965403933109588,767.697291966223,1125.2491537425033,9,6,960.3534352163548,657.7189943834683,-0.3624450683785127,0,1,0,-2.666211697989511,0.3607754502937335,2.01203184161298,-3.539113204964539,0.6465161244909114,1,scanning
0.1572379757441643,1342.000786813047,778.7026689080277,0,3,1318.8460659136513,1926.372143987585,1.0779252939050503,0,1,3,-1.956723353856032,2.0026131794740163,-3.4014307856062214,2.7020459030821904,0.5542475701458107,0,normal
6.1907225981857135,399.26059430030176,230.47310764691997,0,15,4261.744785708569,2617.846757633912,-0.3605753388214089,2,2,3,-0.7397951575932165,2.484031159813944,-4.102586253060792,-0.0349074840304204,-1.3952419011843962,0,dos
6.819418365984683,1255.7611671012942,287.80496919643286,0,9,668.5648680339038,245.9227146907023,-3.4098538806801253,1,1,3,0.4030075796441932,-1.753701800685773,-0.3871534829047136,2.29973971071642,0.9683108296606592,1,normal
3.2747606610681563,865.450293361507,328.1536073941944,9,0,2344.0107969444784,762.021984731584,-1.4633633722633177,0,1,1,-0.8528089311354674,4.0272509408915935,2.7264550231733486,-2.755428683624716,-0.0122184507224821,1,normal
0.3317345315381522,1231.14077471628,464.32950489376105,3,9,421.5937793957483,1394.7667522408872,-3.620395900606635,0,1,0,-1.1816040515586756,0.5876736174764025,4.747288408216956,-1.0472877972270789,-1.1814272709985454,1,normal
8.506975174588096,606.1774174973018,860.3729404756925,3,0,1618.2986942664786,452.8163521931172,-0.3131303149743688,2,2,1,0.9846457343152416,-1.9477274097423356,0.2630773189902785,-0.1906964922512319,-0.2047801399017824,1,normal
6.027027870046035,1189.3222103462,357.08361541959783,0,15,911.5695775614344,911.4099711960096,-1.199118101309962,1,1,0,-6.189942005777666,0.8921376879441748,2.652025172803393,0.8727065277243071,-0.5844387435071505,1,normal
4.993040036861971,483.0608607193609,28.67867057928314,9,3,915.6711789214072,335.8327150266474,-2.2171859604106445,3,0,2,1.7517109628710712,3.8857393687480632,-0.4640605463247629,-3.58085719708894,0.023297955802579,1,normal
8.751786402829199,689.7769493424634,293.38871397457626,3,3,503.6545450975915,299.91327579870085,-2.0459790433694107,0,2,0,-1.566128350384643,1.7646287758377133,0.7912287314234029,-0.9108235084590316,-0.3885622122546463,0,normal
1.5987206036745736,2112.288040963316,385.33383256475975,3,0,456.6442033579024,525.4423875278221,4.45918361130141,0,2,3,-3.464758381961785,-2.928072966323336,1.6704083084093946,1.9067490719702875,-0.8844369612900321,0,ddos
8.705666015022176,789.0760812101634,560.7199081097676,0,3,364.815284903185,673.2641263557099,-1.534542142844318,2,2,0,-0.0804079945762408,0.8335861481433517,3.4566435957647883,-0.4948865766147795,-1.3796837722313513,0,normal
0.7350689792666832,343.4670245436693,385.4078330360237,0,0,1921.8765242919856,109.65407136098588,0.926924449354217,1,0,3,-1.057916385942025,-4.32462736559969,-0.8648644764807896,1.274259169202929,-1.1148502610856303,1,backdoor
0.6465968740634626,701.1605922047322,273.244938515632,6,3,857.1744609743062,530.4029590004766,1.536860901117737,2,1,0,2.913249291179633,0.3061979055802484,1.3415844879711192,0.7747559765581098,0.2465424244628505,0,scanning
1.6767851830990657,296.3794665530878,554.0181332280735,3,12,722.8476546542142,312.0894493726033,1.3513188436797856,1,0,5,2.4172608635906627,-0.290719655031149,-0.9761903438866876,2.8905026394726643,-0.1128261961918012,1,normal
8.938590245213582,695.9206625286889,35.307308031190395,0,3,57.25751662301106,607.6231789574482,0.6908193092411136,1,1,1,-0.5899106489709752,-1.7396579473343867,2.9550988808645604,2.198056059668376,-0.5122748173282899,1,injection
10.271934458096244,505.0984932904447,141.62148971392958,0,0,112.70568451033192,201.90691538210515,-1.2268145846957936,1,1,2,-2.8749486850657755,1.9710007183373583,-2.055007291352937,-2.785836181901793,-2.144888855177582,1,normal
5.579987770929254,1020.9673069168086,165.07239106062008,9,6,1072.4888188709774,714.0504447715014,3.82447436063964,0,0,0,-0.971517209197105,-4.354436509868432,3.193946148387671,1.6288414219637146,0.4873129542498518,0,scanning
1.7229919921449497,1072.0037374229391,259.62157667774443,3,0,461.4847075276267,2884.5522848412315,3.082950053914656,2,1,1,1.9075878813646163,0.9298427934359956,1.183073092892813,-1.171105860505384,-1.1248685497121873,1,normal
1.8576603616337584,25.678814085869583,850.1961420306171,6,0,536.5938177544897,332.5698436458471,-0.6270014741704371,1,0,1,-0.3864815178052063,0.3989406516107601,1.066279912799593,-1.431049261693985,-0.1805804416623449,1,password
9.295496119109314,1246.4966578703877,457.0720244477835,3,3,1306.2028726393837,858.0600897634996,0.90876030492985,1,0,0,-1.1776862765594478,-0.0750599448243078,-0.939239745549794,3.3910992641562023,-0.9323009298156746,1,normal
1.92380449216869,509.820771339065,141.66840951090268,0,3,1539.8158624921427,1259.7699048979025,2.5993453766630257,1,2,3,4.270532658723122,-0.5018875750623193,-0.9451485072977974,1.9912000143666784,1.7732043446933672,0,normal
2.016379748258511,901.466829071138,486.45578136426985,9,3,765.6257695215917,674.4398345584463,-1.4499239468486411,1,1,1,1.439102668801665,1.0010191358911746,1.5286639560173674,-2.4273558110706026,-0.646629446472267,1,normal
3.865272130439287,316.9876220318762,672.1460282666872,6,0,1748.3843709511714,998.2723257195498,2.7076018536571205,1,0,0,-0.0868208929825811,1.282969036817805,-0.2199952650517807,-0.2793901130820747,-0.7642471402660653,0,dos
1.1996319077139497,1026.5522509900031,586.0445367266707,9,9,147.74849551399518,2280.1390558499606,-3.649197229678224,2,0,7,0.2864969647245927,0.2508103942727023,2.8799938943747145,4.520432176124488,0.4835113661123121,1,normal
4.418618000931812,1493.235089119958,207.0179960542082,3,3,516.6788397967367,1983.3126559505936,-0.8719330216867773,0,0,3,-2.190314999193208,-0.3804975406023199,3.056384106476548,-2.03019405981864,-0.9505435834040784,1,normal
0.8089368920325963,750.6033144287703,25.13915756398397,3,6,1116.3887771975444,294.78834117663934,1.2669552674297655,0,1,4,2.5595158865620884,-3.289781214170379,1.0318158013466368,-0.2234044403833276,1.3616282814981746,0,dos
0.1616157264288489,11.577970673206096,323.26716683074005,6,0,54.041143746626574,1285.3121220707185,-0.8013723783731128,2,1,3,0.6193877567566926,-2.208287408563668,0.2117074676693549,1.049827794309884,-2.515812588242729,1,backdoor
5.6825875447566645,789.4178722728343,90.19874089530488,15,3,1358.3462224405446,1392.7124665102333,0.3090098888717593,2,0,6,2.820187623575458,5.082501307193664,-1.706905431786468,0.0288891946316425,0.1821036387185931,1,normal
0.7354390818049618,1955.8304189486096,888.2467714214849,3,0,2976.322050668998,2872.6516378494757,0.7871155139725172,1,0,1,-1.4008869911630537,2.505510075263984,-3.374988138850261,3.1392716504328075,-0.0447019313835436,1,normal
6.156496474622842,820.2226034615466,274.2310504515767,0,6,898.051637898123,808.2154851303314,1.4225514447322092,0,0,0,-0.8374997887078139,-1.2755278599050692,1.4391150612009096,0.4153808374920867,-0.2077970759689273,0,scanning
9.701355095356316,1154.5518161514444,126.64394952058474,0,9,988.6787193454982,127.7602535265701,5.111003068616193,2,2,2,-0.2139502788504451,0.1661184737299592,2.4079149049471216,5.135864611094722,0.0628958413564832,0,injection
4.656581902978277,587.5975520941547,82.54738945403413,6,6,1891.21995533348,1234.05145899796,2.065757156406133,0,1,2,-2.6109641572093585,1.9501954481901624,-2.999559128599428,-2.079600774127621,0.0214971480397489,0,normal
3.8283632492171775,1504.141001019006,12.672229412850095,9,3,2901.4769417648504,489.1493848046625,-1.3959438471205938,0,1,0,-1.406201571388557,-0.0713939785268538,-1.7299069964023066,2.667828728932659,0.5294950634549035,1,normal
6.456343179052063,367.8037063752685,557.6604706858446,3,0,1539.7966508020354,914.0474847938189,1.7574231999687204,1,1,0,3.21668400377774,0.4895844524334457,2.9484938098075384,2.442560048386049,-0.3513564272090103,1,normal
3.9776128556572905,621.6604000977245,453.09160765068674,9,6,317.02037771498306,2373.854023017372,-3.7664363556830263,1,1,0,1.7416737625387635,1.4836529564084056,2.3718631874976843,-2.5514783093178126,-1.0870280205800684,0,xss
9.374381689161988,434.82128657968286,548.8719711083406,6,3,1430.059153008591,776.3052493015772,-0.8887731423985747,1,0,2,-1.0020361157397757,2.423110636624605,1.0343687500850796,-1.7534720974859943,-0.9340374378230007,1,normal
7.375631534966709,259.5986064381071,0.1540177606250364,3,6,967.434875032896,1059.418341943981,2.283552164571004,0,0,3,-1.043515230282685,-1.593045926418666,-0.41435920872619,1.8661418825829288,0.9001471060464927,0,password
5.7861604010656045,2244.501408457789,1329.6490025348328,0,9,2203.4225189089098,1659.1016958633318,-0.3311567408804121,1,1,2,1.4558695360768543,-1.465004872482773,-0.6206146516795548,0.0038058594836301,0.344331813035645,0,xss
1.9764442297747995,257.61257715448704,172.5993409651596,0,6,23.812516010277736,839.6422067643155,1.0250989132399202,0,1,0,-2.238667177475281,0.0381202206985797,-1.0488449566338465,-0.6754741755062322,0.4151390988863592,1,normal
1.2973304359905324,392.0227128701407,85.18234825799944,6,18,3842.070477082501,3561.966147410755,-0.7040326812802855,1,1,5,-1.3014856301235782,1.8412655673792693,-2.317573710404901,1.4978593247238028,-0.3520624455854479,0,injection
8.704110605211799,185.64936210211928,1124.9634672412988,0,0,888.8671251443778,77.25126028706832,-1.356190688191954,4,1,2,1.6350946148921046,2.1074827664809934,1.4030815566655832,-2.248083848645018,-1.0511906016716228,1,normal
1.1724586544541755,469.3980640598777,742.1154769982429,6,3,1026.786082076503,54.39803742328585,1.344527221936003,1,0,1,-1.8060737463419652,-2.819379658593351,1.8411988511445003,-1.3725369106229564,1.5110701188546043,0,password
1.4644236729489688,382.5542920685313,327.88561487347044,21,3,3822.73150101465,1744.6392092011224,2.328928113641344,0,1,1,-2.665311407620382,3.632359715938076,0.4788206247092481,-0.1969649112429312,-1.024157411327338,0,password
7.167868232113021,316.94513606600435,281.6415324940023,0,3,3298.3251135625287,1356.082568464322,-2.430839739166868,1,1,1,-0.4418925184889355,1.526372637430694,-1.4209546911515336,0.3695335843634728,0.8068250189198108,0,dos
0.4311478775881419,120.30892753569168,795.1023655171927,6,9,147.13439409210164,1088.376447194392,4.566183475286218,2,0,0,2.507650690888519,0.5933323637606802,-0.7059108387206234,2.4457556817175856,-1.0633684290168426,1,normal
2.730495489575857,744.8360794445293,316.2717834482026,3,3,1218.6970782201568,2601.1709081173444,-2.891030723820277,5,0,2,1.1706076128044505,7.460104795691954,-2.090623402957757,-0.2200533923507189,2.779301215768982,1,normal
4.738619495997179,465.3637814084953,191.73543353645917,3,0,2786.531770275757,369.55593760851326,2.152486396250506,2,0,3,-0.9716993134430124,4.189586461893751,-1.1162213836378303,-3.114188699709266,0.6194538515887461,1,normal
8.787002159622206,162.41974483561694,1202.6021165828631,0,3,1738.8907651588652,493.2874650775261,0.4079780893425635,1,0,3,1.4039054848234112,-1.5803501664188295,0.9017249835786592,2.711894507645604,0.8678536155325531,0,normal
4.101106183891706,570.5970605799918,150.1315319309676,9,3,1049.7814682605656,1779.9892534326596,1.6274285741367598,1,1,2,-3.2287313682758745,1.041565385745159,1.1501488959313335,0.2240221955150536,-0.5784610166709734,0,backdoor
5.1076437396972825,742.6148766851463,380.4313976231317,3,0,2400.9077829614357,1542.403647416499,-1.498738876241135,0,1,2,-0.0649022301968067,1.367473205453498,-3.209678288650559,0.5513014205793693,0.1387913289126835,1,normal
10.937601846280147,621.7145669294855,251.9257591517516,0,0,744.6328602047334,425.27387033975054,-2.403510027183809,3,2,2,0.9979209077127312,1.041374411579875,1.192746682494411,-0.0592883979161629,1.115805715544236,0,normal
3.579334281939909,723.6323471867847,426.6870324404603,0,3,2418.7447535808665,1075.1319603011773,2.0766636880981992,1,1,1,1.3942884105861515,3.47992972916313,2.3216460461382704,-1.6901136412379152,-0.4528796826447557,0,normal
2.9951559986795093,434.728719120904,1151.5005831831452,3,3,575.4785816690297,1638.025325414187,-3.472691357161493,3,2,7,-1.4379062747454745,4.644012683084065,-1.7224035433658589,-2.1127500424917764,-0.9600582223920984,0,normal
5.120426913513622,7.9757842792362865,219.8868507769332,3,0,1331.0344961825492,546.3711468787233,-1.0352221907601096,1,2,1,-0.7471305808434778,0.6786051798728326,-0.9114750812236392,1.1321384629892497,-0.5479136339352662,1,normal
2.7039696616807847,279.4414239356643,99.5828614187542,0,6,1041.0632402268243,873.4930152441226,3.0668178103005994,0,0,4,1.196259641101768,0.5995822779819326,-0.4346407037327698,-2.9440199698509604,1.0895014169194484,0,backdoor
3.142243433034502,1092.778641723501,957.3629365075184,6,0,5693.462743267151,2379.5564032932984,4.628376705920537,0,1,0,-0.6546537876464473,2.8563425169398498,1.0971726001799127,-3.971939188151654,-0.6151454772445657,0,password
5.521862012732876,1422.461732789138,1135.4527024534675,0,6,1041.0212612075388,1476.0125747010145,1.1171717798216314,0,0,0,0.7851749081942456,-1.3719891382467675,0.149945222429163,0.9843780278143474,-1.8606008008361283,1,normal
4.7939914930676135,1513.0592661570718,39.791161812169584,3,0,63.4375170528347,1925.412447258667,1.4474325099288003,2,1,4,-2.202547139355051,3.481234021830419,-0.3643141001254251,0.914040312144931,0.6612419733317072,0,backdoor
3.200751544378396,1319.0705926137662,482.7602830679618,3,3,737.1965298531143,517.3123493391845,-0.6929337188374504,2,0,1,-1.8194733135338943,2.6631879426233023,-1.3418344423599236,0.5126210712703677,0.1859537288523687,1,normal
2.441099344705524,1180.4151268759035,142.2188576052725,6,3,57.79595533731443,2180.552135149845,0.4648931625448786,2,0,3,-2.498194163788998,2.6280594157384773,0.6392083825024157,0.7150425960388691,-0.3816007781959337,1,injection
0.6929182013942488,457.2547120863732,97.52667524749032,6,3,310.32737912713753,1499.6675104243943,1.1295171896917031,2,1,5,-0.7435022500626961,1.1484631460475525,-1.6095617342273985,1.2611169160834486,1.5646919459107511,0,injection
5.915479702651332,1126.2507266926632,382.28171012865226,0,3,996.6369943336708,1699.4689983928072,0.5960246047882086,2,0,1,-0.2524259152076638,-1.2742775805060702,1.4350366243151866,0.1708441546004753,0.1544797783120379,1,normal
2.6928317615903765,1054.4399408120255,819.5717521757455,9,0,466.0415819142252,1738.2150726214577,3.7214009494263527,5,1,4,1.8284173798053849,2.121592708814765,-1.0554189340035671,-2.012833513072609,0.0859343539528461,0,normal
1.5012454306971,492.15081079916615,109.78728508839208,0,3,91.32525996985272,1229.0848839857936,2.9801293267661526,2,2,4,2.995220755660555,2.1089110247059555,-1.7092569354001463,-1.471854117569288,-0.6724410054565265,1,normal
6.090044976059458,875.2810993183407,64.00006835065761,3,0,2013.071691348216,1404.697226832714,-2.288301275612362,0,1,6,-3.700981710634665,-5.921886569943023,2.3526100535867243,-1.06701487997636,-0.1932376036003989,0,scanning
2.862491368701789,1084.2311643531116,1026.1862723853078,3,9,309.8651498626206,1272.8498575874933,2.255437230538262,1,0,2,-1.2446851961178569,1.2755762734157845,-0.6503240463205959,-1.194815724682891,0.24432376179135,1,backdoor
2.1674764147763934,195.66142916216975,339.5439388389725,6,12,1327.256811762425,1606.5436662730683,-1.6725121404900176,0,1,3,-2.714117087580786,1.280885210060691,0.6356256267986922,-1.715160354200599,-0.2916064781003454,0,injection
2.3471443420617617,511.40372972930703,508.08684230836434,3,0,449.6879722144662,47.870149847341,-2.5996171308982605,2,1,2,1.0207439639611364,1.1519838111907,0.1934628542836443,-1.4166729353060863,-1.420082124868084,1,normal
2.1756668614792827,158.56363554016008,230.93495775230835,12,0,134.15085375724118,1038.6758352731588,2.333612691398779,2,0,1,2.975865060532344,1.6528998040082263,-1.1931007805154847,1.888235375419692,-0.1326550392842771,0,normal
5.514864492999868,500.8023834344885,85.98214241434393,0,3,852.6896189230105,366.0685316504205,1.1859611502667813,0,0,4,-1.19333865655024,1.6548599180568833,-2.116480040975265,0.3646488685356254,1.3260335184219032,0,normal
6.046837572380456,446.8645482016782,114.59403963235724,3,0,778.9989293020997,1731.9773201389796,0.5281440743388786,0,0,3,-0.8073047697153429,3.1400318254679407,-2.4907612671746198,1.273556506096229,1.738191060560226,0,normal
14.258018634793531,69.6614994053455,287.00008883043745,0,0,663.5873788051265,644.5320841559657,0.2330359002041802,2,0,1,-0.3508007601909408,0.5320872725627379,-0.2746724697612723,-2.076451083955465,-1.0133583644991002,1,normal
0.8961222965991834,1068.6214172616674,128.51895032411431,3,6,2693.932728766248,1447.7277585968702,-2.159847680823655,1,1,4,0.2453714656793031,-0.2874097838790228,-3.290499289744682,0.662711399067148,0.0444552367726158,1,normal
1.5625387375595576,1160.0302502435443,213.85338415808585,9,0,774.5056501013489,154.02234754002646,0.4765951193057756,3,2,0,2.188310303332053,1.334572521119985,-1.4870852471847982,1.078690683598339,1.6541500263006796,0,normal
0.1302023619760781,2328.7888661142206,1321.3801122104016,9,3,2022.001317484736,3456.7096282481,-1.5955576656828123,0,0,3,-0.6617362045110281,4.421349274757316,-0.7139708664566613,1.24178229215111,-0.0310583208142574,1,backdoor
6.932892087931755,1716.144534110607,891.1100989517605,0,0,141.150998914896,2162.862005130893,0.9958435452345435,4,2,4,1.464968565623927,0.3911546228003484,-1.9349367879796688,-2.556299534135129,0.736968473204846,0,normal
7.84879012049113,655.4516802127661,286.8440935035281,0,0,769.9524530671157,2321.494474471149,3.807266433987032,1,0,6,-0.6683776725257631,-1.7430133698942882,2.526045975061799,0.6565175310697943,-1.128604900316507,1,normal
1.3821444752723369,802.4201835805537,807.5997862399519,0,0,1357.1713828047434,54.42124254152784,1.6295127326308434,0,1,2,4.291240762601692,3.7772016968532345,-0.9552385764562644,0.0129454127007107,1.39445016750302,0,normal
4.2807514261189645,1523.5935843582124,1198.747681654833,3,0,2964.2752833605537,1605.1384781193103,2.0317638596814294,0,0,1,1.3386052993631523,1.5572356274815513,2.663825938115493,-0.7704819677804218,0.905849930466941,1,normal
8.729057817890677,1321.5892190252796,13.603354396999366,0,6,193.0530376581013,321.1100628096624,1.2609056221952966,3,0,2,-2.2449891345838138,-1.984458185265963,1.68161990267335,-0.9221400698859624,0.5219430050161404,0,dos
4.298203424915127,323.27326673448846,8.065068698616821,0,3,748.9831225919551,116.77555585543024,-2.0133337986018587,2,1,3,-0.1340626666831967,1.3468880400906669,1.967418486995803,-1.486969184362287,0.3766840231131563,1,normal
1.13371168335807,186.6017716602533,212.6744574233198,0,6,443.9402143374828,846.2095281849884,2.8231689978933936,1,1,0,-0.8262734285571411,-0.8213642662168917,-0.1927894434641044,1.6339329218122165,-0.139276937334371,0,dos
1.5476163876085658,2058.201856070696,387.0656547481008,3,3,521.1298898942636,1388.6417675978396,1.098631148085104,1,0,0,-2.734737842591941,1.5703835852260857,0.9918736730578211,-0.0747484048379287,0.7353629179659926,1,password
0.5839424146926315,1472.731549912236,60.36001275429916,9,0,594.4905816758845,2565.860027202444,1.82144656476937,0,0,5,2.746168411837666,0.0459635148165036,0.5241224389833139,-1.1135143951547193,0.4762779163878402,1,normal
0.9367426874882002,745.5783134263274,8.587686304427068,9,9,2919.747500515285,993.8840879415092,0.077190044074914,0,2,0,-0.0649277823345166,2.506124750524036,2.304893800379073,2.409578990214273,0.3571097294873344,1,normal
1.921889756002484,814.6903196507757,618.0584299727501,6,3,618.357876141832,737.9482332346136,-0.9198606445199324,0,0,2,-2.6648356829049678,3.483925381149726,-1.1757932969943916,0.8019944115675983,0.0206162487525872,1,normal
1.674929270820365,1268.6870046752522,306.8085079345748,3,3,1661.685185982637,847.2453566161013,-0.2277078957388076,0,0,0,-2.595761172351845,0.1774600615158819,-1.4622358230832948,1.8208606699538523,-0.0426928685576485,1,normal
10.826603714860456,2339.294549604417,361.7503108897743,9,6,2728.780950211202,1801.247816108631,0.1002088101703218,1,2,1,-1.983165868344128,-1.0892697840088332,-2.5890935100210664,1.5377747789844334,-0.4127886254820138,0,ddos
7.958039976575755,965.6862525057088,52.51901780907794,6,9,910.5122619762813,473.2771545860799,-0.8857343779221296,0,1,6,2.841800509187507,-2.11538993645166,0.8815854935464607,-1.8036176231034244,-0.0206668789575817,0,ddos
8.395479457200356,140.14860379364663,1067.8564452270712,6,0,1035.229238843315,271.8494310860026,2.1488161820406138,2,1,2,2.9099291314327624,4.096951824581405,-0.7886987176471225,0.4306880683638941,0.8390417972027573,1,normal
2.3308303286858325,783.0709837235604,53.07624937409369,0,9,837.3448293721016,1652.940941817046,-1.3200561310743502,0,1,0,-1.6091944586227738,-0.8527327954426849,4.1784864049699015,-1.0216623277000738,0.0604930591357353,1,normal
3.176520467353243,867.0662993778494,438.8037741967832,6,12,1818.1548137818224,1693.6793303529453,4.322899559206346,1,0,1,2.570777324601492,0.4086569466261439,1.785107494248587,2.890164995967412,-0.5388610363994135,1,normal
7.325927485068627,353.3586239395338,374.42516017764456,0,6,463.04543928764696,321.4596910020955,-1.248968495259054,0,0,3,1.3014131656649357,-1.4045287100014192,0.3256085218438777,3.505538614489064,-2.469645734797631,1,normal
3.98024376713324,265.39868801891174,106.9795241257143,0,0,254.09182339133457,1617.193402510863,2.4173849082999155,2,1,2,1.0254011644856955,-1.6281861670797022,-1.4015818048158828,-3.643338230698584,1.143565705666979,0,normal
4.316413401834398,2010.7174889662788,1214.7911692285318,0,12,1181.0515158900816,993.1151697934124,-0.317820937799527,3,0,3,-1.1377222285109805,0.5773502540854439,-1.8509115363034745,-1.746039048724465,0.3373861098837608,0,ddos
1.9063001807820856,69.85139372284654,111.89335446666662,3,9,1089.9917299040867,313.3461914608184,-0.4073385644675094,0,0,4,-3.151285790068948,2.9255942767594,-0.6712926172301799,-0.4529256047905275,1.4835084982882094,1,normal
12.254069672990957,1184.6820298515902,260.73263549284235,0,15,2681.6880680433924,2074.9295183574723,1.8284617500405531,0,1,6,5.619663677343196,-1.5923553304846167,3.159307963454677,-4.249097942254654,-1.133716001493211,0,scanning
2.4579577798393077,1018.6117175928308,608.6976396843862,0,0,1297.417187268952,170.11832691316408,-2.58568505752753,2,0,0,0.250469249369313,0.5963661606437078,2.301137733902402,-0.4868551378586522,-0.258171058557242,1,normal
5.605969682054051,850.3220603542674,322.5444301748257,6,0,2306.109690847729,543.2887121839625,-1.4470982360129712,0,0,0,-2.686720636232761,-0.7649224825266163,-1.9912761971367183,0.8813856549387429,1.0769613831650446,0,normal
0.3940884664690771,2333.361164198709,238.0568279231481,3,6,1100.7280213958045,510.7706232667008,-1.0578203184299924,1,1,4,1.856476288421452,-2.3656623306276297,0.8526805338323309,-2.8008561190935475,0.0669995197842684,0,xss
7.384242479163824,1476.7187614615948,384.0242867420945,3,18,59.72575289447948,882.4645642979178,0.121277155603136,0,2,5,1.3735961929287086,0.8609799884001268,1.030383074656973,-2.4806448574226883,0.4596733966412468,0,dos
0.0507961071300675,563.3915500881008,808.1300064676981,0,0,636.8302838432419,721.8492157914263,-0.9623563871694312,0,1,3,-1.7444621586246982,-2.909131598485807,3.197323461969096,-0.4139233938335693,-1.233895944712523,1,password
7.636198027363385,2259.4347619829773,475.2521025151868,6,0,3250.1524037545423,1143.9388287680292,-3.5276352935800626,1,1,0,-0.7720658403364109,1.665510002697939,-0.9765395687769524,1.1516359403050422,0.4787785325942629,1,normal
4.083701650594505,878.7403617428662,816.3288794042242,3,3,547.073274937211,627.3033751305894,0.889191249433475,2,0,1,1.580189400162912,-2.360108113302819,-2.467702301517466,-0.7147673631891802,-0.8781983736101737,0,dos
6.218474060704003,3342.58731460178,120.50847083272868,3,0,5255.156017973005,3144.63046035387,-0.9348002746029188,2,1,1,-1.4295162383996052,2.23729555042497,-3.044881459689748,4.672026715010257,0.6621122917905443,1,normal
3.3148852726766407,527.9421100138364,362.1219231544829,9,0,1830.5982268542064,974.2008979739676,-0.9874011199535316,1,2,0,-1.3413793218530363,2.1621484469325023,-2.5907350222903185,-2.645315418808278,1.4000133341968284,1,normal
10.931793021372986,3005.603440182213,12.55583636985218,12,3,4255.921220340431,366.2138784961385,-5.434186090457413,1,2,6,-2.219101041544154,-2.8933385272964367,4.075347243252273,1.919460298550579,-0.1412602342176936,1,normal
6.939863405465399,2957.122353894589,474.464646017388,3,0,91.05000369347272,1717.8789563475195,1.5844143317727464,1,0,0,-3.5254164203490754,0.269431186926278,4.826413120654702,3.076622168401151,0.6971579836368472,1,ddos
3.3480108832271798,1158.4906060528797,435.93159399569726,3,6,1495.6331788671496,631.2270886208693,1.4278424513029453,0,1,1,-1.5517132180166302,0.6636196105878898,1.351779949889129,-0.2349204836473301,0.0159847858479839,0,normal
0.98479709218055,435.6480930931854,460.1385547922574,3,0,1076.1819464292926,985.266028170842,1.1173770678199202,1,2,4,5.144446121893712,3.8104135674966857,1.5269992800095524,3.005014074266392,-1.1665450026458135,1,normal
2.5989826654792414,1619.4781110964454,182.24256383930955,0,9,2410.0659003543865,295.2935690820034,-2.7895928943031807,1,0,2,0.1151361065487572,0.1337867497395513,-2.0318779102556275,0.354391963974936,1.149262958345174,0,normal
1.7674674093626996,955.0151617932676,14.987710793441352,9,3,2150.4661523212912,2503.135937086906,0.9024360855450732,1,0,2,-2.722465206420236,0.9604112522063232,2.8408081181646496,-2.7531355635979646,-0.5171748938834962,1,normal
4.754506445747663,335.197180532761,222.7425341725701,6,0,1960.4485899421788,735.6582069745835,0.0058531756065471,2,0,0,1.9933528835429304,-2.5942691235983903,-4.461857249234773,-1.44620726583769,-0.5027325994397894,0,ddos
2.6347717519751286,716.0938365229589,366.441638944301,0,6,201.15920314720137,1492.306479650986,0.0527106455107422,3,0,1,-0.8844027516212087,-2.161100347135913,0.5537542880734657,0.8073776038600493,-1.0748678258250757,1,normal
5.9643319852080445,764.0913537628841,96.88938173030152,3,0,292.7133377036911,1978.5613701949912,-0.921276297104136,2,2,5,1.216094987959331,0.3913133095236021,5.811850838997973,-0.0663695953406953,-0.4814216875586951,0,injection
1.240123737758763,745.077919734648,904.210069691054,0,3,1057.9214924139246,976.0091421557902,1.555066948342443,0,0,1,-1.8929798883386924,3.189510297263689,0.8489633856441204,0.1125514201799098,0.1193339565447113,0,password
10.053743255808348,190.74216797171323,113.45309482138812,0,9,2044.6557107173005,183.7692837569576,-0.7901970720491046,1,0,2,0.2624539633424152,-3.95926824833745,-3.0896934528455238,1.1029333911938843,-1.9336557587978185,1,normal
4.757270984786666,586.4907220386399,349.4564852943764,12,9,577.2018879367499,1612.1910352541192,-0.9017707831777227,4,1,0,-0.3200840873684849,3.9707277719935687,-1.2567180994789722,1.09097827770665,0.557748015129847,0,normal
0.3949158289658911,428.8204682287511,868.244750078364,12,0,1653.5657059467592,766.7919055219804,1.8191327323798017,1,0,2,1.171384907403049,2.9200732762171984,1.8960176852357735,1.3059520918731762,0.6555254061196201,1,normal
6.547054222995515,1143.7392054594015,305.0168915179292,0,3,1438.382039061701,563.2765631468857,-4.480911089535422,2,1,1,0.572538448269839,-0.6579862499931735,3.282937036659563,1.3914697072314557,0.037803776046449,1,normal
8.542041459577295,1767.5844152331072,222.4591451831953,0,6,761.6016401491186,1458.2726008046573,-2.44454651998867,0,0,6,-1.2834761675644044,3.449535370693816,-0.9603479692222102,0.2277309199000273,0.4397759658478798,0,password
7.499413057202457,1638.0845812555651,93.37590079925724,3,0,1245.189967349484,736.7883549002224,0.2388933734367312,2,0,2,1.7056644874429283,-2.038405111789072,-2.078630894796523,-2.794592880906531,-0.1199931810167234,0,scanning
2.917440257335209,151.72871404061573,765.11093928382,9,6,1021.435498234818,206.20437451224896,-0.0134111734533648,2,2,2,0.3205979227237328,2.353548659681604,4.034632834416181,2.8168866116316376,-1.3703622397857167,1,normal
5.977720200315886,1480.0516647551974,68.23027474227976,6,3,1026.4675956685485,2073.912298941799,-0.8358004146712019,2,0,2,1.1471063345876389,1.0472933168806762,-2.92837907469713,-1.8362032638568724,1.0173308336663256,1,normal
3.24335897036213,1637.940128979786,23.5672949444874,12,9,2580.0406161747,789.8754399447295,-1.699665532364132,3,0,4,-0.8223662887263365,-2.295514803348857,0.3228528486449142,0.5088667291915314,-0.7680766816363498,0,xss
15.907935160015509,985.4247387903372,915.22931473681,0,0,1003.1847227409008,946.7512476993686,-3.6299403222421054,3,1,0,0.979384689095346,-0.4108134831536949,0.3746303360191201,-2.8807592612630124,-0.7973304612910297,0,injection
10.3699772774401,871.0370418769526,100.1761370661669,3,6,1737.8982023188307,513.6078525408241,2.188089430834009,0,2,4,-3.388087128651656,1.611724237369463,-3.9571253100459822,-1.0250348722015556,0.3901638863990306,1,normal
5.090395357170809,1159.964264065867,377.4149527837968,3,0,1952.1397752874095,409.5041626384173,-0.0602116262956236,0,0,2,1.8576299996985088,2.940952464601828,0.0146794486713563,-1.2702555450762747,-0.7796793991991946,0,normal
6.992484857100595,2370.3201328793057,711.1329978680405,0,0,3596.471451628699,1220.2382448467145,-2.684079266192499,0,1,7,-1.4323465278318754,-4.124603566225803,3.1558431295827285,-0.4794616579705061,1.318949426969756,1,normal
9.023082210768568,223.750127321826,252.7129422351239,3,0,1328.540273712666,64.9772100233886,-2.1303393275193065,3,2,0,-2.7134350936938514,-0.4445036574561809,-1.2494722684327275,-1.0875582358780946,-0.4190597397127516,1,normal
0.9452051578211456,1468.454324233975,157.1031317735261,3,9,2278.355113627858,2689.98887964347,-0.7103610626342375,0,2,1,-2.826722148688278,4.730296186467821,-0.6840247701358599,0.4847038476793326,0.0507147652112038,0,ddos
10.433886691625515,761.9319435540222,710.7629857508267,3,0,3520.167412959902,1028.365944489432,-1.3997579045645594,1,2,2,-0.8518901534517646,-2.148383074903192,-1.548381954790038,2.564534870995616,1.5683254699535414,1,normal
4.369211548611653,2371.513517993828,399.06707315718353,3,0,2456.257465191431,406.1186974748792,1.250012847452602,0,0,3,2.203985558654238,2.6918277167169755,-0.6063230309340735,-0.7251376131669875,1.6409277385286918,0,normal
8.644202151034738,880.6975476770522,173.5406455090782,0,0,1595.6691807329566,384.6147936461028,0.86569255655052,0,0,3,3.3051275886632405,3.111675817662806,0.4814719973280096,1.0288903565663172,0.4339148978669988,1,normal
6.527359861969948,960.1019157301074,50.302985375716965,0,0,1872.1438752110248,1624.0311830036617,3.996132106154983,0,1,2,3.012156878795227,4.04461061732128,1.4292505922098524,-0.4601833880757602,-0.9249659433959134,1,normal
4.4338382488467145,15.358133249316118,540.0992984943575,3,6,877.799789130885,327.28599046062794,-0.5097053446756972,1,2,1,-1.671943050956773,-2.1044489796862447,3.589313356827777,3.703872035672111,-1.7685440779175967,1,normal
0.1883770860476493,765.018115822913,10.735850504765402,3,6,103.71516180970708,519.184915210584,-3.0816588395948754,0,0,3,-0.2734376039387681,0.5997795519357252,2.795211268159204,0.9303762032307648,1.480487342230234,0,dos
3.50304548995464,1141.0562753997144,186.06914135384315,6,0,3391.376581716976,1783.138835272154,2.880134966612783,1,1,1,-0.0524112727989856,1.4505752930258555,-1.167556071144105,-3.856441865582252,-0.5375534916300356,0,password
8.185114257008326,908.3886187609515,508.6406198174841,0,6,548.0462691272614,791.3459674177284,-2.142653076271941,1,1,0,-2.9437355910940948,-3.5780337846852888,3.391364581821916,1.8895844127168997,-1.3287076563330205,1,normal
2.5306590407264173,872.8635086552216,143.34689360815102,9,12,2586.797155977089,1293.6305213415033,1.2246903190864635,1,0,4,0.7705229795297139,-1.8925794786376071,1.164486044405374,3.534105446031103,-0.6078433618811979,0,normal
0.970058167292608,526.3302195185053,117.3425130418839,0,15,1963.424977071158,1319.0235247917826,-0.9231683582566584,4,2,3,-2.51101565643118,-4.3317188197303125,2.428442399449624,3.588868195017872,0.9986415615260368,0,normal
10.420008005918229,1713.4634390298938,1029.3660136261806,3,0,2491.1651537064627,2430.706431103564,1.9372108694171648,0,2,4,1.0925384983479487,1.5690172399672804,3.203023766345977,-1.4453173019131007,0.602673403608118,0,normal
8.753568497749772,1038.5922887441488,856.6422751294975,3,0,50.19250328048431,186.57339051462023,-0.4269884213448336,0,0,4,-2.5434088040864515,-3.3515919539987022,5.417912357683924,1.2488049513277268,0.2863305233701479,0,backdoor
8.668063530308904,2711.7885570625785,145.5286971595713,3,3,260.9522224515213,335.37065813867,2.2852693403846254,0,0,2,-3.818913265031592,-3.101953952785907,3.721639356502151,0.9002761166927311,-0.7138539747818852,0,xss
5.742582277548665,987.8964491557078,69.16000781560993,9,0,1083.3368244439064,972.6407790987708,-3.012318478383107,1,1,2,-3.5735487578019347,3.826544181841098,-0.8233940700299982,-0.7040726953827239,-0.8524744931329953,1,normal
7.944328870161653,532.8050637490256,848.4930807421332,6,0,542.3266810598968,1249.951044023282,-1.925809108825788,1,0,2,0.7962738095769035,2.562539170609786,0.2473960842923043,-0.0548846551511679,1.1818940266401046,1,xss
11.414281220933743,407.6909694283829,183.21928118366512,12,9,1451.2845246112968,128.24561700482369,-1.6084864224070852,5,0,0,-1.1642556312549843,2.5120109883418165,0.7908421376280479,2.487373207341246,-0.5331350761179952,1,normal
3.055988442537104,1244.4725946159094,353.71040815196915,6,6,190.83430975956037,943.135500226282,-2.51846908629833,0,1,0,-3.1601202810060984,2.4694697704560173,3.071265142858532,-0.6999081477296658,-0.4719177428377881,1,normal
0.2291149293438986,680.0215653938606,955.3145250222244,6,6,262.3165480449631,187.0162586676646,-1.039769525743622,0,2,2,-2.2381721825660925,4.105312312182168,2.085387432993475,-1.9534152829565916,-0.7257917088369129,0,ddos
1.3353933018755306,1751.1425937369856,611.5401041532473,6,0,2025.3837559861172,4185.338789349358,6.403997373457286,1,2,0,0.95931269232683,0.4273360317663668,0.9902126047576192,-2.0407967082696974,-0.2339899510790032,0,normal
8.161251136962441,1111.88882446665,156.4386842531323,3,3,355.43929369378645,3.917859176585684,2.1572755095341622,1,1,0,0.0200720200948518,-1.2167422663404115,-1.4878186545395,-2.618802245154394,0.0907964750980142,0,injection
0.3989156011260448,1364.896880457893,86.80018350030227,6,0,1396.9065474916924,1399.2999374656338,-0.7748643596341556,0,0,5,1.0066637407875123,-2.984293803252175,0.8904422558506428,-1.5144320118361208,0.1879912215006209,0,normal
0.8775786101357488,1840.999878691858,488.8418833561674,0,3,4494.150366439436,2629.3994911343007,-1.080704345145928,1,1,1,1.624857806210841,2.856122778433387,-1.8936873641266416,3.909099815964666,-0.896767539489678,1,normal
1.4473888742184975,1091.9498398715734,298.1475315766385,6,6,478.8491964426483,1169.465907388911,0.2260305516155178,0,0,4,0.08401309218796,0.2789804997404229,1.576861558328098,-3.428813505958475,0.2352329236757339,1,normal
1.3036772809139865,409.13365094712407,19.068384201288904,3,0,1639.8142220031502,2055.3604579174707,-3.6033454309338415,3,1,1,-0.2106568494618929,6.668053136841788,-0.1142192528135095,0.0121346076806618,0.5807899679539668,1,normal
7.6062067771782065,852.2389009901611,169.16820233033044,6,0,475.98524270510654,768.8301785246148,0.8396150710140606,0,1,4,-2.5232643465719717,-1.9453977346682076,5.532797331470467,0.6376587873163662,1.735153637473116,0,ddos
4.7600556673272125,1858.9987031911185,803.2070934621925,0,3,78.12333688806456,3009.7849353717947,1.4389539040428916,1,2,7,-4.325682715519647,-0.5174958723796554,4.758963779722402,-2.8911863064906145,-0.6632486092043097,1,normal
1.0516541493967673,1859.505788607928,1248.5746751866218,3,3,3877.3906716004512,727.6877451695836,-1.171467890183888,2,0,3,1.466269726452674,-4.721156694248052,-2.177378337374652,0.852548628749217,0.5554673391718374,0,backdoor
0.955572585956045,1131.442304504029,632.090755715628,3,6,1915.761100284778,940.5194472194542,-2.6298945092089827,1,0,4,0.0008667374537858,0.1088493435952855,-2.2228277639014458,1.4945966237422514,0.3835901636669083,1,normal
2.9897961040787706,482.95408150435327,859.1478391073979,3,3,1997.8949329558063,351.0047195459524,3.2511005881647126,1,2,2,-0.9616444689623956,0.2930486105979317,-0.9548671327651078,1.5488710853685548,-0.2648323877881527,0,scanning
5.76160889903592,406.2797569701858,129.71774836291928,6,6,25.21367357632622,597.7762244933825,-0.1778331388105563,1,0,1,-1.177206735563404,-1.0161918521266802,-1.3419312897111384,0.541221040890884,-0.3757399242945896,1,normal
1.0855443475275253,7.431031228639418,838.2775958711952,0,0,804.5557185849359,125.2915516523714,-2.038378442363741,1,1,0,1.8135418728050643,-0.4425079886991052,0.9096235994790371,0.4459839017047704,-0.9507087342423738,1,ddos
4.52873386325418,866.4164726645349,821.9628771114167,6,9,1492.0335037711452,221.4637413706892,-3.206755415222318,3,0,4,-3.5358278806549235,-1.900906320759305,-2.793849216929765,-1.6106790693486903,0.518579704403639,0,normal
0.6211365416670169,360.1218801146296,336.17400586566254,3,6,754.4589046364719,634.1681974781415,0.8492483464846743,2,0,5,-0.6878687916027953,1.3091623184723382,-0.6619299651028797,2.824511691916573,0.7707139821092951,1,normal
7.30159041462349,718.2843839160372,381.7692061640088,9,6,1206.456305161104,815.8696646934033,-0.9033029648490516,2,0,3,-2.0602401929377963,1.0173867440036504,-0.2421364844282656,-0.4854020958059695,0.6552136081311538,0,normal
1.442605934982495,61.17919428584517,43.65205931010402,6,3,179.83711435770223,1296.8098957784514,-0.582753799842627,1,1,5,0.8195175596386959,1.4920924784395453,-0.7527816965593765,0.9842015670108524,0.2410859067818509,0,injection
2.821258083145568,463.7490191518453,589.179223738027,0,0,1101.6939179707604,783.6773029744845,-1.93972838038099,2,2,2,1.0473484375599804,0.7508960532205139,-0.0162715464909504,1.493964130483558,-0.1797154545896843,0,xss
3.0296851147462,1245.9167803783837,494.4844816920118,3,6,476.9613594171331,550.7177762405224,-1.342381854155957,1,0,1,-0.7000250564632784,-0.0847935693328303,0.770676591875697,0.4742095931945028,1.6951084386900228,1,normal
7.598193955443035,1072.2678647614766,258.2949780916727,6,3,902.9313357089184,559.3496120017921,-3.1426901387453814,1,1,3,-2.484149081038434,2.5424055996690584,-0.5156393673776956,-0.6669866215434719,-0.5358892266957289,1,normal
1.0457541167065636,602.797130207165,273.4027115703592,6,15,1288.7506178524045,2479.7572394718427,-0.1970634192304865,1,1,0,-3.999563393700223,0.379980155145911,2.202627259648514,-1.1090347849715916,-0.2958852154478452,1,normal
0.5748117887703722,108.54985069458328,1339.670173779131,3,3,171.98760794704552,2118.600216623455,4.398629386609319,1,2,5,3.542078023143497,0.646865258925548,-0.0361441864247986,1.1874827944587714,0.2342431152637832,1,normal
4.049480430103174,23.562689220451126,218.0866445510121,0,0,688.3252917381938,1580.070541250255,6.137797166341912,1,1,3,5.068690234255584,1.7258132870092444,-0.457414722811934,1.0244918230050457,0.3029117442933609,1,normal
5.528418753584917,371.1587992234354,519.1042351055181,0,0,2065.70981826946,1382.6357387896514,-2.486382254910548,5,1,2,-1.7119589979968972,0.996249293822066,-1.3956969970255753,0.2617275128336165,0.9950182549769876,1,normal
0.8679483860976434,874.386947750616,334.32869972696034,0,9,574.1225346765243,915.9445196259304,0.9964728636572512,1,0,2,-0.9844014774597656,0.6675133637678243,0.1119311332159667,-0.9796387983570254,0.3296013946924586,0,xss
3.002455718108222,120.38848496537037,354.3466996656778,6,0,515.8707516253398,447.8044574115637,1.5426101626566382,3,1,2,0.74452747000323,0.2111617692277674,-0.4594207958911409,-0.9010233905974718,0.0096025168226259,0,injection
2.2133450081829182,2355.058717142666,338.06823358956666,0,3,2946.4307252367844,1957.5732398964767,-1.2498437051376554,2,0,0,0.0842578269148577,1.5494228788978934,-1.3582100219599111,-0.1257227517381076,-0.8479460984719044,0,xss
5.905942644240561,441.8033060244693,445.1618948367098,0,6,1936.0952451479243,379.8225316790693,-2.9232383827683384,2,1,3,-1.882454352527127,-1.2237306914519868,-2.9804696086650395,-2.056250792125903,-0.3793180532686064,0,backdoor
3.368437457272189,143.31320034241662,617.1539617372746,0,6,288.00159100717343,27.288990484158592,1.7112431458746484,1,0,1,2.3383845245701758,-1.4318779974418705,0.2767028566370266,-0.4726061866303253,-0.5009258090884234,0,normal
9.707400930310904,1131.5432716136486,180.7831264441398,3,0,3497.6762997727187,1067.53524399107,1.1524872686392278,2,1,6,0.1445703178561852,5.041158961700583,-3.287069653763618,-5.307166779924162,0.4356577663749073,1,normal
1.8331559958015404,551.0610002207767,96.09325353474765,0,3,2052.875103600475,1153.7417273675571,0.6280366738265288,3,1,3,1.04406550011884,2.9736529309059003,-1.0140437986809638,-3.963799613313232,0.5152082270086196,0,normal
2.3813128660675638,1118.9147173132894,861.4975448368255,0,6,2635.337537326339,76.18252375951113,-2.041662487932625,0,0,1,-1.539717612052483,-2.179437261100391,-3.0160226689002494,-0.447179556352195,-0.5590024191505275,1,normal
8.022478476717364,103.41876555040352,312.93535849490667,0,9,1543.411761576014,978.951824985082,-1.2963507171838584,3,0,5,1.3569293711048032,-1.4800088036560717,-2.334772864142188,2.91640988351935,-1.4368416321469375,0,normal
3.223104100535745,1174.7262889665358,858.4808792808436,9,12,3349.9261949210168,718.3251765185817,0.3889634461910187,1,0,2,-6.792376628656823,7.611619660616276,-3.2290645163843283,0.6922138250139842,-1.075030789573026,1,normal
5.792685070474851,239.3525242309512,147.47929416453638,0,9,1920.8785985930076,2723.134496371042,-0.3247864903593005,0,0,1,1.211055769439992,-3.7089152397805143,5.744671168277069,-0.2772859435224377,-0.3136528308501679,0,password
2.3309478145815783,195.84578998958503,193.98235751899196,0,6,219.28949672045408,202.89048030258235,0.358574899325969,0,0,2,2.7096131038280555,-0.6092704859404787,1.5344433978399383,3.6371427524264535,-1.4718837652410202,1,normal
1.624422308678628,662.898185684093,36.166206767229085,9,3,3385.6536883898634,602.5475455397421,1.0026047361418666,0,1,5,-3.0532270197604507,5.734671732152807,-1.066109056024253,-1.9230641812017204,1.2013946513174942,1,normal
4.5916984223350665,964.172686666087,658.2965325931553,9,12,1042.1509039492892,1151.9284705685209,-4.153981918139022,0,0,6,0.8278195658198093,-1.9932941522708056,1.3480307757751189,-0.0894097869239005,-0.8290158275486662,1,normal
3.265685286179697,2064.327245659982,641.50591326916,3,6,246.07876463435375,973.3111905618356,0.997397183028492,0,0,1,-3.6659186535794808,3.209679416633757,1.4440881150994225,-2.3822500778706823,0.4507225725725449,0,ddos
3.924333007689284,845.0952929830703,126.94079947543275,3,3,2077.2850617541712,2132.7949627578378,-1.163209813887424,2,0,1,-1.9522120005605803,4.36439622083115,-0.67102607518946,2.210050192895316,-0.7803727107600954,1,normal
0.4634860293550017,635.282198125836,243.1369502209553,3,3,1741.2791036906522,150.34979828650833,-1.103436365835937,1,2,0,-1.0054785777786823,-2.259195812764105,0.5620109651286644,1.0004950981830338,-2.555696263103043,0,injection
6.314876666410579,17.31140287312116,776.6258179778273,6,9,1735.744799036438,633.9120655405893,-0.7895957166461205,0,0,4,-1.5016899718597143,0.8634644838233618,5.723677262298087,4.635664680927785,-0.9564507667465276,0,normal
0.7134332548835935,373.1262470255117,291.0796432535221,6,3,506.70570699188494,419.4137680986351,2.06570885314407,3,0,1,1.618041038220578,2.237104465020542,2.798423545688125,1.8302103488475787,0.7244412490926695,1,normal
0.2933263638131165,657.5969974010128,284.57859556673253,9,0,1139.7189780878628,319.9254605153425,-0.136216143722706,1,0,0,-2.1618210798108226,-0.160353216084347,2.2452338325300327,-2.6740756746212053,-0.2679402387551432,1,ddos
8.022849221462385,486.31585546494506,184.7179208030856,6,0,1426.831616656102,1136.717409900041,-2.5053828710387926,4,0,2,0.651209536838993,2.1688564897336176,-0.307470025055395,2.0996207415489643,-0.3020754977469999,1,normal
6.593584751171203,1132.217937058453,217.8280361255217,3,6,932.8022482704564,386.6419736149044,0.8899719628547407,4,2,3,2.183039321676856,-2.7713762614835327,-1.4909998358572665,3.0244796123527244,-0.0671228536817232,0,password
2.147205932617086,691.430055242114,282.8199599254562,3,0,48.03610445119041,1127.5948853618124,0.8950028467036268,1,0,2,1.4765012645388578,-3.034276696040906,0.9321490448746206,-0.2552200507113136,0.3648277848293993,1,normal
4.881632877752681,182.0811042328016,267.1118900175116,9,6,1342.642978072751,271.821783314057,0.96994541316988,0,1,2,-1.2352604552887416,1.37847358363767,0.7516456542169219,3.008484937636517,1.31260496176124,0,normal
1.2520647187896214,449.69303284484073,274.42749457427874,3,0,630.3984759083323,525.7517045925078,-1.6494710677414914,2,1,1,1.4688902237057542,1.5980387938183565,2.0217303764400274,-1.5467705536502334,-0.7202401337799503,1,normal
1.985281479678339,1292.3611185586913,118.7360049341762,6,0,1103.2848389340868,1253.206998244216,-2.100690950989576,1,1,3,0.6088287585300967,2.2085733770510325,-0.5826854956124348,-1.55409964920584,0.8198422616449147,0,password
2.126378496890548,542.3943248547964,1324.6958744890965,0,3,672.3481832460271,711.7604234594997,-1.2376807382160455,0,2,4,-0.3290641615182536,3.6759422867166895,-1.4408768967949528,-0.4084039038311331,0.6256123631940212,1,normal
0.1127088432050245,585.6479894517173,212.1086320949688,6,6,531.7756329437814,51.501022371452656,1.2705182740896537,1,2,0,0.6222011300162578,-1.851410410784449,5.95141392998673,4.437337550220291,0.7069753393575068,0,xss
7.892503306042878,1069.4367418644313,53.6337104131903,6,0,449.81661145024657,521.3552564443384,-2.320863401975473,0,0,2,-1.276169599586745,2.141428091268106,1.7309276969736858,-3.3995953079262597,0.6957964912902024,0,xss
9.309223301614956,438.9499797589261,367.6450144464859,3,6,3494.895551781604,493.6388451131053,4.285448762713481,1,0,1,-0.8972469140749191,2.6404436825396376,1.4659324917703729,-0.7276435170465847,0.697820511785578,0,xss
7.846109790725892,168.49020540555597,159.74248888810544,9,6,1626.5427152887564,322.1254819926054,0.9919995113227802,3,0,6,-0.2948032572598302,0.2776991681164906,0.4414450249772649,-0.194280459815108,-0.4599601148195332,1,dos
0.4911510598797569,202.9659057755164,634.0601736086504,6,6,1179.501163927577,827.5245945850334,1.9314502764993944,3,0,0,0.9002159126548681,3.126865367601731,-2.198167268280847,-4.361248931795289,0.8263549198028953,1,normal
8.457594585589522,1163.7052951095484,303.9656710901653,0,0,1786.671324865123,2177.578388024776,2.699815822409976,0,2,5,-0.2258183324743212,-0.6840377763087497,4.038568672017556,0.0089951515956034,-0.2534978425765952,1,normal
5.297293199933369,1599.6009610433473,447.73640989118144,0,6,2615.573998849611,1460.0138223305105,-1.94864740024947,2,0,5,1.582448069665588,4.723827329283114,3.0832420444454005,0.7418663512905859,-0.9667417832717096,0,ddos
7.323570711971032,1750.5168375517387,224.67182675167177,6,0,976.488475523266,2150.961950657326,2.559756477650465,3,1,4,0.6722615474333595,1.030038352736398,0.6995878170286922,-1.2924661513753202,1.613326506571602,1,normal
1.4815064152524358,650.599049703007,593.3952639095304,3,0,3384.9652825359485,860.5415379536348,-3.538469886308956,2,2,0,-1.3395371006826182,-0.9653210743819038,-2.862070264724569,-0.2941085386531623,-2.564100445281365,1,normal
8.594871986980571,421.5998349288327,451.8396191641216,0,3,1708.822768951459,236.2846412412725,-0.6820166039353228,2,0,6,-0.8294514929761438,3.438250026470256,-0.7941679342313499,-1.435680922579701,-0.244251131171823,1,normal
1.6463058864064113,1174.59948550596,81.624691620278,6,3,1107.6987737357358,1530.2248670672284,2.300806589978855,1,0,2,-3.1776077225495074,2.99471326333146,0.2132569377438429,4.319687785285035,-0.2007645532536428,0,normal
5.981069205947408,1820.3379202956337,292.88016673980576,3,9,3386.5133518360017,280.6131341953049,-4.419034742039311,0,2,1,-3.963513546914226,-1.900511794532217,4.038068077683144,2.367903811401804,0.962214273429522,0,normal
0.9612627164478376,708.8718242597706,264.515576888752,0,3,812.5198001764479,614.0098722880117,4.4136470220879245,0,1,2,-1.8231505000860249,-0.0133223036638114,-1.712169895974345,2.1069382180476834,-0.7610045388013598,0,scanning
2.227023173241368,167.23981602400363,159.44774741284257,6,0,974.7954060474664,213.1386507005629,-0.7892706478689724,1,0,1,1.4216185577355736,-0.2252417760049754,3.753316427613294,0.6702870302957505,1.083822698147509,0,backdoor
5.8965097336131045,403.5760664158462,777.3400849971456,15,9,63.07604388069043,569.2240699228383,3.0137769204625977,1,2,2,0.0693425656789403,-0.6778246183627918,1.8766185002372864,4.508177532266352,0.3350996484240565,1,normal
1.9996767622190164,460.0972742986967,103.16119248184596,3,0,1256.4531482687903,1535.262925077872,4.352574730006752,3,2,4,1.5583612728857907,4.602949905708222,1.1487969313142337,-1.2426374381189615,-0.8042404277684012,1,normal
6.732750309431249,726.6326824555359,183.65479659741587,0,3,696.6012756875559,993.9738703625428,-4.712629052869047,3,1,1,0.4966832920702373,-0.6069223095890788,1.28648488948482,-3.796865989105021,-0.4229303248163986,1,backdoor
4.030404101322247,1002.3516285828014,69.81047970773805,0,0,742.7184508466974,515.3579762229065,-1.1817160937307718,1,1,0,0.1104674675420773,0.8565340054037804,0.8575665547851927,-2.002299717822841,-0.6768821011245854,0,backdoor
4.015824397901456,433.0253358193529,382.8224237946273,6,0,1328.677485735756,928.932260275782,-0.0661566279632994,1,0,2,1.8558796438951863,3.691494470239124,2.252520873714952,1.055838086847798,1.3203142065651023,1,normal
5.2420166665422805,252.3419377777869,60.3986756080033,3,6,1328.614066263826,1854.9119336573287,-1.0199223853100547,0,0,1,-0.6201430901183906,0.1594232778887494,1.9193729617120956,-2.203912936262548,0.1146394369261125,1,normal
1.067816744774062,487.4133699053541,1301.3809445510385,0,3,930.358814410158,1154.0322267617987,-0.8296020029812847,2,0,6,-3.0015715353584094,3.8800128575759487,-0.5903284663849792,-0.2078623478188366,-0.8987122654439677,1,normal
0.8486969990705024,1885.028182793884,216.3979908014111,6,6,2258.4811480832573,848.8535233769406,0.4275926246219933,3,0,3,0.0564181312832379,2.845058092740387,-0.1826567113361645,-1.256157873750112,-0.1685644601080146,1,normal
7.352996407459077,217.90673548587517,292.4934262092081,3,9,1787.9234114688884,174.51577953427665,-0.4782142665751168,0,0,6,-4.024698360855253,4.852072726496351,0.035914596583177,-0.1052388340127206,0.4726552483666967,1,normal
0.3297666060271064,112.4690444005466,317.27123061019995,6,6,2321.325452345289,1101.0335960713771,1.358841693280752,3,1,0,3.531462517823079,0.6353265485289117,-0.3593176588621327,-4.18126521841626,-0.9290809922951982,1,normal
1.3961461118614324,354.20371003527384,188.8158848187783,6,3,751.2627842267643,570.5644415076762,3.01009908744919,3,1,2,1.3269615291931145,1.8285170348370683,-0.5403630039699752,1.295537174125026,-0.3310527453989731,1,normal
3.992767900233456,860.1650705982684,798.4533655324354,0,12,1235.9375628917126,1947.240978372277,1.8555256853256608,4,0,4,3.333195341379147,-2.459401594328602,-2.034694661473688,-3.600268535291833,-1.6645685507987684,1,ddos
7.720181989593769,167.50569704582475,488.2721701522269,3,6,344.0559817724271,491.76122516047576,-1.9654720258862903,2,1,4,-1.6451468788953254,1.8511698398860608,-0.3956852010093866,-1.3304100285017733,0.4962193887272635,1,normal
2.332855826852758,713.7213484959927,85.37684525861566,0,0,1083.6993401256616,726.3348033514484,0.4350502028917206,0,0,0,0.1100702218600193,1.934914125853476,2.9876678282882483,0.7362201100661661,-0.6237949050469487,0,normal
5.387256636477061,819.251993337146,611.3707339154946,0,3,1185.0552375914344,1398.9032284191876,1.9906988273917188,2,0,1,-1.1921072771645715,-0.1431563938804918,0.9987926910106132,0.3116355823157095,0.2211730430959157,1,normal
3.519896692005055,671.2764039970052,13.481473860429263,9,0,1023.3244873957568,1239.275463234252,-1.738230897901402,0,0,2,-1.0895016675059506,-1.1517036391493567,5.481527078471896,3.758755755740247,-1.5384654743896664,1,normal
1.1478456615622377,186.27196017005295,280.26134489587315,3,0,2416.8885476362334,567.2893191879043,-0.0528177835885284,1,0,1,-0.814258456680119,3.252594507833611,2.1549477506296197,-2.2201207450110587,1.2975104032584734,1,normal
1.9113306675231705,84.28671719439484,411.5135925184344,0,0,2552.611118721793,1153.7843449282063,3.1298413452395737,0,2,0,1.563665415085114,0.552762649482371,-0.7930275451346984,-2.917468552336829,-0.9350809869428126,1,injection
6.090044976059458,875.2810993183407,64.00006835065761,3,0,2013.071691348216,1404.697226832714,-2.288301275612362,0,1,6,-3.700981710634665,-5.921886569943023,2.3526100535867243,-1.06701487997636,-0.1932376036003989,1,scanning
0.4397566946361603,1760.3824377527549,126.64388255341508,6,3,3108.174765559731,128.68530949306108,0.0972709838765715,0,2,5,0.8169908618960471,1.2471473457902007,1.6125946749818676,0.4827330581142445,0.5084114346045787,1,normal
8.491403506633352,548.5767935036984,379.0289338908088,0,0,935.496207987922,499.20657389796537,-2.286015958327588,2,2,1,0.4879263827284308,0.9234449588559008,0.5987460285891938,-0.6641253905234351,-0.9646301725580356,1,normal
3.1871111181645806,629.0946426229792,624.9243108687647,0,0,216.47484855278668,348.4267959284855,0.8212826906268247,2,1,0,-0.0514037407900354,0.4145564637897527,0.3349195543059208,1.5312945237960631,0.7720245968569943,0,scanning
3.4974683752843867,730.3490867991957,1095.8496982013428,9,6,946.3325469294836,567.2595450815456,-1.0266810444884682,0,0,5,-0.1727092237925727,4.582122391238154,1.802981761612694,3.0748510695981697,0.5728840293831389,1,normal
0.8405256764167182,589.7472493912829,565.7333114806847,6,3,1954.485583191512,911.4931150067772,0.7679662508067924,1,0,2,0.7115075625350974,4.035115507781176,1.138902698634734,0.0048459801867946,-2.407904966845621,1,normal
1.9576535596256184,861.9236645231379,600.9081456859033,0,6,1225.087521661977,726.6612618891679,-3.186055169420623,1,0,4,-1.0665761423183415,1.7942093909313677,-1.730662943401262,-1.2351307683647132,-1.8026883470822068,1,normal
4.003052895423497,1156.4961419868846,277.9677972084527,3,3,1811.402822710411,1378.1683813766144,1.6019554545191237,1,0,6,4.629211797458014,5.697910188970169,-2.8659455047051763,0.2238213383861872,-1.4890458495759948,1,normal
1.4568541446100347,79.91310741909862,942.0095358350688,0,9,349.0237833377718,349.389335137659,-2.254313382033529,2,2,5,-1.5480811836234694,2.6738784048948503,1.558676011832154,0.4980615976652354,-0.2732033470180589,1,normal
0.7762032129606539,74.58449028894043,268.49516874070366,0,3,146.4765915111663,488.0371848487262,0.884540946034077,0,1,0,3.268973060385303,0.4745977466020666,0.6677313220141121,2.262826395008364,-1.1488811546648463,0,normal
0.9418016396911526,377.9956603809192,358.8044361880211,3,0,366.8641694281226,1411.0214504960718,2.175764689740439,0,0,1,-1.1564779405684151,2.7103093508722305,-0.7700764724697067,4.09461349894624,0.6943498816508435,1,normal
3.2755873751584086,584.3874395011749,382.5039623686903,9,9,3476.69332017188,1309.47172700547,5.115769570319752,0,0,6,0.3464458928964387,3.718480614274268,-4.422237587470644,-0.4871869557069527,0.1613401238641012,1,password
2.5987849734179025,736.6312244033757,68.96360171820287,0,6,1138.949732249171,190.1427634599877,0.0049943042951356,2,0,2,-0.0742116132807348,1.4694843375465896,-1.783411287842952,0.2210827846011348,1.2208106047318523,0,scanning
4.746250167431862,709.8147943278029,707.2463380932145,9,6,100.12567285270887,337.36748346315096,0.266085479058799,0,0,0,-2.3159124120129224,0.2688850141863513,0.3403203328372566,1.905422354479628,-0.7682062895813753,1,normal
6.939190976860523,494.9211778654004,178.06793870397,6,0,1940.728466327656,116.37199602420046,1.5631965045360616,2,1,1,-1.3527217008615748,-0.3601336888683746,1.4477812377564934,-2.750259740502061,-0.5317360259066465,0,dos
10.911042692259104,1554.7432832634574,786.113221837603,0,3,2580.737574683733,1212.051956883604,-3.606653493824955,0,2,2,2.094612227178458,2.3502200703581435,0.0435486735042522,1.5371820657505868,-1.1042551347818228,1,normal
4.930923034741772,1283.5869355067905,232.9383603613562,6,0,75.57954396455241,468.6017103526328,-0.3412947303042094,4,1,2,0.3460379533236197,-2.361002658065039,-0.4123001125208501,-0.692217239902018,0.4089718160310429,1,ddos
8.640999094137378,1348.7638161029313,244.0917544397066,3,3,492.29724230162526,326.6608447553487,2.9407424533672244,0,1,0,-0.5991541616154636,0.7686279950590087,-1.475705718722059,0.2776390927523171,-0.8393385904618087,0,xss
6.814053665483225,913.1277541992238,399.1799333096861,0,6,259.4968999893956,1072.525709880204,4.719378898268014,0,0,1,-1.571191317970345,-1.6686673379297083,-1.5341847340869683,1.0100748290473809,-0.4894586114885625,0,password
2.1674764147763934,195.66142916216975,339.5439388389725,6,12,1327.256811762425,1606.5436662730683,-1.6725121404900176,0,1,3,-2.714117087580786,1.280885210060691,0.6356256267986922,-1.715160354200599,-0.2916064781003454,0,injection
1.7194775985596986,1106.0515718566742,782.1932687234059,6,0,3453.283037923778,1410.4757385522448,-0.6089291605484168,1,1,0,-0.7869097914649585,-0.8785378346484427,-3.642506534641973,0.4860098401468362,-0.0945938777448085,0,normal
3.740409234903321,1330.499243224465,359.8028837698061,0,3,1809.980697758632,1309.7724641307982,1.3153338225087163,1,0,1,-1.5029965562723433,1.1443022267487009,2.273192217263404,-4.505284838173424,1.135626148360819,1,xss
0.9198829592532016,1300.4640970539117,32.64581180958806,9,0,1813.5403600110144,802.4112725800135,-0.1553198124785186,2,0,4,-3.325576032054572,1.9038905699797597,2.311934047715795,-2.305690144620431,-0.6312882160679751,0,scanning
0.5201380081716924,995.43724511364,840.0262463783097,0,3,1936.6537783168649,1626.7464059590804,0.4168188940224197,1,0,1,3.8603085325718407,-4.055180566862455,-4.173672611519688,-2.848024580635384,1.3816885513018786,0,injection
8.132155592935021,5.325045064653256,1098.8990986503793,3,9,1784.787726498325,1460.9525227284846,-0.7983184831989931,0,0,5,2.503778838188276,-2.19186942668229,-1.7158165622886272,5.192666650937107,-1.0645447907821106,1,normal
6.975252844956225,556.6146814796252,446.4581572768132,0,9,2108.811342378309,1489.3525768194313,0.6812049516349261,0,1,3,-3.790184761764314,-0.2171923168545011,-1.0205581127539107,-3.006948141451809,1.3149805542476556,1,normal
6.244787636235075,627.1015914554478,125.8808932883731,12,3,1029.6612528389626,2114.1895519658297,1.1896605937949722,0,0,6,2.168798224206831,3.2196533206340066,1.9862529689269024,4.375588855545396,0.4455898718747973,1,normal
0.2404472267682934,39.42605511427444,209.6556025904364,9,0,1688.9765831493428,723.6037063832435,-3.4415002100638814,4,2,2,0.700961397852528,0.3527495350762349,-0.0152208920196794,2.363304662481249,0.8326911784711913,1,normal
1.38763438723889,1737.3940187762691,33.78163493847758,12,0,3230.579327851088,188.8767178273208,-3.350746681406929,1,0,5,-3.0891730200570704,0.9172812959980796,1.1385706863731069,0.1354171116385478,0.0296677363917494,1,normal
3.258993268546733,2555.896533313436,629.5980575116497,6,0,2614.01735336099,2257.607292783102,1.6378390419555882,2,0,1,-2.256458335905499,2.301846975503888,-0.9988958529244074,5.981444531570475,-0.4660752606480977,1,normal
6.1907225981857135,399.26059430030176,230.47310764691997,0,15,4261.744785708569,2617.846757633912,-0.3605753388214089,2,2,3,-0.7397951575932165,2.484031159813944,-4.102586253060792,-0.0349074840304204,-1.3952419011843962,0,dos
4.088362235672497,1081.073027778694,1127.6497110123842,6,3,265.7559660973501,1255.6310650965108,0.3569106118848257,0,0,3,0.0420331978918826,-0.028302692732858,0.2584046083109308,-3.370435593447483,-0.3362460330550476,1,normal
0.8444996318032584,421.6408744401033,577.0896184655127,12,6,929.565246419892,1106.000386377426,-1.9005750111805717,0,0,0,-4.126201245009289,0.4283816123241121,2.916952664209276,-3.519952038610465,0.9185487158735496,0,injection
4.127207667975012,41.03033867276673,279.10428776250563,12,3,923.658597845171,1615.674675401121,0.0527491517150038,1,0,5,-0.9223212832176466,1.911295438550124,2.4439748588236494,3.3650033582071157,0.5123123603786164,1,normal
3.9615813333962606,2411.101774453869,512.2567382315669,6,9,990.4679827788126,2276.193304173974,-2.8135221690202883,0,0,4,0.3586756012906731,-4.791480211706561,-0.657179264929762,-2.400560261416388,-0.2765045499172518,0,normal
3.360162696592686,1052.4564517779113,89.31392093777437,3,3,2116.1571731934328,1302.8795643021222,-1.974135558141735,1,0,2,0.057157928349149,-0.3251341768976674,-0.8114712550654812,3.0913473329104373,0.2865838153266613,0,normal
0.5766425561179629,2538.526972316628,335.77042262547883,0,3,3068.1505370460995,286.3991899599339,-1.4898215464578206,1,0,1,2.2502624805007976,-4.260062594286471,-1.0919479117043602,-0.5827572497887589,0.1480539924814617,0,dos
1.7970696303928757,863.1010677557408,241.15400799762116,0,9,2711.4404196444625,199.06221238956348,3.1722830828548303,0,2,2,-0.4689325153938966,1.319107569342128,3.25028637589976,1.9753514546325197,0.7841099990042166,0,password
1.006834073661164,1215.9328271071056,430.8183292741342,9,12,236.70623474235336,2099.130453033933,-1.2638460662226818,0,0,1,0.7628530915229843,0.4660464806434635,1.2250287624049023,5.309557971315523,-1.3166156686864814,1,normal
1.863202483168605,1566.1847156551166,232.3121959646269,0,3,1118.77232908106,736.3775456785373,-3.183882294488438,0,2,2,-0.4061656974110977,-1.1871540506623302,3.838906563376028,-0.9005226898026588,-0.9661133999234738,0,normal
7.092297305786524,930.6804847472436,1069.685502743106,6,0,1266.582071106848,1155.0443715245651,-0.0683033165235389,0,0,0,-1.3776988131243133,0.6494758227856889,-0.2887620635687867,3.6761807737130834,0.0111089506720236,1,normal
1.9429759063811327,1033.8837761792922,612.1977460646444,9,15,1275.0777621621105,499.9790892373977,-1.3270769322456826,4,1,2,4.595529978998979,2.090017033649838,1.2706627794483796,-5.19703260541384,1.2882647108072869,1,normal
10.23230604358248,940.1597670706676,1274.7371057285088,0,3,1451.9622569682397,950.7253776557128,-1.1464961968413945,2,1,1,-1.793813347121778,0.7791361931509123,3.571482699925582,-2.534743164112755,-0.0394824046472477,0,password
2.326998639349816,1507.383394713881,81.7958473219181,3,3,3819.1661887454975,499.1609534551666,2.5200602812445654,0,0,0,0.4625086819855764,2.420105520240844,4.549186297681699,0.3262005951050288,1.417009717575366,1,normal
12.299103302121296,242.0356102918576,10.159089052474066,0,6,164.9338185954865,162.12330895238927,0.6285459993636575,3,0,0,2.1452073363682205,0.837855659096491,-2.539224959322248,-2.5893254092412765,0.4492051269288806,1,normal
0.0507961071300675,563.3915500881008,808.1300064676981,0,0,636.8302838432419,721.8492157914263,-0.9623563871694312,0,1,3,-1.7444621586246982,-2.909131598485807,3.197323461969096,-0.4139233938335693,-1.233895944712523,1,password
1.0870650088952098,575.2928991474797,102.56437010077084,3,3,65.4736412178353,196.1876922565235,-1.5904872778535106,3,0,0,1.7194072705196082,-2.5445001302785544,3.7857123210441177,-0.2583346826030721,0.5697668596540457,0,ddos
1.4638800232135694,1205.9110222079132,259.0215987868407,3,0,578.3825567961135,719.6847629259795,0.5574208847349869,0,0,3,-3.708031385139889,-2.1440275409342986,5.172309041009592,-0.1830747513113708,-0.793856966933194,0,ddos
6.2371331786561885,826.7327214564677,285.2828473662512,3,0,1216.8771100488193,1193.6595296068126,-2.870480596804686,2,2,3,-1.176714629774951,3.70036939984702,-0.342006309892584,0.1864608337189517,-0.1797678679073199,1,normal
5.101649433400776,1658.7280931978703,162.3140544837106,0,3,2931.462904272659,276.9307080883219,-2.5648376384877016,1,2,1,-1.1263570430344994,0.9330966933097404,-1.2624038838610143,-0.6327961289780961,0.6179213215867125,1,normal
3.948621187558644,1089.6085519041994,100.16062885279946,0,3,768.169940249209,12.230914370620503,-0.7836216023924056,0,1,1,-1.803221616880485,-0.6234976034123972,-1.384067584050371,-1.3767955554937952,0.111009816830515,0,password
0.9678825038123025,348.8114075874781,805.3081053130493,3,3,2616.549202634631,496.2597510077888,-0.6464219872457776,0,0,3,-2.0383387531820008,0.2093588015280865,-2.664532621065534,-0.2690799157454309,-2.7075851928463024,1,normal
3.385129908550038,899.8077149249584,60.073889301941726,12,0,3894.288742950736,2209.1169254835777,-2.189299988815202,3,1,0,-0.2496079854156497,-0.112503042976837,-1.997239061995504,5.175038057812502,-0.2094131367873832,1,normal
1.2279080229966517,1096.1901796392126,242.1595800693401,9,6,849.5423589136186,270.08552931579936,-1.8219967214296984,0,0,2,-2.136065246351201,0.5434834726891383,-0.1152882070601433,0.7653092929610321,0.0541886367178703,1,normal
5.07164374604232,508.2255591209079,507.09533389762896,0,0,968.9024947315812,1003.92970226356,1.6788651597726587,1,1,0,1.463548506014773,-1.1152158222267867,-1.2756721893401712,-3.874891512575005,-1.1948201375783003,0,dos
7.44663241507448,1024.5065241996183,90.79606891266351,0,3,1412.1956580951542,1557.15743477543,-1.3265245387277835,2,0,4,-1.1354537289907718,0.4084305704414311,-1.5034668919642131,2.1510387837222043,1.9558058523338129,0,normal
9.562951674586214,810.0988043354376,1389.908689781185,0,6,1766.8474040904414,273.66724998082736,-0.902404642364696,1,1,0,-0.3817286479170668,-1.293807382747492,-1.080677115985626,0.5333139625175198,-1.490472041777626,1,normal
0.5738529305607234,2008.238244887218,523.4110707084322,6,3,357.0667412709472,261.80301273470707,-3.951426669408274,3,1,0,-0.4057365730868184,-2.3505156244654675,1.4239764309676748,-2.1857310429116503,0.1827389505027936,1,scanning
4.612436771722018,839.3141699340055,168.47144474567148,0,0,210.8128263426571,194.93194214132532,-1.6709834819487617,2,1,0,-0.1410069960140663,0.0314271432442385,1.2038766989820715,-2.5044137898357324,-2.899629772272527,0,xss
3.934150663225082,1148.634494098121,473.798059364268,0,0,318.4583891074904,1648.7567120171818,2.6468047163844144,2,2,4,1.5179001157186822,-0.1319142678237956,-0.5598916397918599,-0.8559268192403227,0.5394274252911592,1,normal
13.62020648784548,745.2656592521649,315.6014119276014,3,0,718.5696233643267,199.9623102002124,2.160326148925094,0,0,1,-3.185810375199428,0.9964969977803386,1.3162624753386871,1.7368260950038508,1.932844565273206,0,dos
6.494476882505841,60.82683635112885,688.0883285054197,6,9,2038.341247422608,1823.660465989497,0.8848881227643794,0,2,4,-1.507310760682084,-2.2591662321580044,1.0817361800489862,2.5115507087271274,-0.3862050096623683,1,injection
0.5760981305521559,1131.138160403502,79.30693734541697,0,9,452.838901009222,299.80515741378315,-4.562664475330576,0,2,3,-1.498319358336485,0.7041291237784839,5.211389810747371,2.104156564067388,0.9720906874288852,1,normal
3.54478463796242,930.8608618681344,341.4939872693092,6,0,3320.177104010724,1781.168393769988,0.370414889260876,0,0,0,-1.503766493696906,0.3569915157918709,-3.3952351105981498,1.44540582762306,0.325171300553992,1,normal
5.19511446861832,92.19700440071377,86.9657491528878,0,0,1131.4115686846687,1759.7861565679154,-0.362342058441648,2,2,4,0.5572599616523555,2.8952635727497658,-1.4851598816641969,2.8349969998462896,-0.7726670673500884,1,normal
0.5909143027982704,1093.8465129663718,377.2013920996698,6,0,2904.882545354686,770.9556190796361,-1.1761053645952562,0,0,1,0.4416794192940854,-1.7022727362208234,-1.2056461882710696,3.743591606119172,-0.6830141147407545,1,normal
2.606953096488147,669.7809173702727,1203.511511240753,0,3,1803.4962316016056,561.5368948782026,1.5227380525378342,1,0,5,-3.635879024955051,3.409307939241736,-1.4746231792223858,0.0868588265337422,0.21287422441184,0,normal
1.8319813112276904,1039.5288983865742,21.315465707555667,0,3,2100.0404926599763,852.6229046006986,-3.3310066766366875,0,0,1,-0.461766473236198,1.5827059272968207,0.9021289926460664,0.8382186216000018,1.266536051927072,0,dos
2.3531477386015127,154.35100668468814,811.9793780959722,3,3,1216.9600945954023,1317.5198516585144,0.8985350784713686,0,0,3,-1.0986015657517263,0.189117176325481,-3.980049668930605,1.0780155677014134,-0.6609743143901389,1,normal
6.297930404204059,1307.5707584672489,68.41481882049938,6,6,1746.8003440424354,2304.630251958727,3.2456774940931847,0,1,6,2.926343580461273,2.2401736147987665,2.9794754403157957,-0.9540119205272856,2.037154726585236,0,normal
1.275569621117326,103.68055075381122,184.20572709773108,0,6,274.23469565493224,767.9836013816106,-2.7062658638206463,2,0,5,-1.513405983116968,3.3936346617755038,0.0357734875971633,-0.2072548827947735,0.093068304532574,1,normal
4.222606251839973,1336.49538833097,91.77340616883777,3,0,1613.1173169097667,942.9057907236552,-3.05570486884693,1,2,2,-0.8130236907666579,1.682502625406718,1.053578218744939,-0.3371188249713621,0.2504645483298757,1,injection
3.079386247613761,585.4239707494252,225.01091076181672,9,6,1889.3566048632665,2030.6542671494792,0.9703044783693436,1,0,3,0.66688106112248,1.479575000149812,0.3722255007521063,-5.535676207764489,0.7438560115741724,1,normal
2.949831364592752,430.93890773501664,349.3588500622548,3,0,727.2440289804038,96.43186363688632,1.2311402497538464,0,0,1,-0.9491527145296266,-2.3861561751154747,-2.509715546624328,-0.7173392387037909,-0.8171373761223102,0,dos
3.604509636493314,1431.0376993653415,1072.9065872952874,3,3,1265.896441229209,443.6995294421843,2.024312280430332,3,1,3,-1.5298159811541356,0.9988870231526146,2.4698443180224183,0.6704042846364542,0.2204730528284271,0,ddos
3.034444688753913,1146.2617121849964,391.4830316870042,0,0,755.4877131942246,847.504930523133,0.6103355906149353,1,1,0,-0.5757394115293935,2.105547884968454,0.0640097424604531,1.9121739281690784,0.8671394601946687,1,normal
5.1748964314139165,349.953251722204,501.1957139510968,9,6,1115.5251636005362,2042.419912628472,-2.480543502716146,0,1,1,0.311213147338511,3.6743146434333154,0.5748491009171178,2.371512728318919,0.3574003591684758,1,normal
2.337933939406006,545.8437164965878,249.3761777905168,3,0,1998.0511737773888,627.8407848347402,0.5868230805053041,0,1,1,-2.271502400852593,0.1003724221855266,-2.014817929313516,1.6050801489862143,-0.6511699707481371,1,normal
3.862845833307583,1584.4172223897424,580.1580344481038,9,6,1696.2025478908697,643.5716282409197,-0.3848945783107496,0,0,1,-1.2627425978862583,-0.4321457383340383,-0.5391416966972407,4.199368261180238,0.4498945967690255,1,normal
0.3103454384012515,308.3074761532608,43.74283615745187,0,0,1589.856988197717,336.92368319104264,-0.0324884189312431,0,1,3,2.388396947126342,2.4388069436890136,1.2174693243616193,0.9462887331070462,1.4076339242318243,1,normal
5.982747575750707,152.2775128642078,262.1294086458525,9,3,1081.4053154356036,1756.611908984018,-1.0347596778738002,0,0,6,1.147952360415491,2.67124653298038,2.3393542459662173,3.620190475843757,1.6956902771755935,1,normal
6.661096420821285,389.9445473228806,458.9500702285426,9,12,2478.357373617505,1940.7479118850451,-5.145364755918508,2,0,3,-1.216286769039758,-0.7189178359803419,1.8598009626879648,-0.2519859361275576,-0.9371318656808674,0,scanning
5.715473002456188,88.0551782104958,340.43455064719075,0,6,86.26137059954104,16.746273657106904,0.1849417525661474,0,1,2,-2.620858711896696,1.013679731798599,-0.7841405466727067,0.6208501888706028,-1.367392736675268,1,normal
4.64047562027665,334.02442516534137,139.2269836009742,3,0,1176.8584129238732,186.01787409142133,0.8591252084992181,3,0,1,2.671350143477233,-1.9280589924790097,-3.750404390469482,-0.9983367124757904,0.6977563239532086,1,normal
13.368715316107592,673.6574653298144,1117.2243112740755,0,6,1239.1382854822525,795.8887948178863,0.2585734644552012,0,1,1,-0.4928307540520035,1.7171532215443177,2.6558032032124164,1.4933899854176778,0.636810074350536,0,password
5.550083696015783,1202.3715079919791,367.95544473885707,3,0,1833.7377969666252,645.2462268427383,0.5917385629745896,1,1,1,1.5753961176267408,0.0146996170315791,0.619716957138408,-0.0068285323898502,-0.6553987061232088,0,normal
4.516360030954171,1646.2320899741094,136.02484901544864,0,3,526.8223808288167,808.791362325233,1.2922135845304858,0,2,2,1.3866448219764704,0.8574411667535813,-0.0757172730840889,-0.3451131015259006,0.570550349452941,1,normal
5.325811141879477,234.1906459695623,187.77383287340496,0,0,1731.5754011694871,1040.124057589264,-1.158568356368786,3,1,2,1.618905391375186,1.01584499332054,2.6115317696766,-2.8398615284017543,0.0746071718460193,1,normal
0.9711122918943876,520.0872807415158,365.9004580513604,0,6,622.179813060736,961.0606993040676,-0.0745772528722565,0,2,0,-1.3706450985498098,-0.9428131715609018,0.0381983261508194,-0.554096217050381,-1.1375278402926252,0,normal
4.508871482262463,794.4098392459116,360.3793414587093,12,3,1206.521857793873,789.8718960182291,2.2758043297498203,2,0,6,4.854155710001099,3.730577900130273,-3.4305743752602487,0.2444945191487749,-0.8939002101962411,1,normal
0.8775786101357488,1840.999878691858,488.8418833561674,0,3,4494.150366439436,2629.3994911343007,-1.080704345145928,1,1,1,1.624857806210841,2.856122778433387,-1.8936873641266416,3.909099815964666,-0.896767539489678,1,normal
1.0931094894020434,1167.4428021715323,685.5015949732605,6,3,2808.9505929232373,599.2338015371595,2.015356844784248,0,0,3,2.4609073058481314,4.62812037971322,0.3361764441788211,-0.5095257521707985,0.8500664732718589,1,normal
0.7328906595562613,2243.372006459651,142.06870029315644,3,3,4217.062405046667,308.87549925783577,-2.275103591888074,2,1,4,5.847469053204417,-5.649131675472418,-2.109629946338812,-1.5915582040086431,-0.0612636698522412,0,password
2.421456588718168,1870.7517963540663,376.5273500523554,3,3,1328.6700043221406,2200.260100165702,1.0260223024897732,1,0,4,0.7716631803146738,3.241760171197816,-0.6238009845971408,4.5681602743250265,-0.3214363356197647,1,normal
1.6463058864064113,1174.59948550596,81.624691620278,6,3,1107.6987737357358,1530.2248670672284,2.300806589978855,1,0,2,-3.1776077225495074,2.99471326333146,0.2132569377438429,4.319687785285035,-0.2007645532536428,1,normal
5.778400248819211,49.75549742992202,579.1526701179827,0,9,724.0533046873255,1229.3721260696882,-0.3327459782959566,0,0,2,0.050543922670176,1.9718338421628776,-0.3779182919457851,-0.7589701756739592,-0.9840946871805404,1,dos
6.035703973975373,1059.321368514869,492.2283811264325,0,0,2165.930133329338,1305.36297644648,-0.5860176656135172,4,0,1,-0.804089583143299,7.481101803455918,-3.090314829572346,-1.9675847646658329,-0.3907962263597455,1,normal
3.0158103882360217,1359.845631437345,746.0676919853993,0,6,278.5549661256286,630.2619703877294,-3.4847952093346555,0,0,0,-2.5230331859597404,-0.4977521742041368,4.533286751472331,0.4262948088527798,-0.1652836439879523,1,normal
3.280433945728492,948.5854878155124,100.25987802016428,6,3,54.34869261645024,694.4987340079116,2.9638736572065127,1,0,0,-2.435168491892932,-2.175772908972208,1.1410861193768482,2.388102207010351,1.2358169702572654,0,xss
1.8626376788482508,1686.894204603111,608.7705520238926,0,9,2570.337404173823,456.0487889100857,4.800180552860059,1,0,1,-5.637035117492071,-2.252023844593868,-2.406079022420598,4.558497108146503,0.9542112711208104,1,scanning
6.170681356605318,831.8844211901735,121.7771870135686,6,0,3349.5867614762565,844.7099520045423,-2.375823066838664,2,0,1,-3.326813594802224,-0.4124934753606843,-1.884157866329561,0.3890475341923773,0.658756959734506,1,normal
1.5876313693158728,246.6714223910313,400.3692473454677,0,3,1082.0831914517391,361.7235035105752,0.901982548374165,0,0,0,-4.1810660507205215,-2.758123067578312,0.1832910178490372,2.4970721312060227,0.2391068922594668,0,backdoor
0.0768104227353821,1057.2017634993756,444.1269227333842,3,3,370.4929364017842,1481.7691824626866,0.398757028794847,1,2,4,0.2300036233870406,-0.6968496630507304,0.5887450591305381,-3.3178989141537896,-1.5406605926759325,1,normal
4.100169268396575,199.00581772080872,105.27626600972616,9,0,1444.88781543158,1170.91331578527,0.4772296564628661,0,1,2,1.0736689072054773,3.3789344883786185,3.9935369791346655,2.359640110924367,-1.7355267966178471,1,normal
9.046541155539934,805.2968659217718,929.5810448149502,0,0,817.0510555962446,1081.3944826894851,-0.6679856890900762,1,1,2,0.9777388981724028,0.2618443345172256,1.6058178788133866,2.202514375223862,-0.5029269692128812,1,normal
5.095676605879513,504.25169477677457,13.521417747177685,0,6,831.7864249354578,1355.6046499682705,-2.357580224895547,3,2,7,0.8272008171227563,3.406796820360836,-1.0870804276789363,1.838080359652107,-0.984173350261062,1,normal
0.624720028882707,876.9763203327514,1197.7437603214544,0,3,21.257319336158307,496.3935618415587,-0.1467789058350768,2,0,0,-4.093531142113491,4.001139548570078,-1.8184625915696029,-2.0789276544540245,-1.15167018356533,1,normal
10.93882021003775,612.875587482704,846.7426340235734,6,3,3171.1042167631126,557.197707486784,1.9044489402220617,1,0,4,-1.187482836297134,4.949722151064644,-1.5092135309057026,-1.8605932634444116,-0.1159543539838351,1,normal
7.195852141631379,343.03905018713994,423.5873946327781,3,3,1963.35128800228,1380.1038430754384,-4.259089427491857,5,0,6,-1.2644309060666703,2.812153810964718,-2.487870440932972,-0.748887253255881,0.8346789075984313,1,normal
1.9505317554222148,1520.6730688544726,337.6660419225988,6,3,2290.5348073704163,1611.462850876585,-2.9578226495812405,1,0,4,-2.823275947876447,2.721589046089016,-2.692875343347874,0.7295086465456735,-0.6660665285027626,0,normal
3.944875908944136,95.52316974245689,477.351585858224,12,6,2140.8264468730968,1278.571529768249,2.630126972389056,3,1,0,-0.1022862174894465,1.0949336614739638,-0.6740889639612038,0.4950040040613417,-0.6995979197236013,0,injection
2.672892183368728,988.368590635385,775.7860658452009,6,15,1192.1588461850356,1260.1203265030915,2.0518219688074844,3,1,3,1.2246580979378014,0.9083815838282492,-0.7752532833173822,1.3960757474239207,-0.8988757691202035,0,normal
2.185637540270345,647.0521177604141,181.1472564073799,3,0,1373.0379826716687,1636.6071160400352,-0.1019952671821089,1,2,2,-2.10625062234462,3.570687478630795,-1.6551965374169546,2.64946554054998,-0.037456101416949,1,normal
11.824134112280149,1547.2223607796343,263.0759924965606,0,0,1814.3705421699688,829.3972710530625,0.73417915253434,0,0,1,1.4684025931603677,0.3020485545815677,0.5117661956611618,0.5307590570480447,-1.9576817075680677,1,normal
2.769341530305637,150.9566581261398,576.5552456278052,0,15,912.3611288847133,371.56146750884005,1.052981353683362,1,0,6,-0.2242635457244426,-1.4860046044863864,3.291056409580447,-2.274998859940074,-0.2558548908576519,0,xss
1.1053193693537728,1464.9024318996887,537.6967741961093,3,6,2374.615239027339,1786.5101994367556,0.8084239372507893,0,0,1,1.291287554840219,0.5196956276553995,0.9551544643843288,-0.1773219051854688,-1.2717864825355407,1,normal
0.177822391631563,179.46738070324585,504.7430703776923,0,3,1503.1005349767297,118.6859673476928,1.6248626619574669,0,2,0,2.8680529425837653,-0.2632811370472805,0.1804016852929075,-0.2459552659411258,1.8044251657017427,0,dos
1.454513633939327,337.99563122645657,231.48279136091583,6,3,1682.6189852686728,859.132531303455,-0.6658960333213024,0,1,1,-1.633698902097831,1.3007634823742955,1.4936079219308374,-1.1730319446273327,1.847263723528668,1,normal
3.0697555698856043,50.97682280230942,212.89933924559477,0,0,1078.1435089582833,1735.8685373756934,-1.6485014663271538,2,1,4,-1.4894072682835335,2.579536425320007,-2.3037201225270367,0.7027100232217869,-0.3171578489419793,1,normal
1.966998289083624,475.0303012733012,174.0598897100755,0,6,1026.9712960687343,1085.7128017533632,-2.367501587697792,0,1,1,-1.5349593640194,1.3128177903406666,1.8403845668944372,0.1656838051336391,1.0084196429930017,0,injection
3.5694611702343844,836.1640097741305,225.200522811304,0,6,1373.2265447890993,1392.495420286331,-2.737148231315989,0,2,0,-0.2663445752693327,4.000876031649281,0.1338408239914956,-1.3561951224871511,-0.0914898515418693,1,dos
4.23871627227477,582.9085335691332,146.41694122581336,3,12,1333.701658520011,378.6227257719937,1.6308551691062745,2,1,3,-0.2895170672486582,-0.2418993504921655,-2.502104258910744,0.9209584418898572,-1.1606307883307825,0,xss
7.308418561541429,243.091577065678,90.1356189869122,6,12,1282.4383420055915,842.9404445482792,0.9391505824532118,1,0,4,-5.857781050647057,3.0916256213160573,-2.438638578821178,-0.461622714966694,-1.568170331220158,1,normal
2.8808794730422176,532.4710705862296,181.45604134366383,0,6,1184.8349048808686,1474.393667736892,-1.0775565008342514,1,2,1,-1.552619247437547,2.54668685263493,1.9300605322600088,-3.140822526755525,0.1409016431562129,0,normal
2.4865343150159096,1694.4568362431412,156.9020929739372,9,18,1753.1508670296887,127.31388859763038,4.849261891756977,2,1,1,-0.5800916809938589,3.2598040807771023,-1.7705947094780148,1.0251956195121608,-0.1700106350426,1,xss
4.638844087934986,2602.59608884133,425.9998315883045,0,0,3886.364039994107,3338.532288149568,-1.886497106557118,0,1,2,-1.4716983947999764,3.446383753835282,-2.726204692723344,3.125953807118236,0.1535547648104674,1,normal
7.341347869290422,254.230987142238,32.67138558187731,9,12,833.6969425717111,594.5417603565588,1.878215830405619,3,0,2,-1.0403034348263256,0.6111055836740219,-0.0354055866571347,1.4536989535946192,0.3157266661493304,1,normal
4.822578566901199,311.5570170013549,672.2401675932191,3,6,1663.4119268614063,556.929192693645,-0.0266183061921971,2,0,1,-0.7010000617797989,1.897079243931508,3.2591328186322785,1.1010716759281294,0.5654231815156827,0,normal
1.5865285425395237,69.76684495142871,199.503693087435,3,6,67.60750491171754,576.7668348732274,-3.70155435801529,4,1,7,-1.1432532539576497,2.386928685400409,-0.7508015796666908,-0.9376468949520184,-0.4437700840252683,1,normal
4.439744827759028,392.3821803551849,93.04943658302956,0,3,1634.7272161060473,205.2385428931057,-1.720302293716882,0,2,2,0.1780297253196197,-1.1289527941627038,3.8270945398123217,2.0139361621271017,-2.051603140442038,0,normal
4.640213586002141,1363.305420227017,286.9773328281396,3,0,967.0951405446532,521.3799611064078,-0.2475781288425507,1,1,0,-1.773791326596209,-1.578122291989166,5.1624846792463455,0.6284667211286291,0.3685327555507123,1,normal
9.021345774092016,1121.1963991585008,756.6939952709367,3,9,2144.038872930303,687.4474699341628,-3.584895759361083,0,0,6,1.0925749577937782,2.907084542073592,3.5484942575342364,-2.4383811287333934,-1.93236552196649,1,dos
5.797807923166449,607.1472274486672,756.8081910695452,0,3,1392.8025803333685,613.4183943432067,2.378381270722832,0,2,1,-0.1472357693589725,1.8557812767673243,2.543606894397464,1.5984930731411011,-0.2119015495205156,1,ddos
0.6313124418283456,199.883476621021,339.0583028974803,6,12,826.4340648363748,1331.2911746417642,1.359904262271206,3,0,0,0.3212580332862282,0.8111486543526566,3.5848847106064605,2.1003636382597617,0.2062302695199029,1,normal
7.853552008498859,291.8754922347521,915.1201245885584,3,3,948.7769370413292,1043.7994941835325,-1.9011943177140955,1,0,0,-0.216485870046397,0.1185455748835266,3.1747218047113197,-1.2501910627174049,-1.3025811969980787,1,normal
2.7415770683929983,164.336840801501,276.5686629168416,0,9,1716.2441671227953,224.3316085298604,2.813789543280992,0,2,2,-0.7218137352568281,1.0550895977696493,0.4170737417393233,-0.4766766106534563,0.7605402669925254,0,dos
7.04332954378884,1004.2709784092524,330.723634186984,0,3,723.9671396021746,194.83229491080024,-0.1233820263658893,0,0,2,1.3106730410371747,-0.1664011957477447,-0.4820106089713534,1.0212431603601262,1.5293151767704307,0,normal
0.9957867116261668,175.03829768733058,756.2794831426172,0,0,567.5000237164841,1918.1248006657504,-2.7847545064522627,3,0,7,-0.921440227262343,5.749245770466015,-0.9726103172796629,-0.4179364371255585,-0.1117367424763268,0,normal
0.809803764264712,46.17181018516536,449.1180922615767,0,6,661.4788983911467,483.5749277022593,-3.0505588191315383,3,1,5,-1.065618491111796,1.0684128791078042,-1.8342672102971311,-1.2283391590112502,0.2792743127921908,0,normal
4.712186729114119,538.7439550918796,223.57911684363157,3,9,799.0100116585546,733.2763584860145,1.8022151730126093,1,2,1,0.8739758179371672,1.1090302841253008,1.140610516371262,2.3237847903206514,0.1466164489164933,1,normal
14.58648214079197,1678.553006381117,269.98554158109107,0,6,2639.483575345026,956.0634704316078,2.757473110196255,0,0,4,2.6809415132328667,2.5745710194916,-1.0164858396830507,0.5381286698796348,2.210448933772557,1,normal
1.293200026260746,85.85891759292208,1157.038768368929,0,0,2242.964153721422,863.5615234796301,-2.248562331708296,2,2,1,-1.1721498059089306,0.3772458228880202,-2.612051457440564,-0.9676280991439904,-0.288446502012634,1,normal
2.984686243797664,92.98311019544292,389.7747959755987,0,0,3814.302953019925,1628.6071220527565,-4.149316928643834,3,1,1,-0.0135229939775591,0.481294683735274,-3.4360747268285907,-0.909685122660182,0.1907085869662202,1,normal
4.488064670986532,412.985395775141,690.4378046751907,0,0,718.5078578192031,1854.477478588011,4.074790595054849,4,1,3,3.4359288166309696,2.3577162449089384,-3.3430873950851066,-2.736847295401989,0.803674470911033,1,normal
8.683216798161466,233.19876786479887,910.7346262381888,0,12,75.69705408643071,102.25089383460904,1.1197604634994016,0,1,3,1.7736351408367943,-1.6895693622013248,2.0152160590342194,5.711991197833436,0.1243433320404603,1,normal
8.346051442944864,978.8410072664938,627.6368950541613,6,0,465.3396151304152,935.6229003202164,-0.4762813872428943,3,2,0,2.1006038335998216,-2.6515547409419145,-0.1287438202895368,-1.9064121889533492,-2.376415713483679,1,backdoor
5.924765037119849,510.52618314589495,393.0388118097051,6,3,1143.3450924134042,323.5949776260529,-1.459811461423085,0,0,0,-1.789716626457619,0.5104801835841724,2.964427515829647,-2.447499996078747,0.2860279802294166,0,injection
6.204825461749756,1429.2927551839734,319.52281655475736,0,6,1304.3546992190586,158.28075905730194,0.7214237499602636,2,1,0,-1.4396590415612274,-3.908299496239982,2.0109610400325413,3.2536400118035846,0.9010881867721786,1,ddos
6.413222363813013,96.99922153375384,245.00727318641592,0,6,248.41803227565444,710.1239828119163,1.489069870644695,0,2,0,-3.1567104876754124,0.0402327146764738,-0.8089417709442464,-0.3047202146036601,0.319806521007006,1,normal
1.182616502346158,844.7121196102053,344.41933529368094,9,6,176.58890979931323,586.5958490553669,-1.621496669323404,1,0,4,-1.89302822804068,3.206922121017084,-0.3816370816034706,1.5342942105058084,0.0962652066455801,1,normal
0.6013786746231816,333.94636523693976,167.09413322273073,3,3,1403.6547515951925,787.9713857649123,-1.3336360455969314,1,1,2,-0.9523689178985874,1.5196965194402965,-1.3716079021972594,1.4342255132621946,-0.5287032414518884,0,normal
0.2754976204832849,322.0376976007069,526.9159957735739,0,12,147.81373395184474,399.9502373876937,-3.275761723851055,3,0,0,3.971955412854306,-0.1547353632077139,-0.3506533761661546,1.498909039408707,0.7330951866026635,1,normal
0.0761139398156157,1314.206401408201,643.0460240381616,6,0,1184.240201280445,165.13998462467225,-4.04113453384847,0,0,0,-0.8960641731589319,0.0076008825108573,2.242627909145324,0.5919787440447484,0.6275993592927963,1,normal
2.01280974242818,58.01957616202469,1003.0471751382536,0,0,2294.3466629618347,595.9225820995593,-1.0297988319450762,3,0,3,2.0857317876956456,2.8602896447684296,2.1854910903149847,-2.993535958379778,-1.9584803676258464,0,normal
2.636958522639492,1104.3829943921455,125.61041062252788,0,6,2580.1677900660484,1497.1491618645366,2.2405911539085,1,0,1,-0.4087367826135881,1.1823192955091413,1.3218638260881008,-0.2179789868203527,0.4416367320461329,1,normal
1.2035226335609504,1088.0893740756414,65.5926057582347,3,0,674.4168086720414,1225.7897821834829,0.3662890796803744,1,0,0,-2.9792968121954826,3.191033367593284,-0.7455390502594259,1.8209561801361345,-0.6760107851600152,1,normal
3.523976475206113,926.9585449080084,265.11201257496487,3,3,3599.466994123055,155.3531999053881,-5.499169673477153,3,1,1,-1.4592631533651612,-0.0778271449795762,-2.39129625810346,-2.508589460997332,0.7186941948576926,1,normal
3.3262783245948064,428.33271599663726,395.1517506458397,9,9,689.2471518722664,879.7076648611762,2.7534954656007447,2,0,5,-0.9034085209669422,0.755829956957953,-2.867370781357107,0.9405207702241868,0.7112145376055794,0,scanning
2.7761434552992266,299.28412989115515,466.15748278854727,0,0,899.763400427158,1104.151125550111,-2.1715933674360266,3,0,7,-0.5121516869091931,3.7217718472756074,-0.910043933476494,-0.3774455368863176,0.3462889212175363,0,normal
3.189367482582502,1381.4932825755627,605.1459583739911,0,3,481.9379608050296,68.91300578150587,1.6631612196029593,0,0,1,-2.443165061749416,-2.247853401296392,1.3896425944256672,1.652663620150588,-0.6504539449239524,0,backdoor
2.1352275891694585,1002.4378072421704,830.4237569483432,0,6,2281.380849978651,1165.155789519796,-4.092502451780024,0,2,1,-0.2944195194796541,2.323609936110016,1.1052583329792065,-1.1054034871729828,0.551414707194586,0,ddos
2.5339915491801346,859.0532073385999,733.1346707091672,3,3,691.9742598770629,95.3215859756108,-0.7990516050805645,0,0,2,-0.2884478716280358,0.730043929029799,0.7773160699870233,0.8244791267612739,-0.1680513924517021,1,normal
6.049548824875154,2338.088989592491,297.40997240990134,3,3,2510.7564174282998,2543.305708356492,6.661122708005271,3,0,3,4.909618502557877,4.315954861284451,-4.57619153273144,-4.7475183757958295,0.6090731818142797,1,normal
10.668734691208872,182.0650371116652,648.2995278019384,0,3,2152.155197331814,1018.259955356524,-0.4607366291068229,1,0,4,-0.9572062617079516,-2.797784191684905,2.0302864000985754,1.279374897157683,0.1019211833413807,0,password
2.746338661870902,1269.15231331048,874.4390495672703,6,6,639.9874579995279,24.926789144729188,0.8215177079351654,0,2,1,-0.6714563130266109,0.5946447794191936,-0.2952569484636808,-1.8188526346535672,1.2603369727468714,1,ddos
2.2304858591543137,1111.310209978735,326.2451001000248,3,0,773.7661708156297,63.05106951832708,0.2978760346806375,2,0,0,0.6874111669643534,0.4383963246996635,-0.4087712935152463,-0.1203940165806762,0.6672367608380673,0,normal
6.441773572446541,1469.0003364870242,716.4322566869893,9,6,969.9507363862942,1283.8794702765017,-3.195608612079188,2,0,6,-1.641558537872539,0.1673001435459138,-0.058054912449567,0.854103742257998,-1.913323041555241,0,normal
2.6471513184533086,1132.7423268215398,34.332111038992416,0,3,264.56592824940043,136.0108317055858,0.9050855672295984,0,1,1,1.6137069900234018,-1.2774422113663588,-0.246635163971281,-0.4709176323688536,0.3746037646138229,0,xss
2.52663053203243,355.6783912793041,247.56278615708223,6,3,446.35715806503066,1622.3101595694352,-0.945327906449253,0,2,3,-3.62895399711364,-0.9388378011551148,5.358012431510852,1.8882532274812975,1.3674980335549327,1,normal
4.801464059192963,445.2177553859895,120.39673190659988,0,6,107.16635310134193,381.6436479966908,-0.777017038000372,0,2,3,-4.0959602271331335,-2.2260525067761474,2.184886299721323,-0.4546751154440003,-0.6344902599997858,0,dos
0.0884826109108348,1976.044376944276,608.0421429149362,0,9,2791.8244680738867,769.8392359886357,2.9820449786376413,0,1,1,2.254744606291996,3.643145727651001,0.6014594297505966,-1.6415515251231665,-1.135230446340793,1,normal
0.7884329561452306,125.02402944588464,674.8806738568267,12,6,166.8532364222336,485.4599225320245,-2.3852925888856142,3,0,2,-0.980819311916513,0.1991894787380903,0.4588858336924846,1.2034466734701132,1.2060690981392874,1,normal
5.229153403546253,601.333434432644,157.08499934726348,0,6,786.0055746126224,2104.9160582759973,-0.8855928763143961,2,0,0,0.1987553253385654,0.1699599941502316,2.490182992983628,-3.2504599164956325,0.4049261103183311,1,normal
1.5629850155040603,648.1804680246375,239.17660939994104,0,15,3608.477552461868,1568.1970768847248,1.1956231989787711,0,0,6,-5.203054400985504,4.569253420191986,1.3586411667720593,-1.402296517646605,-0.0830564138046103,1,normal
5.727621187140247,1370.9736090291403,439.0575087464583,6,3,158.7558245459955,956.13678561371,-3.775744593701331,4,1,3,-1.1889416797599472,-0.2932017324116625,-1.1891894779016663,-3.206735633046412,-0.2786162827234924,1,normal
7.145065258447855,817.4175440403664,290.94006558418914,0,3,1403.0692878990235,1636.9418990025413,-0.6713391320524087,2,0,0,-1.812394417160468,-1.2170845499690892,1.730050509348982,2.12981001682154,-0.0076947405049598,0,dos
2.860806029848144,1731.9386359668058,429.5622152498382,6,0,1306.153001025251,475.9495725150122,-2.6081040858654814,0,0,3,-0.3470020433188904,-1.749865385316592,3.148691999509624,-0.3241965079331376,0.6971514500727651,0,normal
1.3113791735885014,72.47090275443813,906.4437699233332,9,3,1005.817192053117,1247.4684954916538,0.6016994649891856,0,1,1,3.797387125744155,0.7701239408419598,-0.1830602685729383,2.132520653073989,-0.0308127193627843,1,normal
4.689853648646853,1539.004773711965,604.7858027150364,3,3,1290.4882238538487,1476.2481878538815,-1.3668712238520389,0,0,3,-1.5952127002700995,2.505410147323346,-0.6706053826817052,2.559011177820765,-1.8054178817586808,0,normal
2.273207570916464,704.9770408893303,769.1638871942787,3,3,738.7374830797745,630.8195180849839,1.1740987858664735,1,1,1,2.384370948505372,3.887715194909729,-1.4891226588845232,-1.5178494142658556,-0.4196435324564923,1,normal
1.8103978959288285,2317.162341070374,277.58076561760043,3,0,422.0701881074854,2411.9122524605204,3.996078381869286,3,0,3,-4.108766618893402,0.3172431707219671,1.1255158716115667,5.226978328684568,0.605760027252621,0,backdoor
11.224906301169655,1267.90868999394,59.10012559204305,0,12,338.2344619004748,961.954469855674,0.9714388268597636,0,1,1,0.3875642162728263,-0.4570619747608191,-0.8826681535698071,-1.8676495332574663,-0.6380315377072425,0,backdoor
1.338637241258866,800.5819481556017,369.0549620791375,6,0,461.1754645586064,843.9629608248289,-3.177783792659856,2,2,3,-3.3385315389578905,7.313460304635968,1.4080352300275047,-1.6209903268103971,-0.6342043822353474,1,normal
1.9339717795624365,2559.047607888937,960.5105258090116,12,0,1826.906359531297,1487.0427334395972,-4.067584550395217,1,0,6,-1.3645679637038235,-3.16034475316434,4.697214379200536,-0.5270053348757814,-1.0296622521875598,1,normal
1.3031285685793472,1492.1856560288606,564.9408157460912,0,0,1526.6078143834118,159.69303016396557,0.0987242652372273,1,0,0,2.836882844753561,-2.9440794395187613,-1.4252028197049067,0.7379136231853143,-0.8876128039142185,1,ddos
3.1836996901891963,1132.300230915923,348.070306605391,0,0,2131.126861624732,472.2084412198108,-1.1119052015007294,1,0,0,-1.5339199544588418,-2.576616232216649,-0.3640260912039537,2.661584304344714,-0.8267262566570212,1,normal
2.458434194471031,617.9715398673519,713.1025574902801,9,6,998.924970920689,2154.0699917504176,-2.302644017891068,2,0,0,-1.8915125486493105,-2.581108505704603,1.4281634449163263,-1.8195739199237428,-0.6836539482182522,1,normal
1.9512646696705067,1724.2328553943062,221.91830335099135,6,3,1307.0711168285254,973.982561427168,-1.7234150319229693,0,0,2,-2.9030404869997146,0.3350999939052567,2.589907322676382,-0.1635621129261992,0.0482247975794345,1,normal
5.982988774097134,310.14234441653696,889.0316665820532,6,9,104.23470340728602,971.4673484085456,0.6420048579654352,4,1,0,-2.9339853268309417,-0.2428710327283119,0.1279936854111398,-3.50263650323616,-0.9627744307759012,0,ddos
3.782287610177434,273.13092093048306,175.00859553652035,0,3,209.02028879640892,797.5685157578095,1.7042167092077969,0,0,3,1.2326787583203054,-1.7613147117265884,-1.2462446138073149,-2.003035531760496,1.1721278994926656,0,backdoor
0.1173540797270147,1493.7239580738485,776.8142139778854,3,6,3016.853885210484,481.06310434768005,-2.0023441149813115,4,2,4,5.292965952462191,-5.508293748747175,-0.0956074803013398,-3.074576581312445,0.552229148457047,0,backdoor
3.1989263770706438,317.53944589044147,227.31856859705505,6,6,8.602724130684654,1212.0335184700318,-1.3885314402082214,2,1,7,1.2383004380436529,2.169906172703066,-0.4902026447511161,1.0527657512631892,-0.3875689960663503,1,normal
7.620818024450088,98.6073530298085,83.34810642273261,9,0,1601.2885137123285,593.2097162667816,0.2616004062590382,0,1,0,-0.0610935842495898,0.0653868526184808,4.09744278078441,-1.2793389593196125,0.9408369433601044,0,dos
2.4520395490087865,334.5030276776151,675.9020488997697,12,0,1013.163724179156,955.4021102830902,-0.214632106567179,3,2,2,2.32652057624179,-0.3252190400664544,-1.5617108154980297,-1.9809336529310808,0.1474165499824212,0,scanning
4.32921562905589,938.2542451380264,405.7234348689496,0,0,2670.800808998764,1985.4527799006607,5.593850837069464,0,1,3,4.405944868077491,4.0284569692227885,1.3820362549573035,-0.9950141541823044,0.0923194339417875,1,normal
1.7058542771641971,1105.5399794863088,655.6530452778522,0,3,2.639266311267765,1551.354744079786,-0.8795089638448819,0,0,2,-0.8596698231807689,-3.1605791485536505,3.175689590477414,-1.0241708421432425,0.4591309499983488,1,normal
3.415690164571359,2195.782444662202,243.09717736049487,0,3,3132.167474152976,1977.5118309635584,-0.8995480383351742,1,1,1,0.9707084117650292,1.4303049633015237,-1.713065012719444,3.988659925694112,0.359635026752918,1,normal
6.056478505084005,485.8311874475247,143.30453136697636,21,3,86.12513527345685,220.7342434527041,0.7461234704052622,1,0,0,-3.558201790101664,1.286735250324336,0.6271204748568207,4.648679687508873,-0.9576100204153336,1,normal
7.799040458474282,1841.8039766407803,724.1534858273817,6,0,2568.0722513700625,2257.171258305676,-2.235162552867012,1,1,3,-1.9403366292233493,3.701326281500381,-1.7395937867354043,2.5582057301825216,1.4048818480604062,1,normal
1.6096048734477844,432.4138832053063,476.0205757229924,0,3,2487.5378726904714,91.60465097199068,-1.6205111171954862,3,0,6,0.5558201366067108,3.3002065738758786,1.681466757060353,-1.8544994946473987,-0.6825646494885536,0,normal
2.213756835858984,423.2645710001568,20.983105354564845,3,6,1448.9246650152477,690.2770181639438,1.7854183692860703,2,1,1,1.2332125274881351,2.660809216816696,0.9468901015277784,0.6867982974959624,0.7043504216915843,1,normal
4.382700304865895,193.894974257296,118.32905626690918,6,6,201.2417159787784,1154.7797653955774,0.7428674883343822,2,0,0,-0.3234384963804,0.6998747280245136,-1.2362280587056789,-1.924754613643368,0.3522231897738438,1,backdoor
8.395479457200356,140.14860379364663,1067.8564452270712,6,0,1035.229238843315,271.8494310860026,2.1488161820406138,2,1,2,2.9099291314327624,4.096951824581405,-0.7886987176471225,0.4306880683638941,0.8390417972027573,1,normal
1.7889062302456271,303.691943601742,170.24004538168035,3,9,1852.2493753461092,2.518789425458875,-1.779931316576199,1,0,7,-2.761995748353685,5.479110952225454,-0.1645713153424197,-0.8901963524350853,0.6911292363379267,1,normal
8.813920760847115,2765.3533009078787,659.5295671243631,3,3,2215.646482794127,3675.03818634102,-2.302497205840129,0,0,1,0.0099974277158496,6.132752257089984,-2.3916895292269253,3.0448391223071667,1.27467854686326,1,normal
0.4596813509970912,388.6505945052987,38.74546297681713,3,6,453.7148933611687,26.278689273997664,-2.180367371889847,1,1,4,-1.9443113838982848,3.2774772328810053,0.8056480689897161,-0.4131462031364561,-0.7610969649812522,1,normal
2.5306590407264173,872.8635086552216,143.34689360815102,9,12,2586.797155977089,1293.6305213415033,1.2246903190864635,1,0,4,0.7705229795297139,-1.8925794786376071,1.164486044405374,3.534105446031103,-0.6078433618811979,1,normal
2.040747856221512,1018.1898007890336,152.81736219762763,3,3,2362.0423775150093,957.6264360440111,-1.3338267217685846,0,0,3,-0.5345026478835126,0.8947183926782837,2.5486774348272974,-2.073053009866552,-0.4967496029973841,0,password
0.6123780815719149,297.11319424807215,45.63775955101185,0,9,1667.97281950813,1460.717128976541,-0.0101180456818199,2,0,3,0.0888988078566586,-5.307979537936888,1.0739336028305244,2.6186863787666343,-0.3170198429960371,0,normal
0.4852403492470604,309.1932542121141,251.31601658440903,0,0,715.432807682983,299.5426939748142,0.0897870582059205,0,1,1,1.5277122243463972,0.1440890408601156,4.014626742814499,2.6385313141018605,-0.0891285752773999,1,normal
2.719401880826244,1637.6997748002452,86.42997429637657,6,0,428.0460340747145,1354.611340172935,-0.6801801189378345,0,0,5,-1.596948899498816,-2.664780364959526,3.462747956191292,-0.3371613921370541,1.1674297332202948,1,normal
1.283649471187179,470.348329868289,299.38182251776306,9,15,512.2187761867884,157.70839089513004,-2.1773734215296425,2,0,0,2.2578710157687,-2.2055494281822323,0.6231184164216452,4.044306628885592,-0.386150007766718,0,normal
6.463509643933175,89.331080283646,102.34627043894366,3,3,374.2352715995792,462.2054965467542,-5.14965969500165,5,0,6,-1.0883940369322482,4.250836054504147,-0.2670324859876104,-2.2040052666114187,1.7491618943688598,1,normal
0.6199543649187857,1246.7400563586991,218.23059696706568,6,3,1920.377345646179,473.8117141245463,-1.0460921930469969,0,0,0,-0.3621041011940966,-0.6129748949857043,0.1612184506648681,3.119412649235964,-0.6391058938753486,1,normal
5.179783525076526,651.7866619613036,2.6528020880062435,9,3,1338.5828156328507,2054.7956603044267,1.29013860441857,2,2,5,-2.0302670891784302,1.604730089686541,-5.082556097080458,1.0524740660651108,0.0927208474306298,0,dos
1.2695519853455297,3.856981685676497,811.9494933943275,3,0,2275.240392214598,1087.509966722518,-2.770132597569325,3,0,2,-0.6410356269769505,-0.2544448100495926,-2.316126339766415,-1.1312689466075356,-0.4241710005033413,0,normal
0.5696137832263405,752.6798014646415,618.776994342821,0,6,2380.582626874361,1235.7585620454768,2.486591496300329,1,1,4,3.30294917714723,0.0870224762551654,2.240405034160994,-1.6639154702958907,-0.1216294512525756,0,ddos
0.1602895966382225,477.7722943959226,141.5349361792464,3,0,223.84041319578492,1156.85827660285,4.3475297078343775,2,1,2,-1.233468680263471,0.6879413678146418,-0.7759004310296436,3.197965823316037,1.1729836614484552,0,scanning
1.3746373598113864,2461.128718360248,385.3405620856996,6,3,6229.345775940495,3422.790383195374,-0.3446130021903633,2,2,2,0.276584803079511,2.0590073330751903,-4.010438479752081,4.276771733832881,0.9321369543037228,1,normal
2.836885804413498,177.62770421900865,138.81840631402832,6,0,1594.554384655789,657.7632412580153,-0.3591322625703771,2,0,0,0.0125105915250134,-1.356874665486701,1.664868176023793,-3.667403759641824,0.5381004537400295,1,xss
1.3813228564283144,75.59773516177914,524.2558938992852,0,3,317.7432581528017,385.6983965809924,-1.3602324077992658,3,1,2,1.9463158047731508,0.6799647008303774,-1.1851518666743133,-2.487136565594075,-0.3079635878966316,0,normal
2.6139963858557493,1143.017846832293,41.71247259264601,3,3,2764.573585421514,1141.8002283036133,1.175980004386427,2,0,0,-0.414014952134522,-0.4629391177632624,-3.774173420768337,2.151834575706422,1.1228770511758892,0,normal
7.419895547738099,111.69124278847691,749.8685395731837,0,6,871.6889603076977,464.6043171269274,-2.442550099999876,2,0,4,2.240360779269137,-0.7240066681149042,-0.3285370484054246,1.9231583248898367,1.0556524329703556,0,normal
2.113889116055645,532.3099999158998,204.05090240123235,3,0,332.4794012648072,395.6721480571508,-3.904437380733074,2,0,0,-2.2374363230221466,1.1856830892718322,4.94794994599766,0.5362970850599149,-1.1933939940496785,0,xss
2.8719046179684744,375.5448021114505,1177.8816106460029,12,6,1118.4580888477078,1530.427057685534,-0.5006864500695158,2,2,7,1.4143270056307813,2.210679009216354,-0.5376975261916792,2.124685447104915,-0.2638449976248654,0,normal
2.3097223720804942,305.28847391542183,794.0068524707807,6,3,4226.761807195727,889.2883412327112,3.8311682147722097,0,0,2,-1.3690680634751946,3.7724658856322586,4.415506160064398,0.271011103499732,-0.0746694624198673,1,normal
3.2188185586570373,870.7136717720647,660.6789878938638,0,9,1652.380115862785,1734.447724585183,-1.4434203212666985,5,1,4,0.1519948362922853,-0.8020955813788799,2.5972519735797697,-3.548845334916104,-1.8884848879711955,0,ddos
2.660147589604783,287.97591829113753,730.0870154214766,3,3,241.2868531456444,604.9055725189119,1.3185800067292477,0,2,0,-2.7311758020469634,-0.0291694751999382,-0.1870956224367477,-1.036474814184712,0.5610636020843438,1,normal
5.355581603906455,2440.527127206312,720.0427891587074,6,3,3207.985923381288,359.4384487705904,-0.3354855751269687,2,0,3,0.1967954901417088,-3.2790198162442623,-2.5843369798737745,-1.0638986493050857,0.2803939921683012,1,scanning
0.5577781711947439,1465.3568275025325,86.38039116581933,3,6,2057.723792500897,928.1545617673912,-0.367883370898149,0,0,2,-0.6776144338943729,-1.1083942809076832,-1.5444924590138895,3.7538676058163274,-0.6382366291101672,1,normal
0.103024654073081,1076.5369240472949,372.72521881008834,0,9,383.5700617193247,34.04968797093563,-2.1580989676746345,0,2,3,-2.300831423528307,2.667751947993503,2.193462545508293,-3.913505599604224,-1.1081704623761663,0,password
6.552776612164343,755.5597872638264,275.1170671114103,0,0,62.10490513838476,249.86963777763492,2.511910909798895,0,0,0,0.2527119668563948,1.110864759527573,-1.7795016639460652,-0.7912290600475187,0.7296445682439443,0,dos
4.984884058374563,674.7360890792698,47.63324426054582,3,3,320.8541358344264,411.0422733990785,-0.4861235691026389,2,1,1,0.1552345416103822,-1.2779805372025002,3.584428883099278,1.5275699235391458,1.3878133315133745,0,password
5.982988774097134,310.14234441653696,889.0316665820532,6,9,104.23470340728602,971.4673484085456,0.6420048579654352,4,1,0,-2.9339853268309417,-0.2428710327283119,0.1279936854111398,-3.50263650323616,-0.9627744307759012,0,ddos
2.607477727036498,312.2225143869808,478.8168554271921,6,3,824.4513870035772,1417.5738794533477,-0.6497168217298515,3,1,2,0.1143270521920569,-0.5717957285031213,1.9263715441889853,0.1730691939247466,-0.4292612242558672,0,injection
3.740270448325941,197.1550650933175,800.749786032052,0,3,531.1689048145328,1429.4014533054149,3.108436339141865,1,2,4,1.7984668264642922,-0.4732669846764605,1.4095950445111556,1.752609091572414,-2.301526143544644,0,normal
0.4870462746982626,344.51039162915754,251.7790786117312,3,9,1408.827800215132,506.19846996865743,0.0736823767805869,0,0,5,-3.364311095659078,3.6657541985647946,-1.3774659740630313,-0.6615022753125915,0.5934662707528717,1,normal
7.323570711971032,1750.5168375517387,224.67182675167177,6,0,976.488475523266,2150.961950657326,2.559756477650465,3,1,4,0.6722615474333595,1.030038352736398,0.6995878170286922,-1.2924661513753202,1.613326506571602,1,normal
1.279979440443262,1431.7290606606816,445.1603310410676,6,0,2859.2911763149928,727.4950789825764,1.0728273372056198,2,2,0,-0.6637707889343516,4.479298043823063,3.814032522523715,-1.1424043980702523,-0.4218664749262107,1,normal
4.221065242290908,1262.7789790085014,166.5869253894025,3,0,451.07470267100416,1207.5836979372343,-0.950844997752336,0,1,3,0.362918493116545,0.5961509523366932,1.4902415737878238,-0.9974688697115844,-0.6308273415348018,1,normal
2.35831523178506,1180.0255416520984,226.0719521437258,0,3,4488.254217362193,587.3242318442708,-0.7549736646597168,2,0,6,-0.3921183240250939,-2.2643933722248315,-1.5952801441499778,1.5710200548318174,0.3376845563603071,1,normal
0.4251046408417822,892.4633214118434,913.0569774995008,6,0,1759.0343398482726,664.3578030014239,1.996229853986264,1,0,5,3.594512909534772,5.319776785492058,-2.361361732909379,-0.2804715587315753,-0.5752623991797264,1,normal
5.108903633588062,417.9346648051998,224.53443576359135,0,3,1554.13610897451,448.4950521575648,-0.8320470882704487,0,0,3,-1.8356266588604573,-3.2138459200211447,1.6484632507338064,1.8079229692878744,-0.6454136816704986,0,xss
2.846383226493572,1662.484760713353,302.03816651090983,6,9,4561.697543198185,1488.6265890146342,-1.3041917574913222,2,0,0,4.667468177130824,-5.3762511926145535,-6.44337190431994,-1.908733419713836,-0.3829957339577899,1,backdoor
2.567575602762334,180.81118096033387,271.78263453750026,3,12,3952.581845736241,469.01253903557983,2.821319509740396,0,0,3,-1.696890101690575,2.162467772120622,4.266059339311234,-1.643099284891153,0.3120589950870736,1,ddos
4.179056616278841,974.5897054670362,296.2534842445611,6,3,396.8495032685069,1080.499529210724,-2.673047226343286,2,1,4,-1.6399478741345876,4.265133301995337,0.813610894247262,1.384463550276883,-0.8009443985826842,0,normal
2.73473411972506,1379.823559064558,289.5707920617498,6,6,1280.4022976886029,2865.443184827161,0.645366138487983,0,2,4,-3.050682172291096,0.5614017201094326,3.9638790057874624,-2.9634834733637305,-0.4931607376214653,1,normal
3.9778226307303775,1656.8157539679275,204.89847841170456,0,0,282.86036714167824,128.89136859153976,2.126359820562084,0,1,3,-3.154116105081936,1.5747242519359077,3.404798429179557,1.2311509019499272,-0.9010084404222028,1,ddos
6.7048394161886415,1847.8238943461624,598.0282397276725,3,0,1680.168586634209,113.76624626822888,-2.605372115927227,1,2,2,-4.236013976348356,0.9133392265482072,3.1971081694683514,1.1442538016693653,3.3258432983335293,1,normal
7.7306120137467635,503.97545736385206,708.7105360842742,0,3,1144.0057609798214,50.1970394038353,-1.559214995843059,1,0,3,-2.190968229021278,3.1853360714700334,1.9680986124153168,-0.6636871855320133,0.4242684820919697,1,normal
4.321907965373203,2535.4079369879114,304.7627683372565,0,6,2125.176374487008,1845.6701351295503,-2.536852741761492,1,1,1,-2.900929453622834,1.4903849330449053,2.20315758046622,-0.369893200499882,0.9790724310870738,0,password
8.528908548436775,1728.5154346624654,612.1876148250885,9,0,699.1940923154701,34.289151663191895,-2.994678054812089,1,2,0,-1.0453903736397954,2.4386760451358924,3.1923265450536724,-0.3418367736083841,0.7760963215930751,1,normal
7.267294747294627,78.60699787438341,598.2044034814086,3,0,992.0606471984308,1176.752496705192,1.2880616107641665,3,0,1,0.0218090893398577,3.617766425358656,-2.21580274943682,-4.21430507783557,0.0570820443614405,0,normal
9.197176978825851,5.148368801722536,406.3510149189772,0,3,839.2341047175,991.1499785569032,0.530506644181103,1,0,4,-1.509544633963639,3.77501627361209,0.0057081131411675,1.700575849986369,0.9138252765244412,1,normal
1.7966328443594717,438.93484194244127,517.7996448573965,0,3,2563.251296891101,408.25489374240993,-3.1560517267037054,1,0,2,0.3137881534353377,0.3703868310676833,-3.031683074127251,-1.5475907770585862,-1.0310054710084444,1,normal
3.195352050934237,2100.273409735064,261.60409953382043,0,3,1978.6503136375811,1982.188452426036,-0.1513176898349446,0,1,2,-1.5043967580467994,3.4230246279763463,-1.012815675788867,3.6686480346580046,-0.0723379762602055,1,normal
4.100169268396575,199.00581772080872,105.27626600972616,9,0,1444.88781543158,1170.91331578527,0.4772296564628661,0,1,2,1.0736689072054773,3.3789344883786185,3.9935369791346655,2.359640110924367,-1.7355267966178471,0,normal
1.4334219005660442,1771.0508365607973,347.961318939973,9,0,2114.1937949527305,203.90033093763532,4.585355667079002,0,0,4,5.772903419056891,3.434122582409556,-4.171317482052677,-0.2953363139322362,1.1536739483541318,1,normal
1.6957313019241007,424.3852525589514,433.1026971977337,6,6,62.112481447831335,1267.5989855952112,3.109984908719565,2,2,1,-0.4408093451525274,0.0470953348296385,-1.8328775256591607,0.3594359596651999,-0.3418149441590398,0,ddos
1.0870650088952098,575.2928991474797,102.56437010077084,3,3,65.4736412178353,196.1876922565235,-1.5904872778535106,3,0,0,1.7194072705196082,-2.5445001302785544,3.7857123210441177,-0.2583346826030721,0.5697668596540457,0,ddos
2.9308633638583115,2112.507601948864,6.968099401859676,3,18,4461.324459502051,2739.7363064457645,-1.739133589170054,1,1,6,-2.1853983272027837,4.040422797785817,-1.8200530620033784,-1.2055019079384657,-2.0526154796696465,0,injection
1.9502572655681505,100.66433380361671,35.893671954236424,3,6,832.932886598349,108.02499368251596,1.100471241034409,1,0,2,3.834513932343549,-0.2527543520361321,-2.4927274654363654,1.8103172015350129,-2.2190452976284805,1,normal
1.0716940021578143,153.7281005741985,722.3546979734748,0,0,2117.0968852814653,1580.3067903962335,-1.3243667773261298,3,0,1,-0.7838394822252093,0.8704170130963522,-1.6757725899647091,1.3836968891821342,-0.2547040473262096,1,normal
6.430922540098157,533.3786254452705,1084.5912044837723,6,3,783.8589521359726,75.03726910874123,-0.9701419887002924,0,2,1,-0.3418045544421877,1.721443303149068,0.493788796243028,1.804048351470055,-2.404598648919439,1,normal
1.062299248278377,1017.872543927312,792.6261259828756,0,3,753.7862902322315,234.79071584088945,-0.5229240488577422,1,1,3,-0.5319389938762675,-0.7856548953835261,1.1207353398516815,-1.7007471302807833,1.0317070567252795,1,normal
6.027300321805144,1322.331569534799,733.9697237643037,3,0,2938.0417179806736,129.99765784057172,3.058014604269992,0,1,5,4.062926301581636,6.920072379681928,-1.235433692206253,-0.6461216435949766,-0.3847113483325085,1,normal
2.023496468979188,1410.7710139259004,1006.6095965526312,12,9,250.42592499463143,478.7214525258075,-3.953868448381747,2,0,0,1.8044252300665569,3.4657290012303195,3.2322931680540288,-2.1839255368239705,-1.121422879160731,1,normal
0.8701701096471275,1846.7430668876204,78.34783229469707,3,0,1742.5860665778182,608.4389932397714,0.5748800339632052,3,0,2,-2.449399709863859,0.4451930253866812,-0.5484491917198004,2.4815453132656766,2.299451087752594,1,normal
5.8696907022791125,1042.9926803268822,141.60333217359522,6,9,314.16443570730326,486.6004109442807,2.0093864389195804,1,2,2,2.575149743646496,1.7625414416690424,1.6252021859635852,4.159232469879795,-0.1758857981749439,1,normal
1.4403259172205916,986.9036450565814,793.1832385239311,3,0,1335.504019118938,372.0453948708848,0.2225148019993867,1,2,2,-1.440003418742947,0.0110270361427331,-1.140501566842458,-1.632645696184328,0.1799704705307125,1,normal
2.7626234827809637,103.45760591117664,241.66593196865907,0,12,363.08408423695033,1821.202375178127,1.6199628962378363,0,1,1,2.251141413142486,0.8580973851727227,0.3880633368408805,0.3784715465068075,-1.583448982704881,0,scanning
2.0420575247857777,2157.748348093324,0.790597540377167,6,6,3339.762698147427,1343.9368029653851,-1.1753940113176915,3,2,1,1.5437839752712832,-4.063095404068117,-3.5883414094069077,-2.5018153925031603,-0.7382186098156918,0,scanning
1.1214713957066356,402.2699806238453,116.73441646128464,3,3,1657.637039756872,1145.7592196893895,-1.928783342404999,1,2,7,1.7923965667427972,4.166973422627715,-0.142440204574223,0.4774623778078369,-0.2160129948082517,1,normal
2.4939304107486446,1016.2469606342964,784.30294284182,3,0,2295.1414378511,2651.131461384241,6.034777141534651,0,2,3,4.454187995188757,0.3377626861793626,0.3883006989401694,-0.0892179889630586,1.0405828902474483,1,normal
1.7757084699657175,825.7173411117516,85.538680935721,12,0,757.2502514768349,948.7817795042588,-2.9057247309757037,1,0,1,0.2700651281797199,3.0104012764586887,0.7630903962508915,-3.208524097918799,0.334535097978539,1,normal
1.370474023555095,1501.8845767082855,629.9275733195192,3,3,1930.4947688406048,1102.5850040936848,-0.4669433481328652,0,1,2,-1.0108757216062303,1.5734168408729328,-1.4050975437953863,3.0483467037324443,-0.2620439558974749,1,normal
5.054101712678061,118.44908897293304,168.27030850144197,3,12,1357.9209390837816,1103.4184308252602,-0.545343772426903,1,0,3,0.5424214087559192,-1.0666057344700075,-0.4986629566095653,-0.9124318083602344,0.7681607989372239,0,xss
5.281309159414283,1339.1531369555082,748.3427045758821,0,6,365.106574495102,472.1440828377284,-0.0341425120373009,3,0,4,-0.8362083119014885,-2.450971203256202,-2.5762452218536254,0.0029857894133142,-1.1909048457977738,1,normal
8.705666015022176,789.0760812101634,560.7199081097676,0,3,364.815284903185,673.2641263557099,-1.534542142844318,2,2,0,-0.0804079945762408,0.8335861481433517,3.4566435957647883,-0.4948865766147795,-1.3796837722313513,1,normal
1.6808219758044995,527.9503050876091,67.47984117244094,0,0,1232.317299429695,980.9886175632976,1.6361757333816769,0,0,1,2.2854981140986506,2.30432118274457,2.498818502805091,1.100053151162144,-0.0607881060095186,1,normal
2.339359234273537,561.2608714139905,173.6220302828077,6,6,164.0522191697506,1587.011734764793,-2.06145720446142,0,2,5,-1.2777426720777505,-0.7857850524406162,2.216743227521833,4.014803754408572,1.7392482626093344,1,normal
5.78251218687437,1136.6764226385576,910.2278435174842,6,0,1516.531031122801,1673.614616574231,-0.141318050126425,1,1,2,-1.7010446057832256,3.1150093642793504,-1.089345241077638,3.954269699773032,0.7840635991500337,1,normal
7.021348096926675,986.5289115549126,396.9076544271904,0,3,2339.282007986345,1051.2308797581654,4.053790821204337,0,1,1,2.826715159661048,2.960698096165813,-0.2059792022632365,-1.793124245685818,-1.0580003411643495,1,normal
3.7949888274047447,243.0438904762769,1114.7425032316803,6,3,2399.459314522804,1876.3650264374055,-1.6990703039067312,1,0,1,-0.9925349783741808,2.5417093764369154,-3.015472333918513,-1.0244891248281658,0.931410650434616,1,normal
3.670536189604985,246.24659680235985,492.9960196962626,3,0,1772.654082609151,322.4467082641574,3.4322109904791853,1,2,1,-0.966559514049148,1.0441852338543678,-2.6412919391975977,-1.2896013139959774,-0.3448487393416583,0,backdoor
1.9469323248847985,417.13159154600464,1429.801957793671,0,3,2882.568494691988,436.39070927126863,-3.796440532161374,1,0,1,1.4536950407169134,-1.136562066988538,-1.3443361288621436,-0.5165880406214096,0.9131126577274388,1,normal
3.5402950345329955,833.7709795935283,232.50343868866773,3,3,1292.176944209995,3784.7671919735617,5.820568451608866,1,2,4,2.019145281318202,-4.261079250894735,1.7841705916092785,2.023604768485505,-1.3697790881644454,1,normal
6.1440211796758,206.74776939011983,642.6050005851138,3,0,2948.837463771408,676.1276800838542,-2.110217640034982,1,2,2,-3.6298207136535767,-5.5115035107091765,1.33286910249113,2.759671901469951,-0.6206308684695121,1,backdoor
3.440197954237887,576.2914007180891,506.22244341376256,6,0,484.06917791484136,1176.07783048918,1.392954937331904,1,0,0,2.0442765787368877,-1.4014754545826842,-0.9416781869972098,0.1836336436214274,0.0016535934919972,1,injection
2.8291399262032213,199.69871457902727,14.97589677264756,3,0,1601.869757864377,742.7134796298831,3.568130424644105,0,0,2,-0.8364771170799836,1.1389724251641342,4.5728275619654255,2.400494302468845,0.1120556745014466,1,normal
2.0884462512310744,226.19830971746717,116.51643971282202,0,12,385.97156108485103,768.7188182123502,1.3695853309734511,1,0,4,0.478907179379702,-0.6320637166081544,0.6876201563206896,0.50626377475094,-0.5857615662509194,1,dos
7.419026986789796,395.1743458681662,409.28838702038695,9,6,175.9512000480793,452.7123744134894,-3.207046977573513,3,0,6,-1.540325589815335,1.9689529489497284,-0.8528748198133922,0.5867812316128448,0.296010187373171,0,password
1.5550666109821734,274.43873685551875,724.4473056700011,3,0,320.2336576171235,539.8732719407317,-1.2945839776051298,2,0,1,0.2157263815862773,1.5727858530693717,-1.3633560284525508,-1.175249384182158,2.7839694662074264,1,normal
1.7012321505255277,529.3508397213844,223.31250264847503,9,0,1788.5289777718608,189.0826452305706,-2.983964499820788,1,2,0,-1.907261998005605,0.2980486348086419,-0.315221769206794,-0.3963954412198729,-0.2410212876467594,0,scanning
1.998892892396915,1531.0480456853318,232.43801869557717,0,0,1263.4186993082897,558.648009543988,-0.0106191845913385,2,1,1,1.4370724565887911,-2.6907413108768705,-2.5426421212710246,-0.8937268491248238,1.0273609482767634,0,password
2.883096356898774,77.96882060805244,372.9105122986949,0,9,262.5171204047811,371.50535981493897,-1.161382452284712,2,0,4,-0.3178095522397695,-0.4323231987099258,-0.398342718483997,0.4901993295164075,-1.2560222857103518,1,normal
4.00429201951562,751.1347441976613,342.13596004558525,3,0,1424.2259059171115,1322.3595244879966,-0.8391995333129303,0,2,2,1.4917654622477403,2.3047548548307075,-1.5499732894243123,0.1913248966816998,0.4142996061989655,0,ddos
9.898329809900076,3201.7526608288763,520.3445969549215,0,3,245.93041805072224,638.2862957182699,-1.2731947160499242,1,0,0,-3.4608927180973126,2.741990543876209,3.4711155937469265,-1.9355828597101767,-1.251756332179559,0,injection
3.140389142997375,320.1950436605385,20.6763780504055,6,3,1732.7665681354688,1477.4900726549292,2.5126527563468146,0,1,1,0.8165589556742789,0.5908154022249212,-2.042158473546257,-2.126627084805204,0.7676748183595437,0,xss
0.2617714486659323,796.1631341189044,986.1620530206656,6,3,1815.3096576030296,206.3917441181056,1.7717336810011908,2,0,4,1.5682578427491105,4.020416428505445,-0.6227337412952165,0.2539623108618805,-1.392452736376921,0,normal
2.773954205298095,643.9491102940143,219.8633616113705,3,3,577.3777682576224,372.0694907602507,-1.6406544868016355,1,1,2,0.070693275537492,-1.4460980745469,-1.9945519175117192,-2.3253896360372712,-1.1416642004796929,0,normal
0.8493361118313909,1660.5852492844529,347.12596142304653,9,0,847.978213214645,924.2438694292146,-3.030298446712143,0,1,2,-1.3376332563083049,0.4528856320092621,1.975671647967732,-2.229391706185792,1.9216154375337813,0,normal
1.9269709261886043,537.3325204727237,338.3382224648826,9,0,1394.7476230880163,175.8591159845373,-1.7758017774529904,1,0,2,-0.8643685093093516,4.165541840992155,0.7221193163641894,-2.6820274361524747,0.7319113981460733,1,normal
0.7410514725822788,447.22642841108615,72.75324414211576,0,0,2857.6106845546246,1947.4579801101972,-1.37058863496501,1,0,1,-1.974650303760126,1.913134364160407,-3.549142598711229,-0.0262006847820741,0.0045707849688615,1,normal
2.031588178783224,498.8532873199233,35.83000693541212,6,6,1253.719886422911,324.22467442141374,-1.62076847260434,3,0,6,0.0350419503491998,3.6016142454930504,1.036883761969979,-1.5662601833025742,1.4403320757054856,1,normal
1.4047143029180662,668.1741062201428,442.6900648895258,3,6,680.8949846652756,703.9754756945175,1.041462726927615,0,0,5,-1.749469692364704,2.21211782224842,-1.4188878725334582,0.8992368021554895,1.6108425003352609,1,normal
1.49573123676757,1084.3811015295928,592.9946074935658,6,9,640.6203129505666,117.90974778644323,-0.8791093020708649,0,1,3,-1.3748958729856675,-0.6226546732265359,-1.0268409062819135,1.8597185107412253,0.1126055946884625,1,normal
5.556347493178939,63.505911251221406,145.24184762688117,0,3,1562.4080800319225,302.6630867888361,-1.8367744636598384,2,2,2,-0.8414236623738047,0.3859937920353415,-1.5024933616870215,0.121911977008128,0.4360031449494468,1,normal
0.2817294638638424,603.9006686164582,153.75458669005042,12,0,113.43546625394929,2691.539989605188,0.9237862943980374,0,0,5,1.518008518232708,-0.5517753661669529,0.9536324493282896,-0.1152265843981747,-0.322688664639589,0,normal
3.3682326882347224,338.8646347202585,74.99129337747455,0,3,503.610209715617,593.2562654146856,-1.6788866262274622,2,2,3,1.516885092567524,1.9847340700128435,-0.2698246637069149,1.547830749362677,-0.0109622231766433,1,normal
0.5302343239098974,482.6435929562026,30.024293486128013,6,9,1097.1496347225907,1007.076444908882,3.352372897194134,1,0,1,0.9599691300402902,0.0760162087949223,-0.2599028077838189,-0.1913794255694794,0.5179053324952945,0,ddos
6.046837572380456,446.8645482016782,114.59403963235724,3,0,778.9989293020997,1731.9773201389796,0.5281440743388786,0,0,3,-0.8073047697153429,3.1400318254679407,-2.4907612671746198,1.273556506096229,1.738191060560226,1,normal
1.226220853088314,1263.9912086269287,127.31120814382764,6,0,1062.4082364584076,365.21986175214215,-1.8003305145722048,0,1,0,-1.5182205352582083,3.350120669663479,0.5140404842360957,0.7426242980199438,0.2270615154337616,1,normal
4.597806743064795,1829.1506845413528,200.8654541313733,9,3,903.8284936158032,1583.075785601619,-2.0694744665934124,1,2,2,-0.0406278350254638,1.3333067020707947,-1.4831001559254082,-0.3879160619376749,0.5878894785421601,0,backdoor
7.719133981258714,270.1881282430558,729.9311865691067,9,0,824.991822102871,1393.831133082524,1.1346617879367111,3,0,4,-1.844945797807272,0.6654158610517311,0.0311252282185761,0.0502792706329751,-0.6792319779927114,0,xss
5.254745899376467,1346.1782582931453,767.2766712924055,0,0,2164.9942268500527,844.0686177704717,-4.137346056535823,0,0,0,-0.2465530225036061,2.297365295499964,1.5909518227206685,0.6455058205261219,-0.8061624358415624,0,backdoor
1.7133683482620652,1041.8330856368864,209.20631466906744,6,0,171.03515195216096,958.9328049473888,-2.0367387378117314,2,2,0,1.1850217862011003,2.5772136511284622,1.8500614675850688,-2.1731386113908124,0.6024632044803174,0,dos
8.1913506508989,1008.7431519941026,36.749244139902125,6,3,812.9745284768502,1963.6293024234096,-0.846411819201307,0,2,1,-1.0365832373522856,0.888914587101397,2.738634546077713,-2.600896771409776,-0.4850418585651476,1,normal
2.2804533445284823,113.01271155172432,20.44911514141259,0,3,681.2048956948133,893.1341011955183,0.2321699965893103,0,0,1,-1.5220936805439158,-2.081203344973112,-0.9531277013904405,-0.8035920596624295,0.64029237865031,0,ddos
4.029068407652652,11.973932734764992,561.6517251825471,3,6,1747.9976346575902,2331.5296673698203,1.607898665695976,1,1,0,-0.7739196779388683,0.2702049235288317,0.206467620606978,-2.9763446229114185,0.0363914911292795,0,normal
8.382349976508873,794.2417567876832,117.64314989275128,6,3,3831.244748473905,541.4747630932118,-0.8785010674321037,2,2,3,-1.4952691560242777,-3.7136286255531177,-4.438895328932683,0.8932458955036959,-0.751355032857335,1,backdoor
0.432337321195182,347.80921922958174,297.8090339273036,6,3,1905.9128568003755,709.7448109161751,0.5930843081395696,0,0,0,1.3106932156052078,1.7434309740447218,4.488499622562229,1.816874132484231,-0.1569524581345719,1,normal
0.4225200664855457,1570.9686614474538,67.23134675156372,12,6,4916.376291510298,834.3232639787449,2.448417421428747,0,1,3,1.4758521812065726,6.455963840005862,3.310683020429262,-1.5858083267234024,-0.3886227194706299,1,normal
6.720827218635215,10.861644817977243,477.5929985817487,3,0,2203.5245775330427,1025.0026010323238,0.3320658801616427,1,2,1,-3.4441616388986045,0.4357994733560527,-3.3905622905107125,0.6238978951697464,-1.0013486814080144,1,normal
6.648590089848714,95.53062513764456,1040.489003032193,6,9,804.496899824921,370.0086508510962,-0.921001281747454,0,1,4,-4.548151755048704,2.1393739736289183,2.220486346185951,1.1760269291077032,-0.5088093401552305,1,normal
7.751266546988944,1220.149262991089,155.50125339822202,6,0,5140.514687639002,305.6405244717625,1.364458450056701,2,1,7,-1.2321395967878246,6.523659572072622,-1.3065233264358995,-3.3448278845942454,0.5775775565682606,1,normal
3.577242154227525,380.6848149229485,700.368176287551,0,6,221.3067399142115,2104.6173745995484,4.26333269844131,1,0,3,4.125806528439383,-0.126472357152598,0.9885351777975752,2.031644131199351,-0.5555914071190644,1,normal
2.295058985307306,776.6073052231736,90.94521476141888,0,0,2706.817077021152,1842.535462661133,2.429976769816541,2,1,1,0.5229980710624426,2.774380457494634,2.781160426669609,-1.223234206624041,-1.7813776260001402,1,normal
7.890793489706259,376.7301515717941,1203.620915513952,9,3,1690.9928757343391,687.5575115332836,2.023222555634019,1,0,2,-1.7014460892439929,0.5636580250406871,0.3863553558724215,-0.2516790136620538,-0.2570798480442595,0,password
2.860806029848144,1731.9386359668058,429.5622152498382,6,0,1306.153001025251,475.9495725150122,-2.6081040858654814,0,0,3,-0.3470020433188904,-1.749865385316592,3.148691999509624,-0.3241965079331376,0.6971514500727651,1,normal
4.180901335641804,364.8189021994916,15.158292294790895,3,6,1411.2514036912428,32.828142768114795,-0.9731036187664456,2,2,3,0.431452867731152,-0.4392292382430465,-0.0597582777685061,-0.7097854973628646,-0.3956797452147675,0,xss
9.283741546707905,840.6964158868566,30.236979508777523,9,0,1372.8069013735676,844.3247356225299,-4.886903208368335,2,1,3,0.4107291389268868,2.6823164282783725,1.2534961475301494,1.373143337070964,-1.0417680846035282,0,normal
4.751991823682572,1359.0457270259062,928.680986958904,3,0,704.44053389058,85.1970943527983,-5.275446673059226,1,0,0,0.9928596383793163,-1.4487818628019864,4.888851653643696,0.9299016073203444,-1.89439503686946,0,normal
2.4227167922422748,318.0532181147332,53.53217846310287,3,0,862.3526282504569,1737.917613885258,0.5355159834742031,2,2,3,-1.5153352003390097,2.8645703117967107,-2.332809157417873,0.796943956165248,-0.3641116066174479,0,normal
13.614586314117076,380.1223658183699,361.7047451311145,0,0,482.5668541129127,733.5857328433239,1.638794317970896,1,1,1,1.970947483064159,1.0838505650054304,0.083199523288771,0.2242069495122524,0.9316942847034048,0,normal
2.3408155742427623,1193.8365072056515,469.9560362911917,3,3,502.4507786179804,818.5409738889584,2.032559877583377,0,1,1,-3.333203003771647,1.6978281096003955,-0.3720802077543843,1.6026099549183976,0.9953676736755932,0,normal
0.1104795609486896,264.8064612112,578.2808718121806,6,6,973.7480597207176,1196.192282824437,0.4230121327542704,0,1,1,-2.9536319240844584,2.670325888537013,-0.8960173087102701,-2.633003722572373,-2.2829673831011754,1,normal
10.707320443303097,998.4462952160992,362.7419999378132,6,6,2080.9230786834705,2390.0848675247416,-0.3216595927967479,1,0,1,-2.265709363589235,0.191201728970811,4.333623753728123,-2.133222844003421,0.6340929028333203,1,normal
5.07562894954101,98.38224121243589,572.5439111605366,6,3,359.7400417308022,358.66395609860734,0.6585229674982865,2,1,0,0.5029255958332476,1.876825876688342,-0.1616379878154623,1.1468421192858291,-0.8685414715781984,1,normal
10.740018334456494,599.1772777119913,121.01717811826826,0,9,332.11400975001567,778.8332208968212,1.9056125917534847,0,1,2,1.5253297886838215,-1.250278924388642,0.5432501577669663,3.650489168929408,-0.569205972022491,1,normal
6.060919121443379,2014.8078815799115,198.0420477354399,9,0,2271.253035106353,1841.1634961999089,-0.0669530886321774,1,0,1,-3.100946045414548,2.949527407048448,-0.7984010850178715,3.6220351434432194,-0.2438456940823725,1,normal
5.969278152323224,561.8395187673187,388.89294398037146,0,0,363.8866170996153,1764.3871783222714,-0.0039429265612802,2,2,5,0.0871615811707997,-1.471447364231537,3.470564890660821,-0.462935816267668,0.9883088683528156,0,normal
4.757720037974824,336.4175481371066,114.23247250263744,3,3,1956.8402488459155,1744.715048565057,1.6206858272036768,0,0,0,-2.1439125455587824,1.6165473456193538,0.7424717561695351,-3.130146419496617,-0.1864301097869089,1,normal
0.375380435131758,340.42945996000674,468.1333543439269,12,0,2254.9561657518707,854.2564189244997,0.1558377945608082,0,0,1,-1.894185493207561,5.019200483703466,0.4971350771672846,-2.7613664859472644,-0.2838084937387157,1,normal
1.441506314264488,226.8615652273968,432.941893152195,9,3,131.0351582200346,419.1764929900765,-1.9676366001590404,4,0,4,-1.0844381672609655,0.5180899451413747,-0.2099095491631359,2.0609554490332807,0.6858963901235772,1,normal
5.047984749034312,1526.6863443875204,1018.7138270630657,9,3,1825.7626012000628,794.4232783495676,-1.5229756228180291,0,1,4,-0.8595282543935417,-0.6383579924470719,-0.6810215366252366,-2.4228680559807607,0.1901402378581119,1,normal
3.384129745336476,39.36925262924629,663.4931877473618,0,3,2544.1467484251034,1114.587417580491,-1.4708236019466063,0,1,1,-3.626298320111592,-0.3394584699280487,-2.805608037837976,-0.5357866656107519,-0.8018267680414327,0,injection
1.8874271758760253,1255.2915789710778,549.8704490103196,6,3,1588.8976189420862,204.67816811569983,-3.759745511408407,1,0,2,-2.1598005490516314,1.043352422426547,-0.5894155710756754,-0.675469751126498,-1.014580320931255,0,normal
2.0662339156874405,885.2717659114244,544.9570202621715,0,3,1861.3725385761077,19.95174903421298,-0.6722010633423432,0,0,6,-2.687681794286826,-1.509784728943393,2.4877304938836806,0.2973381816344047,-1.3280029081175224,0,scanning
10.11708828956982,939.824002627742,13.212213644445375,6,0,2689.489625359572,434.1762383837674,2.4269680937732456,1,0,2,1.6494072400331048,1.4592883426937957,4.021540107334541,2.8852193706619,-0.6271182109570881,1,normal
6.944214705065446,1630.2523544302674,275.52335800926244,0,9,131.73998326895233,725.1216761242439,-0.3584085371231323,0,0,3,-2.648433607775974,1.2323183147861767,2.504442141092777,-2.72808243639022,0.8358463876545853,0,backdoor
6.170995534784355,795.4821554177088,52.16870700692333,3,9,397.5193014999477,1107.2271082960942,1.7452214925072966,2,0,2,1.6455894742911974,-1.9737653161701865,-3.858171771799187,-1.2235084377683638,0.8567050504092095,1,scanning
3.9615790266041446,771.8792095468104,478.52330219577857,0,3,4232.034310313846,40.023521138059785,3.8405844272352487,2,0,4,5.621267575154128,4.985567440216084,2.448788088934678,0.7762468077465372,0.7180724365995182,1,normal
5.488073844089312,252.06235894435048,338.9672040471414,6,0,1383.568818436945,982.6975595669314,-2.470067768593323,1,2,1,-0.1625120611318067,1.3722102861844772,-0.3811543144159521,-1.6870524299091814,-0.2362121072484361,0,password
10.433953495466511,1596.1403781776978,156.41460771889265,0,0,2309.269313090824,58.337379660029775,-1.3881035893978113,1,0,3,-1.056793498382996,-1.323215238069145,2.3459521536447894,0.5935137827459127,-1.4149473208482388,1,normal
1.1210365991195586,1062.4303179122628,416.46944124374426,9,0,677.7741316643554,1308.215640931777,-1.2009754672265025,2,1,4,1.3870564461091044,-0.2457298968321379,-1.4264538767867918,0.643041122811755,-0.1240819371928967,0,injection
4.544363777086742,193.77741157928656,675.6942796762206,15,6,775.9600665114501,751.5306027900498,-4.032703922381654,4,0,3,-3.9592771507760736,-0.6631918924356559,-0.6757088606315736,-1.3941150576383337,-0.6907244389344589,1,normal
6.850376786361166,466.0697821308044,600.582388389905,0,0,1325.4772617102983,133.65473606073027,-3.0004032231368405,3,1,3,0.586775063902325,2.7857523207649315,3.438939079230357,-1.7191668573649546,-0.7720258435149923,1,normal
15.792867317379123,191.76426903123436,1078.134937237735,12,3,843.8809120554336,324.86128514136243,-0.4676461344061006,3,0,4,-3.0271046754699,1.971532604211089,0.5528941371115219,2.5186648633014697,0.0285770874375037,0,normal
8.306761184922161,1980.635231852364,91.22924056465374,15,0,345.67530112316274,1384.709270082212,-0.5405208305025874,3,0,5,-5.547672197807213,1.808126561242068,2.1747041362800776,-1.30768744784487,-0.3985688885391095,1,normal
3.218633765732231,388.8096712239727,152.34932065687835,3,6,1731.468391852886,127.18993972892308,3.047452050893177,1,0,4,0.8738877338015112,1.405280038390934,0.959170940327791,1.9471733673928624,1.7822116214189447,0,xss
4.717563151723483,372.3341480814108,341.5530945547075,6,9,874.5063240429571,399.96943408491217,3.0037044312518844,2,1,3,-0.0642315993095878,-0.8178748063517765,0.0950401216492529,0.5631932425792582,0.4919377787485384,1,normal
1.008549445177552,1755.3360763326702,470.7936885076864,6,3,1408.0769415361494,419.59037377761854,0.2315867563259074,0,0,5,-0.3910980612888026,-1.933208802689021,-0.1905329794532038,-1.4862944528271849,0.7909125156793287,0,xss
1.799826920272104,970.967151034062,87.66750210912106,0,0,76.12807078071451,1048.0104146162114,3.209106449061691,0,1,2,4.409626490516336,1.9503702421621,-1.069831410873799,0.54129709919044,0.2201499880984217,1,normal
1.6160097206551491,573.395796150067,297.7772497017019,0,3,1882.884284590502,639.1765323058443,-0.7880006707956824,0,2,2,-0.4654285026670138,-3.381294222767294,1.306691159038205,1.0781916691811986,-0.5120109281267363,0,scanning
4.950869591070291,440.5187147526454,266.50330874055066,6,0,1291.0829700777838,909.3066917229972,3.4808047975420866,2,0,2,-3.531673912749411,2.80491505786187,-0.2818291100800515,3.885940341782895,1.3220465987414267,1,normal
0.1013799488956683,1058.8233786757564,165.40905528782696,6,0,158.1698079157369,903.83255413541,-1.610223580027785,1,0,2,-1.9855887694316383,1.540977375942805,1.6979786425561414,-1.903181897783346,0.2992596423505904,1,dos
3.883690548436373,309.4936747886705,379.6541768139978,3,0,1923.9569146680203,1358.8390834318848,1.925782888669518,0,1,1,1.1879865078659415,1.000551399389891,3.060232348551639,0.3860973766603984,0.6161386632753652,1,normal
10.570354339830086,762.7452580797332,17.197913924539375,3,3,248.194593740538,67.59855247786363,1.277418989296095,0,2,0,1.2094510130077782,-0.8822109745571847,2.534330900317721,3.531007476077506,0.2055291014265919,1,normal
1.449266194997779,339.2640839308787,222.6808129526742,6,0,261.2876227641252,404.3612804824879,0.5301239656662304,0,1,0,0.2859225759463009,-0.0567275080117559,1.821351252015616,1.3540199039630123,-0.2028423101578142,0,injection
3.6916470863773694,1551.5406246592445,210.376809928694,0,0,1424.4293128150323,959.684473317382,1.8149364815857267,0,0,1,2.286138144819928,2.006493122088223,1.810475801899436,0.7885065849396731,0.1293288166101181,0,normal
1.2370315075599418,910.7395421318582,198.08160425307855,0,3,804.4264430539315,577.0555033679616,-1.2736108336303371,1,2,0,-0.1179305378373127,-1.3550413875187133,1.8249358344810716,-1.019613994889519,-2.6564018046691604,1,normal
5.956888896651535,598.6868535985889,777.4570100876085,6,0,1917.0014454999648,2364.402532927343,-1.7123578823303829,0,1,1,0.9693909770443672,5.277737081209112,0.6838249145715085,1.9286240129488488,0.7188401233970564,0,normal
0.6596996903283115,206.03893875193108,7.222094959472072,3,12,1355.0954442367254,374.4724565005561,-1.1517965382854094,1,0,3,-3.271002271898711,0.5644869543659757,-0.3129110659763188,1.544880606993832,-0.7904979961565379,1,normal
1.6210324387116573,1186.5579936190356,489.8733435463868,0,3,228.343874739918,1984.3170095000812,-1.428515911804055,2,0,2,1.2199053200509196,-1.5681094824906612,3.2930353915477424,-2.41676693178757,-0.7003192245710865,1,normal
3.6484787919291217,170.2100838973788,592.8487891038351,0,9,582.1974648321586,655.8940215969471,-0.1200631099334341,1,1,0,0.3209046246782223,-1.308331116702692,1.8883987648183065,3.6501586466138263,0.1412860483074653,1,normal
3.0125618750314613,922.8605825595844,412.12960816924107,0,0,541.5773937583127,308.9254031865179,-1.8709892137538744,1,2,0,-0.121478206083373,0.2404974445783967,2.4218046806962854,-1.1973427324033925,-0.6099101520310808,0,normal
4.128443806805167,2105.071300645078,163.9854261563463,3,3,3726.722791302429,814.7198343924092,-1.5764161994975947,3,0,1,3.2868158349271086,-4.850679222818076,-2.201416618093939,-1.0350517815026623,0.0976980351494783,0,password
9.739716938315388,1575.5797332765549,1093.7030017707934,3,0,2093.8886561599184,46.46563579611019,-4.217088148698182,1,2,0,0.347118014984255,-0.9976743555695016,1.9096889959660384,-0.6489428726033347,-0.1968967309570032,1,normal
2.5936929045081496,1641.968275611801,208.7671946058452,6,0,566.2374121879018,1810.8262174144968,-1.8666198135438965,1,0,4,1.1148522424511995,-2.684005973805281,2.8831628781598666,-2.882665351879716,-3.806370894232472,1,normal
0.4160276315086854,427.2607638691625,327.3827497833546,3,9,782.7882859890693,1466.2303169949214,1.8783223694825024,1,2,0,-0.8993954647046147,-0.6992574144692311,-0.1285503404177448,2.2826030320724198,0.651433369870462,1,scanning
0.5643443809893954,693.9267115377929,689.9799587677268,0,6,2539.3164400603337,1120.1593131365275,-1.233395685924242,2,2,3,-0.6515107901066264,-3.8210919944784,-1.1197445665353845,1.674983768775089,0.5350747474822145,1,normal
2.5971938458243766,1272.3338880577005,43.02092925472581,3,15,5914.708584511042,206.72170001771647,5.455441378214155,2,2,3,-3.505162770806568,5.118313868506268,3.790742591658038,-1.2599319464878511,0.6080736287020561,0,backdoor
0.5032828350841578,87.07432357552747,278.2910156495132,12,3,2283.3735012449365,31.611753670944488,2.1328323333242034,0,0,3,-0.5812694379166764,0.2627433798838561,1.673021531963461,-0.9660704573784644,2.677577208648426,0,dos
11.48548389439857,1342.5177592837645,306.51796597112474,0,3,297.37328248617405,1073.5182537660414,-0.750925785245723,0,2,0,0.714032107642361,0.5424344906040937,1.5825931511627984,1.0951816929963285,0.969016470653677,1,normal
0.5666032750635154,586.5082038686168,23.097912453966494,9,3,892.1330167913064,5.259857473325467,1.020264850597583,0,1,0,0.8673014479544086,0.2943239789813865,-2.1237369412608498,-1.266875134581941,-1.17424135609903,0,ddos
4.65159815275907,1172.8334414334088,777.3991339535576,9,6,5057.981061681126,551.6409034922658,5.412842267662446,0,1,0,-2.979780952680421,4.218731244406155,0.3188813579494278,-0.9824374515401888,-1.4603924622684838,0,dos
1.0121014991931938,2259.926163462375,563.7664161380254,9,0,1938.945781967569,677.6298871858043,-3.5814746525132266,0,2,4,-0.2445685446166781,-0.3850015867460827,3.8519647831175625,-0.7078724143165537,0.1905165983418587,1,normal
0.8795631658264581,1414.77751020085,176.5771010276507,0,3,2128.5724886063504,850.8597634979519,0.0848042679199874,0,2,2,0.3655550219894058,1.1716808460527195,5.532272388189312,0.7107041232578393,-0.1349095701962393,0,ddos
2.2626761125228407,786.2429285562165,150.88191340169905,0,0,304.4718547272403,905.2097060156076,1.120176764729625,0,1,3,-1.194584759781848,-1.924763392793184,3.4542963817799466,-0.1914627600051397,-1.0257923539246725,1,backdoor
7.353258238814105,1250.6400434894492,151.35502854086678,3,0,1032.063153801612,555.9850358283139,-3.0699538700427125,3,2,1,2.459310756894298,-0.1811092670325937,1.9813873637669055,-2.3372540897447163,0.5339781602952949,1,normal
0.9805170967634168,402.7749036852205,638.947168231309,9,9,655.1146249258686,460.2994233900869,2.613927955717245,0,2,2,0.7861810643147846,-2.0564376893451395,-0.7803864878801909,-1.641325677888778,-1.2118160393589217,0,backdoor
5.270782535654965,1555.7285276188582,416.3824107952434,0,3,2093.389959266997,1170.3136962976005,1.5137264501081873,1,0,0,1.7984882185681412,3.193016751201853,-1.966953728983756,-3.3726966130802074,0.1723152338074049,0,normal
12.996342037670534,341.6644336509868,489.8240130397151,9,3,815.0196961214032,1008.2701503064268,0.5475722750734895,0,1,0,0.24016572259613,-1.0581101956024614,2.064783486385121,-1.3800972575745831,-0.1098069399598396,0,scanning
2.2335214842495943,3034.081937837021,172.29629360249623,6,12,627.9182392924375,3022.193001087582,2.4752004318838856,5,1,5,-4.30175240709383,0.0099627178758521,5.433262853632701,-2.2145743211200983,-1.1540435164006126,0,ddos
4.682102926757279,971.1715664076834,36.712912368000495,6,0,1611.9068866000357,1472.2755195484167,1.9168468355104984,2,0,2,1.423235379125313,-2.366578569164311,3.064253522398685,1.3689708466865824,0.9643958154555292,1,normal
4.3249748997182005,960.8688639309054,102.14648076806655,3,0,2339.528627074436,1779.2052311187945,-1.5692265945948365,0,0,2,-2.577714334147933,-1.0748310036168431,4.547013115762898,-4.276997453455261,-0.0350406160359925,1,scanning
2.938010182946483,1208.653809935986,1209.4054007039822,12,3,562.70554462759,417.0078456290372,0.3431512737293533,0,0,1,0.5016207342315697,-0.6017444373518944,-3.930797047113036,-0.3841283925120935,-0.9439516490255732,0,backdoor
0.3247236021022041,344.3613906834734,886.4557120958118,0,0,2897.792996034786,434.2933775968577,0.2887160479038182,1,1,0,-1.9675010341731916,3.098653362925977,3.642725184517969,-1.7515517912346386,-1.685631915483849,0,xss
2.5354852838589723,359.055380031432,354.54756372065435,3,0,378.75144182280593,1083.1931755434643,-0.8883015970140997,3,1,0,2.0370045204013625,0.6842148188868193,-0.0975033695507561,-3.9709627204095055,-0.4342722053227507,1,normal
10.428474500000632,269.58813688368497,607.0486933543796,3,3,2048.469679451741,1325.132273165989,-2.779606360350511,0,2,0,-0.0908032389890909,0.3430658578986797,0.0867677928107697,0.8573494228615643,0.6382811770486381,0,xss
2.2605649778659123,163.66692808619865,891.3852530480326,0,3,1796.6195475355582,1577.958412862177,-2.930053773622393,0,0,0,-1.936642100641683,3.2389990334714094,-0.1964325329470897,-0.3682354128345948,1.410146678756868,0,password
2.869232237286268,418.0717821110029,390.3355637163465,0,9,1067.6829597129358,1014.758261320062,-0.0418301347035672,3,2,1,0.4689160671243588,-0.6140604772491121,0.6941486056178862,1.7140549550998727,0.1322716844497458,1,normal
4.023173990881216,476.1124334394348,359.21541009758914,3,6,315.9691402535162,612.2411548140616,0.1101648044856804,0,0,5,0.2431817415277073,1.5783903511331632,-0.8915423061117407,0.9420585535570494,-1.003117419492276,1,normal
0.9384697847119392,892.1789886421835,774.3949288740159,0,0,341.98173186583307,17.429777562723135,-2.8589157054809773,1,2,1,-0.6879627461003496,1.0690877816735973,3.1112325703287738,-0.5060739232417811,0.5501986540420674,1,normal
9.875020671367473,1609.6838447991845,381.92281804807067,0,3,296.8550120693476,1054.4675736323695,-0.8637568217062556,1,1,0,-1.5564942070335923,2.9248621037482145,0.8864218346751378,-1.7915682768826051,-1.0504267425959046,1,backdoor
1.8517231069622555,549.7540114902489,646.0112797584499,0,3,96.96203396132192,1627.2275753870492,0.8729854142213378,1,0,5,5.11779619782292,4.7020731942399845,-4.136558721790328,0.5208634711632872,-1.2994556333854932,1,normal
3.5157242746309114,421.2229272296709,188.462324706558,0,9,212.64777298297668,104.26389723976432,-2.0826701182260043,0,1,3,-0.1691653371296628,1.663617790480474,1.2430232989980985,-2.602553411299464,-0.2428509621136031,0,scanning
9.17331018330662,718.8171748635035,134.75542831942772,0,6,311.7880560344452,910.583156204778,1.92980085410358,0,1,0,2.300479883096626,0.6022681160485611,0.493093463852828,3.328895893479229,-1.0556862453061406,1,normal
8.739873908657849,527.013622333544,165.46396853442852,3,6,3616.628288375787,2049.931342753317,1.858506457908397,0,0,3,-2.260603740611388,2.730421419780633,0.5034252219535353,-3.2498629312736487,0.6335817939723376,1,normal
6.242203129480092,849.6590926954984,397.5251260394805,3,6,1905.9786175944737,735.1369321435105,2.172311624723002,2,1,4,-0.7782280600225586,1.382947882943823,-1.3577510765294087,-1.804848515155373,1.0580643224796875,1,normal
1.5198549135369197,1834.925682088602,534.288255142772,0,0,1234.433130202063,2232.951366903448,-2.537145176176504,0,1,0,-0.7425056165524277,-3.789454849240033,8.024142602483513,-0.4322458636024882,-0.8049715158826701,1,dos
0.266677975864324,5.187728627887744,291.223666636518,9,6,3623.002288575094,595.8773633015754,-0.5664404403842638,3,2,3,2.004424143933286,4.746802015631351,1.0185197622158313,-4.653765752543829,1.818370608512484,1,normal
0.0526939339765893,1317.8781487647054,508.8926747013871,0,3,3336.5135220605944,73.16359723244503,-1.3526568315663148,0,0,3,-3.67242269606484,-2.960749647036322,0.3250484433328391,1.2498163689770412,-0.6075520001289522,1,normal
1.960065875413112,873.6555193147561,117.51494167166352,12,0,2444.094442368215,947.9234377307988,-1.4015723239288451,1,2,0,-0.5092148787193641,1.187183241679498,-0.9459831419974704,3.957349936946085,1.400966622716918,1,normal
0.5376416697873688,323.0830914515441,237.6902995781177,0,0,485.62995442911455,1118.644923484235,3.1707836832013863,0,0,0,-1.6916058153612596,0.6040435302658729,-1.6825796022432862,2.4735899385619184,1.9335324110773948,0,injection
5.374856653615145,565.917032543751,607.7524317762467,6,3,2558.886361697775,616.8722256831085,-2.0219463014039563,0,2,1,1.387249401429308,-1.1672795947333965,-2.0287172095669472,-0.0691595422976867,-0.0438970166382039,1,normal
2.6512965535701545,984.2171410290956,793.9106248090076,3,0,1803.3227014768408,468.83091764113465,0.5820489931100042,2,0,2,2.8020858579883257,2.8856525716565136,-0.9796034881141088,-1.509561475976675,0.1967074078979077,1,normal
1.803261809866482,1605.868234312696,34.51739101825984,0,3,2188.4255949702074,2026.6461702688591,0.0460440501146901,1,2,0,-2.5426249309418782,4.525220388081867,-1.1662651568606632,1.4114151006732043,0.328847586153962,0,normal
3.6618542057081016,1078.696937517212,98.87218314375431,6,3,143.23555725232825,1132.5846197330884,-0.2971792005984104,1,1,3,0.7743427401317815,0.1717541199009329,0.7710104936852694,-3.4489386918402563,-1.144510424673034,1,normal
4.966566781396239,184.74203793814192,403.56790268898015,3,18,2015.3844031343729,192.11076264568413,-2.879246006980968,4,1,6,0.1981115851711101,1.8794887903656217,-1.618622530110955,-1.765831006585291,-0.6035700895072912,1,normal
1.259614484517365,783.9697152404125,393.7865797683686,6,6,517.5378973796327,476.5612312012482,-4.012300804527666,5,2,6,1.3050446699478857,1.0591415900347092,-0.5998669341251603,0.630460182269684,0.0733952945026313,1,normal
3.013937472616759,185.46207984483988,581.9224368223995,3,0,1089.754953566176,1282.425567128864,2.4029544799011084,2,1,1,0.0465369169341218,-0.489362433930115,-4.010764854427382,-4.307330967596409,-0.016857853121953,1,injection
7.033775474099315,1173.712905850702,112.66020917087536,6,0,930.5034237078124,214.28194405580024,-1.8898119393746684,0,2,0,-0.7931041594255979,-1.0539001276948554,0.7672418184755746,-0.3592090538970338,-1.073561493039523,0,scanning
4.965497791081258,499.7905159714916,352.3695264938466,9,0,839.9892460466181,523.059334409592,-0.9044753146475724,2,1,1,-3.990777439051581,2.811408962163802,0.2688238836239476,-1.4228500791171592,-1.6434995291684755,1,normal
1.8664359485171744,1865.663969950166,130.71524037829414,9,3,406.44966661654456,2309.003429142182,-0.8941322415772543,0,0,3,-0.3564247647387404,-2.1968401411674003,0.9225822804600584,0.7867241356993027,0.8197953028860011,1,dos
4.600640695897196,356.8444577036333,132.70453973045554,3,3,658.1537408221612,549.4793376566313,-0.0823353116220679,2,1,3,0.2047251393071101,2.163676452835952,-2.2163508880494103,-2.436128200719791,-1.8682264900999423,1,normal
6.186998349043008,844.8428756387132,456.9908719102389,0,0,1386.5927991035312,774.1659361286597,3.1386252639299776,0,2,1,1.7332980021769315,0.7838581800771027,1.7881482404387756,1.230438739413784,0.1955657475308405,1,normal
0.7617713141157677,156.74501594744055,513.5908464075728,6,3,388.0167378451447,675.7744644212969,1.307201292758176,1,0,3,3.566996696850885,1.3898471868623976,-0.7366245158804872,2.050690657083905,0.7814935289056234,1,normal
2.113889116055645,532.3099999158998,204.05090240123235,3,0,332.4794012648072,395.6721480571508,-3.904437380733074,2,0,0,-2.2374363230221466,1.1856830892718322,4.94794994599766,0.5362970850599149,-1.1933939940496785,0,xss
2.31269631119618,1868.254794988808,89.51910101211027,0,12,1704.7741311893649,129.09421041189904,5.004746566845908,3,0,5,0.0228121268429819,1.44024834356115,1.1746635347896397,3.9316795704281535,0.5571258458245267,0,password
1.5021533242522231,1376.1897207824836,366.46049670740064,3,3,1009.3376710949508,1676.842333109759,0.3119577663105659,3,2,0,-2.472809059931965,-4.296745927661701,1.5811398564554813,2.4180337237106926,-0.2052148753632743,1,ddos
9.877812680010743,1444.4588692199652,112.8134294902899,18,3,155.07773715592438,1866.3393627129203,-2.6580456086291244,1,0,0,0.6400282849371328,-0.9249831807831994,-0.2560607186910597,-0.4441523978869328,0.1237869974041285,0,normal
1.5388779894311009,886.1118061464293,696.1280477491135,3,12,756.5882347418881,1276.7675247292443,1.9068088531863707,0,0,2,-0.3476264655750423,0.086006649823888,1.129310083597667,-0.2269513712648088,0.947843485140942,0,ddos
2.412564113872097,891.7311017255366,428.6710383114377,3,6,12.61658682354438,1258.5092493986122,-1.0136450812987894,1,0,0,-1.6411547421338093,1.6645255400705712,1.748801581379298,-2.124706389402438,0.408248100321077,1,normal
1.5542471809370642,18.510581649258672,391.9283450782477,6,9,85.2854473122363,2468.458430796949,-4.090365987808997,5,0,7,2.3523458228550425,5.661830796851942,-1.6540396858546662,-1.1940446240571487,-0.9705565272214118,1,normal
4.093886258089443,60.53298849214161,910.9710647948524,0,3,1325.8767887178828,616.7400923138683,0.5011705484637173,0,0,4,1.8451704487713771,2.830767824574399,1.40748959275164,2.179113597895749,1.0474993918067754,1,normal
0.2810146281913063,4.71829921442013,109.92345607407417,3,6,1774.8711497942293,427.2066140447885,-4.148864831943645,0,0,2,1.1621766676556498,2.256259705738505,1.2961398884456306,2.6877218234550657,0.2846666885063493,0,scanning
0.2810083560512136,1795.0466521011451,11.411811405881442,3,0,1079.874944039037,186.7894846741755,-5.569731485146998,1,1,0,0.2228673243238057,0.7259379933081697,4.507980011017808,-0.7267853807804618,1.2103957885674548,0,normal
0.5251699861388851,776.6523590397477,695.4282807647177,6,3,54.79202336313394,826.8526949884922,-1.6345762421650656,3,1,0,2.432949275718564,0.4775673462526252,0.7266324383601529,-3.141595954125186,-0.4938201213459261,1,normal
3.493610836835538,914.1404564048756,1007.1070955362792,9,9,1423.2339927105022,1477.5535002238505,1.4693490349591554,0,1,5,2.9441684405770525,0.2228336104871977,0.040466925050985,-2.534438888978575,-1.1864330959768727,1,dos
7.290835090967325,1401.1473208603145,168.1148868953317,9,0,92.36518865099616,584.497508465911,-2.0779175336255187,0,0,0,-2.169374960103648,2.0430669085741626,2.393417528230515,-1.3595592111992685,1.651747897784293,1,normal
2.076861910268623,432.8948754664372,698.7943759384049,6,6,1918.281488752942,2679.736836052813,-0.964272306971662,5,0,2,1.17592600180135,0.553238076078473,1.6505776285023075,-5.304505584952103,-0.9532601544080042,0,ddos
4.353441246242476,737.4616671815113,332.00098132437114,3,0,1642.160503795186,1803.5186236306204,-0.2818092179847344,0,2,0,-2.691288811940636,4.457133048412857,-1.881239767680758,1.6201489885995517,-0.8510549013762715,1,normal
3.281287627728536,1529.5838677203712,480.456286280963,9,3,2068.9622103065044,1805.1416175420336,2.99462162455917,2,0,1,-2.586428390513527,-0.1989345363581156,-4.3036687733536345,2.145854906213752,1.159781950784463,1,normal
4.414582375791005,1250.549888111836,569.2013910488629,0,6,1768.8268493472524,1629.4112719156146,-1.7011272032133675,0,2,1,-1.2705585156132426,4.140008310238477,0.3313841363434703,-0.0826489991516574,-0.7279172676596579,0,password
1.688900115348592,137.2503763047419,31.81992430546815,6,0,886.0180576911173,666.5487388391876,4.408124554543227,1,0,1,1.8625615438318968,2.692336450365449,1.004686449444658,1.0121694349779191,0.6188397124722341,1,normal
1.4073037140602465,2026.8386904863676,927.0883409205808,6,0,2688.670636079895,224.7413598657132,-4.508792433103577,0,1,2,0.2011941212235279,-2.225992826839281,3.4336148206955217,1.3933978226833592,0.2035936780411039,1,normal
5.598023094350993,1992.172917011996,255.3048707937875,0,6,3603.362521560132,540.2551133424987,-2.467900751583307,3,0,3,3.9049429902450097,-5.250037669791947,-2.435605221420412,-2.9507568625396985,-0.0569359138683475,1,dos
5.254745899376467,1346.1782582931453,767.2766712924055,0,0,2164.9942268500527,844.0686177704717,-4.137346056535823,0,0,0,-0.2465530225036061,2.297365295499964,1.5909518227206685,0.6455058205261219,-0.8061624358415624,0,backdoor
5.871978760716895,123.02134949727171,24.17806987448987,6,6,2589.245774444698,353.13421695695985,-1.949258235809609,2,1,7,-1.3492925437289192,6.482134621222347,1.8235365031678707,-1.253318966627301,1.366490721279928,1,normal
1.552709962715415,12.179285210932813,219.8752925450002,3,6,794.6759491828973,1327.8318381539134,0.9120438948289784,1,0,1,-1.7479461536783891,0.6337796139311556,-1.3583406472477584,-2.2743242640519954,-0.3267826027573713,1,normal
2.984686243797664,92.98311019544292,389.7747959755987,0,0,3814.302953019925,1628.6071220527565,-4.149316928643834,3,1,1,-0.0135229939775591,0.481294683735274,-3.4360747268285907,-0.909685122660182,0.1907085869662202,1,normal
1.5802774321828812,731.0531255474311,184.37075778268,0,0,2239.466025221862,326.010211778871,0.2109241326562021,5,1,5,2.3774080360199044,4.331492937687563,-0.7723406052354287,-3.289944913544848,-0.4251593896624818,1,normal
1.3204924949589147,420.3078884668069,57.72331526350648,0,3,305.4035468773678,971.4226336388928,0.5326270465340381,0,0,0,-2.6668566740250528,0.9698973624827506,-0.5558042080411476,-1.7325621927891262,0.1377989207203711,0,normal
3.0606984927876817,819.1559762842227,577.5380559604818,3,9,1341.8852390496768,64.52443457109078,0.6097514953212406,0,0,4,-0.0558361742885185,0.7400575356336456,0.73938302699993,2.0806616877876243,0.0391115407720068,1,normal
0.1781648703111105,904.2907586866132,972.0772594073898,3,9,1226.124880144667,234.2176622479556,-0.1780048086135519,0,0,2,-0.0346671093977171,-1.84442192893208,-1.2693412528161625,2.8188303725568,0.0577561979278253,1,normal
1.4374732208206888,159.1468610824311,354.89078954778523,3,6,2197.1627982750865,1118.6829975948924,0.8431713033779626,1,1,1,1.5966946403374096,-0.2505766976812206,2.4541340529837505,-2.295567653046981,0.9766102854423128,1,password
3.896465057113048,353.8366554583725,505.856501321068,0,3,2113.0202980636104,422.451697256024,4.349184918018942,1,0,0,-0.8326413412119946,1.069289072972332,-1.6709925220840716,-1.9829009358311709,0.5213979379795441,0,backdoor
5.619927489646425,956.0563210470204,47.62978658453902,3,0,1185.170910055233,123.29047173449996,-0.297825651176411,2,1,2,-0.9201184298348636,1.9403888868255144,0.8955417246500998,0.4271371454596945,-1.945428307307277,1,normal
1.107920783766064,208.52043237454765,283.23956840804294,3,0,1447.9563616264782,983.390255710228,-0.7373697769728753,3,0,0,0.2179506689724686,-0.395541391925208,1.3387686121332487,-4.501939854843155,0.9932106917994517,0,backdoor
1.909831559807914,415.78890798334834,270.5478431094948,9,6,1708.0880058894086,1396.8485318956673,2.029829626542836,0,2,0,0.2001612256133547,-1.028977755175017,5.25085281259987,0.7126129672516883,-0.8311454963207708,1,scanning
0.9222536952923271,48.24412630526964,168.02280445914784,6,6,1059.3893007402935,1412.892136623025,0.8923573641155909,0,1,0,-1.5346718489377575,0.8567194607915666,0.9821598496599132,-0.7020020268664398,1.1903539304443804,0,backdoor
2.302862715654173,986.2352891626608,118.81393455046616,6,0,3312.038285940851,406.3717186985704,2.078925988493106,0,0,3,3.3126973601657985,4.207394003550293,2.903388354123536,0.9140979055662296,0.2230461679558829,1,normal
3.8181543508936873,550.1916919343491,41.63976727651713,6,0,1000.4597160754232,401.7978271878248,2.6321782686948163,1,1,0,-1.4465487494994345,-0.6637129488192142,-3.048496854928885,0.7115074591000565,-0.1458993199332696,0,password
15.945276769089745,240.5745466566409,82.91188820155519,0,3,1384.6135091791543,441.4214976343392,2.3941214342868555,0,1,0,1.8098790511914444,-0.5173558513903607,-0.2316475170967084,-1.2336433944535845,0.1122865376726667,0,backdoor
5.560173480780036,471.12779442941167,180.95798721252973,6,6,614.2758419039475,878.1722016100616,-2.2311867247858617,0,0,1,-0.969160449603712,0.3950904548054884,1.2839964737200111,-1.1072583684225492,0.2571087456004814,1,normal
0.8071425931504626,1742.7634863516923,255.15009568781767,9,6,2576.8906350040907,2969.5745703755265,-0.0303097689541809,0,1,0,-1.4147051505733903,1.698390071119691,-0.7683531462126889,2.043383219293055,-0.6779151219361121,0,backdoor
5.131712067551879,1454.235223423122,304.61931535114906,15,3,928.4604388214572,184.55321821841525,-3.3303742584464686,0,1,0,-0.8450472275802783,2.9699445421940265,3.437889098867388,-1.3155285767897689,-0.7826085291118529,1,normal
3.176982968601502,362.7511765228029,560.4950049633861,0,3,3465.324045325049,474.4564646055781,-4.2955284263473255,3,1,1,-1.873467714327218,-1.2351582717988003,-2.2804659316858533,-2.5593769203361187,-0.8004104781849283,0,normal
1.1391737002477271,692.0569265942127,377.1423047310168,9,6,2185.7890847386034,132.48077798412282,0.1074563767283591,2,1,4,0.0382052220587878,1.9168340814702445,2.10506268261493,0.758648519531243,0.1464033552563027,1,normal
4.094591467039129,205.78201830773145,871.574716875976,9,0,163.4920411697211,100.4459621731104,-3.0236125905852584,2,0,1,-2.244098767960385,1.2315729840356604,1.199995938804647,-0.2342658005555007,-0.5857634120061624,1,normal
1.6688126175635578,526.9677897251303,335.4796124482498,9,6,891.2058504766015,196.519804855086,0.2519210964858617,0,0,3,-0.6018759193154903,-0.6804184455630764,-1.258915545060836,-0.9342627615719794,1.4565473563498823,0,scanning
7.660199838244227,1947.1709965822176,185.4329496814227,0,15,1202.9006935123314,743.8500227206739,-1.6861427480884,0,1,6,0.9940792036204826,-3.7947258516185256,0.942109149904364,0.92332803983998,-0.9966987315595264,0,xss
1.9444060813295423,497.3635893280014,647.1018320335367,3,0,744.6305331505522,399.2021962513885,-0.9699149197813732,1,1,1,-0.8969540201684107,2.5628329015203786,1.2175782256599426,-1.570763479207768,-0.1296150419366997,1,normal
1.258805295330915,1356.5452277220468,313.4284543038957,3,6,3765.004974442353,446.9885752511767,4.243798991552692,0,1,1,4.2286072148028175,6.295509025494465,0.7296772577994709,-1.8654716644477511,-0.5391269505274275,1,normal
5.361976701769223,161.12888269487223,406.1360215252258,0,0,843.2773876569428,983.7645501372364,3.3817281218110145,1,1,3,2.4460438530634465,2.97015944824752,2.206728549417542,0.4944115128456203,0.150941489544693,0,normal
4.733399421851463,263.0498507772143,440.5720409552959,6,6,1713.6388340245692,30.08479457886657,-1.2318211542072317,3,1,2,2.35291350676392,3.583848530791591,-0.290550239232848,-3.93415346647467,0.8748182599668428,0,normal
4.431176769024613,596.6532926530499,1002.4690440396912,12,9,83.5444401995939,1174.201907737208,-2.660517926992876,0,0,1,-2.156355227905613,0.3376658658807613,0.7350165160345616,-0.3929868174481381,-1.6395043417635866,1,normal
2.0809356198065183,220.96879072148528,105.83337027349138,12,0,1137.9536573956163,685.8020310419661,-3.560272361297483,4,0,2,0.5977029387245834,0.6265430088111505,1.139388821318848,3.14831324099909,0.5324676044794981,0,normal
0.193239712495131,616.7692706444977,93.16245029005326,15,6,1931.57685663977,672.1575689276198,0.8113564899761214,2,1,3,-1.6541306916794625,0.0453939808361054,2.396747513609561,1.6348828444939594,0.9387970597034936,1,normal
3.8977999080465295,405.40543340024647,228.9584485535814,18,12,526.0466341015407,409.1139625487984,-0.6425453986875611,2,1,0,1.1447433932552755,-1.38028910953045,-3.841968369059587,-1.96111006078672,1.3797664054659555,1,normal
3.5794905090921776,599.3788268731738,151.54663817646397,0,12,456.426580305737,0.0604222267288738,3.72988064844522,2,1,5,-0.8041243252545364,1.1827154217110871,-2.1947658144862228,2.135820902140039,-0.6145711776302484,0,password
2.932829987265998,556.0964979192808,63.26990420085195,0,3,700.7324335692305,226.61555894866797,-1.42001447304969,1,2,0,-0.8117377275770814,0.1029039871663628,0.8114589749601191,-0.7484612375772552,0.3118547780354662,1,normal
8.041168086478718,770.994504844568,130.374566167326,3,3,1231.2963688765344,1254.6212540977804,-1.8498629612366384,2,0,2,-0.511908719267844,-2.643884749260261,2.938901751463741,-4.252283428180284,-0.0048563903514571,0,password
6.084736897207906,1238.5527543110154,212.44782000532385,9,0,2411.949875596364,869.9167007390299,-1.2593056903927675,0,2,2,-4.019772419497048,1.504905583043403,-0.7232330110623766,1.005391563013582,-2.217252785006931,1,normal
10.967670315173734,921.2661122517608,240.80964441416717,3,0,1118.0747389847336,815.1625441654636,2.233839045727726,1,0,1,-1.2064786289888645,-0.600809832062974,0.7201826309404806,-1.212757419003976,0.0868796108552723,0,password
6.417987811335383,999.5925316379554,724.4280087106424,9,3,585.496538884417,891.859028072121,-1.3173917556836463,1,0,2,-1.0399415827697815,0.1186683078577619,0.8545360397743154,-1.3735755567855203,2.02055242207318,1,injection
6.818469327802951,580.465828099541,985.731771652392,3,3,169.39655514501345,792.9722868989202,-1.2769881246937154,1,0,5,-1.653904024835967,3.786702594075164,-0.6205399494491728,0.7770450756963847,-0.5078477732563538,1,normal
2.680784382245678,97.0005941303943,382.29813850738265,0,0,610.7585800711405,131.9233628301313,2.573368736960803,2,0,0,2.5475580830356828,-0.4016145558126067,-0.2652043000539759,3.2178427537575187,-0.3010723215565709,0,backdoor
3.185530408020977,1105.0006524660494,780.2862353965193,3,6,111.77195738457743,350.28531357382224,-0.3695770041260595,1,0,2,-1.0809138417606616,1.873187055064488,0.3338354003497901,1.5117914559599257,-1.2454119174101788,0,normal
3.950670004613349,734.4535576476078,446.430979228866,6,3,126.6715020725612,382.7341468404417,2.026545470038412,2,1,0,0.5490861945015839,-0.0159962700624654,-0.3980746725355353,1.2821357646051783,-0.4970480837441801,0,normal
6.30036230999493,1423.0812177373564,20.54170106514844,9,6,428.2751923237118,351.727159253795,-4.646744717030753,0,0,1,-1.5879367595654248,0.8154731392214856,4.002041497665425,0.6917101180596177,0.2813062327445341,1,normal
7.439035323631307,1593.3569778224198,354.4642723431569,15,6,3969.967705347439,171.02114854640317,0.4262104374780446,0,0,6,-2.0037976345043496,0.2881708935271538,2.9516459704474025,-0.5814974706398515,2.459938352226524,0,injection
1.514376247195273,506.24684644558414,414.9536790063269,3,0,2774.906877149621,2175.7111873116096,1.360148761575396,1,1,0,2.993326495717268,-0.1064084775686529,1.1035885920157142,-3.6854510250516137,-1.127465733397722,0,xss
0.2090273492716066,621.1635993292815,328.8245890874915,0,15,455.1827512431036,223.3901342867923,-2.042103682042575,0,1,6,-1.673164594884725,-0.4638617004094565,1.774290375725965,-4.127228985122249,1.4942519127636973,0,dos
11.425705412229378,262.5364194178851,100.25684219398627,12,15,3109.248260440379,267.15213900476243,0.1084113899493304,3,0,1,-0.3072002600952938,1.2839264981651506,1.2820832270074074,4.119810441096234,1.099134650249527,1,normal
1.0520787477617268,289.89866580985534,190.5519764685032,12,9,278.67962900439835,1077.966559425897,-0.913146729866776,2,0,3,-1.5785071717835193,-1.6062724284373555,2.4672680704683456,3.760243335733147,-0.0688631265479334,1,normal
7.921558848802912,123.20749966704147,66.69868797608994,0,6,1626.0022052723891,315.89966396410625,1.1720594186422584,1,2,1,3.015959743689665,0.7697314460168501,0.9235985165829,-0.7856983133563433,-0.9234029099644444,1,injection
1.154679932843709,1430.6297872140065,489.38328829740135,6,0,322.72358594714257,1971.1608133942707,-0.7625934912378631,0,1,4,0.4129067982190511,-1.678458052929383,2.4662079910374137,-2.710789937690878,0.0765279974729466,0,normal
6.552776612164343,755.5597872638264,275.1170671114103,0,0,62.10490513838476,249.86963777763492,2.511910909798895,0,0,0,0.2527119668563948,1.110864759527573,-1.7795016639460652,-0.7912290600475187,0.7296445682439443,0,dos
1.310255403970346,798.5233921754734,350.61992580631363,12,0,1563.9623682853648,484.0163009691739,-2.4126781736859444,0,1,1,-0.7781983489256821,2.9820612041382417,2.4981675648902844,-1.1668413538105529,1.4366491367594671,1,normal
3.0528743820885937,907.2720336290964,112.23190332520127,0,12,396.0470129350506,849.5987992855119,-2.2614480125312517,0,1,1,-3.880177121937853,-0.3869200558126051,5.079368168303352,1.2414181489033635,-0.3634304415242136,1,normal
2.8828122223498296,604.4816447738484,391.79624768541447,6,6,2233.284255295602,359.9659998352754,-1.2920895227669518,1,2,6,-1.158766977995277,3.433456267099568,-1.0495429768237672,-1.27277808732902,0.0117604565845683,1,normal
0.1161198331046781,841.7763347465032,41.40503611787249,6,6,613.5486671091011,258.79155619874723,0.2200781855732584,4,0,1,0.9005312078619239,2.4766298999325027,-1.2585823859936311,0.7645456005693683,0.4164979226835508,1,normal
0.9468727621271896,286.8016174115696,461.2797294291859,0,6,1015.6969829446969,15.610250515969568,-3.786093887299143,2,2,2,-1.015488886914227,-0.9717919407590558,3.072986749377771,1.061668401439513,0.3076194499663116,0,ddos
0.128918864796773,1113.9151935022942,467.4048002400375,0,0,553.3080779356459,942.0394845630564,0.9380685880299512,1,0,0,2.272219257882317,1.6936309807798382,0.8334053075958024,0.6361599297642593,1.3157283791473993,1,normal
1.5625387375595576,1160.0302502435443,213.85338415808585,9,0,774.5056501013489,154.02234754002646,0.4765951193057756,3,2,0,2.188310303332053,1.334572521119985,-1.4870852471847982,1.078690683598339,1.6541500263006796,1,normal
0.1668940923481586,983.3482157968972,1006.2737938190083,0,15,714.6035450280423,2143.903955596104,0.727824748589982,2,1,2,-6.398696724799061,-0.1148940998251732,0.5484933935112435,-1.0222918431370165,0.8923200517882662,1,normal
2.348281914998263,902.6772392227518,990.5340282706936,3,0,94.83269997711426,1100.076745194913,-0.6332486429183001,0,0,2,-0.6186217716509912,-1.4324475099505285,1.9347023462767936,-1.7557083710613144,-0.8477546450319979,1,normal
8.42202948830462,182.51550912339545,228.43375572014585,0,3,3042.892625964728,274.97086056323604,2.780702491851436,0,1,0,-2.529067835673634,1.1912821723951998,0.5849821116097782,-2.0507366033406718,-0.4520531721334332,0,backdoor
6.685378652283267,1090.4606460127231,632.9711691052738,12,9,1300.407582074827,2231.3806098612004,5.8669258757961655,3,0,0,-0.6540445613688677,2.230269730745465,-0.9947104896150928,4.794280661230808,0.7916331844051684,0,dos
0.1385679645601615,542.3160463410793,91.27937537617048,3,0,989.7763618216788,340.53718910979967,0.2962677889482226,3,0,5,0.2238534162319843,3.496963392223924,-3.2041830762419306,-1.970728608280104,-0.4437910571785988,1,normal
0.3615422777512118,1059.2490304320008,669.0997005746817,6,0,684.6181282010062,2348.2540590511267,-1.0542609671341154,3,0,0,4.841841881263591,-3.257037941083894,-4.321938887309084,-7.1899824654124505,-1.457734874769556,0,scanning
7.834793057840475,685.1331009103855,51.37041119846914,3,0,1121.2575761770709,554.0589723471721,-2.550746277032764,0,2,3,0.7718452396774833,-1.375187693883668,1.6533925731917134,0.1857612201021226,1.1196462935010334,0,ddos
4.665109336935101,1799.8908261921497,685.7324298429373,3,3,352.11888133713023,993.5180837029408,1.8175519106276836,1,0,5,-1.8662067973321403,3.653282258415607,-3.237562995729432,-1.978435660184317,0.9638089916563574,0,injection
4.489951362413627,1034.806469593044,93.52196635133916,3,6,29.91072147719624,416.74110284964553,-1.1094739890187886,0,0,3,-2.9871464799734118,2.6307486304508942,-0.2857086646958052,0.0746388700253548,1.2329949262966209,0,normal
5.858897061246817,319.84650923020445,1087.8288485174044,6,3,389.5984606366732,1272.3870371846624,-1.1418294992110474,2,1,6,2.0604989550799417,3.188254051880401,-2.6056170082686947,0.511170286005735,-0.0308120437358506,1,normal
6.00004926146141,836.1187173549089,48.08621271720228,6,0,939.0108779760492,182.530071440958,-1.0805768915677392,1,1,2,1.195045576048961,-2.11786143136501,3.5007536718027064,1.9767358282919456,-1.4013142677852868,0,ddos
2.040119978285841,1624.635145899144,348.1965653002941,0,9,2778.7455148318254,1614.6808280396992,-2.5241728093858846,0,2,3,-1.0175851593072602,2.32354053657572,0.5851332728668925,-0.1285572838920499,0.3529741986545123,1,password
1.0851430243309153,337.2082955550537,269.4476868828681,6,6,356.1335686137727,522.997180227612,0.3999213420872234,3,0,1,-2.172278628758205,-0.9357532942154296,3.8816914991129146,2.1475936872820984,1.3937896006635893,0,normal
1.5279167828436568,790.400756997701,934.559334299402,0,0,726.8595493393123,248.7505312995316,-0.9422686904864984,1,0,0,0.5356703029894676,-3.3820960539542497,0.2772461020708541,1.5970039036151744,-0.6611446971626976,0,xss
7.685674271531349,657.0623071604879,540.4789127952891,6,9,251.4766548436682,205.18881939166005,-0.9554103920773114,1,0,1,-1.5861905941312415,-1.5541338034407195,1.426455180475529,2.8341513102540663,0.0685284908283903,0,normal
10.031434494724689,304.044610699134,169.06125022510665,0,6,87.53055023011912,349.5709353997149,-1.775150019143508,0,0,2,-0.7595134490549376,-1.3573192433658543,3.3225665912560265,3.69278351950156,-0.1461809320998807,1,normal
0.9698424316148414,75.35038783231141,488.1412484819509,9,3,2207.3627952693787,232.2670718771357,-4.020510835944266,4,2,2,-0.2045286967350412,-1.505978841052676,-0.9853997562034512,0.7337794488673461,0.1536266648502077,1,normal
3.495671328461581,894.2524898113821,131.1524148432373,3,0,2261.953165231637,1920.935818511384,-2.8867064771661224,1,1,2,-0.5916304404868182,4.819640640259319,-1.0032004943584256,-0.2809900616212051,-0.7652469418621046,0,normal
14.385392267435616,20.772496230178184,35.32422166500184,3,6,633.0872178020732,546.9930738310364,-2.550043946545067,1,0,2,2.7554472528237826,1.674651773651004,-0.1359574119825535,-0.7100852196451963,-1.0532594244562503,0,backdoor
2.396267719760416,813.5167835441171,160.64016926771967,0,0,1120.697271628136,1223.1991165321856,2.0941154422413994,5,1,1,-1.7888827253798976,-2.202847103769698,1.500214529998238,-3.049297799038868,0.4910375330730565,0,backdoor
0.8546739460561775,507.8103601753497,250.5860450228309,3,0,504.7878530436099,177.16134803046998,-2.0799653918169883,2,0,1,0.7172281300498022,0.3316357786387928,-0.7146837235233694,-1.4114884958523723,-0.7016101758352539,1,normal
2.20005937245577,756.7128848545882,71.71144337113444,6,3,176.11712051921683,1435.044765814794,-4.343162857740731,3,0,3,1.2140251755087603,-0.9676822350790582,0.735227359262555,-1.798347736366782,0.3232469051530501,0,password
3.650889236109687,1296.177058683527,1301.4309699408625,3,9,2213.276356614934,664.304044906079,-2.132966187682268,1,2,4,-2.546707796156541,0.3508181160222064,-3.2723346486061056,-1.800648969756385,-0.8939866792794868,0,normal
0.9497631296390272,281.21990919620407,195.26782183228823,0,3,1260.69663883059,885.820659575467,-0.6526066638120223,1,0,0,-0.458011386225166,0.2332956458668122,4.195921673790904,0.8114780961964767,-1.53787612113256,1,normal
5.258418950562299,395.8855392690247,1465.2459737704478,12,3,729.7635658908995,576.31125108061,-1.7446967743295096,3,0,3,-0.9176041364078666,-0.1529367791589078,-0.0245262559603587,3.162013446664208,-0.6579512224612006,1,normal
1.9204307083084744,527.1409120569775,1589.929009893348,12,0,2647.5592139211217,813.6495174642353,1.1465689662831562,1,2,3,-0.4352437436742038,3.975822003889804,-2.8079601805932723,-3.254156240322016,-1.1601006898105497,1,normal
7.607530907431686,366.3013432070694,406.23943967055857,0,12,1143.3000120793604,212.00346446062127,1.1165372613353346,1,2,7,-1.035092230625139,0.1429060996762676,-0.6957251205707962,-3.8334514895318472,-0.9596350749442634,0,backdoor
3.763432527152268,1435.2811050421965,398.63060787256495,9,0,102.84801404391015,1244.3534186675126,-1.7283743885569782,0,0,2,-1.4738252938302894,1.2943521111072946,2.080729404793233,-0.7108054415311571,0.6547335255945022,0,injection
2.47695621614158,1594.7172894022228,204.0873174180093,0,0,1280.1790351971074,2509.18998719262,3.270574672116105,2,1,4,4.043936393759974,1.8683900951633472,-0.1854497809949462,-1.6605860354100093,-1.1569519365876897,0,normal
0.1045740701798979,570.8734329951446,313.0731344873299,0,0,1529.0523161736896,371.9089028790469,1.101753690033378,2,0,4,4.702694081872954,0.7121739523596582,1.7106000536784771,3.427674746957808,-0.6653222695789788,1,normal
8.854844039675543,233.24028250374607,263.707484544564,3,9,1631.7056514519088,2628.295245481915,4.124728180986792,4,2,3,-0.1366958959913773,-0.3742819057269673,2.6307264807327178,0.7560479468719564,0.3347858902579128,0,normal
2.7485474020603258,78.88152744359445,114.51688633383216,9,3,727.2275650496448,1777.9102295216794,0.3233181045236875,1,2,1,2.1539209211169457,-1.6366335987153051,-2.4662492021492333,-2.193628608684123,-1.7508409435121686,0,xss
8.98186366163708,341.127196390849,944.8919713225044,3,6,858.7923363378254,551.1852662556239,-1.751880079843092,0,1,1,-0.1856102026639343,0.3728502081154666,0.5124070939771357,-1.4445232666946175,-0.3266046976961619,0,password
0.7045927012152676,386.4508811223864,153.4708833850189,3,0,997.6621962661704,1158.2103479285768,-0.1192238926223032,1,0,0,-0.3707794408805213,0.1669406372161468,0.9950344318818408,-2.539854682805549,0.7820047858640259,1,normal
9.397812903988203,259.43912054651395,224.883509842803,12,12,494.07285238303353,98.0193362170711,2.233003657694748,1,2,2,0.5229474185431934,-0.1388614929853449,2.3902855391588487,3.8822383369384186,1.956218367152941,1,normal
3.730284086324121,43.8000137812038,711.8826628200934,6,3,621.0913901727872,961.589629957505,-0.5206001443794827,0,0,0,-2.043446411720402,1.519654953133043,1.7698509494540984,-0.398285171857014,-0.6120938128791651,0,xss
7.148192413839437,1763.0167002983396,503.5098052390877,6,0,49.997104173462645,1131.642589088886,-1.6830379387472871,1,1,4,-0.9010677040328028,2.3459587031647136,3.2990049677565008,-2.6401391949740187,-1.4094070667162188,1,xss
9.046541155539934,805.2968659217718,929.5810448149502,0,0,817.0510555962446,1081.3944826894851,-0.6679856890900762,1,1,2,0.9777388981724028,0.2618443345172256,1.6058178788133866,2.202514375223862,-0.5029269692128812,1,normal
3.703114442972884,477.19005973640935,559.1650464057693,3,3,716.1395309037433,1245.355597821517,-2.2840443464567244,3,1,3,0.6320457572549958,5.457882037678197,1.0145304564744888,-1.2452524236389908,0.589512184081175,1,normal
6.231119762171109,500.0798310085025,180.739812832036,3,0,308.2838779421048,271.18375017179835,-0.4055056111915265,1,0,1,-1.5380268696557569,-1.5768061663918451,2.4117465802078843,1.0284072809672984,-0.1330608167399828,1,normal
5.144099681922645,1600.1806140707351,471.7377416387548,3,0,3929.481000700816,2377.655008776989,-0.5091624913338366,1,2,0,-1.3368665410105365,2.423640157642631,-4.210624183937541,1.283954842920799,-0.135020443878504,0,normal
2.3727826098364053,673.2664206369537,700.2117990834747,0,12,925.7030760024832,1704.5049148026092,-0.6320750399496159,0,2,0,-2.533603251228085,-0.6100242429323159,3.66358655333168,-0.6840451038055902,-0.9008397964768364,1,normal
2.602469576354991,189.47868463593787,129.84795621978125,6,0,2088.2770886421918,2633.607513977531,0.5704212800019821,3,0,4,0.1823893772275089,1.6398888229142263,-3.4629299119720374,2.9551155949950507,-0.1795361475771489,0,injection
2.6757925006244805,131.39321793768283,316.19059129092784,0,0,72.64470362933297,1.4402102352251198,0.3559728236624027,4,2,0,-0.4310314006420513,-0.5164030979676044,-0.0254317760102118,-1.7951028028845266,-1.8012686801347153,1,injection
0.2687210672501787,490.61923912619545,10.406530627930264,0,3,1516.0018877230368,217.62769290106635,-0.9427584606378964,0,1,0,0.847202144258363,-0.8582673315830414,-0.3906753767615158,2.2217299770322207,-0.3972558564470799,1,normal
3.254652537977521,0.6266804950901816,171.21225621230877,3,3,666.9460673913304,471.8043539444905,-0.6722068766869639,0,2,3,-3.677489118022698,1.8732431696365877,-0.8347854740844707,0.7880121405930114,-1.3632471274486648,1,normal
1.5102224281296597,1393.9561466184384,271.37783561355513,0,3,1732.851102972186,796.6633161966869,-0.7221466581564139,0,2,4,-1.5329341366218172,-2.978392749683528,2.6405285700975085,0.5094025590218565,1.6517842959446258,1,normal
1.2472828769362878,378.6183595493501,174.68574419762004,0,0,611.203961813524,983.3103487213918,-2.0222184775910232,2,0,5,-0.6610107980936356,3.5375490449408336,-1.6307950270630915,-0.9633590968893884,1.9905340203118744,1,normal
7.348356896218799,835.5578227288007,271.4875143303413,0,3,1973.7523291944824,788.0945109938451,-2.2305739254345407,0,0,2,-1.2462739386419597,0.3550364637824482,-2.5299266359363983,-0.6025972197363423,0.8411692265322753,1,normal
0.8917630219154071,294.75175828113214,415.9179963921717,6,6,1134.348238773634,442.1068726428617,-2.418754900357253,2,0,4,-0.2616154449764827,2.516312030928216,1.083164984146826,-1.199232824482232,-1.030258128562726,1,normal
3.95794874835406,410.8838529102216,119.53655013864454,3,6,774.2838698077408,82.1144915205115,-1.580262883195377,1,0,1,-0.4845150768423558,-1.18525754568083,3.8513323425094415,2.6677656133335343,0.5369589991883993,0,normal
3.2805009076874225,1178.280405193839,242.78549239604212,0,3,442.9826954145285,1755.281465865787,1.110174116448576,3,2,2,-0.7393809549520243,0.675853384829817,0.0098647855904068,-0.8517048147694719,0.198707577283949,1,normal
2.1803709556868784,1278.0535782466184,360.1662684314284,0,3,1452.038426859954,1604.9343554934585,-2.175698446542662,0,2,1,-2.197344823672919,5.695816752815189,-0.9318414626856012,-1.290869043053571,-0.1826252666152669,1,normal
0.9944830737965576,604.2636672944833,56.090606746709824,0,3,315.2513830912321,696.6450767071774,1.8909152304417904,4,0,0,3.062109224549311,-0.6347131566705768,-4.182484193868054,-4.849811754417586,0.8796096329916832,1,normal
0.9468991974047614,425.2669953918257,64.64872707655161,0,3,1056.342061058435,167.6597862167503,1.516506636282669,0,1,2,0.3160185089351172,0.3375572479625145,1.0776772002742436,2.0998138057293025,0.076233973800521,1,normal
5.316209299309625,633.1694737266456,206.42303951554229,0,9,979.0656896640678,2085.2425018483464,-0.3418367579150502,0,1,0,-2.4129384889665046,2.0192405011591568,2.1141913384752127,-2.963367582691321,-1.7867661195510076,0,normal
4.876661856587214,1273.1974392640848,137.61943212169749,3,0,113.50172940830716,771.3015283043073,-2.6276231499410576,0,1,0,-3.1824104494588754,-0.3782046137811192,2.8266738425266342,-1.287091470928298,-1.003925412114124,0,password
1.1578318486064163,1004.2808936791804,13.381899048163604,6,0,281.85187418793754,1656.6194237554414,-0.1424117852674942,1,2,4,-0.5910945467273885,-0.6009558430746764,0.4221777981058868,-0.6702361805379125,-0.6517277361674648,1,normal
0.6074970140794431,108.68916654442052,360.9140638971382,3,0,1782.3026595213591,789.9502810646126,-0.5006508634455106,2,0,2,1.1848442736228435,2.0308968278843844,0.9493800107876822,-2.415833990954245,0.5097105931397015,1,normal
4.174701097228311,963.2492505012732,107.966530690779,3,15,503.6215340060588,701.2090061113573,2.0306024846188317,1,1,7,-2.068606657759348,-0.523172208865667,1.1146468307138149,-2.233127512167671,0.5614603492107891,0,injection
2.0584905174613466,879.2088672296335,624.6564723215539,0,0,40.01482257824173,1139.748077140614,-1.0513811732460263,0,0,1,-0.3072499037700942,-2.238772182544798,1.7585224030194897,-1.5176486110471463,-1.1202124511677658,1,normal
7.606250133925601,1158.5396423231527,229.02699595631373,0,0,2298.99646337094,968.785884592778,0.0339777863926429,1,1,1,-1.1421914050363835,0.6986275972357643,-1.77342098239683,1.6826652491131369,0.5325214522683366,1,normal
7.531692457425651,401.266626051657,99.1452797341621,12,6,217.1597743201008,526.8124554810925,1.525934634264865,3,0,2,1.777727552115383,1.1666496448159451,0.0576974975467099,2.3174020270243,-2.143879990284697,0,normal
5.8965097336131045,403.5760664158462,777.3400849971456,15,9,63.07604388069043,569.2240699228383,3.0137769204625977,1,2,2,0.0693425656789403,-0.6778246183627918,1.8766185002372864,4.508177532266352,0.3350996484240565,1,normal
0.3917073543427712,803.3308192577227,235.03742750130075,3,0,1320.591106050418,318.000184721078,0.2839917389416444,3,1,1,-1.318009634036428,-0.288515075452801,0.9567532107011556,-2.0376154924140053,-1.029441878365545,1,password
1.7945225559967453,882.0583202792794,618.9480371471891,0,15,1512.1902096256506,1036.9943835803786,-0.2510913666199152,3,1,0,-3.4944009024954585,2.7118384859971814,1.4426397172109406,-1.2542766852750256,-1.1428113510070648,1,xss
3.88283595716267,85.12589631948764,302.8938149338568,0,6,2701.7055854593705,1473.2925109677158,-4.059573469600895,1,0,2,-0.3916680271873749,2.2581865651450244,0.5747195282711742,0.8095441450246026,1.6123285619414656,1,scanning
0.185084041941365,1599.4753573584712,451.7764201978461,9,6,1148.0011797596349,2625.835256528787,-0.8596967563492349,2,0,3,-4.070478832982989,-0.8973112458655714,5.066445013973445,-1.3376758130067168,0.4579191704999282,0,normal
4.001927491372924,327.73214284663175,218.50234845213745,0,0,1171.9990189116602,1116.2315584902667,-1.0395530245119775,2,0,3,-1.0087777949918817,0.5138700346811391,-2.431488742687272,0.9148679869915256,-1.5381134879846052,1,normal
12.792952013769456,487.8820668441656,49.886811978792295,3,0,650.8461157307211,1142.421546594321,2.7793797861949305,3,1,2,2.240707484124239,3.296310136819965,0.1673431002695455,-0.4889004860953869,-0.7283947930942389,1,normal
5.727369572261746,1061.4356256960125,17.587277460116166,0,0,159.41144142062464,1183.6091411912862,-0.2086151271048709,0,1,2,-1.190821172729455,-0.9053691862707012,2.4080696630043645,-1.0544140297623146,-0.9204984279339348,0,xss
3.5023334069746257,838.592004627634,420.8517604542744,9,3,78.02383342828905,2234.902076981385,0.2855295962918511,2,0,2,-3.3622449415796467,-0.0533076189617707,1.4001926380221397,0.8359299908712494,1.036463528749528,0,ddos
7.496134781954859,96.06404887877753,206.03108177700773,6,3,26.648327389119743,2465.196421542614,4.606676521127374,5,0,6,1.6212569022047805,0.9775876504216104,1.320256025846506,-0.1657604111236377,-3.002449397011288,1,normal
10.785613027423135,867.1538056562795,252.70904366190996,12,12,1282.5147201937857,1407.8067736119744,0.6643811690524226,0,2,0,-1.4974406863266592,0.7160156581965486,0.4892399788031114,-2.0687243538445363,0.2577837695697832,0,backdoor
2.129712611727256,2033.2398428139504,588.6572521579089,6,15,3782.4103351410095,402.0341821931929,1.6832260416377691,2,1,3,-3.2252437463342325,5.41427636692536,-2.037291329457843,-1.6947652393773351,-1.8307482558220145,1,normal
8.789400212492538,965.570313853052,352.3078368057309,9,9,9.73906077202846,2678.637455318739,1.0448317294245266,0,0,1,-3.3375596180577016,4.521698092762338,-0.4119164329044114,-0.2108013026616261,-1.0585054352971432,1,backdoor
12.334181879813013,1196.02699553662,68.48190580455996,9,3,704.6779954909061,73.03341187334743,-2.3378768648436177,0,0,1,-1.0736191764567833,2.234658901326765,0.7793382613588733,-0.9624933064960698,0.6938578522602955,1,normal
0.5829799268319809,20.50090699428231,607.9309907117031,0,0,567.7628296364774,336.0981349698005,-2.4296558330601856,0,0,0,-0.6611654653539076,0.2302865325877412,3.385909298392645,-0.3910772556647924,-1.6000835001238292,0,ddos
5.218243451508657,688.9539817996294,512.2288905289989,0,3,890.9541662033658,117.02267823198471,0.6035420282693985,1,1,1,-4.390695245892462,-0.0546565201902413,0.290882858927903,0.9629731202085504,1.00560970981081,0,xss
3.500241165610389,126.44278972092322,4.060734021381208,9,9,401.95207128297926,1038.607182878178,3.519604311975334,3,1,1,0.4910043246420045,1.110701784517905,2.1280616393699217,2.3479114988612912,-0.4219565689614379,1,normal
0.2090273492716066,621.1635993292815,328.8245890874915,0,15,455.1827512431036,223.3901342867923,-2.042103682042575,0,1,6,-1.673164594884725,-0.4638617004094565,1.774290375725965,-4.127228985122249,1.4942519127636973,0,dos
2.0400050058485,34.94001861395923,508.2532546778321,0,6,37.64979253096693,301.98081349804966,-3.4449721560269886,3,2,5,0.1723553200455323,2.7525956192297265,0.4044443623647089,-0.6305648036724374,-0.3022730156849576,0,normal
1.0716940021578143,153.7281005741985,722.3546979734748,0,0,2117.0968852814653,1580.3067903962335,-1.3243667773261298,3,0,1,-0.7838394822252093,0.8704170130963522,-1.6757725899647091,1.3836968891821342,-0.2547040473262096,1,normal
0.728606701632416,1413.4691085508164,93.96069064172691,0,3,150.80793016929275,334.1240248382843,2.232897745159862,1,0,1,-2.252530270933544,0.629763575771505,-0.1847779621034257,0.9704842636465943,0.8792781919249016,0,password
1.0496092196308455,1071.8750959217418,854.3510287780679,6,0,1734.520856256702,1054.684537835588,-3.005792899723799,1,1,2,-0.0676636766546179,1.5144351332477344,0.4605981362233844,2.529211209932446,-2.256949326612751,1,normal
9.05378584494039,1237.9737769713415,518.4627612853202,0,0,391.4295724751451,1086.3812797109017,-3.459272330215176,1,2,0,0.851145233603982,0.668567250343234,1.5457481265132893,-3.1645045007323445,-0.8757440463493638,0,dos
2.332855826852758,713.7213484959927,85.37684525861566,0,0,1083.6993401256616,726.3348033514484,0.4350502028917206,0,0,0,0.1100702218600193,1.934914125853476,2.9876678282882483,0.7362201100661661,-0.6237949050469487,0,normal
3.883227044917368,1004.4449317879768,441.8524217969679,6,0,1812.563206362599,875.3540697425024,-3.6864764825184073,0,0,0,-1.5860875802699206,-0.43155589089368,0.2177502496837527,1.1212341141134885,-0.1198400225912409,1,normal
7.36269892921193,826.4550267228094,636.8605407079132,6,0,3083.995420505003,815.1214305694876,-0.0119090507014045,2,0,1,-1.1242542951939478,-0.1063106510414264,6.701692100666563,2.779377400104,-0.3544293211155282,1,normal
4.7424934826388565,1334.2861955389374,66.29410095024755,0,0,73.4950699155374,783.2474569508759,1.900491807176273,1,0,0,0.2983135684156973,-1.063826243362538,-1.1892899044221417,-2.604021603880038,-2.15651320313215,0,dos
10.324501290512016,1671.2393910901028,8.987310493989094,3,6,1229.4907030615575,144.46986553935665,-0.5634128756177286,0,1,3,1.833833608693907,-2.4962742633026176,1.1007844107129527,-0.3029383477433454,1.3003956920131683,1,scanning
13.772654419177204,283.8924346637613,602.2389636135955,0,6,1620.76949647599,878.8154282455615,-0.4005341074427022,0,0,3,-2.440605280357857,2.560427431181558,3.4153098645293687,-3.100125384596524,-0.9520769420012194,1,xss
7.890749260314145,979.6076922851622,702.5611959643328,0,3,805.4943279626968,1863.6457265835452,0.910811224766257,1,2,2,1.5051785624815457,-0.7428643349476405,2.0976955071117684,0.7005409051409043,-0.8932260755301336,0,normal
4.697010741477735,563.3973374700889,590.2154256702804,6,0,1765.9416868687135,1362.9506469028795,-1.7493134399373538,0,1,6,2.0547984740505765,2.6228996533448523,2.5257176275148794,1.983326184313491,-0.9365862949399548,0,normal
4.114505120107074,2709.415565672851,849.6073450920038,0,6,3485.774435591088,767.935834232762,-0.9244113637332168,0,0,4,1.3790757339756885,-4.02252619059345,-0.8066096412845662,-0.2289474767303904,0.7081178130574486,0,ddos
2.1810266990102725,11.251907904884284,342.00933199229627,0,12,1370.704342911393,639.678578513875,0.7526303295770211,1,1,3,-6.666000035563952,3.0663740065709515,0.7270372850081561,0.7002535315342968,0.0171678646580441,1,normal
0.6297924786289134,766.7277982495909,378.8878632050516,3,3,1281.069774840826,153.1719823192277,1.3515707451627317,2,1,0,3.03548285704596,-1.5074517187126275,-3.321306748152157,-2.846312520540174,0.2209264130337293,0,ddos
0.1299376722520736,312.2263871285413,122.24337834318248,0,3,29.52283804710662,748.363703130979,0.9998437311995352,3,1,1,4.565934011154738,-2.6702318492968904,1.343783497063045,0.1374963087118363,-0.3121800497590661,1,ddos
0.4388014654198124,418.870060761247,535.6566526534361,6,0,1049.5900278571276,1306.5174048007236,2.77190666506634,1,1,1,3.4812984922066708,0.7127417804630864,0.8643816528905552,1.127033502450601,-0.6325182189695869,1,normal
3.7196842937017847,1064.1843816884425,590.5560835243283,3,0,794.7070832535476,2372.9394786384983,0.9015033846949524,4,0,5,-1.8669463628523109,0.904294630071638,-1.937155502557716,1.382116679272644,-0.1243477422234706,0,backdoor
6.351449905222859,241.0436633442449,131.17314904585652,9,6,665.7009150876546,615.7174068172287,0.7164774210497191,2,0,1,0.5583033409294349,0.0961668455642781,-0.8320544931711684,2.1469415552896245,0.3693425111002926,1,normal
6.9010058161648,474.9754931417157,313.32303426838,3,0,1387.4868329081846,1042.6649027812284,-2.429194311126676,4,0,2,-0.9821070179142304,1.8696178470423792,-0.60816871280514,0.7771472614628238,0.4496111879387997,1,normal
0.3457195008014818,685.5798897142454,657.0712845642811,15,6,2295.242179374789,863.8142629253315,0.2792230506409239,1,0,5,0.0097497548535976,1.3295678342564463,3.5832293837686784,2.727159317563912,2.59417652630856,1,normal
4.870784371367192,539.8744681644498,613.0649636416574,12,0,65.40022511418275,844.5088195925107,2.023630279869278,0,2,0,-3.086680370856328,0.7085520449685281,-1.442821047096028,3.25763098752612,1.937735221105114,0,dos
1.7534753068151068,829.5811438667282,444.4499925147012,3,6,1050.8268663522629,1387.0513877247754,0.5406867776830211,0,1,5,4.51999254017512,-2.795605449996535,-0.7275279278663883,-4.607932518322961,0.3226670663291608,1,scanning
6.611129942019433,359.340169231313,436.273421069546,0,3,764.2384437117584,727.0540244040138,-0.5934334330698625,1,2,1,0.8856411072903406,-0.4600284040749975,0.6866322835934812,1.5089452950633049,2.1622075975997586,1,normal
11.55686083722669,601.5233888113183,439.9877181754239,3,0,559.9637866163844,1009.688159108522,0.6261543692632782,1,0,2,-2.439286638956033,-1.1254248854717903,-0.2899780705141614,0.1521998248614631,-0.0961317340467041,0,normal
3.6026365491303647,703.5284442833345,571.0606270475563,0,9,667.6328822576128,1236.4216530079475,-0.7590803505120263,0,1,1,-2.627732629308983,3.331044470543474,0.908032750731252,-0.7966938659542802,-0.114980079860865,0,injection
5.003499020102899,143.5866602343928,21.263750886928147,3,0,829.0610561301103,1270.285746071202,1.288990162547934,2,0,2,0.1420274484494081,1.9117824949310964,-1.151684942408589,2.4210079630544894,-0.6221900467758846,0,backdoor
2.660147589604783,287.97591829113753,730.0870154214766,3,3,241.2868531456444,604.9055725189119,1.3185800067292477,0,2,0,-2.7311758020469634,-0.0291694751999382,-0.1870956224367477,-1.036474814184712,0.5610636020843438,1,normal
1.1668670655212974,1921.4841578151445,7.669922368835882,0,3,4042.0860619569353,2494.575903107129,-0.1267296624944942,0,1,1,0.0567493194534516,-0.0156573372188157,-3.4801671509722896,5.498178625950946,-0.2525497038418027,1,normal
7.241227995582944,2.377249040523721,458.8808837277277,0,6,86.1494125716492,1332.945751628101,0.9460390212105814,2,1,1,0.0783933894477428,-1.3419033001955702,2.2501818151900146,1.81511704767732,0.467999879635361,1,normal
1.941711800157928,774.0399566772818,37.15991219651864,9,3,244.62549595688407,768.6825273804242,-2.476871171773268,2,1,0,2.4987477596972987,2.443030343866167,0.6191523891838973,-3.47259891924726,-0.3072734287597965,1,normal
4.922706391800235,809.5468224481806,307.3736327571983,6,3,2091.2058458331526,845.5342206205028,0.6219385608686451,0,1,3,-0.3299165707371339,-1.6902856490125873,-1.348322631909943,2.704250326317352,-1.4725719453180053,0,dos
0.1341284213527248,1060.91412581312,525.0176678778689,6,3,807.3370661229483,1777.4727880016794,-0.0674695906614917,1,1,3,1.1796999310500011,0.378616959952568,2.4051205892289858,-3.559205648504407,0.1548365474017337,1,normal
6.611631154351123,52.54634881535669,23.30476800112069,3,6,75.99900698744864,205.52787570394045,-2.1161425939973406,2,0,5,-0.7461449913791225,2.196982032308785,-0.9267689198221662,0.0387469652421716,1.537423585908544,1,normal
2.0296651116976685,1201.1055700805357,216.37378414102795,3,6,2791.171058070448,839.346393948518,2.3496304937197747,2,1,5,-1.1202188679022431,2.632205113791521,-0.9645121951943189,-2.597377026168169,0.8223324043552565,1,normal
3.126030546385234,1320.8399140746535,393.1544810319626,3,12,4006.985824575803,2618.132261684212,-1.4115014571181506,1,0,4,1.2876864064662563,-3.65135299958087,-0.316359196515166,4.712003145109176,-1.9690505132387144,0,scanning
3.5731661317605528,1501.089963082445,283.9800753034982,3,3,2051.6359891976995,1146.0307239654212,-3.514548249775877,0,2,3,-0.291736400934194,3.9322828521854394,-0.6328923020933975,0.3648920556120367,1.0632698650109882,0,normal
2.5574984640357106,615.2451482137656,401.8466862680608,0,12,611.6933775779261,136.1305406132889,0.0447196982367097,0,2,4,1.989889980261349,-1.070963391349119,0.3846733186847209,2.708108729198454,0.0079280692997909,1,normal
2.4646272058155905,1154.1460241232303,116.39820301196156,3,3,2414.2832240015223,935.1979587213189,2.277078332473832,1,1,0,2.141972421863478,2.4629384856969843,2.283063912153525,0.3428554568481381,0.1675988973504436,1,normal
7.078851793458984,257.2309936358296,98.19645489200909,3,15,2083.1172484421827,1030.697588901451,0.8686980012961167,0,2,6,0.5495726847529279,-1.6820331674403048,3.169126412718123,-5.53327781545085,-0.2214387777199912,0,injection
2.152756755897044,702.7974809190295,654.8326758828167,0,9,2502.3298069755856,701.4348573450276,2.4393749438016545,1,2,2,1.7428060988221212,-0.7489608026624657,1.3158994207117962,-1.5038152177130744,0.995346880239453,0,xss
6.960710339178494,556.6701412754871,433.2799239970776,9,6,681.7410736827234,489.0047417041525,-3.1336258787535503,4,2,2,3.7626341345832346,1.5981287398651025,0.8032097304125045,-1.6868322994624052,0.2182400214518395,1,normal
0.2772892682136451,905.3819822218832,311.8961045125112,6,6,2171.903945222145,1643.6650070254068,0.0719557009892302,0,1,1,0.3409062387212471,0.0081641396454748,0.8327056623820883,-0.4641877097334208,-0.887039804340316,1,normal
2.1803709556868784,1278.0535782466184,360.1662684314284,0,3,1452.038426859954,1604.9343554934585,-2.175698446542662,0,2,1,-2.197344823672919,5.695816752815189,-0.9318414626856012,-1.290869043053571,-0.1826252666152669,1,normal
2.020988269938244,1835.801140258833,29.07908172728351,12,0,1883.2611522621448,655.53921621826,-2.388530188676053,0,0,1,-2.852128499157594,1.5580482342472275,1.1110359027680408,1.7481488009439117,-0.749373923568575,1,normal
5.521938257608312,149.38202580426056,543.1857311979379,9,3,897.7127437615745,413.9571233269117,-2.4661517104462494,1,2,0,-1.4515772794306203,0.8576341489032636,0.277464037453617,-0.2737003993555902,-0.1802895561021477,0,normal
1.687937031905015,300.5614934246296,152.0848272390333,3,0,708.5203217201482,1574.558479233723,1.019242163362815,1,2,6,1.8194742123287884,0.3664922322649278,2.497983550781006,0.9424866354944884,-1.4789725185926548,1,normal
1.5198549135369197,1834.925682088602,534.288255142772,0,0,1234.433130202063,2232.951366903448,-2.537145176176504,0,1,0,-0.7425056165524277,-3.789454849240033,8.024142602483513,-0.4322458636024882,-0.8049715158826701,0,dos
0.2968041433310362,678.0100556608927,83.26473528378095,9,6,1830.1398922096475,932.5086435944316,0.2637415979121018,0,1,5,-1.0940670505481032,0.6415042878718705,2.571885234264621,2.7644668410379367,0.4062930981375408,1,normal
3.727828829010992,680.5411173488576,105.50808250542514,9,15,1863.600630425075,743.654658525808,0.6217637247187282,2,2,3,-3.2361739780766072,2.360790950556684,2.548695038438892,-4.281332331385872,0.5979608179510469,0,dos
5.549275487986067,633.8390629740634,661.4532265965944,3,6,2454.3747734098724,2429.3185167207507,-2.18971672558931,2,2,1,-1.828075967572524,3.832913605243192,-1.53861036035474,1.4541516594518216,-0.6622988317462297,1,normal
4.195556834967495,457.7906907653319,176.47619952068058,9,0,308.028624069066,12.393479292059268,2.398347143380919,0,0,2,-5.041638938932724,0.8819809389745479,-1.8819494371290155,1.1585894055115264,-0.5375076324535485,1,normal
5.07164374604232,508.2255591209079,507.09533389762896,0,0,968.9024947315812,1003.92970226356,1.6788651597726587,1,1,0,1.463548506014773,-1.1152158222267867,-1.2756721893401712,-3.874891512575005,-1.1948201375783003,1,dos
5.31582468128955,681.9526344614598,75.64849500244588,3,6,1283.5918735665855,583.6581549319776,0.58097250566797,0,0,1,-0.6664688307000716,-1.079416672422808,-1.2676063591580748,3.305131833476878,1.4965615901139273,1,normal
0.1300601443632457,1018.6611097594152,190.2426464747964,3,3,443.65305848207817,1594.5142745267972,-0.9109854895680808,3,2,3,0.5104885726490311,-1.2149073308732383,1.0544873502873358,-3.532097005207432,-1.303617073320687,0,dos
7.347534464534709,508.5987705082914,229.68837218616096,6,0,2074.808221396981,963.2504423020316,0.5626554889909697,0,0,1,2.383633282538604,-1.8477612876201204,4.59244352923603,-0.065595596171512,-0.502398663868547,0,injection
7.290039722973031,196.5663508817773,190.5681585546781,6,0,1563.8902552104742,828.7116539835816,-2.778934387145933,3,0,2,0.8077927560736391,2.648816556269222,0.1289901701183256,1.95425494514272,-0.1811375997495991,1,normal
1.6769374866083862,128.53334759593395,498.9544229957041,9,0,2609.703617657136,586.3264333447011,-2.689735548056308,3,0,1,0.0853159950702167,-1.134783018509239,-0.2563530140607853,2.041882464271871,0.6379652339980771,0,normal
3.883022947588326,397.05745507586977,453.8498790928789,0,0,883.756518546841,760.2267724253711,-3.6363653907179216,4,1,3,4.4527980479254605,0.0503665012759426,3.0775000672840767,-2.312160448886204,0.2906989447392071,0,normal
0.1058339241081616,1342.5181340692282,409.5399285226996,6,3,3173.667566064201,595.8550750936454,3.4225614767250647,2,1,1,2.688566506506038,-0.1366903061829778,-0.1857463535399455,-2.6828473308150667,-0.6501115556115488,0,injection
0.4896501163467762,373.9069588487278,328.599133710463,0,0,497.4005888986473,2334.621181745927,3.382418153918084,0,0,5,-1.826605716660307,-1.3891235863842628,-2.8642661270838143,-4.737560010861252,0.5343215526817064,0,normal
1.6450471322992772,1041.3628194559576,738.6198495067913,3,0,2095.5409926963894,653.3064612460681,0.3456361499337914,1,2,0,-2.007676746709792,0.8092572699926064,-2.683485055090638,0.4362816743670205,-0.5204701850984864,0,scanning
0.7194218625529626,336.2720573328536,297.69363146082696,0,0,809.6954528621388,1861.725368089115,4.72976025050393,0,1,5,2.3970889282324688,-1.358169430023524,3.582289156912659,2.7965080651955723,1.945315209333378,1,normal
1.9980419539918657,397.6607776563754,500.81230845573486,3,6,422.7390821152131,819.9170656560291,-0.2692838164300953,5,1,2,-0.646220258649943,0.2727594054829494,-0.6962288382066497,-4.312836689949285,0.8923859189727849,0,scanning
3.716387969758338,58.17786091134869,530.8069500155706,0,3,1693.4072555294922,773.1100966562784,-3.7780671678111073,4,0,4,0.1809780683455699,1.5172039976117055,-0.7930011509593798,-0.0508135137832546,-2.3838008027151694,1,normal
1.481508910562097,478.6233609393853,185.5540050572811,0,9,300.2790378321071,409.662061699666,-1.288158381607181,0,0,2,-3.819217811268573,1.036245704871566,1.2480715504313953,0.2257142692678193,0.9470949921847014,1,normal
1.433840050627958,1225.1125630906315,386.2383272072715,3,0,909.1416564846706,544.8050477730205,1.085471051097629,0,0,1,2.1981150376691327,-1.206251196043463,-2.6012521128953026,-1.9294424938658552,0.2221034682980282,1,dos
2.9415509920127603,1518.6691510199562,41.187890826873605,0,0,1848.2543616407984,2054.8673927824416,3.8159571340959495,0,1,2,0.3862177505081619,-1.0945205737043746,0.367046124805253,-0.1506617768834639,0.5339457345076226,0,normal
3.0845117999055587,563.3545182052413,181.20349461229924,15,9,359.2787853966763,2102.8073855791868,0.7737481806004767,2,0,1,-3.4725927770873133,0.3673880667192465,0.1475592602626785,-2.787758992628878,0.7547591488134965,0,injection
0.0983593676219823,381.9824904815957,33.3169948010068,3,6,2076.841489291432,734.4405185592357,-1.508060072987273,1,1,3,-1.393495604300406,-0.1850036976888878,-3.608574377399753,-0.8731881924505658,-1.027302030076295,0,normal
12.215966497101231,772.1449832346941,481.4160276252234,3,0,902.2280872273582,281.9679797680126,1.5720671053928734,1,0,0,0.8273566092108396,-1.5237169303905262,-2.994350002067164,-0.7346034952274871,-0.3110974095400631,0,ddos
2.179192581322712,859.8784272707835,175.34616028375905,0,12,2249.8183695772395,604.6422816227816,-0.5334933196382045,2,1,7,2.0240705544824,0.26264935625234,1.2365737852498515,2.037812202035672,-0.1038680287661775,0,normal
4.505312524794062,1643.3235800866837,10.357871136535648,0,6,816.7935019408374,1650.1930982354072,-1.02067957686093,0,2,4,-2.916208442195785,-1.5967286807499443,3.2861629853346592,-1.246270486804698,0.766610702280631,0,normal
2.3978486591456343,604.4874373868206,64.93953652275447,3,12,1437.5192162998617,1918.3985001002595,-1.4205139038664611,4,2,5,-5.261614153939135,-5.931040965420962,4.900183262801006,3.339141781995433,0.2452067018759671,1,normal
4.168111600594772,16.404110147984596,402.3564971833046,21,6,1719.1824198576865,1461.4127584272685,-0.2249657290331124,3,0,5,-0.141551927249534,2.337382674927569,3.7595296554874342,2.46729826576558,-1.0371689491062497,1,normal
1.7662660875969611,1249.2431602611057,109.1790337814736,6,3,1442.0400405993446,749.9395656236617,-1.9562271958813384,1,0,5,0.0270372269801009,3.243301412501697,1.2115537562598206,0.7420632143637733,-1.4281623424848888,0,normal
4.299941968676216,410.208541823922,705.1493405835828,3,3,2134.846158649789,2121.6212089223686,-1.2891962913371295,0,0,3,-1.2431455883564002,0.0746838549637747,3.5637552419041043,-4.878371607521632,-1.4329570236407352,1,scanning
3.623783791312269,790.3309030942136,746.60935407566,0,0,849.8608766199839,1099.7925174612446,-1.8181647802066037,1,1,5,0.947990143305098,1.01745884077755,0.6131467064574451,2.43847396083125,0.9909090305379482,1,normal
6.047043481249361,689.4211583675018,272.29405764408546,9,3,2516.232408606817,1815.2224607217288,1.633693118306463,1,2,0,0.5069272908924697,0.48703904976955,-0.6696314453988406,-5.171719790496213,0.8954774943689873,0,dos
7.330792862231422,534.884353069155,929.885737549372,6,0,2034.7384129619825,631.426836564211,-1.1646159082537515,2,0,0,-1.345241674219547,-1.924995194409176,-2.2717629627689924,1.3859531752444214,1.4722588192580186,1,normal
4.897381953843306,367.10594116487806,281.3656609551237,3,0,442.212933136444,149.25338275940132,-1.0380777677044102,1,0,0,-0.473421211690008,0.6769193987661044,0.4921458192386713,-1.117888479433812,0.2320971392115719,1,normal
4.275752640151681,1474.927260903038,998.9695392307304,6,6,452.2353547733256,2137.0595585387127,1.736988962694331,0,0,0,0.0135076969653811,-2.867849019033244,0.3926239577108008,-4.166562100868528,-0.8176210917143639,0,normal
4.307285043593894,645.5555944339469,401.29790955842975,3,6,2470.015043024533,1253.1832076912417,0.0436867611097779,1,0,1,-0.7886455993344901,1.1350537228694926,-2.3974621516951324,2.0086297135787143,-0.144852518848086,1,normal
5.924765037119849,510.52618314589495,393.0388118097051,6,3,1143.3450924134042,323.5949776260529,-1.459811461423085,0,0,0,-1.789716626457619,0.5104801835841724,2.964427515829647,-2.447499996078747,0.2860279802294166,0,injection
1.48476941258787,669.6781996556831,181.37581800898545,0,6,356.94997919623006,1281.8785444927864,0.845769456599802,2,0,0,2.4322342680741835,-4.505902567624067,1.0504980259995915,-0.1561174144468784,-0.1318047072289299,0,dos
17.306124275965924,1538.7598303137,271.27282539526954,3,0,250.4763261146952,429.3355092165936,-1.6702956061646146,0,0,2,1.5516827928788035,-0.08134164957338,-0.3323203054416737,0.7764046585205782,-0.0869523281193361,1,normal
3.838219500036425,1274.0570672085871,128.83518576901648,0,3,2367.458269433145,1326.2989293615362,-1.7124659180832529,1,0,3,-1.1406095570564054,-0.122843656107785,-2.4516153833230803,1.6482456003278825,0.3452934571975404,0,normal
0.0822929765734221,1718.4140084998348,49.41051864251332,6,3,398.35619002841366,1244.328868856362,-2.158030766578883,1,0,5,-0.226667053930751,0.8241226502602593,2.085779330282169,-0.5314200062787062,-0.1834420395636914,1,xss
5.1077024736625845,221.86175281837535,11.218255383018008,0,0,1657.197704351548,562.3115324157812,-1.0381291904490186,1,1,3,-1.2067619602714297,-0.8499729089213663,0.6329417245874398,-0.2861727486814867,-2.190558993111071,0,ddos
3.0513397664910515,1093.6984318625598,508.9983322237077,0,3,522.0919042372045,1136.370895956641,0.4559278034731727,1,2,0,3.3342208689718458,0.4970804989838556,-1.7335263293414622,0.5278575275698458,-0.4343921845220388,1,normal
2.369777297723713,1712.7925443862644,665.6978209537484,6,0,100.78451089905884,2283.135590523671,-0.8780906138314479,0,0,4,-0.1952285980239749,-1.1747521195344712,1.4427845305433915,-0.4067052204969352,0.9158235021743948,0,normal
4.09430009113123,2082.963096834444,511.10215389143457,6,0,3297.492969131926,1751.5862482888451,-2.092811419898151,0,0,1,-1.4177977959009935,3.161849212336942,-0.3945615504879985,2.648066614016532,0.0977619759467338,0,normal
4.37324002974587,402.1904610381729,328.0790030529618,0,9,4414.043552861401,489.8147269741197,3.98449795289634,0,1,1,-1.7924374335478068,2.99296784355995,4.202968678406596,1.0045945467532824,0.6666050585283494,0,dos
8.42301266499382,888.7697961967217,234.4559371502345,0,6,1153.4054487916087,1121.8551004459011,-3.972671676278855,5,1,1,-0.4725240884940935,-2.254458994179425,2.4976985240329705,-2.177799586875825,-0.0881329483238786,0,dos
0.0875269977418954,448.4287558315429,105.81009995473408,3,6,515.3367347060138,1120.9845725252756,-1.2484188634100066,0,0,0,-1.414645753330469,0.0498906402211005,1.7176637288822518,-0.6467581585127594,1.5671469667186857,1,normal
0.5375503243863807,828.8329288060254,249.2405538661972,6,0,2120.926836341482,104.31478421898407,1.2782750076618277,2,1,4,-1.1760147035384705,-1.374786122174837,-0.7221680414532277,3.169620918591836,1.0281966541284506,1,normal
2.005483804471466,2467.986281009044,20.68058370733114,3,6,1708.5564331757396,1233.9805284294653,-1.6031548924908432,0,2,1,-1.952962986607483,2.468868533248453,1.0729221297516094,-2.118629639013027,-0.1440445877470001,0,ddos
1.852614152004648,511.6574688564427,162.19199293467682,6,9,1297.4292561980565,711.7749309831471,4.118885475651625,0,0,4,-1.78715215378202,0.9216450211898116,-0.6628433393239483,2.973700679081568,-0.7433043682538832,0,xss
2.504676519589866,283.8000583327502,268.6690929113531,0,0,2101.8482732226216,2269.668089762673,2.307812491380435,2,0,0,2.513692266199014,-1.3050237551534425,-0.3684248679666337,-4.126042823503625,1.915482034015867,0,injection
2.7877789916435693,388.64255155462,337.28484604011607,6,6,273.24024806660856,496.3002461120291,0.0855256316407857,1,1,0,-2.096647778958448,-0.6817217693273154,3.1870851914505107,3.5576112254591896,-0.4200756306578305,1,normal
0.3436936561113489,363.41226565258336,770.5934972465651,12,0,2923.852418631515,377.7353639096307,-3.1289122923287067,1,1,5,-1.1536670010166088,6.628702317338206,2.4735181344979864,-2.2769799098884924,-0.0563016120757798,0,normal
2.774006187267189,91.60396413621486,893.7417817283743,0,9,2135.055593528532,1581.9149948951836,2.0294129609932234,0,1,1,-4.136856574835051,1.6390781130631176,1.3913430796049129,-1.3059674065380311,0.3385652183975328,0,normal
2.182139251294404,1195.757918013469,823.8228525747652,15,6,1248.816758197497,1479.122969158725,-0.7190849757646158,2,2,0,1.0914540423281125,1.8632338132845403,-1.5898535237237983,1.1445977808680712,0.5375686643282395,0,dos
14.49639583715076,88.4873025683186,749.5980748709458,15,0,781.9539612643249,862.962933632534,-3.0905148223311345,4,0,4,-0.5814483572333089,-1.1693552858940477,1.0113487574694653,-5.014364561160852,-0.6266791730175039,0,dos
3.6769068068506554,221.34705604299796,804.6137030005327,3,9,853.1221744384485,102.4948894700874,0.8090171407135427,2,0,4,-0.020801705465077,0.2928474061492907,0.925536761561722,1.358981672851325,-0.3245507273126402,0,dos
2.4470597382552457,1156.7211562709267,535.8402659642145,0,0,998.2322983429068,2183.334114638385,3.833248126909928,2,0,2,2.855576663394265,2.5966110328209338,-2.986379338485748,-2.4858282196253887,-0.4656161951695973,1,normal
3.653851230139866,784.7254489179329,289.7641139421044,9,3,3290.177097536212,556.1662041415403,1.701136876041882,5,0,1,4.463230127473223,3.3453778331735267,4.09949859569742,1.6517381320175144,-0.6552303904210572,0,normal
0.2096108397676347,400.3824167042552,447.58179660755343,3,12,1659.2517975645762,278.88301044261607,0.3007771448240441,1,0,3,1.6443408591118736,-3.918066991062509,-2.439470831756865,3.0108856804282365,-3.4344699172433795,1,normal
1.898923024332128,954.9030795407484,205.89861633375787,9,0,554.814140033901,101.99792903052872,-1.5210899991784412,0,0,0,-1.6401937516452358,2.9036881619281694,1.2865323860866134,-0.8685390187186437,0.8411961013038953,0,normal
1.3301558564625564,589.0023399584151,424.5908506768455,6,3,583.7366760555617,741.9131689699452,-2.1700278267442283,0,0,1,-0.5395720844258269,0.6774281542184143,1.4165993609747858,-1.0689540191739766,0.6956818312559976,1,normal
0.4911510598797569,202.9659057755164,634.0601736086504,6,6,1179.501163927577,827.5245945850334,1.9314502764993944,3,0,0,0.9002159126548681,3.126865367601731,-2.198167268280847,-4.361248931795289,0.8263549198028953,1,normal
1.641896056033594,1965.3829101165877,310.7814578828596,0,0,509.1549089106326,269.28374596523577,0.4024489089118406,4,2,2,-2.211345801189173,2.456010211193758,0.9120575782014446,-2.833860761690543,-1.2944741330383538,0,dos
1.8339576068044228,1055.6205359072214,202.4946075690393,0,9,965.3764736133364,690.712101587717,-0.3518388021444278,0,1,2,-0.499004514469912,-1.8160123069960443,0.3546408476930246,1.6713719261331026,0.9920806623744785,0,normal
0.2121452007330127,1067.9882402588105,319.90902065909927,6,0,2099.0941705314663,718.8527416738189,0.8405688284356967,2,0,5,1.328055412148829,1.5922450476461951,0.4714959121548708,0.6265228999448329,-0.5570673794822889,1,scanning
2.740114306487934,1046.124020258295,625.0851268048086,0,12,1358.699479475708,1586.3229746663333,1.8385131760323168,2,1,4,-2.679367859040713,1.8573045261118573,-0.3963209904695555,0.2430489692504682,-2.017575588828856,0,injection
2.86493323067833,840.750043091696,595.3096540610242,3,3,2471.364366022,1122.9554196354063,-1.8667432784266949,1,1,3,-0.679024490107672,0.1802291876876303,-2.623988449021636,1.923942347307622,-0.9640931204936688,0,normal
13.906107776004884,69.43688909026935,273.7210291173477,6,3,1145.08133446025,1027.9483338458542,-3.4672386944667526,4,0,5,2.633746078559429,4.134108261968256,0.5022511552438362,-1.873907835496216,-0.3318542937280007,1,normal
4.876862444076805,43.66660956127844,302.33252783683986,0,0,341.41752358833446,158.87784721864625,-0.5262271294635827,2,1,1,-1.749265348340607,-5.299537143258092,2.755241563823668,2.1642557189266345,-0.4598540828561536,0,ddos
5.5334653682002255,427.35248711009,327.162985673112,3,3,303.9636088457955,2292.511466259095,2.574658640688839,0,2,6,-0.1438337764776183,-4.8404506112505015,4.573276619919674,0.4864477237181203,-1.4760272982156106,1,dos
0.0076534737539325,278.77382864088906,218.980966753968,0,6,823.9462916826653,67.27136638734066,1.8760417063114352,0,0,2,2.325653548039229,-0.6582330056008635,1.3410252749570934,0.3843599474882386,1.1535872037663313,1,injection
4.9452227961718185,2104.0825591782964,326.99694800517506,0,3,3815.1782762378025,243.95099394671104,-1.5022486848504573,3,0,2,4.669364100986354,-5.41602591145134,-3.2871459602649877,-2.2404264698574274,0.6154131907187277,0,password
7.211763442254281,1360.554337865564,165.15542461685524,3,0,1674.97047001414,477.94093304240965,-1.0984206666590863,0,1,3,-2.288308231002927,-1.890710508228344,1.048267733403957,-0.2974380234491451,-1.0483406609889636,1,normal
2.430776400837833,75.67424249572174,425.9601861161266,3,6,2078.255941212613,482.6198797210509,3.386122217239124,0,2,0,-0.5616691957542199,0.6612925206133091,-0.166109086519786,-1.2525623221334463,-0.0082249305344088,0,password
5.358650957781372,1898.520395539045,219.253219303602,0,0,1005.8896808800604,1258.213209261554,-2.4932137797258527,2,1,2,-1.0034243456401424,2.7674951160008048,1.5390852678723497,-0.2450109427245621,-0.4478678212127251,1,injection
0.1452422144968338,142.08079530653055,349.04027612569314,0,0,841.4536568868566,1099.86134074607,-1.3498390501189583,2,0,4,-1.2904006870725822,3.980290547169986,0.5110174897043972,-0.3397951354179394,-1.4654316717290434,1,normal
4.011742303861912,351.57373854957353,52.04010523569249,3,9,263.5064291012323,616.4910008273984,-2.438727501709133,2,0,5,2.4886102651725466,-0.4759254617872612,0.2227829199795443,1.111700978332709,-0.8701718424900622,1,normal
2.550624628747037,1014.8743933801204,571.9629094674208,6,12,140.30180967023657,1004.5868448462144,0.940720503852062,0,0,3,-1.220412021255577,0.7913061633745206,-0.3100708420602154,-1.3020603842806526,-2.1582782475936204,1,injection
0.4797863552244826,788.1648169246254,548.306514717322,3,6,1351.987533622917,771.5753649878,-1.025004652174283,1,0,3,-0.0177761211135289,-0.718200692178198,-0.9831896874767466,2.8721306506214037,-0.6594892359395929,1,normal
3.6957181494415066,177.40531186842722,168.9892350735748,0,12,1460.5985506493018,2548.314366571792,2.687185915792801,3,0,3,3.383912485866399,-2.4956555814201424,-2.543600364746495,-3.58478471978638,1.068817443900744,1,injection
3.210995424010949,568.8807700224166,273.2458642662406,0,9,1930.246590843896,2679.8648363491607,-0.5551119012235176,1,2,0,-1.7995142456242608,3.421401534656458,-0.7733669636181604,1.4313010186227368,0.7727066640825612,1,injection
4.303698586996196,249.84702548757733,40.40189408696416,12,0,1426.901306334567,685.4424152992985,2.823868351979031,2,0,1,0.5257788853811438,2.8148774564076198,1.0204581095060417,1.0771379928711082,-0.1099677264991766,1,normal
5.879060036440228,20.13386077068513,245.59460903344456,6,0,1687.6962894498215,23.980787980342413,-1.3293037275831003,3,0,3,1.8219335615219925,3.119447843479663,1.0729989378087377,-1.5209054137924565,0.5472474512535653,1,normal
0.3163736416801342,252.6630218704385,156.7177402662259,12,6,2366.7060773753706,2962.6380681601754,-1.78895508950282,2,0,3,-2.085365035389172,1.2403865461301804,4.431179053085752,5.427042334062094,0.06690030583863,1,normal
2.9988302519992254,1432.0154611207277,681.2260669123747,0,0,188.86242891293284,105.02874750864817,-2.7537522683221085,0,0,0,-0.9154217618927942,-1.621428975978242,4.649735458382501,0.9534844852449232,0.4299283752175104,1,normal
0.833468442987743,1054.248749170585,249.54034782220992,0,6,3670.4819304949233,2209.934263961417,-2.8522410090804,1,0,0,0.218917420787791,1.8161132004090952,-1.0415354486222717,1.592945730256053,0.1166120259676643,1,password
0.6083806978615105,12.142523811645267,204.00493860763248,0,0,719.3060718212549,44.10786518380846,-1.1255055611157596,2,0,3,-0.0041680259628851,1.4111279906887566,0.1060312473288493,-1.612952311261953,0.7971478909279097,1,normal
0.3152577728123884,836.743386603675,617.9885059252952,6,0,1453.9684772104015,11.650179607657506,-1.087199591106536,0,0,1,-3.344738544459222,4.897778781418524,2.815406147847636,-0.6372039826635627,-0.7749986783653627,1,normal
4.415284544682358,792.4732494202871,592.4062861936908,0,0,654.5942134892217,764.6944661275691,1.289988160788315,1,1,3,-0.3185978869646415,-0.0763125838313951,-2.6562589084364285,-0.6301756076459029,-0.0688166981289065,1,xss
4.721838578223538,572.4879180424746,360.18532054071227,0,3,614.0613085307756,149.7397097771399,0.0734027763350289,3,2,4,0.1605782750844349,2.521708628418401,-1.9088037648162752,-1.5980205769149678,0.1504774128836249,1,normal
9.00100472011668,306.9316843205942,789.846883364292,3,0,667.3596831202204,617.7538834518563,1.2216320163202423,0,2,0,1.9497136421188457,3.093809643597713,2.0754547374776604,2.068689750421334,0.2768813162663082,0,injection
0.8449221379833545,735.3992123505761,53.82314555232067,0,0,1955.440605045716,1673.3482628122515,0.0956377463069002,1,1,2,-0.8077757060311612,0.8810328684197049,-2.0516913269325787,3.03757580953892,-2.2858546703891647,1,normal
6.786885163728071,1045.5025143168568,135.13949686653078,6,6,1866.4115459632476,1088.2669667859282,-2.395042081292696,1,1,0,0.8897749442009821,4.769134245125293,-0.0741904885239694,0.3660672597519677,0.2239345503042017,1,normal
1.5865285425395237,69.76684495142871,199.503693087435,3,6,67.60750491171754,576.7668348732274,-3.70155435801529,4,1,7,-1.1432532539576497,2.386928685400409,-0.7508015796666908,-0.9376468949520184,-0.4437700840252683,1,normal
0.3649589090642005,850.6513595903784,58.45515452405553,0,3,1158.0696161519702,2119.233200590737,2.3021983930621177,2,1,2,1.3390186453597912,3.047425778944977,0.1258574738369156,-1.6588647561849064,-1.2804756215398534,1,normal
5.384610580205743,322.44612928290024,805.2549377481586,0,3,2094.163548506316,877.3657964734421,1.668690028931334,1,0,4,5.945780150353643,5.593519040418407,0.5090395084729851,0.6676353537828525,-1.705113238872005,0,normal
3.9514406041257377,1976.9137953627007,686.7788471553743,12,15,4493.182476996849,1674.1928347225023,-3.039022255407361,0,0,1,4.924607617513753,-6.881398610913522,-4.634511251261013,-0.864349424865337,0.5035937179339428,1,backdoor
3.755164303889457,3068.9740519690336,529.7083031574966,9,6,4050.1755814732446,189.6110287021451,-2.14027858610326,4,0,0,1.477691505931025,-4.904232916027912,-3.242430601094827,-0.1096408303257696,0.2757607583363811,0,xss
3.5955676395525367,330.2860191937371,491.44352763387866,6,0,2343.1547619296543,939.6913224764476,-0.9499512817332568,2,0,2,0.1764895494773155,2.8091909638429797,2.154942364500173,-2.4533024275713915,0.382717026897058,1,normal
2.737536075412143,251.0398480896402,440.8032382526396,9,0,1841.9002926622693,793.3911114692394,1.8783356383785352,1,0,3,1.802892674112639,3.122970890962889,1.644932912423473,1.3003286670244596,0.4528176499008813,1,normal
3.782287610177434,273.13092093048306,175.00859553652035,0,3,209.02028879640892,797.5685157578095,1.7042167092077969,0,0,3,1.2326787583203054,-1.7613147117265884,-1.2462446138073149,-2.003035531760496,1.1721278994926656,0,backdoor
2.906606580137294,964.0357154307228,164.7288837435796,0,0,1802.049729194392,272.0444980268373,0.807832730195299,0,1,2,1.848083254209232,2.968661406970913,1.3929314598088642,0.8870245687489264,1.006315378057718,1,normal
0.976008492099092,929.8003945608116,1437.4084221354135,3,3,1045.569692817424,648.4599187435447,1.7885408805691183,0,0,3,-1.8710916683169747,-2.8189756496863323,2.166268952147189,1.2331485513128644,-1.417394612809404,0,backdoor
3.7526361419066094,1973.3085306402352,60.03853097341593,0,3,3725.6794360580175,89.79499034566906,-2.9001546980697848,0,0,3,-2.57555514267233,-3.278385217195087,1.5592223625339976,1.581852198792175,1.0116905350603007,1,normal
8.853722749485113,1200.5041779552384,199.80780718735892,3,9,193.71613590489468,35.33126584629486,-5.360022630378525,0,0,2,-1.67616690464209,0.0800919907629005,4.977656230412247,1.804947832076622,-0.2945797219933951,1,normal
1.7539309922997115,539.879315045699,451.8206685128201,9,6,1136.1158374242175,1092.676029250876,1.0900805573460346,5,1,4,-2.5899743932463366,-1.3456022721056102,1.541318965745458,1.2005661193617914,-1.1434905964590862,1,normal
4.472184183970486,418.6544954071635,37.04772663476621,0,0,1739.516546945077,1994.0925451888295,0.4601819733973005,5,1,0,-0.100529618284179,-2.347600435956921,1.8094150036483807,-3.710507476518414,-0.5235761634661491,0,dos
13.462453803118636,1478.3255065249405,232.1863441120084,0,3,1402.422352194304,1282.1406622814898,1.2227627404723431,1,1,1,-0.3574084282608266,2.2224591627568246,-0.7928473411398831,3.768466574648236,-1.5895679334581143,1,normal
3.8919450003611447,646.5984038741407,532.6745863439223,6,9,574.1954604137084,239.11865715846395,0.7369500059423193,1,0,2,-1.0017098472343255,-0.1322969631212618,0.0910572543895276,-3.1843306793512456,-0.8876351002393223,0,injection
9.190326427769044,1238.8338553831006,598.4762766292725,9,0,1059.2475015578177,1876.092901097688,-0.0791413651716037,1,0,3,-3.760697948193168,2.927545923825124,2.336885114828622,-0.0382787791505025,-1.153465884061922,0,backdoor
6.31808045219163,336.1781897529256,836.6478927857335,6,0,453.5699798404901,1073.882452619163,0.9379224400069036,2,0,3,0.8503631800915821,0.5933499122384966,0.6366228822690762,2.2815534250737723,-0.1858429852160239,0,ddos
0.0999126694691017,1161.2693892016673,371.4492592796236,0,3,223.82145717794168,443.8040422851936,-0.4493816046757096,5,1,4,-1.1879816263107397,0.5292855449853542,1.2421305165422003,-0.4453306343156614,-0.7951286081487465,0,injection
5.850721859683096,1125.303980539844,142.3406660196647,3,15,1228.4100829245035,1846.6727569846305,-0.6450088788053088,2,0,5,-2.130226398041544,-3.124411287266291,-2.819855473912344,-3.8746400500997895,-1.5401356678341236,1,normal
5.27311557610255,2.577361044249993,423.5032443393759,3,12,2140.549299391484,870.5454029305502,-1.6226043461460944,1,0,7,1.1083635821765674,1.6648877812340177,1.9265962383889956,0.8589634433708414,-0.4008821816134688,1,normal
16.131142341650275,581.052622840745,482.17620114801736,6,3,318.9901048926919,155.25264084555332,-1.1308613528249134,3,1,3,-2.589431245064352,1.539848300141697,-0.5659138853387077,0.0399218873849305,-0.8578975163084772,1,normal
6.387384078948451,2552.8420863099955,189.3511351460361,3,3,5015.672912198048,2761.85702778136,0.2227918484516429,2,2,3,-2.154869140498022,2.1596887351470304,-3.21674022214831,4.615870105246959,0.3129356218683892,1,normal
1.7076760246278402,1185.435359686379,472.9046853858152,0,0,84.02849979376835,992.939762715363,1.4860043255113653,0,0,0,3.569247437662325,0.8505191934709758,-0.6332790461066533,1.0267488870931714,0.5511165087751816,1,normal
0.3586861025779754,1143.020742839719,355.46835184476686,6,6,997.8008773118166,1482.0251417402576,0.1017824565719067,1,1,1,-2.873663167010272,1.4751763168083376,0.34110706254275,-1.4637624210018487,-0.1344362570798061,1,injection
5.742582277548665,987.8964491557078,69.16000781560993,9,0,1083.3368244439064,972.6407790987708,-3.012318478383107,1,1,2,-3.5735487578019347,3.826544181841098,-0.8233940700299982,-0.7040726953827239,-0.8524744931329953,1,normal
6.975252844956225,556.6146814796252,446.4581572768132,0,9,2108.811342378309,1489.3525768194313,0.6812049516349261,0,1,3,-3.790184761764314,-0.2171923168545011,-1.0205581127539107,-3.006948141451809,1.3149805542476556,1,normal
3.8331106077597656,130.8392476919853,457.1154301309781,3,0,1608.5960371619212,74.1862538298128,0.299297521935978,0,0,0,0.9391671105867724,-0.1688261861350117,5.699771144060751,3.0463696908589126,-1.3645285997183043,1,normal
4.176497795132265,687.7436422540839,476.0489617429028,0,0,2748.570641480127,1636.1998202857571,-1.0640563654553197,1,2,0,-2.055072487243337,1.1348079661553414,-2.282572138211457,1.2877262566126653,1.7007764458126209,1,normal
6.451220255426725,436.9034307549613,193.1342778733156,3,3,890.6490609033405,924.1705310751064,0.1995643494295516,1,1,1,1.1336664638990197,-0.6698992176375447,0.0405495947368332,-3.4283465941764746,0.4723092818727495,1,normal
3.0397010873691426,604.3785509739782,140.40451249353066,0,3,1424.578957674852,1110.9119201749547,0.9806901529028555,3,0,1,2.5165026311674605,-2.060880792682844,0.8441459500987791,-2.2271800530119723,0.1154891614742101,0,password
0.4954683260973807,41.16063056286768,58.70367175827435,0,6,937.3968567730104,171.95755888111665,0.6716266802275389,2,1,4,2.927534851777488,-2.794455926857905,0.7444038632050085,-0.0797152902975959,1.3988088880313865,0,scanning
1.6535787615554298,95.04943323815074,416.019706557997,3,0,341.2533971510033,78.81663136901842,1.654186684503653,0,0,2,1.236120357460062,-1.315443871363512,3.369474106459296,4.124872340385021,-0.4466190192744936,1,normal
0.6190528930795357,119.7772430723072,455.4341708595184,0,0,400.7579789284304,1716.6710047108386,0.2442185114243259,3,1,2,5.420260397242073,-3.947914109321811,-0.8400441037587092,-3.8864865619113553,0.8200568291702584,1,xss
3.7526361419066094,1973.3085306402352,60.03853097341593,0,3,3725.6794360580175,89.79499034566906,-2.9001546980697848,0,0,3,-2.57555514267233,-3.278385217195087,1.5592223625339976,1.581852198792175,1.0116905350603007,0,normal
1.9874554467207532,1183.1661352018773,217.10423220207772,0,9,736.2812855330321,949.7661965893452,-2.290169844011499,3,0,3,-0.8046457937198004,3.01339715693428,2.4287540479966525,-0.560345147027041,-0.01732836232098,1,dos
1.6074508887837535,284.2538013652811,311.8722725145451,0,3,1773.4058167029466,116.04861652917891,-0.6798536686685247,3,1,1,1.7714718593827323,1.2798556183581116,1.4228934891002467,-2.8433046071279406,0.0134179503582794,0,normal
0.5854180147638853,1142.778895120126,59.49677360276516,12,3,2237.506486141391,9.27855902745444,1.678713732938688,1,0,1,-0.5021963345345221,-5.3871824826833645,5.772339615151821,1.2125366339293684,1.0227805337540878,0,dos
2.9684922293717757,2881.438359056893,50.83303772453194,6,0,2353.028282497058,235.31071727862263,-7.144544228217153,1,2,3,0.7861273016480677,-2.4938042905072955,8.090099189252259,1.440785070647462,0.8021232869756123,1,normal
0.4247343381328891,553.2514276639349,504.844034950793,3,9,1294.206920092484,1103.8020053093962,-1.786852308023387,0,2,3,-2.493434322555556,1.6820786883498011,0.8966082250780183,-2.1754486215424547,-1.1033583398262816,1,dos
3.128097387678366,379.747964818522,140.60082081949238,0,0,1502.7298782406642,666.1868962749489,-1.078784974457024,0,1,1,-0.1145350719039399,0.7693513820619204,-1.4711325424254122,0.8119542527904804,-0.6454478271383061,1,normal
5.08269264497237,168.95487059400415,180.8743717241204,3,3,2317.69475860522,1554.8763928609635,-0.0986172403624183,1,2,2,-1.826117288645115,3.942879448458572,2.1093674395974515,-3.242576513554176,-1.094340339973648,0,normal
1.2122273148762943,1707.6433469800274,120.68465342382444,6,3,635.9840539186778,1538.4711386795566,1.1332970328342444,2,0,0,-2.965350976273033,-3.90817271938806,4.493351571977116,5.082117939047997,-0.2607876474091954,0,dos
1.8775927702802184,453.0448385514395,215.219399311272,0,9,1477.1562618429,606.2035287584921,0.1032928782163429,2,0,1,-1.4411148956645214,4.123014221197038,-2.4238385281310446,-0.6054088120171934,-0.4199383217696945,1,normal
4.297251864354297,1015.3151213201794,786.2226806722964,0,3,806.1493128805141,1810.1265751684832,3.8202236614092335,1,0,2,-1.1393103830547853,-1.4740485628033164,0.0997351048605714,-1.5714036454907492,-0.7883218748574897,0,dos
15.991319086849312,1542.1879876724922,17.555426174341047,9,6,352.5059057697284,282.5070381896926,4.0959970014052445,0,1,1,-3.308270770821035,-2.747127626621375,3.9157179960766655,3.005070042175885,-0.9879254424315784,0,password
4.621685857499725,243.15933136476448,961.2430279747472,0,18,3273.201370630324,306.76388683178715,-0.2283605482361976,2,0,5,0.1898142702763785,3.106065779276152,0.4260378531123492,1.6466203720348616,0.1240329691811613,1,normal
2.9145164760045192,641.408873662077,642.3703639093222,0,3,964.3039186082656,999.1841589548468,-0.3581810097797373,1,0,2,-2.662139692016832,0.2221022778284076,-2.348715437520932,0.7782679339843139,-1.5134517887662322,1,normal
3.9514406041257377,1976.9137953627007,686.7788471553743,12,15,4493.182476996849,1674.1928347225023,-3.039022255407361,0,0,1,4.924607617513753,-6.881398610913522,-4.634511251261013,-0.864349424865337,0.5035937179339428,0,backdoor
11.677960506783574,244.4840258303547,298.2225754241339,3,3,1050.2059559229383,727.1089624092269,0.2254942451047434,2,1,2,-2.432143274357191,0.4074890970517156,-1.7271727864675872,1.605270633941149,-0.2196366491015719,1,normal
3.0795106336518985,262.3953043865582,323.4714806975759,12,3,2026.6564712531408,847.2370569931538,2.6047242461594817,1,2,2,-2.4577976912029458,2.103510098455872,-2.2284846625046395,-0.4109246858118348,-1.871549750258894,0,injection
6.190832899854456,2116.709005363704,37.10832873490023,0,0,179.13083635049514,878.4550280481831,2.8810253569661706,1,2,1,-2.8531900084417785,0.0190793471096031,4.976748047860086,4.600498994304499,0.3235242386779458,0,scanning
3.3743981598011743,216.31982753368385,9.210105574243704,3,3,158.1034215503945,1187.4755495427464,-1.1907041959330824,2,2,6,-1.8162373158784213,4.703831373275508,-2.389658644018569,-1.8743007137983192,-0.1910384715394786,1,normal
0.9416938070016942,15.330368188211985,372.4220076602697,0,0,1300.069467516665,367.53287499746034,-3.4307115265761388,2,1,2,-0.5558677103583874,0.8741889950178419,-1.3979208933214602,-1.6716342830288362,-0.0285485763698491,1,normal
2.941370270992405,494.3847869614554,145.7826213827734,3,3,709.449946407929,153.7010427451284,0.0575367510493074,1,2,0,0.1831349930129608,0.9005242148343058,1.6172151018320933,2.104031199133864,-1.1483364991086944,1,normal
6.323822399321596,1497.5494989514889,302.03111433965813,0,6,2706.5550843371843,1168.209363421977,-5.912892618541055,1,0,1,-0.9353907811488628,-0.7979922750882473,3.9161351159075855,2.3734928223136924,-0.3106024974281084,1,normal
4.627858260332999,1011.1153821268042,379.3793057825622,3,6,615.1196437333601,184.50571087096048,-2.456942905980358,0,0,2,0.1686589626223134,-1.641154391151707,1.3237759625244137,-1.689669148221092,1.9165999285030808,0,ddos
6.451220255426725,436.9034307549613,193.1342778733156,3,3,890.6490609033405,924.1705310751064,0.1995643494295516,1,1,1,1.1336664638990197,-0.6698992176375447,0.0405495947368332,-3.4283465941764746,0.4723092818727495,1,normal
7.611520088215441,982.3746225391,518.4042664946943,3,6,7.778263565369989,972.2405379396272,0.7349878839159409,0,0,2,2.766841693579031,0.7242154902507598,-3.06496051911519,0.5622377920976341,-0.8590845937552161,1,normal
2.8409440327892725,1090.64953634904,593.8450460796807,3,0,7.241521593659993,47.682560883400846,-2.4288120722666484,1,0,0,0.1883731484189912,0.9799118398609312,3.277503786830093,-0.4344667716525887,-0.6716282165858326,1,normal
10.668734691208872,182.0650371116652,648.2995278019384,0,3,2152.155197331814,1018.259955356524,-0.4607366291068229,1,0,4,-0.9572062617079516,-2.797784191684905,2.0302864000985754,1.279374897157683,0.1019211833413807,0,password
0.5240550769026343,1517.240130029668,508.0237416652914,9,3,538.1695529401256,1405.494058295852,-0.3957360619103363,2,0,1,-1.5414155433331342,0.0404199497712649,0.5450453701451907,-1.8692548349888616,0.8519922881341209,1,xss
8.33939768285967,136.97593779483697,316.7945121166503,9,0,2030.1532135393425,758.91564248797,-1.1261478246715055,1,2,0,-1.1222836316438984,-3.671526378661289,0.4323992825340915,0.8006078744180829,-0.5073204017583326,0,injection
3.754988606788588,310.6203427123394,207.13318366167115,6,9,1237.4803438554638,545.3943103554835,2.499365331831392,0,1,1,2.227158870753029,-0.2934694752252603,1.1210371673939206,0.4615666040504362,-1.2619733425827575,0,password
3.490416521301585,647.339686728931,242.11203929930252,3,3,1232.7943151868913,1133.2526943215762,1.7600399253864485,3,1,3,-0.338220438158832,3.644119995332262,-3.375259960618423,-1.1500317422939597,0.3265554002495535,1,normal
5.9482779921025415,1475.8075320975736,545.7889124766532,6,3,882.4502429141276,276.9192436377048,-1.4548677006289683,3,0,3,1.0748683782080837,-1.2940462774601798,-2.4847019906853944,-2.0092340281455243,1.7974529509579142,0,normal
5.248948548708268,386.67220419944726,412.0760299778316,9,0,907.5512382062154,1014.2129956894264,2.3295371179979227,0,0,2,0.3844911355773583,0.6737726396435113,1.2245098003618804,2.755440474977377,-0.857812821818692,0,injection
7.690622668393484,2666.2287227863308,1006.0307668158744,3,0,5091.483167937427,2821.7238795464004,1.5569109267234749,3,1,3,-2.165840619641481,0.684178945350421,-4.704061409429149,3.814070175088229,-0.8284465704558436,1,normal
5.8965097336131045,403.5760664158462,777.3400849971456,15,9,63.07604388069043,569.2240699228383,3.0137769204625977,1,2,2,0.0693425656789403,-0.6778246183627918,1.8766185002372864,4.508177532266352,0.3350996484240565,0,normal
6.386506615864053,181.25338640197356,1060.875224515852,15,6,113.8454988431278,1342.3495100710238,-0.6409941287186394,4,1,4,0.2719182081093261,3.7628679512198513,0.1417025232140711,2.056647500286393,-0.4927796276196273,1,normal
1.6223003055764964,329.2618607971726,8.940546084359353,0,3,1179.1232363358984,1392.1202625469462,6.017214831845641,1,1,4,5.602985708950055,2.171301624212189,0.6699124601020112,1.1697311998745883,2.2534238330725915,0,normal
0.4395556252904897,345.1552446536357,79.87384532198304,0,0,2123.069755968256,1757.9027782268497,-0.2868105535348285,2,0,0,0.5839088958746317,-0.1570650791108838,2.2825352190225106,-4.8641659805227135,1.3735083975054456,0,scanning
1.5664871913947054,1115.2706940301891,730.2423219306942,3,3,1615.193298827745,2053.515245240942,4.002662913209124,3,0,1,1.1688312867602964,2.319816278277844,-0.5531208626655622,-1.2242407547651564,0.5912885123173844,0,normal
0.9705051616343604,471.88398696946433,309.77804995788694,3,0,1272.082701377126,159.52700176413396,3.88704986381112,0,0,1,1.1494324599509005,1.271374434284759,1.178509923651628,0.9942931710902406,1.355128447576224,1,normal
3.779985987664085,1562.257540745019,355.81297501474444,0,0,2234.903108610333,1590.5840161983135,-0.8008738317573131,0,1,0,-2.0558023126262293,1.8998641456830567,-1.2196582169420256,1.2412055005931837,1.751787357739276,1,normal
0.919428799024866,245.4419340723769,281.70942264082703,0,6,818.5425365821477,835.0785755895304,0.8070191425644848,0,0,0,-1.6476246219162247,-3.0757843491812213,-2.441965866294914,0.0084939956386489,0.2285354428287957,1,normal
3.870779381486579,90.11508464405382,17.16161840339862,6,0,2625.362658316013,243.33623633492465,-0.7795715665431828,2,0,4,-1.2264452575176288,5.708915620415272,1.2641436000008035,-2.12857584009076,0.919861757248286,1,normal
1.3725374299252917,1127.1514593216386,102.1436539893794,0,0,2357.111038538493,1184.6751333274358,-0.6453217477464719,1,0,0,0.2419714828576642,0.2854728237690633,-1.6375444488033577,1.5968541296095589,0.570194456421812,1,normal
5.6727264817913605,316.38817577164593,284.96221922234486,3,0,179.88435686834896,1020.75145007537,1.7201025605819813,1,2,0,-1.776445215041583,2.3096020046719223,-2.135223961284156,-3.0707033755171254,2.9405785545424097,0,normal
6.226893458546536,1288.8028779625706,681.8263053993365,3,0,1626.0666896306752,34.62142535804417,-1.7109366119747127,0,2,1,-1.8688377967376013,-0.0209098898875104,1.1226554781068998,0.0229435310160679,1.0286806951099177,1,normal
4.366540254510221,1147.381751867902,767.4457538213037,0,0,1316.934704651819,197.2508764390466,1.0595691076128109,1,1,0,3.203124217771057,1.77233672064486,0.9082766072162974,0.8841977641782603,-0.6478521702354675,0,normal
3.3236166495701704,748.9500080643867,321.2764646262473,6,0,117.62373911627802,45.07513582841543,1.4614116360382463,0,2,1,-1.7715916959364737,-0.1539705123281218,-1.9538100033508197,0.008445528908793,1.0459404152072578,0,ddos
7.301519318993085,2251.124652852749,652.2282274492713,3,0,64.1963592383195,2279.269257173899,0.7579084994178222,3,0,6,-1.791377790425286,2.999596639365099,-1.0588398410358033,0.0018768995562064,0.0446555998960326,0,injection
0.3924625583538877,457.277655673174,727.5998378321215,9,6,2438.7023766406865,323.2571598205432,-0.2566824441767676,3,0,5,-3.8186732393674143,2.7483682475026283,1.1999312597522696,0.1046847745953121,0.9555207369654364,1,normal
4.631158911776507,462.8336175303427,128.68111097930296,6,0,2194.800285062045,1918.0716880935595,-0.880802273315638,4,0,2,-2.8373067384923045,-0.8128378600470877,-0.5956108404903138,2.3213164120171395,-1.946469863264156,0,xss
6.222974919996202,978.1259081579768,1231.524905861803,6,3,2863.246937638226,757.5754014988534,-0.2673539828698381,0,0,5,-0.7043021288601785,1.5378433559192202,2.54551587704529,1.3733895015706012,1.1037653666484513,1,normal
3.103588638058044,102.85198642394585,669.9575166769464,0,3,1695.9864690812758,1090.3758595518352,4.378200397002408,0,0,1,1.1921445836059046,-0.9280001745673832,2.5856757697733515,2.5002961548244764,-1.7168033298385694,0,backdoor
6.727997194387656,595.8779187327948,793.9862045581098,6,6,1300.7065247435023,167.46186899087598,-0.2885025072807642,2,2,5,-2.118288130220737,3.548201525412983,0.2329108098769885,-0.994445100980322,-1.7609633130455298,1,normal
7.228112208983072,445.702816013526,159.7083134936121,0,9,2054.5079175931755,2034.5187285929317,0.2053175716996309,0,1,1,-3.792117871189826,1.8001862095328898,2.362777587554516,-2.5102066440571456,-1.5682629280954574,1,normal
7.07532143205447,713.1765256563232,56.44272996931719,3,9,1093.9658399945677,3123.244376555713,3.324873316016151,0,2,6,-3.0080142520873645,-3.748867144284202,-0.7743716475661375,-3.487701050842995,0.5223832835870627,1,normal
2.926251874837684,1624.7535950284298,503.4006856674479,9,0,1065.4687407193564,319.18259280379635,1.4441905093793503,1,1,2,-1.976878726373266,-1.480152213504922,-1.3619113611179643,0.7447645284209166,0.3032529308823063,0,password
1.003344215313843,614.4709770105316,394.6122853222008,0,3,1511.7328663291598,1107.373304051942,-1.4271543364194943,0,1,1,-0.0615944849350245,-0.4358971167716521,-0.4863510131496931,-1.1235273888726731,0.7778483463813324,0,xss
3.051138627684659,879.7173787108643,393.54111529641256,3,0,19.4114434290059,1348.4055596762764,-0.5936851212937859,2,1,2,1.4226894614959174,-1.0507117093056169,1.5400500597703228,-2.964519333547009,0.6227399410766886,1,normal
2.169583468928914,19.05504248425838,163.0674335756273,3,18,788.3300416415866,1685.125454222294,0.3793882739733134,1,1,3,-4.41393643084144,-1.464519582817114,1.4228100917139848,0.7337750673352383,-0.3293846304405756,1,normal
9.997670323808077,1462.794873467678,425.7857771418248,3,6,1798.6166613317023,307.7579591874236,-0.1349608156222075,1,2,1,-2.529256426526991,2.241930616947009,3.816991783160616,-2.441738391980997,-0.7724071032035941,1,normal
4.240421269710546,2293.1961591114696,422.1411315483434,6,9,2701.7871484012185,3223.8450361857367,0.9578857515531556,2,0,2,-3.517571927948973,8.602201458180657,-0.8362323462308936,3.872111791138688,0.0040444931588925,1,normal
1.3380589090404005,465.801524873872,454.817642802974,0,9,925.9040963679043,2126.866978146106,3.159673869889479,0,2,1,0.2112142997296855,-0.5373458733454288,1.6454485317724,0.1520161710499792,-0.5860702871361427,0,dos
0.238586127120171,199.32465498597043,816.3360225671563,3,0,635.3587631056662,1382.135148036051,2.490313292527685,2,0,2,0.7510403006825201,0.6568338149273529,0.7737766270115323,2.692419636021767,0.1269806436309949,0,ddos
4.323234809419343,969.6980914713872,777.5720529920993,3,18,2150.3609361950816,2159.25177036734,-1.7242363979770237,2,1,2,-5.870669246112229,1.8989134101451712,5.682403190869124,-0.176665701686713,0.2045762382069387,1,normal
4.251099127445726,284.7689954598745,489.6047615381591,6,3,3605.048166003563,1256.0411499674667,1.4402664918295074,0,2,0,-1.381764969239812,0.4752558752333068,3.0087805336293085,-5.365949640603401,-0.3983830044722333,0,ddos
4.834139521747609,811.3995205806804,733.7314669261932,3,0,2810.069521293096,1586.4059789167711,-3.4598760133153377,2,2,1,-0.7965268436703306,1.7916012884249026,-1.4373912759877028,0.8760824716749507,1.9982813636241672,1,normal
2.258140950246532,193.64667940319717,246.7298590809501,0,0,1442.105098395154,83.78939615181868,-2.9447244173906064,0,0,1,0.1184248949389625,0.6056725333727337,0.8449235858140396,-1.0443442010913355,-0.2857447899832399,0,ddos
7.713641334503356,1766.6021112408928,523.173810265064,0,0,2861.47328169342,1487.0104041207487,-3.850955360024329,0,0,1,1.0002492681242985,3.816683529418056,-0.2529990816992674,0.1895295014732887,1.3292482914166257,1,normal
0.626153053336616,568.143469358077,202.3386103856956,3,3,946.203573026141,644.0410129932717,-2.5887142106532792,2,0,0,-0.3216375252605411,0.1347897669617688,-0.6395403281854775,-1.53063586341374,-0.688882306107124,0,normal
0.3094642498421038,2234.9330897983805,220.32246341048025,3,6,4381.80090647631,915.5149408589411,-1.1635167427127302,1,1,5,2.05104795712162,-4.0615124106908045,-1.5315800978920775,1.3585355914199937,0.4724335687937578,1,xss
10.154365424141542,1298.1827311620204,736.7365326855876,0,9,678.2608374146778,453.3041148261879,1.1036512268148744,2,0,4,-2.9188100729706816,0.2356058388687021,2.3111615835041217,-3.805324626592774,0.6160252869500845,0,xss
4.897381953843306,367.10594116487806,281.3656609551237,3,0,442.212933136444,149.25338275940132,-1.0380777677044102,1,0,0,-0.473421211690008,0.6769193987661044,0.4921458192386713,-1.117888479433812,0.2320971392115719,1,normal
4.816781300460874,641.063284048406,1005.83453863237,3,0,492.3794611002687,1258.9532533404315,-2.8323809843436667,2,1,4,-1.3204298125490357,4.726914503862668,-0.3369844268626127,-0.3820785723234421,-0.8884982737400927,1,normal
0.3922613464712345,217.5337610563196,546.4014968356684,0,6,266.7524647007136,182.1486620628941,-2.440947450104188,2,0,5,0.3570794177244267,-1.145350679765902,-0.3070001262536126,0.371819044311217,-0.6268183437955682,1,normal
0.583533726453319,1484.3430597184818,309.0953304049492,6,6,1121.016593127002,114.9852305163227,-0.3677054123853398,2,2,4,1.0159365754247445,1.0523631086021374,-2.7275820459361704,-0.7027627094189866,-0.1988059545084678,1,normal
0.0950958909681531,2067.173495881706,267.1341823513396,3,0,3474.3971433623747,2639.1710868458717,-3.020860782868178,1,0,3,-2.355314292960796,4.368422929337487,-2.666491976097661,1.211353500685572,0.924774175237127,1,normal
3.2348951337859693,651.0951902229788,252.62986086138375,12,0,1197.4748122863746,1454.6297981325547,1.3798713852447797,0,0,1,-0.5842998461668876,0.3037265827811781,-2.425443596775326,-3.773209641393123,-0.3629922350921962,0,dos
1.0492401699018374,644.679590185745,51.8543641066756,3,12,3232.4122151018805,470.0346569433704,3.857057301641274,3,1,2,-0.8029039916132439,2.620738292049812,2.2463946941910296,1.5864799480160483,0.3388062854851282,0,xss
2.1764588777124274,240.32234991724627,486.44614004601095,0,12,1350.7675177109309,179.83005480318812,1.0528058815915418,0,0,3,1.9651430714295568,-1.3476837181960395,1.1831376137118064,-2.8173452612097893,1.364279286650122,0,injection
0.6372058778093397,167.76197902783906,330.3563072994151,0,6,1313.7289750787136,145.6805933677447,-4.145078414597928,4,0,4,0.9749629377831306,-0.5894752707337718,-0.3699564839102469,-0.8185361123183272,-0.0638539903486801,1,normal
3.5786578179800586,3152.9195020952475,948.9256348206176,0,9,7811.825147740857,2930.3977270407145,-3.888003155471705,3,2,7,0.5949607657506746,1.234799526909251,-2.630115181261811,2.420280283118943,-0.2753518623011788,0,normal
8.393284552475592,991.5041773393772,107.6511668998076,3,9,614.3802217637802,439.0090402501754,2.410451947203705,1,2,0,3.378169591753961,-1.001974898167434,2.100681884948836,4.976631903200301,-0.3851264892683204,1,normal
2.093606217054665,1888.0458835114964,675.0837959910219,0,0,1126.4426187731249,615.362840237334,3.223132594875418,0,2,5,-2.4332752209222583,-5.150370036173816,6.844857864523794,3.075566164448804,-0.9371016379268072,1,ddos
4.923070991997292,759.9432923199072,356.3560012413295,3,3,1272.9374886843666,661.0776625705352,0.5467295644414397,2,1,0,-0.436845621226154,1.4036255006353238,2.352673290343594,0.5711029141273681,-1.2573790457794136,0,normal
1.2542226210002858,157.9180924441733,130.31959639112495,0,0,1544.3348406254445,884.6765275511357,-1.8054388575106568,0,2,3,-1.1244624133066037,0.7419528411584824,4.121757415385618,2.404656623050373,-1.2950229925939578,1,normal
4.681917942074269,135.77896942629042,259.8852465839376,0,6,275.7540863279289,734.9899859203509,1.5153210635973424,1,0,4,1.2498320905549212,-1.0268441825158907,-1.1348238820133514,4.767220360412517,-1.349534282075656,1,normal
4.056910682804944,1683.136032445946,767.2199790529602,3,6,83.32459519389015,239.65613871423503,0.0629540142360036,0,1,2,-0.3764857184578335,-0.2366420904126156,0.4028149055115314,0.0910757183522581,0.2089504798142833,0,xss
4.923070991997292,759.9432923199072,356.3560012413295,3,3,1272.9374886843666,661.0776625705352,0.5467295644414397,2,1,0,-0.436845621226154,1.4036255006353238,2.352673290343594,0.5711029141273681,-1.2573790457794136,1,normal
1.8519663537638964,413.5515821697292,146.27611396253647,3,6,1236.441464797065,573.6445300384431,0.0211079591306502,1,1,3,-1.9197695291727757,1.300677339258332,-0.0322655371295195,-1.2335029632577372,0.8919578507483191,0,normal
1.7467377593647964,1750.8462396362852,253.12231344602327,3,6,847.9950025581672,166.51924778042314,1.966671736704548,0,0,3,1.3732427931327185,-0.8435896757287737,-1.205166720697148,-2.458998644952631,0.2604767149073093,1,xss
7.031680231131969,365.6441561634672,342.04657437952227,9,0,1032.2907178676917,299.6623640275066,-2.6825968658401083,1,2,4,-1.133145276176335,2.9168058053590107,0.3668707701139059,-0.6854664857154986,-1.4747732398617184,1,normal
0.9070707083103297,2498.7714583881875,786.5298699832978,9,0,1914.022728346462,1671.6690355600904,-3.403346666399851,0,0,6,-1.2317317363362712,-1.0842967578071072,4.7419107487595245,-1.3954170087239794,-1.4476869845126412,1,normal
7.894897789794172,1293.5256688196375,224.10998872702132,3,3,1296.2541467813255,181.7945259423769,-2.535907658849013,2,2,2,1.3996815140053462,0.362317494350071,1.9380884559182372,-1.9118014779614263,0.8496586290417788,1,normal
0.5839424146926315,1472.731549912236,60.36001275429916,9,0,594.4905816758845,2565.860027202444,1.82144656476937,0,0,5,2.746168411837666,0.0459635148165036,0.5241224389833139,-1.1135143951547193,0.4762779163878402,1,normal
1.9815352555917085,463.3976362747182,139.6527173137238,12,6,1337.755758316704,363.07955872519625,0.3001236627467092,5,1,3,-1.4614574007316488,2.3081829318847005,-0.1688368409956262,-0.3833195863224223,-1.0560147892458804,1,normal
2.288657754549193,1215.2158505088494,158.62872130672238,12,0,2006.761276846895,1593.2349435218828,-1.97008876190686,2,1,0,-2.8147271741274915,1.7850692070693717,0.5548775700152904,3.294338639667644,0.4379753674734409,1,normal
2.001754577826316,520.1599192711795,212.3569843974161,3,3,2223.968032501224,2475.8842182617764,-1.9600356263540168,3,0,3,-0.4311030856698299,3.2799377815657857,-2.072280888328086,0.0019182960240808,0.5885214641332256,1,injection
4.4478609462048455,87.72819341202242,841.3625057263457,3,6,123.57492704288536,2551.9290171512184,1.5060289680085015,3,1,4,2.268360462811075,0.2257839532489851,2.1305888587296176,0.8988143460052214,0.8301906638635871,1,normal
1.3177227713970563,2171.964901883582,1030.8095820680949,3,15,4199.3516198009565,499.2275842435008,-5.4575483412133945,0,1,0,-3.826082350231773,-1.3039318528629684,5.255023937341334,4.061573354302763,-1.9838642331238003,0,normal
6.196367896656395,86.30058993014688,433.4929774967627,0,0,2926.5845033535074,100.86029303704989,-1.5159413069272152,0,2,2,-1.4117862275332995,-1.2646005874695228,-2.766465607789078,-0.8837311978417695,-1.3941326181223794,0,normal
2.92818280815421,639.9625070854362,822.9146489160281,6,3,1646.1947639949642,169.4419771967101,3.99835990679128,1,0,3,0.6375597674532651,1.5922300992512033,1.1223673968615804,1.8490905661358368,1.7321710076922754,0,dos
5.874727509135952,235.15849381357484,50.366155615823466,9,3,1444.107063611091,295.9449852818013,-1.3413737593716903,2,0,3,-2.1391231169629235,-0.2232853905224157,2.840900780077704,-1.6475167189293465,-0.7168585796726789,0,ddos
3.4815175088687225,531.6989505279764,909.197063815411,9,3,419.4883251306731,821.5324522794762,1.770665760981641,2,2,1,2.1540087137178423,1.804650012697277,0.6338315941552554,2.644024262257261,0.1404024624452715,1,normal
5.947531931595858,862.9820462911758,41.40527689405919,0,6,1152.1402733909017,988.2307709028848,1.31216180964705,1,0,2,2.0124608481906865,-0.9926591717428888,-0.2250852802395121,-2.6798451666870227,0.7618054072302786,0,dos
0.359404175980504,121.72486642689832,921.9747801733296,0,9,53.149092249849886,524.076055263355,0.9780839539878045,1,0,0,1.1616885660744585,0.7119981593741707,1.9900102526765917,3.44436822852098,-2.673885779453487,0,normal
11.502605948419864,6.3895079795046605,242.80026370816216,6,0,1676.837924620815,211.19212106881687,1.7609477499440926,0,0,1,-4.475511070963488,3.5386653190032598,0.5631600429434003,0.3134886158478348,1.0805566707819798,1,normal
9.54339088528551,1120.9139438713637,216.27838847614208,3,6,368.53526853159553,648.7509791865505,-1.735146034270986,0,0,0,-3.7413826019544167,2.103980516148524,2.083401144305032,-0.5399820663397673,-0.3192369651981701,0,normal
0.993116620059737,132.09442595174963,12.289114184157908,15,3,1408.5771134447346,748.530626166067,-3.0166537335994104,4,0,4,-0.1201986076480698,0.5498444576948088,-0.7087340592456138,3.0673465652829925,-0.1041244918710814,0,normal
0.2879411980645028,546.2603552999468,152.11962450928698,9,3,1591.4479231149094,2158.368949923742,1.8311354245820448,1,0,3,0.8603471935961575,1.0955624247487372,0.5800577232937436,-4.570608271365514,1.4152075884712,0,normal
2.573565183334212,1226.8172812243467,118.44972666792616,18,0,1434.7347416939615,982.6419828304574,-1.875949992777171,1,0,0,-2.362655970416772,2.239199272203643,1.1404358746657646,4.085946934408972,0.4576081059305477,1,normal
1.173713565293266,698.5644439716265,167.55395959901074,3,0,3273.3399062025437,1780.207832828973,-4.619355533638848,3,0,2,0.844961132512126,1.182064751242416,-1.239103055404431,1.699895298865964,-0.185127204125123,0,normal
8.509492856482389,1169.8006799580214,713.1692353744479,3,6,1182.438531467317,759.5674119244059,-3.386636540708401,5,2,6,-2.1275780502914943,1.5841798095307964,-0.068728238388487,-3.163258785832948,-0.3724530896755417,1,normal
3.113526324738155,569.0825845151044,265.4250044898968,0,6,442.4588536526112,149.8543580554459,-2.047347173806201,0,0,2,-3.2181274433064457,1.411857217173573,2.3981602055790985,0.5192138664800225,1.214191461305349,1,normal
18.388326865142677,1354.3689931388822,319.3799990187934,6,3,890.9143049500165,332.7327491571522,-0.5979857361290157,3,1,4,-1.967712891023948,1.5565148270398503,1.5529581019388108,-2.415278782250545,0.48888653527379,1,scanning
1.969440828006621,1718.0621467650922,298.22670668370614,3,3,3155.212764425973,1943.2745723691949,-0.837752362816599,0,1,2,-0.0284526998126752,1.1180742742506504,-3.190281372101209,2.1307457938229444,0.2992234083918199,1,normal
0.851856645930595,1128.564272956432,648.6333748447591,3,3,2316.216153964434,849.4323246741973,-2.084961673956513,2,2,0,0.3432389509361513,0.7192969787475336,-0.4563317826550312,-0.0370556628533671,1.3303231376764508,0,normal
5.309996586464092,1274.3241060887292,943.2090019788964,9,6,1367.971180233941,882.6268949361603,0.1206239777078008,0,1,5,-0.5743305043491096,1.273956571177479,-0.0905950842045204,1.7321152909134292,0.7984323030927033,1,normal
4.578936927532283,977.4359681994436,872.0152114534314,0,12,2471.93694866648,332.6734048764693,0.3682333926662804,0,0,0,-3.658600128354258,3.842185602486105,-0.9458441705564258,-0.2873436300363982,0.0627621637946713,1,normal
2.670830903920157,1373.922384985777,1046.3473049050124,12,3,315.227519697443,1833.549597370608,-0.2880712930446488,2,0,5,-2.865068025731323,2.693757400352872,0.6738980849748112,-0.5356825633183897,2.0705984094257754,1,backdoor
4.476129040068414,238.0397006768472,764.0763906125416,0,9,914.1375684775854,392.9116027947805,-2.325766046567014,1,0,3,-0.6258373609634857,-0.5745916935003041,1.8691911373205363,3.87177371279103,0.6421526874014473,1,normal
2.2810315010941147,1798.1835919753482,176.89874416748478,0,9,243.1402636493162,541.948406348191,1.815889451880936,4,1,6,2.08956814833459,-0.0562764383256653,-1.5144160526646069,1.6111555460989546,1.4279435191555483,0,password
0.8505239016147803,879.3128853601106,679.4943111108735,3,6,1098.594249444251,542.7729850245751,1.9024445624675437,1,1,2,3.682277827407117,0.8936358643080463,2.3015896041823023,1.1908656461971014,-0.3211609273725464,1,normal
4.870722661310413,743.5686398092864,283.899566969764,0,3,286.1317487085532,870.6678803994337,1.648301845095008,0,0,3,3.1520968431248386,-1.0626934801630377,-1.0015051752194526,-2.06760811780756,-0.4153426244929149,0,password
2.8737875909117463,1183.744126391589,90.09686913325557,6,3,493.248888466581,482.29544472211927,0.0841428681565443,0,1,1,-0.5836877727672958,-0.9507162827400852,2.1852105635690684,-1.413280133262327,0.168101440081696,0,backdoor
6.5359090891637885,1174.3454392450928,127.91487895403012,12,0,3252.8227257455187,824.4599349818101,4.667162184552107,3,1,1,2.7803443753091512,4.718698568640659,0.9958494817238808,-0.9602575678573616,-0.6543206009825132,0,normal
1.706802273275362,1542.5928768604012,370.4905619543421,9,0,767.4479510207453,481.5491082199731,-4.447025127544566,0,0,0,-0.7700351539115315,1.9421318603988609,5.288957951229692,-0.874065619933439,-0.0942826562678119,1,normal
5.129053002292469,499.256226068488,565.7988184251416,0,6,1535.5026821552594,23.846021082147303,3.03653710843166,1,1,2,-0.1776525629954737,1.4958388659254636,0.4090472035923846,-0.0701670566072281,1.2267273546508024,0,scanning
3.307466734346931,490.03997106998247,693.276421090301,0,3,478.400395890171,435.3064539931582,1.8426155721080315,0,1,1,1.8133977149226568,-1.365017781698708,-0.7214230335680225,-2.120828698658264,-0.0279460202690864,1,xss
5.794925174483811,2498.795425966016,481.95803035605854,3,3,863.542464668574,821.2647956686939,-0.1926209363821636,0,1,1,-0.9837066449873304,2.923812146952632,1.2671828629414283,-0.1917486388511022,-0.2469336805633628,0,dos
1.210242023787892,634.9215124835804,698.4809325043095,0,6,42.81902701078767,1204.6558708004534,-0.6851841214677596,1,0,6,-0.088428130350999,2.773955220164664,-0.6375438045640791,2.4114589606611365,1.1331212458989204,1,normal
2.3087611641768637,600.5686436246901,218.1764633791741,3,6,1239.391825902838,243.21989665676992,1.8215349625253403,0,0,2,1.8460625308532284,-1.0821839039253602,-5.543729623832,0.5765384783522494,-0.372403002772724,0,injection
2.86591887274755,673.6194321540211,99.7920693704044,6,0,711.2094915812582,234.2024590202857,0.1215094773796487,2,1,0,-1.6570053092025052,1.672354481701437,1.2818610442170264,1.6561066844097792,-0.3981946773089934,1,normal
10.154365424141542,1298.1827311620204,736.7365326855876,0,9,678.2608374146778,453.3041148261879,1.1036512268148744,2,0,4,-2.9188100729706816,0.2356058388687021,2.3111615835041217,-3.805324626592774,0.6160252869500845,0,xss
8.030130340654592,3177.0187546708025,272.9131616055278,0,3,5494.530320506502,2746.797104914086,1.2766871338635768,4,0,4,-2.6194749045107164,-0.3450209286526042,-3.906550270101529,4.47799217264044,0.0666771451208304,1,normal
2.8436468503705568,1333.5819517518755,470.7394865802012,6,3,768.9838764418976,1923.862854811939,-2.134550816362552,2,2,3,1.1875061350633704,-2.6075105625320223,4.386873078532555,-3.475923194709716,-0.976175494037099,1,normal
1.213757317410159,1794.385723301772,69.8498329491344,0,9,1243.6479264437007,880.8949212146031,3.029461705680609,2,2,4,-2.856117998585672,0.5041760413947269,-2.286183616560684,3.019075280150376,2.684913890325595,0,xss
0.3581024478755784,1646.430153311941,35.10575587784584,0,0,2891.841373435105,2917.7528138120542,-0.5460453373465257,0,0,3,0.5666957254708078,6.087385077565096,-2.9930565625351155,3.436964088520762,0.5201899865575127,0,backdoor
7.066892331644535,746.5456008125399,412.7910626863687,0,0,199.29022592947328,1236.781901224374,1.8895910167533123,2,2,2,1.4772166658967834,1.2155604433255984,-0.4779832955903527,-0.7668679038741613,-0.3874266110803867,1,normal
2.0455488137088493,256.4224611091714,857.5350756447776,3,0,2189.083219376821,1215.8085914369788,-0.0085896568787866,0,1,4,1.0601540208593976,3.483358486946804,2.6119151864248646,2.004833061556889,0.1936163207828661,1,normal
1.6038348385820524,446.5142518592525,594.4504283828437,3,18,114.25084435868705,160.49932878681122,1.4716474281269538,0,0,7,3.737544197394385,-1.613514853617655,1.2432714773752245,-1.9764789295018512,1.4742388396873485,0,xss
0.0257944745411442,1030.4564906475837,114.57960939052352,6,6,1155.187188408196,1401.2903523672717,-0.8650919967049067,1,0,0,-0.7956956381056395,0.1970199753171571,-0.1263939816087016,-1.7538326627076175,1.102816073487063,0,ddos
7.400328150063898,307.8517919486765,544.3509185995889,0,12,220.7057555705564,1034.1337354809948,-2.321494774198647,2,0,4,-2.452313315148606,-2.758581069793501,-1.4953912054569138,-2.1767694798378123,0.3287712165520683,1,normal
0.7577521507343135,404.1947750963149,69.42863371921833,6,9,3693.197798061956,85.29757773558916,2.529174623766286,0,2,0,-3.751872610757112,2.44391554480323,2.7520763100762515,-4.681494361261096,0.6059394420171568,1,dos
5.142020693797558,524.4245191806643,360.8273322810918,3,0,887.9302786730158,947.7373899315024,0.6049574269505612,0,0,2,2.735926204133316,1.5640878009435062,3.994884788265656,1.6473246113582158,-0.5754125799088072,1,normal
3.7611599005170895,415.171942527564,510.6661980268604,3,0,882.6597451753946,942.921234935314,1.2559959794193138,1,1,1,-0.6886691677799047,1.4318270345751285,-0.0300768265238491,-2.783711354419064,-0.5623903289512585,1,normal
2.1416465403131344,183.7895742646955,351.3589037501792,3,3,1610.7843325022957,222.47374308610256,-1.4844777586924955,1,0,4,-1.585236839014435,3.742494546335883,1.1807223138247662,-1.0538644455121862,-0.0506125686189644,1,normal
3.950670004613349,734.4535576476078,446.430979228866,6,3,126.6715020725612,382.7341468404417,2.026545470038412,2,1,0,0.5490861945015839,-0.0159962700624654,-0.3980746725355353,1.2821357646051783,-0.4970480837441801,0,normal
9.868355111227633,935.1784726437178,613.5519907560193,9,3,1154.710855117009,640.2232807868236,-0.4310140375859626,2,0,3,1.0540717837303568,2.162813215083468,1.195156505626808,1.20488718217253,1.3450420274382435,0,normal
2.5535124645404923,203.44998892546928,691.0607299150885,3,9,820.9425665151606,157.17716753220827,3.221997823870874,0,2,2,1.9849185797334856,1.6235559157484358,1.4040892716195128,3.600838850111441,-0.9109542645124497,1,normal
1.5670424243473005,742.2011898482699,46.573154127449975,3,3,1328.60086212669,84.75428944532285,1.057115724921228,2,0,2,0.9190650937999664,-0.1385328383621642,2.8801068409793262,0.5959896956777591,-0.5751095748816668,0,injection
0.8795631658264581,1414.77751020085,176.5771010276507,0,3,2128.5724886063504,850.8597634979519,0.0848042679199874,0,2,2,0.3655550219894058,1.1716808460527195,5.532272388189312,0.7107041232578393,-0.1349095701962393,0,ddos
1.5972998938122474,110.76499417674611,130.35958355022836,3,3,1810.5323539213596,882.1890644297507,-0.7977744959356285,1,0,3,-0.6913332492986284,2.018606830937771,1.812043703856533,-1.5791108363203823,-0.8961983822010512,1,normal
4.630155034808711,1114.3332435146745,114.5879335110808,6,6,958.108345041108,1574.5965237021978,-1.6558562642599883,1,2,6,-0.7826834481181113,-1.7933196297263112,2.134179117063206,4.479512262918535,-0.3022680383753698,1,normal
0.3922613464712345,217.5337610563196,546.4014968356684,0,6,266.7524647007136,182.1486620628941,-2.440947450104188,2,0,5,0.3570794177244267,-1.145350679765902,-0.3070001262536126,0.371819044311217,-0.6268183437955682,1,normal
0.3078844415613254,411.8755155436991,329.2911724423196,3,3,759.9739262223424,1674.0709524726076,1.4781790696315096,0,1,1,-2.307566725765608,0.7424315888132305,-0.5748201576067269,-2.78405175614695,-0.8113101530150625,0,normal
5.234124125941006,1714.0119972985865,1573.4810012333894,0,9,4691.97108356844,2048.070138634619,0.3654630387379238,4,0,6,-2.2925062920794,1.809721371588991,-3.4877392523775006,1.4700096199168835,-0.864432795706875,0,normal
2.730302745159801,1268.4007180585718,814.6815857431135,6,3,2794.590644538418,228.0734454746547,2.869733562092419,2,1,4,-2.4238490603803213,2.303963111562517,1.3467396909365106,-1.9456708237068536,-0.0687955572835549,0,injection
4.363100755322677,212.8396707115322,139.8688163700463,0,3,450.1774015526728,596.3798135352506,-1.352451494604242,0,0,2,0.0074266389988426,0.4150968246040227,3.195991853659621,2.819356034446036,0.2825720928094554,1,normal
5.010820896247839,362.294637482805,68.60811767172927,15,9,2403.349881649947,1459.4025961932912,1.0037430639197018,0,2,0,-0.6872712194863504,1.5024618688332343,1.862440272618382,2.885127256525108,-0.6198442156104182,1,normal
11.09049555185985,1579.836053430871,783.4403186307464,9,3,1109.6853988298787,1328.014655688245,-1.0717238454169278,2,1,0,3.6027855726755424,-3.4278025391538325,-1.3782654692618117,-1.920398910708141,0.41484811896293,1,normal
0.377598577221002,1491.9604171223284,252.08290648880737,0,6,1190.8116155564574,380.36375334212494,1.9772689981084095,0,1,1,-2.3538620916069557,0.7220398609208596,-2.3584313216660666,0.3764217506217574,-0.602378240081904,0,injection
4.015719035932278,327.32404725676605,283.8909377099714,6,6,1125.7338607851957,898.6047038877065,-0.1365605391076256,0,0,6,1.649135457978633,1.863202095995638,1.7053105068472076,3.090384817290017,-0.2208771048383838,1,normal
7.167868232113021,316.94513606600435,281.6415324940023,0,3,3298.3251135625287,1356.082568464322,-2.430839739166868,1,1,1,-0.4418925184889355,1.526372637430694,-1.4209546911515336,0.3695335843634728,0.8068250189198108,1,dos
4.85656506760391,1185.3928426090513,474.1418306265181,0,3,2005.2476289893368,159.879379140896,-1.7881514500051976,0,1,1,-2.1481916340420373,-1.7274056199554508,0.3782649742766559,0.2353949275974411,1.5311165620093474,1,normal
5.6612026251194045,2023.97258738882,1128.7411437477926,3,0,1856.333244917961,1818.4698130603088,2.6307427376631827,2,0,0,-2.820569693961037,1.52658193471132,-1.573921104781592,5.550694158388652,0.523331131205373,1,normal
1.5794353853552745,671.4627628830095,66.5944037560456,6,0,1951.924345564257,1261.2625584550506,-1.3158509234504134,0,2,0,0.3566792854807479,0.1328701630217696,3.0712920453422656,-2.257883174744304,0.0464527229353234,0,normal
5.333433347068186,317.6944818203443,645.9172788270139,0,9,131.54244990749606,100.69444623345508,-0.1379743894467939,0,0,4,-3.044659701381465,1.9091171337151804,-2.434495320022965,-0.3298961356149945,2.9021359758581675,1,normal
0.6498279566059706,295.0617159675936,37.84626156582657,0,3,1368.8734917018928,778.2219934506079,0.7784796253281209,2,0,1,0.5313147808200199,1.9455000487669236,0.0234792924724003,-0.6473115432909187,0.5447060543231624,1,normal
4.4324102303430095,543.6633661210501,449.0605626325594,0,3,377.4481751723564,1497.2130817597904,4.542758205998553,1,2,3,3.7239249769951455,0.8186590180296005,-1.3622633945554743,1.320966455703653,-0.4844920687479738,1,normal
0.4904757673297939,690.3388255980447,288.14246853304496,0,6,3413.194974954293,562.2020350033274,4.839863803455295,0,1,0,-0.1637759618595435,2.6948166373480538,-0.3162509267530493,-2.4892418185515908,0.208580288088998,0,injection
9.455865633897364,722.9057809706467,124.29488193189998,3,3,1682.1558883449666,1602.3430794311091,3.5983835198967524,2,2,2,1.3349925842073824,1.9109059830806951,1.3094562964970278,-0.382266718976769,0.153489731244536,1,normal
6.429626578902433,203.53694000595013,586.6904219619557,0,0,695.5337550296305,711.4803364132456,2.162689958936122,0,1,3,-1.455614056610214,-2.432227210996249,4.960668963189342,2.860873397687872,0.7109353321435568,1,xss
8.486265080238983,968.5425407973104,266.91706793228764,3,3,1477.535534053727,1057.9566874941804,0.4180054534024686,2,1,0,2.7963613627715165,-2.9259363633400284,-2.531611785692581,-1.8056193850318265,-0.5888944481766415,1,scanning
1.716660594968458,881.0145810663391,209.20599671274852,0,3,1377.0651359915817,718.4438116489483,0.3568172855998357,0,0,3,-1.6767955391163625,-2.1363472538101416,3.5768750286547237,-0.2285608893973659,-1.4992711561751593,1,dos
3.923465907195226,1120.7504227047186,240.8707745272135,9,0,1367.4017766100094,574.6618335978549,0.2637163111486542,2,0,3,-1.3077762480388582,0.9878976804333228,0.8469573813583586,-3.551693006073513,-0.7719916552778996,0,dos
4.60745678125391,167.42934753651133,43.51641301048496,3,6,887.5420139061589,541.8118066726583,-0.5841349202045756,2,2,2,-0.646248774536113,0.8374975236239379,2.8047776281553416,-0.3456887094222626,-0.7373009157458982,0,normal
0.6157746589546166,951.044789764464,45.787694216543024,6,0,2315.290654403208,1669.7939595624389,-1.859430759763061,2,2,1,-3.3790330515904348,2.323447335031035,-1.898808416380485,0.8756872544116667,-0.7770284988927211,1,normal
3.790617686227265,1204.5683549338682,106.17848385622166,3,0,2369.5217600803503,2399.490440250139,2.234539893137181,0,2,5,-0.8005310788870321,0.9414978252871582,4.173015419429728,-0.920185966133668,0.2014774890772387,0,normal
4.862032669220605,684.1390337308055,335.6855605438789,6,3,385.9758545139008,2848.1087176975743,3.0258550636171715,0,0,7,-0.0420133145661008,-0.541290454424362,3.459197853326532,1.161915003263014,-2.7669063130488265,1,normal
4.788267595683545,234.8750045800395,345.7239033035404,6,0,1399.3138823921945,361.8755429120493,2.7017792558406013,0,2,1,0.7800575146889221,3.5231992555065634,1.4564878163926822,1.7532731265390966,0.139702248707236,1,normal
5.407542706015458,702.1210952405595,0.8788355454009793,12,0,47.34686232019808,600.3841220344578,-2.523335424521007,1,1,2,-0.6931705376570764,3.436897607989332,-0.9336778122973132,-0.928414236088262,-0.1712256053576227,1,normal
1.8277877942641323,27.83230408557069,945.8265402665075,6,0,2065.8642120485515,44.35810307140329,0.0475911825594268,1,0,3,2.139008441949411,0.7119835521124265,3.824635363964529,0.3495124832893475,0.1439389952190351,0,xss
4.750377214565696,76.77473229204324,911.672106412364,3,3,1773.7334477874338,1468.8859156898293,3.807582763632177,0,0,0,-1.0265806926783598,-0.0169903291604207,-1.0081626333260023,-1.107174349842045,1.1846909381553852,0,password
9.192876464147222,375.1696875476293,519.3519731882992,3,6,3461.643059378821,391.9811314608363,4.880023365087137,1,0,0,4.642511323508261,9.077114597618827,2.770035443421606,-1.2675782545311225,-0.446863258749142,1,normal
3.053530383307732,458.76791294655885,905.7835290127252,6,0,268.5214146990072,673.8140672156483,1.2682199502742353,0,1,3,-2.9351552072132137,2.5225984901456915,-4.430627946746693,-0.2013373262666489,0.125887658240882,1,normal
2.039374989827078,748.868579282774,703.1260314255312,0,6,1156.497899710936,493.5219234354041,1.410792631631525,1,0,0,1.0892159372288126,-2.8409179391076504,-2.552575815115025,0.070357178660225,0.0823637273708808,0,injection
3.200751544378396,1319.0705926137662,482.7602830679618,3,3,737.1965298531143,517.3123493391845,-0.6929337188374504,2,0,1,-1.8194733135338943,2.6631879426233023,-1.3418344423599236,0.5126210712703677,0.1859537288523687,0,normal
2.128323995632619,1944.917039450837,268.81979174237784,15,0,3148.2914841154907,1366.0867264894982,-0.975654886413495,0,0,1,-1.310741448222868,-1.637039643959765,0.3391474733419035,6.668031182745724,0.1587469266110219,1,normal
6.814981095539316,368.0906042901184,1172.2141704192206,0,3,310.3420795097921,656.3814470211495,-0.235788264148014,0,1,0,-1.7697762533375645,0.1020261925809207,1.2255217819090698,-0.4965608935858927,0.3250597381480036,0,normal
6.422070315065062,274.43864193604475,370.4053263001546,3,6,179.56334092697986,171.05944007636393,-0.6064218242168798,1,2,2,-2.394964230392441,1.1489182385934693,1.358237415361027,0.0405067435264585,0.3307306422315426,0,normal
4.785569337106696,2026.1113363725697,9.263939872643707,0,15,2590.720594478563,1702.9062288843045,-2.118875812628926,0,0,0,1.767088048808717,-1.8687605319404876,1.0623981009552743,-1.0861984824839137,1.5200580797113152,0,normal
5.492846839845039,570.6236633830288,70.91776520970515,6,0,2549.572797741501,1590.7448747101791,2.558447590124847,2,1,7,3.0170276218833108,4.093761864826484,-0.2126100670875468,2.2747042122463936,-0.2494319084078958,1,normal
3.24162772491966,341.3829193972144,61.65192432078875,6,3,3328.2584882785363,1225.7862001462347,-1.6675345418276608,1,0,2,-3.0788737414414604,1.143658881644095,-3.1964337448718894,0.07536283509209,-0.2000337053178127,1,normal
0.5666032750635154,586.5082038686168,23.097912453966494,9,3,892.1330167913064,5.259857473325467,1.020264850597583,0,1,0,0.8673014479544086,0.2943239789813865,-2.1237369412608498,-1.266875134581941,-1.17424135609903,0,ddos
2.823443882838275,154.34799235130492,136.01000889359642,0,6,2028.749692022857,2835.232519385462,-5.7661434605141375,3,2,1,-1.3119573439348693,4.036997109325815,-0.5875967754217386,3.847490616540332,0.4005060229750177,0,normal
3.684271616445996,184.5542735653124,180.54006683854857,3,0,2574.328141781482,1708.9442300620374,1.5632405079589229,1,1,0,-1.312031537904172,3.1222507265962216,1.039609826078748,-4.310501213712094,-0.6616162684918839,1,normal
10.291929670907509,1860.9773695712977,326.07807601131526,9,3,1956.591119350201,919.9299549975884,-1.7409847474382385,2,0,3,3.504454360962141,-3.24902846723509,-1.417559370996545,-3.1407751788789224,2.068775222711695,0,xss
4.046674929520696,75.5173295791779,343.6658890120663,0,0,202.9427144350616,168.28194765952952,-0.276032528504426,0,0,0,0.7029881315175306,-0.6054479974227435,-0.3173276891768535,-0.7251746700045332,-0.1939923498293023,0,dos
1.0457541167065636,602.797130207165,273.4027115703592,6,15,1288.7506178524045,2479.7572394718427,-0.1970634192304865,1,1,0,-3.999563393700223,0.379980155145911,2.202627259648514,-1.1090347849715916,-0.2958852154478452,1,normal
6.716751116196901,5.31383447778655,202.0522557225833,6,3,381.84784860886833,316.0890567484733,2.2863844347128786,0,0,0,0.1341906494639371,1.2406386849186843,0.8727029502676835,1.1449001612505487,-0.5051259143710469,1,scanning
1.5314138779950677,1038.0440837585463,310.4688064193854,0,3,1415.6350720956543,189.87590817668803,0.3189988393299745,0,0,4,3.367351399757876,2.563533667927291,0.6437277849074643,2.212895842229063,-0.5224028359011987,1,normal
0.5435290391018743,338.5871126186957,169.44390190933058,3,3,1636.7849717085664,555.0780029180517,3.5631977790126745,1,0,5,5.140975467789282,1.971353021931148,-0.6852343137187746,3.389816401052907,1.2681773758525248,1,normal
0.6735092518149539,1416.2102034178245,395.4043623539213,9,12,2356.9204252220643,425.4255917506089,-2.1090261358332647,2,0,5,-1.0954306972959238,-2.6102921859085253,-0.3728956543747864,-2.2194271193953123,-0.2116604621761391,0,xss
1.8044877371971575,1351.3976188621975,995.2347817217906,0,3,772.8322594765349,329.73623712433186,-2.3358960802483315,2,0,3,-1.134908049970368,2.4427872521192806,2.8130930629338464,-0.6354660372896858,-0.3869802415288942,0,backdoor
6.386710868460053,442.1336404563354,137.1727845445767,3,6,305.0029003912756,930.1311178127036,-0.6697564892990793,0,0,6,0.2657958521447752,0.9154639111222392,-2.438097830318218,0.4980520943209694,1.7049220097525946,1,normal
6.917768449629963,413.3914869060153,225.78314832560457,3,0,2497.240114995842,1072.8987187952528,1.2292638397810938,1,1,3,0.2322043861852767,2.057361356583633,-0.7746001474953148,-2.495740683979667,1.0716251778431425,1,normal
2.663819931329932,145.90976146981828,213.1751124140364,0,3,1060.2108734475298,407.6082960387837,-2.172190693975822,0,1,1,-0.1813201828423882,0.3546689760254097,1.442175578887367,0.4593285436666989,-1.8211746642824795,1,injection
0.0188396050179882,144.76923827347542,106.507265532918,6,6,1187.1710959296338,2485.6038988029677,-1.469288738295678,2,0,2,2.6901686461410748,1.5285361973879097,0.7657166334339034,4.534439719665962,-1.915652650145823,1,normal
0.3782739290616537,613.1924441669703,480.06127592821,0,9,1352.8240341736678,164.30284072226985,-1.4621289831429714,0,1,2,0.9919881101714968,-1.6327960914241528,-0.1880676017240912,1.644933825398481,1.5514065140393285,1,normal
5.265231911866249,267.31309793669675,427.8388069257524,0,9,1896.8987324729155,1227.851041796035,-3.068935273192733,1,1,5,0.626367229269509,-0.5199505810343903,2.0436316618291217,-2.1053871105064106,-0.3362679158524853,1,normal
2.348510848861918,1437.5885923055976,224.47995058452804,6,0,88.02941664019075,252.605698491929,-2.125281142984573,1,2,0,-1.7689947155143044,2.7247239424333927,3.2040465234607893,-0.987230678254332,0.6801752186411159,0,normal
3.862845833307583,1584.4172223897424,580.1580344481038,9,6,1696.2025478908697,643.5716282409197,-0.3848945783107496,0,0,1,-1.2627425978862583,-0.4321457383340383,-0.5391416966972407,4.199368261180238,0.4498945967690255,0,normal
9.984541421236074,1098.2307998574988,182.7967970462533,6,6,1448.506633382989,1179.079699325873,1.10186892509266,0,0,0,-0.0470057935846373,-1.1533833090885652,3.939051235410704,-0.2878135586912311,0.4549984415344612,0,scanning
1.4568541446100347,79.91310741909862,942.0095358350688,0,9,349.0237833377718,349.389335137659,-2.254313382033529,2,2,5,-1.5480811836234694,2.6738784048948503,1.558676011832154,0.4980615976652354,-0.2732033470180589,1,normal
2.345193505504896,925.2541398115884,348.3514223634607,0,3,564.4244510358551,850.7687527146247,-2.027061210445176,0,1,1,-3.034476285003833,1.9626882631264169,2.573928502972861,-0.8567980778704787,0.2361461759626302,1,password
4.937138227035774,154.2362339798746,791.1855817822401,3,0,2186.64497563452,1023.0320270327512,-3.8450584654403466,4,1,3,0.32475900002059,1.8341148381686532,-1.3212125632709923,-0.0528928429314323,0.8512161452520278,1,normal
3.7777068266360256,922.2254758792044,341.9212632805442,0,3,143.1742871066632,2302.2914761580964,1.4017110099443009,0,0,4,-0.6894551155424378,-2.471346668836312,2.032760943317028,-2.5732005233246165,1.4721657990588088,1,normal
2.031588178783224,498.8532873199233,35.83000693541212,6,6,1253.719886422911,324.22467442141374,-1.62076847260434,3,0,6,0.0350419503491998,3.6016142454930504,1.036883761969979,-1.5662601833025742,1.4403320757054856,1,normal
1.801664777061196,413.3749333046124,206.5690673384588,3,0,1462.1544214880366,217.29158134622537,1.4722813665626306,2,0,2,2.2083145098186856,3.030481862496501,0.06367148176738,-0.0475036946900553,0.6794333609929543,0,normal
11.363366349083384,1794.2111618163271,1003.3386797140832,9,12,2179.4776797621494,336.4546157508307,0.3641176152563588,3,0,4,0.7625365843216301,-2.3009621884028784,-5.5039904599084055,0.4418799296609976,-0.8199073987120301,0,ddos
5.853568979567786,1203.8052306987242,217.6032477655589,0,0,575.2663756361846,188.49397123366828,-1.0901917334729103,3,1,0,-1.3380826990670698,-0.9612627679205784,2.0232664976797263,-1.1207070941365993,-0.8756843909799109,1,injection
6.049530761254007,1505.898980376696,40.34154379058775,0,0,4622.8017782621855,1755.1248595030777,-4.174896868861305,1,1,0,-1.2898262510637146,0.8544413307812807,-3.4792187812393625,-0.2873594792072111,-2.4093782418454164,1,normal
0.7208177669883241,466.3425449800369,24.085298992103134,3,9,3023.961847015251,1598.2942828659898,-4.846680185374766,1,0,2,-0.4580290432534815,2.2538148968018032,0.581247504323037,-0.8624625950890934,-0.0931804798853731,0,backdoor
3.3262783245948064,428.33271599663726,395.1517506458397,9,9,689.2471518722664,879.7076648611762,2.7534954656007447,2,0,5,-0.9034085209669422,0.755829956957953,-2.867370781357107,0.9405207702241868,0.7112145376055794,0,scanning
1.4403259172205916,986.9036450565814,793.1832385239311,3,0,1335.504019118938,372.0453948708848,0.2225148019993867,1,2,2,-1.440003418742947,0.0110270361427331,-1.140501566842458,-1.632645696184328,0.1799704705307125,1,normal
6.626667776403621,2615.226719115538,486.6813969668938,3,0,6154.705051942584,3524.478341858682,-2.459673268548056,0,0,1,0.3770037920513445,1.3129958416776404,-5.002978700947535,3.211970671289693,-0.9924675143794094,1,normal
4.717336837388283,274.85827963670016,437.1597243153755,0,15,1119.6827509504433,2978.6923688795346,2.243313800424795,0,0,0,2.48326346347842,-1.9695210901179143,1.3292426564101203,0.2378555387706452,0.4284970737549665,0,xss
3.826969933718256,519.6306047415537,600.6458462617359,12,6,495.9536695288523,2210.6961882128744,1.1580825434716024,1,0,1,-3.130666013895512,1.7466173290260196,0.0920061704401389,-1.032301224099215,0.3035837146144506,1,password
6.578545624309923,1680.80165815919,681.4262968431524,3,3,2160.7382471007454,1511.240042280394,-6.170200785633695,3,0,0,2.415764366412522,0.3234488344511947,3.0784380713169823,0.4179724251282253,0.0550341194068526,0,normal
1.1210365991195586,1062.4303179122628,416.46944124374426,9,0,677.7741316643554,1308.215640931777,-1.2009754672265025,2,1,4,1.3870564461091044,-0.2457298968321379,-1.4264538767867918,0.643041122811755,-0.1240819371928967,0,injection
4.903311664674458,416.2115348613536,618.1848980645522,0,0,1112.4180100155904,1395.7431308732343,1.2008527664516455,1,1,0,-0.1820883971764331,-0.0968069275494829,1.0086952114521957,-2.250528452570874,0.8131871986179339,1,normal
5.283770490686645,1946.892989328939,530.6312783493903,3,0,2260.3430724601053,2107.3228452803824,3.3911665190911604,3,1,2,-2.5842616820193443,1.35228089488955,-1.8725111941165855,6.038320733872754,0.3107412046363124,1,normal
1.042139673902562,113.50807207103853,294.1897734772743,3,0,3593.5056181854143,212.1031790273844,3.301887630023952,0,0,6,3.141581545953186,7.530973558798625,0.7337937838583843,0.0656791221867445,1.550455708939002,1,normal
6.242203129480092,849.6590926954984,397.5251260394805,3,6,1905.9786175944737,735.1369321435105,2.172311624723002,2,1,4,-0.7782280600225586,1.382947882943823,-1.3577510765294087,-1.804848515155373,1.0580643224796875,1,normal
9.166546096538706,50.05705483402689,499.2306707669776,3,0,2644.8607552197145,1427.5249194462965,3.61762073594953,0,1,0,0.3396583849378822,1.4081693748014648,-0.2151000620737744,-2.0636677038846614,0.3794071399013093,0,backdoor
1.3488776207931523,2196.0656181031954,185.18433517385824,0,12,1691.3245457576618,1089.6966014795148,-1.1031191841868664,1,2,3,1.602637586283898,-2.2168877296286205,0.483141074573244,-0.9030798040877754,-1.8764425120863248,0,backdoor
12.312034127956062,1151.6402839640452,56.347315442126416,0,3,999.07134425454,767.9962736358959,-1.604666223536681,0,0,2,-0.895878169918106,1.6337670501625214,-0.1406390247305966,0.7653168210802253,-0.7194786834799475,1,normal
3.2273781293944896,301.9316499701417,478.8225052041248,3,3,524.5771155803775,170.14702380963368,-1.9187139096250525,3,0,2,2.038001595510302,1.882827302586001,-0.2926794314105279,-3.1455966683206507,-1.4075169786303363,1,normal
5.180894402616824,443.6734126365086,303.14779455649324,0,0,94.153268070429,755.411759048283,1.49688449017964,1,0,1,-0.4397982029815799,3.0647654508917537,0.0285950172548763,2.7771884496632486,-1.025073152529456,0,normal
0.6446240028608897,184.8692885317912,371.6360714743095,0,0,1164.2288120650935,1354.8279044399264,2.229460515764303,3,0,0,1.731370507750485,1.070825918034259,-0.6023898929777665,-3.3101765228862368,1.020262784881949,1,normal
0.2457233350507539,566.5380357695241,582.5360190641242,6,3,382.6864474649232,341.5617696193235,0.73818126525912,2,0,2,2.362779514302705,3.0579289508597274,-0.0856832967713858,1.1152780227384178,1.2996839869063488,1,normal
6.0422326224134695,871.4315290760073,223.47204828313627,0,6,91.175574061771,318.11085394791684,0.8515733842645514,0,2,0,2.705035458169229,-0.6581850846374319,-1.4724724748221407,-1.7991530675486351,0.0355219420970932,0,scanning
4.533681438270608,879.0393827355348,134.67632656200837,12,12,68.54613981900151,2979.9105299716084,1.0433135704561562,1,1,0,-2.0066707890216637,1.807183295596095,-0.477347905906009,1.7076953173980212,0.7300307924967611,0,injection
2.593072235169144,467.9017466072464,1147.8523606548065,9,0,793.7427164597451,2005.738519370312,1.6838629487026504,1,1,2,-0.7723608391381009,1.0013144700018044,-1.377587778483402,-4.292264922444588,-0.8373993011442118,1,normal
1.2012297655369204,673.2130766126539,417.191714331496,0,0,127.6760838504606,1004.1608212787736,-3.603340338750343,0,2,1,-0.8847433372211622,-0.6202224890720496,3.274323625670652,-2.339442125905756,-0.0700045145532845,0,ddos
0.5486073013881008,944.5500083462472,217.04298977097343,0,0,586.2029215226725,2852.079860746006,4.525207422550394,2,0,0,1.1898511357869035,-2.0344073265882585,1.3736203230456638,-0.8977860481532522,0.8750926008454436,1,normal
2.5844735397631484,1113.6672059063449,494.5848506436114,0,0,207.82646876404525,1269.9225186017825,0.6423503318492236,1,0,4,-1.0273200569542238,-4.629706806366227,2.911855153460098,-0.3354482932062599,-0.8081929032620554,0,ddos
6.282925744263124,994.925906031279,689.6694524454276,6,6,2176.800456381874,112.73316881715787,0.6575268442974732,3,2,0,2.3969246186100865,-0.1103671903500727,-1.1388751101111343,2.3599615703486148,0.3900325579428201,0,normal
0.6907438267180237,533.3468842390598,68.42978296935986,6,3,988.0776097493836,1119.8334721031122,2.4888147136855694,1,0,3,-2.81381718545183,0.7191183953898543,2.258887961343542,3.5318443878844183,1.7055303013645482,0,xss
8.751786402829199,689.7769493424634,293.38871397457626,3,3,503.6545450975915,299.91327579870085,-2.0459790433694107,0,2,0,-1.566128350384643,1.7646287758377133,0.7912287314234029,-0.9108235084590316,-0.3885622122546463,1,normal
12.175953312313805,904.920523300835,778.6563957727561,0,0,311.5614985924207,2416.437731410069,-2.362503654247849,2,0,1,-1.3252346796055403,-3.44781229175661,8.446821252734637,-0.8991938468779204,1.754031419428002,1,ddos
3.9504837256476337,1571.4295493840073,16.18430977550514,0,9,1544.7113566193598,672.8962911122708,1.3026724760944564,1,0,3,-1.8125373091096595,1.5757472547523483,2.2952046753813344,-4.415533679216876,0.1170745252588807,0,injection
0.3955416328518146,126.96497988767686,102.12826641450556,0,0,1411.9761268686775,1269.4843181936633,-2.1002256534975814,1,0,2,-0.3179646490084835,1.1470291964765646,-1.6053354541006457,0.6706108465016912,0.647870399652107,1,normal
11.666277665148584,1871.1738551131295,533.5842519152513,0,6,1140.1369420190456,412.343705628245,-4.72570995060273,0,0,2,0.6861734080382205,0.243870440365172,1.1494728979474538,-2.1945430815029434,0.2478976011627641,1,injection
2.012393498138572,33.133922918808565,12.98962401406996,0,0,339.2802430075621,533.8321457360184,0.9361212229132964,0,0,0,-1.7411364020744624,-1.094324289884535,-1.35663733950349,-2.283311436124555,-0.4273072328877028,1,normal
0.5219494246046518,403.5060637110119,49.63865446287146,6,0,2162.431050545434,1814.2111524125671,1.150135022896725,0,2,1,-1.1240442288246597,0.0994387975395207,1.4187512602217014,-2.4972135513057268,1.2216757394708662,1,normal
6.852834857643339,700.331270403063,567.557583621484,0,0,2470.112172672531,1298.9277813647395,-0.8624116226157243,2,0,2,-4.379361441934991,-3.622187254440649,0.4191778584258361,2.185834790832666,0.2397225601017134,1,ddos
4.637804028857396,436.0185684597428,602.9433192974328,6,0,1166.5385017516635,463.8257135908854,-0.0980946611882236,1,1,1,-1.0542049468047785,-0.1228212300390108,1.8342269342693005,-1.8059070016642007,-0.3572774467009635,0,backdoor
2.544216474321686,747.822005974644,287.44429970732693,3,3,2219.897279551397,208.1009273924601,2.519205478852708,0,0,1,-0.8655649724755766,2.663121082054551,1.436088243480879,2.835955773232208,-1.5268813731809296,1,normal
3.258993268546733,2555.896533313436,629.5980575116497,6,0,2614.01735336099,2257.607292783102,1.6378390419555882,2,0,1,-2.256458335905499,2.301846975503888,-0.9988958529244074,5.981444531570475,-0.4660752606480977,1,normal
4.739471866251978,289.5198191736778,29.943009550503096,9,6,1996.2276373675093,3197.335789810486,-2.792479366033388,3,1,0,-1.8543807781129875,3.651287809187308,0.0450470876412829,2.4397352728855006,0.0088231252355482,0,password
0.0496658609386173,686.342882762382,933.6086537141188,6,3,1483.5125275358794,780.8377547235589,2.7026789844050088,0,0,0,-2.8027978461407974,0.7083858251892434,-1.982094286345852,1.3974163882061736,1.277773244090733,0,dos
2.261732375740423,11.973965781849728,256.44511914709784,6,3,1695.1276153863687,800.0369639641249,1.2863894875349342,2,1,0,0.1864166967655527,-0.0040537683255097,0.5313401407469966,-1.8098959769565872,1.5653058520656908,0,backdoor
1.374017946801991,1897.5881972005652,1027.4295767223978,6,0,3156.825606200915,314.674155936671,-0.7964408954662239,4,0,0,4.476326753175203,-5.415886849611851,-4.086034650652494,-2.635501326906839,-0.3872131880745988,0,password
2.031033643739343,584.2807809233765,149.59365350672144,3,0,544.4734233319756,1099.2795765958897,1.6403035119308225,1,1,3,-0.7321037510410685,-0.6297709725721999,3.1725158782813656,0.0559050441406436,-0.6128483150287,1,scanning
0.1403724217948067,243.54849712164227,390.0152591943602,9,0,1202.9985102099697,281.91149417048155,2.845051711193816,0,0,0,-1.0606045305940834,-0.9383782087395416,1.6001381794572058,1.1699394061549675,-0.895395468310962,0,password
8.52554141240348,2174.339027949495,239.0058209037203,6,3,5142.359448906904,1715.845867008477,-2.7544530492228114,1,1,3,-2.6660277955535934,2.652987021837136,-2.7154886202575783,0.7799857294305499,0.4352832201556579,1,normal
8.428318529709129,226.8036576967484,252.5792287110995,0,9,2392.8850457378057,1042.0309448854516,-2.605787522212747,0,2,3,0.030446527046096,-0.6706736007035288,0.5239708364027859,0.3970589264807944,-0.6402443123751603,1,ddos
0.404345912182623,528.0290594226775,245.91963306576844,3,3,1008.1914825197244,493.4047979928974,-2.085479447587194,2,0,0,0.9235516172223408,-1.5710272822368456,1.699579611100452,-0.5814957007881032,0.6630972035651058,0,normal
7.419026986789796,395.1743458681662,409.28838702038695,9,6,175.9512000480793,452.7123744134894,-3.207046977573513,3,0,6,-1.540325589815335,1.9689529489497284,-0.8528748198133922,0.5867812316128448,0.296010187373171,0,password
4.816781300460874,641.063284048406,1005.83453863237,3,0,492.3794611002687,1258.9532533404315,-2.8323809843436667,2,1,4,-1.3204298125490357,4.726914503862668,-0.3369844268626127,-0.3820785723234421,-0.8884982737400927,0,normal
0.2685670126497145,833.4620565714274,40.33804355328997,3,3,436.4996401700193,229.96267870098723,0.1373668948218172,2,2,2,-1.5854958151597622,-0.2422510829135922,-2.143508665478292,-1.2374480333085842,1.349589046404284,1,normal
2.687615686980015,2829.8815757538773,221.10348551987173,3,3,6956.664128178333,1161.8702335977732,-2.3381039310648664,3,0,2,2.283695711241231,-6.918219316729165,-3.670028953231188,3.1353127113292336,-1.2015146709645328,0,injection
2.5989826654792414,1619.4781110964454,182.24256383930955,0,9,2410.0659003543865,295.2935690820034,-2.7895928943031807,1,0,2,0.1151361065487572,0.1337867497395513,-2.0318779102556275,0.354391963974936,1.149262958345174,1,normal
0.9205180858246088,2630.1048601397283,102.99041270650152,0,0,3954.0887240144175,621.3425395182337,-3.1658891363120363,0,1,7,-1.5502895599634638,-4.213830797434758,3.840996462886042,0.5832607710618354,-2.09424167827634,1,normal
6.891347839114737,94.19460195115414,76.53385062899544,6,6,221.63756288323157,112.76940252469878,-1.6067003282090315,2,0,0,-0.6068189111138294,-1.3535971970654537,3.9748193077095912,3.1477238143514805,0.4878011830891515,1,normal
0.6797155524601055,375.2780498342824,377.1028653194021,0,0,1947.1676655642689,11.345185228675223,4.652514641287489,0,2,1,-0.1863600159118112,1.378714889540895,-1.956090638718168,0.9147031187415842,-0.7442558336349591,0,password
8.83901684519418,532.0616438011339,351.5385185980783,0,9,1556.5106604086936,1369.053744497312,0.1985955635736078,1,0,0,-1.109710042216124,-1.1974859726797635,3.942335771867449,1.8611387116628515,-0.5165593472696915,0,normal
2.797309279953751,1567.421047406154,671.8715152944932,0,0,4001.377479532248,1115.7070330786248,-4.498552193660184,1,0,0,0.2837201445960684,2.6348752752813414,-0.6870851028243554,-0.3619575480285201,-1.2799926991143784,1,ddos
5.12500550964596,667.183061697941,331.03784610297697,9,3,1621.8168780945084,2331.981661513428,2.0807612897997547,0,0,4,3.192891469106393,0.5046429764811136,-0.4742424107077119,-2.960963111651693,0.8579637803197561,0,xss
3.4169861689748937,2166.739710993509,374.05880446421287,3,0,1830.5091851167283,1596.4123982267993,1.5309095789383529,3,2,1,-0.4663818765904539,-0.2840349690178099,0.312036411469839,6.209179538808369,0.7209483026526067,0,normal
3.0082987793233684,1122.2476785894994,373.69888212092,3,9,512.4341330674553,1521.9464469168686,-1.887917648421554,1,0,0,-3.6713529688756177,-0.4629119555034586,3.496800597029438,-0.2311148879612838,0.1091500126840136,0,normal
3.559460948867055,1140.9797477267807,98.7136628472255,3,6,783.9004906759221,1435.5491964510268,0.4605649341203768,0,0,0,0.6993289047954165,-0.7975988207693487,-0.2691890822658673,0.5061469694050802,-0.179686658175594,0,normal
4.283189611250723,110.84516350991623,979.0484272335506,3,3,523.9222700281183,612.0862734695527,-0.7984834963406018,0,2,0,-0.137691094247234,0.4874759993161024,2.685909016480648,-0.3905148502710689,0.9743038416285994,1,dos
3.645776533484189,2143.786559778492,183.21124795629584,3,3,2198.4915210589675,456.2377719996683,-1.41384092027154,3,0,1,1.2090582806959371,-3.9550545476469514,0.6097904767627655,0.2094124992398036,-1.0582990131139602,1,password
4.721751401291709,728.0515678799856,160.493547007496,0,3,2280.444268760424,988.2310315171889,3.142099369193615,1,1,1,2.0527656536038306,-0.1223383086462559,0.4555857786414461,-1.3963592588947005,-0.7014015876433606,0,password
6.233133995476685,1153.5763590471756,651.7516532275109,3,3,1189.9097276144155,815.552993192014,2.0434747522766767,1,1,0,-1.157872927302774,1.2799447804673738,0.5466260493081105,0.6581985037555194,-0.1663271467229352,1,normal
9.898329809900076,3201.7526608288763,520.3445969549215,0,3,245.93041805072224,638.2862957182699,-1.2731947160499242,1,0,0,-3.4608927180973126,2.741990543876209,3.4711155937469265,-1.9355828597101767,-1.251756332179559,1,injection
0.4053615253830642,987.7517309061064,413.63747638683503,9,0,377.4603004440504,152.48556202747378,-1.32228160028354,0,0,0,-3.9976493402126714,1.951161108187482,0.2054171496343977,0.3217145429648268,-1.5519546557735309,0,normal
2.37706102302638,14.863054926985363,811.721312026678,3,12,318.9443670072999,308.4624805332162,-4.439767601591923,3,0,7,1.4320695516743795,0.6168369058324769,0.5292316101035519,-0.2724806651289277,1.29166345348348,1,normal
2.615214630125673,128.90747131777235,495.8693273326545,6,9,2791.3432203031066,2525.9443015910465,-1.88284557317803,1,0,0,1.3660896373504754,2.8465729038910617,-3.268717827167822,-0.3812146935968594,-0.6166131743367966,0,xss
2.8071994081367087,294.91257458601507,472.667913156488,12,3,3879.838271231036,1514.7070725433523,1.1978639628596366,1,2,2,0.3709385531941356,5.092757104880127,-0.6989643697276247,-4.921029019622501,-0.0935139786063123,1,normal
3.1101186935408465,1006.835681244388,969.2863442225062,9,0,2045.3886828947475,117.71917707206194,-4.0108032024557705,0,2,3,-1.7993089849843793,4.630235686286386,4.187892398042262,-0.7198672737682917,1.3178203658887635,1,normal
3.026712137101716,677.0990859296617,147.69577814137423,3,0,1688.5576440108612,1314.172284871393,-3.910137628364258,1,2,2,-0.8479958151638973,0.4954755985140411,1.973532832018449,1.319982156761147,-1.2695776621943513,0,xss
7.13512035819586,572.2420426989013,693.4589263696137,6,12,1739.7646575316962,376.2347435379753,0.0406214087685443,1,1,0,-1.8031829803708448,-4.137466954957003,4.552501698656297,3.4912182966259837,1.2280483479766482,0,xss
10.836333941385153,1554.7542993796003,505.3187689838857,9,0,3292.470705912073,673.8328475647791,-3.1507280553659878,0,2,2,-4.356279298447188,0.986528343532412,-1.4380949289215017,-0.8221238093003473,0.4702832035549326,1,normal
7.7541153821753825,1400.6052088788774,157.32056567497744,6,0,2503.289059692807,583.0377068309601,1.2432805709234296,1,0,2,-1.78713455406939,2.2405882416361798,0.9250674180283236,0.8291101448672835,0.0352593326500189,1,normal
9.027125597782216,926.6130460149228,95.84013473572864,0,6,1351.7983238999652,347.8398678485386,-0.5726358544752745,1,0,3,-1.8220511821452232,-2.1941402891109565,0.8125866156497616,1.455400920505138,-0.8512506617873379,1,normal
1.2544862628639124,142.7737201260306,713.9624765466501,6,3,770.0580071630728,612.0800680451464,-1.0407774923270854,1,1,0,-3.1922465531028736,1.6204424733413512,-0.6444468362445417,-0.08782618216286,-0.1092060960686522,1,normal
3.553362975064699,64.57198849898217,191.3157639802093,0,0,58.6182339922808,390.938507486254,-2.727593167308834,0,1,0,0.5419038236574769,0.2738800446013931,1.724606829696271,-2.3114953322260554,-0.1400526319684915,0,ddos
2.2837187792934457,287.0850511747075,677.8007974618268,3,3,1850.8097129310663,987.8387740591464,1.6556310380841384,0,2,1,1.0125838531563256,-0.2823434849823965,0.8669529932397249,-2.0196734762038027,-0.3231217945958755,0,backdoor
2.5552310746023963,2660.127272554468,562.6811764537971,0,0,4369.028336442298,2471.802914751128,-2.694244107706812,0,2,1,0.6263972132035878,1.6611924608592128,-1.363423792877227,3.243773789744564,0.62992054380352,1,normal
0.0405680243428922,2142.4827322620245,235.32301076864857,3,0,4622.32370668612,1240.0286926378978,-5.1503834381822,0,0,2,-2.5399444308771075,-1.1757433727731634,1.01029123094406,1.8780899570987253,1.6969265116941268,0,normal
6.85148290789794,417.1704486800121,7.034123094174996,0,3,875.5972158245914,30.136350297419785,0.955907420507236,0,1,4,0.4740320517456611,-1.2882823919548,1.251455327393126,0.9728222034690966,1.67848527399986,0,backdoor
8.832576139819414,900.5046400134985,46.147875967636544,9,9,1162.3061497625622,335.18582960911726,0.3267625861141098,4,0,2,-0.7517842607409646,1.8782746564795552,1.185317822576927,0.9333782860343336,0.5319066314915913,1,normal
1.405530400512793,2394.9759028637664,350.3577642283225,9,0,1874.3892385714068,1109.3511044710835,4.143962414237296,0,1,1,-3.407721061062436,-1.4367095661289442,2.9837114795721105,1.348479397467338,-0.0090404597882823,0,password
0.2409820339532817,808.0753211083345,95.38528960361846,3,3,153.12829070102208,218.25216892068372,-0.2761555527323562,2,1,1,1.2174183759456978,2.188439485237389,-0.6314682692822686,0.954689774534649,0.4878602303079829,1,normal
5.277746767158014,528.6706510708207,421.56270474519926,3,3,993.653508400316,573.9981913765738,-2.67084400162341,1,0,3,-1.0428295691440477,2.162234988282293,1.7721145125310376,-1.9343747203578985,-0.6217855946890399,1,normal
5.993003984693029,1274.822194110861,526.7874573327413,3,3,1787.685352039895,743.0260625188994,-5.896772647297923,1,0,1,1.2545656945075363,-2.672634158153973,4.091650843082135,2.855435423605476,-0.957545502910748,1,normal
2.529972655388917,208.8390842102591,122.20849449988904,3,6,270.10035542894366,570.6314089270049,1.4458301126037911,0,0,0,2.822437228213324,-1.673521755058012,0.9766786136445564,2.846234586476247,1.7612204654726449,1,normal
6.667516384759409,706.8503402110509,201.6410397275694,9,6,963.9006478909728,277.40841611629065,1.7521203664358491,1,0,1,-0.5714151438827448,-0.9930668533904676,2.214917927333216,2.8704249076972754,0.5240284935766677,0,normal
2.1202854840503886,991.6006887406076,709.6165902054473,12,12,2092.1645522012773,1157.5692595485807,-3.6686748790637873,5,0,7,0.137597980756325,0.2614710113589759,2.0231888787523884,0.2208366328228039,-1.3417374001650506,1,normal
4.533681438270608,879.0393827355348,134.67632656200837,12,12,68.54613981900151,2979.9105299716084,1.0433135704561562,1,1,0,-2.0066707890216637,1.807183295596095,-0.477347905906009,1.7076953173980212,0.7300307924967611,0,injection
7.315704624149646,834.1551863734749,512.0277021899755,3,3,1616.1644328653288,1744.9587678031835,-1.2198009729347197,0,1,0,-0.5052625261325467,1.0676655113636713,0.0644431646208236,0.545054718951792,0.6745963713151157,0,backdoor
1.0854787175785572,363.9456522387826,395.7195315625128,3,3,2804.614283665563,528.7411527749126,0.8113274419014199,1,0,2,0.0264690754434151,3.662905086341421,3.457573895597452,0.0117954857551931,0.2338520758868531,1,normal
2.024872161783568,1136.4636221311453,202.27446500088547,3,0,4334.559747387584,122.3166787184077,1.5013505222868015,0,0,5,1.7072310357434364,2.986550984682717,2.617035884129514,-0.0920263516889055,0.6960297200188493,1,normal
3.3708752396656787,1242.9902292543577,119.4889958697088,0,0,2963.471516632027,2182.581594021314,0.5946609974891948,0,0,2,0.3216000446565403,-0.8576308918106255,-3.609316326307217,4.90729929453674,1.1834283579986582,0,normal
0.3481724349159585,89.89015891601414,202.4906138612817,0,0,103.90081903496042,984.5260431517178,1.7574612849572022,0,0,1,-1.3720675805215832,-0.9142669033934968,-1.4970679926269137,-2.0717146287776647,2.1741843717672094,1,normal
3.814255092045606,1266.327269800787,86.09977052219476,3,12,2851.264624632048,1467.0586961778122,-3.700089451435935,0,2,5,-1.4099283868873076,1.438302817622441,0.728769363762227,-2.6455604103960737,1.142160386375442,0,dos
7.810227827833835,250.20405012917277,762.5787045212463,3,3,483.4802680202552,1168.5433861492163,-0.7371700747346388,3,0,2,4.4333046702576135,-3.027196743280291,-0.3397632796740023,-2.7506545284884965,1.4085783788136397,0,ddos
2.45001890479465,796.8688430804597,201.1469279949498,6,3,1697.1324619296342,809.228880987151,0.0195535612160153,0,0,5,0.1170784840718972,1.7467608353010586,2.104261682597996,2.503412229146667,0.4470302630153773,1,normal
0.3279035451190337,542.018831553429,332.5280751108165,3,6,1304.6711772995625,1405.785456733105,0.9139239324734296,2,1,2,2.6033676954682785,-1.7622724655143212,-0.9982835830176564,-3.960117338854008,-0.2582198036172522,0,backdoor
16.942671161177817,54.523923078197534,164.64280223733778,15,6,542.0588991667443,1207.357927103286,-0.0781347016108175,2,0,4,-0.8710525495006161,0.0597770705620104,2.3572613123584265,3.354093142089158,0.2742239070222505,1,normal
3.879244019117712,688.1179997748243,52.94149953717369,9,9,1809.9305018884857,1134.9294686895312,3.518788459098614,0,2,1,-3.9526384692290257,-1.6668468319926708,-3.595501290091083,1.9389092543334656,-0.1527272328984553,0,scanning
5.849101220154159,1825.058724684832,294.1246391689896,3,0,4346.107463980257,1453.7747599873117,-2.8071433616776504,0,2,1,-3.5608330837287854,0.4551761705348948,-3.7590698110255865,-0.617001901543651,1.3082955750051055,1,normal
2.272551610379007,244.23686944575007,23.776012736755813,0,3,836.3337640909533,120.90863298378738,0.7817037851059958,1,0,1,1.2448894154345174,-1.830092307244117,-1.934026513546293,0.8600481875813407,1.839734752014187,0,scanning
2.239042727799488,804.9143484606373,147.7894230956579,0,3,1442.2518725339958,843.1834756135821,-1.9927648505860045,1,0,3,0.5689596404163513,0.4876953737521352,-0.8428471405202669,1.7391000614865368,-1.5214886886213217,0,normal
1.4786729861417118,1140.0822960576932,34.544957404793465,3,6,106.15543615608637,361.8475967550439,2.2229219936767053,0,0,1,-4.107390549750792,-1.3736300004883997,-0.4602503404006308,1.238373868465566,0.3563862839812357,0,scanning
7.853400210300395,485.477257003838,301.3670607236889,3,0,209.21529186982664,530.1149505180862,0.4430701652291835,1,1,0,-1.6830220265344875,1.6933870074889312,-0.6238616840667965,-2.4870376383932946,0.1481225245600932,0,normal
3.7211115782373354,1027.5831223635248,254.0771770741179,12,3,2341.1912492067117,1172.5601034960964,-1.408993701210944,0,0,6,0.4221195657791667,3.0905006563590867,4.108661226361222,2.7326721104575835,0.2298491652835747,0,normal
5.631610879745668,581.2745455533758,1212.1989080833305,3,9,841.0209143760351,2569.663420415476,3.548403600074227,4,0,3,-0.2215062940284287,-0.4990333043763573,1.2311432544471377,0.3252834299409141,0.5977456566799998,0,backdoor
3.433731543708232,192.9273826826954,775.249568497961,0,0,669.6872142500971,1003.417775510036,-2.419755867094668,3,2,1,0.4392931569276164,-2.655241088587389,1.799482669847455,-1.8257553719769848,-1.4568767316222049,0,backdoor
7.175386681840939,1446.6400252042424,44.52594280743037,3,3,2401.1750236183034,825.1617832989378,1.4901754759350514,5,0,0,-3.06085823525006,-0.3947240032696177,2.5080363432463444,-6.1392649726985615,-1.0120294291247571,0,password
1.8042918451573489,671.9001732369969,524.1834378624434,0,0,2015.8192042854175,1098.137122126618,0.4618089569558261,1,2,3,-0.6156947389219461,-1.5771195504596156,-1.306503199438642,-2.507946049556648,-0.5589210014276734,1,normal
1.4110588475468968,671.3344465051418,24.613068325593108,0,0,1892.223507411229,1743.1637727692262,4.684247529689198,0,1,3,2.7613378539085245,1.1123735854735963,0.6642167193800076,-0.3079251584432245,0.4461262124740575,1,normal
2.823443882838275,154.34799235130492,136.01000889359642,0,6,2028.749692022857,2835.232519385462,-5.7661434605141375,3,2,1,-1.3119573439348693,4.036997109325815,-0.5875967754217386,3.847490616540332,0.4005060229750177,1,normal
1.2363121519679157,41.81445980571241,531.373813106378,6,0,1133.6007074033275,535.7977936136392,-4.004915348995829,3,0,2,0.5377312819576803,2.61480714475468,1.0035088159732493,0.3551254498425086,-1.547893954894381,1,normal
4.283089090647908,1015.7176238160912,439.5841655930768,9,0,1940.7993081295583,380.4754835462043,3.005646349409743,1,0,0,1.3789927394669392,1.825302353167047,3.89513446888678,2.297607123325889,-0.7773514391393154,1,normal
4.440492419318328,1536.317234686472,510.7373240287478,9,6,3609.015724574422,1894.5210353853076,0.2016809050776159,2,0,1,2.189444528743436,-4.305928702734636,-3.0142252132762857,0.2993970881449275,0.0584349787831841,0,dos
6.077002933125687,551.7939697761832,601.1858095403302,0,6,1218.162246157119,1068.5978261253204,0.8517915172831472,1,0,3,-0.927221495028346,0.4254289405558644,-1.652598236492347,-1.665865934655087,-0.9162700618943422,1,normal
6.812654585610729,306.8264292380851,298.64550876933583,0,6,1711.0133852257554,640.0570707183438,2.242326346569897,1,1,0,1.5262137495104469,0.3392102786675193,-0.4014094637856872,-3.372703913504941,-0.3184186540930809,0,backdoor
1.1849797548188132,352.2333967934494,258.1789069754162,3,9,2182.723699071053,2118.086311244606,0.0062189488661044,1,2,1,0.1409431963412197,1.3939609758259697,-2.296576740313736,-0.2305156175750298,-1.5855956317173352,1,password
5.277728934704703,50.63690792199649,477.6134203839872,6,0,2498.2229799286906,1044.9045683560803,0.6296126952383696,2,0,2,-0.2627994628338946,-0.8396155837944954,1.7508283985198292,-3.941288440619591,1.681458593786224,1,backdoor
0.266677975864324,5.187728627887744,291.223666636518,9,6,3623.002288575094,595.8773633015754,-0.5664404403842638,3,2,3,2.004424143933286,4.746802015631351,1.0185197622158313,-4.653765752543829,1.818370608512484,1,normal
2.542226422586854,684.147768827146,434.3601637146192,0,9,892.501796878919,1393.6814792813452,-0.3085210608364759,1,1,0,1.1378301096322352,3.245081586642642,0.0473244472720024,3.682202664214049,0.4503665871809558,1,normal
10.1385055374474,329.71313379574667,55.76087879609348,0,3,1903.64355733474,769.843370698334,-0.8700431642907072,2,0,3,-0.1968245607086509,2.269474100295649,2.3687473818245066,-1.7329577118917,-2.218894793801179,1,normal
0.8768530517751756,48.37797316095538,249.74112558353784,0,6,382.0718219487285,169.45929534238869,-0.6608997227708271,1,1,2,-1.4006719788507742,2.258666951860734,1.189348274072727,-2.47090135546803,0.8368140155819328,0,scanning
5.9311684029466525,39.161201339308334,520.2558359943812,9,6,37.04129581367325,896.6940795783661,-1.286228097583014,0,0,0,-0.569886893163463,-1.2484836326654325,0.5071104341408199,0.97396480476107,0.5022800353362756,0,normal
1.4894752910296591,2406.3105730550515,283.8698506004968,15,3,3036.757511377171,1953.5243549878387,-0.1578134475508832,1,1,3,-4.056609567208883,3.621773136845733,-0.5345460706424279,4.615219311964631,-0.0696679770876055,1,normal
8.187571819445985,913.0000538141538,193.11530908161444,3,6,412.7588343151871,1674.1094951327004,-0.6721742371055349,2,0,6,-0.0471866757199732,3.462378159060508,-0.239595677447557,4.218662940823965,1.3150688389881993,1,normal
0.1570548845009174,674.5650230225535,711.7886887824753,0,0,774.399236479151,839.1054854940618,1.467315581101106,0,0,0,3.500959976333573,-2.199123164646532,-3.042713082700779,-1.1429769145250357,0.1333829006328856,1,xss
1.9444060813295423,497.3635893280014,647.1018320335367,3,0,744.6305331505522,399.2021962513885,-0.9699149197813732,1,1,1,-0.8969540201684107,2.5628329015203786,1.2175782256599426,-1.570763479207768,-0.1296150419366997,1,normal
8.703147528669298,1133.518077834893,168.17285095914497,0,0,2130.3024885510104,1058.5271374380418,-4.070856806323363,1,2,2,-2.7178935819356536,3.0919856946849453,-2.13113315826242,-2.431857487832797,-0.0318249831969932,1,normal
3.051138627684659,879.7173787108643,393.54111529641256,3,0,19.4114434290059,1348.4055596762764,-0.5936851212937859,2,1,2,1.4226894614959174,-1.0507117093056169,1.5400500597703228,-2.964519333547009,0.6227399410766886,1,normal
1.0877505612501313,2232.8718872893232,637.2835578098749,6,0,5283.400313592994,2366.283531671531,-3.934842965578407,1,2,0,-0.2879267034897589,0.1422844561106238,-3.0586579474561013,3.094341898516596,0.3282765826919233,1,normal
2.78568839157208,1389.5657075106808,36.79520730105097,6,0,1631.0102586291166,1233.3870531211055,3.171876695112748,3,0,4,-2.550560056236101,2.1012712090349845,0.2728230805136517,-0.4375448480398922,0.4061899165937292,0,password
0.0504767847486284,1569.6575926385688,926.304822103094,9,0,218.71317624455375,2388.799264865402,-0.5426405278142948,0,0,6,1.4223772185213688,-2.8765984144467724,2.953730626308982,-2.5459085534102552,0.3515385474869406,0,normal
5.481970048341217,1246.2521411655011,233.31351474270303,9,3,882.5661643452859,383.0788161668027,-0.4959279305349393,0,0,2,-2.631942665021124,1.028734239895022,0.3728322114802181,0.4829704381930366,0.4546856308610091,1,normal
5.864295966968388,1161.435683906172,492.04856171952633,3,6,466.16564160385286,989.6917008810902,0.2525870216521365,0,1,1,-0.8674432552620208,-0.1336020965916236,2.515176725437044,-0.6935378521630997,-2.0658774636204167,1,dos
1.8001452340517856,1109.300636316769,28.580091717420864,3,3,816.3892211394984,1480.0801979109087,3.177436256914412,2,0,2,1.3910865281639042,-0.3778772533144889,1.4706722111950612,1.4857858484498576,0.782317106036498,0,normal
5.90857986790774,375.88355372430726,149.04513703714107,6,6,548.5283131835873,1364.7601253718824,1.4658219415541285,0,1,0,1.4313823194944566,-1.6137745583556695,1.6473097744414849,-0.3620918374851121,0.6868647677723693,0,password
4.72929039822367,954.3623771325856,186.939580813117,0,0,1552.3100860062025,355.4666455959441,-0.7911303910193876,1,1,0,-0.5860399137700513,0.9735072202919864,3.373461955068363,-1.7832073004710751,1.5105726100762535,1,injection
1.146877856283138,1081.1773342299025,91.90313876653242,12,0,416.9210536407993,684.57838266777,-0.9413139716061288,5,0,3,-3.5893785168250387,0.879003933552424,-1.2729552800666075,1.1693384394641748,-0.8720527774071817,1,normal
0.0328703928892787,213.6533106956559,223.20881036558055,3,6,1099.866007565062,29.00508729139743,-0.4319450421280235,0,0,4,-1.692398324825423,2.571068862745713,0.2255864029848151,0.245172735521715,0.364594475166382,1,normal
5.259911748643033,1504.95731702035,295.90374983770096,6,0,606.6400713265159,1527.3675308893237,-2.4384667887099285,1,0,2,2.105404642196284,-0.8303096027798487,4.277841050508767,-2.626685851625552,-1.1876523919082798,1,scanning
0.973905461414621,1258.9656096262142,503.53657831829935,0,3,4107.875760610628,1474.6449268796955,-2.452868842217235,1,2,1,0.2338518740579569,-0.6738974030149578,-3.66253703829234,1.3954918712533948,1.3420526605488656,0,normal
0.3504124741480049,514.9791697153787,337.2205883817372,9,12,3547.64544276337,80.77609878365173,0.2333425133638065,5,2,2,-0.1430269496732235,-0.8028455017307812,2.5246259283319623,-1.6068225081290082,-0.9570278243489844,1,xss
2.186309273302986,139.59704319701106,791.4451837654776,3,3,1958.6526618695,460.3005723730458,-0.1319629872245602,0,0,4,0.920978819716882,3.4166780439646534,2.351301960735732,1.122453386610867,0.5468996976739968,0,normal
3.707788655775709,336.1065492868814,1376.6649032299767,3,3,1456.8730522807668,1475.262315110322,-4.259606711279322,3,1,0,-0.7552366775668665,2.6539551292526085,2.267404491541608,0.9437236101821488,0.0057714120670237,0,ddos
2.3655875784117484,812.639321009097,618.6612453159357,6,0,1405.4221463663998,239.6962525129562,0.5292759040671315,0,0,0,3.995812190825833,-3.0958623627601822,-1.8024526601958009,-0.4155268293620601,0.7529438252768189,1,xss
9.701355095356316,1154.5518161514444,126.64394952058474,0,9,988.6787193454982,127.7602535265701,5.111003068616193,2,2,2,-0.2139502788504451,0.1661184737299592,2.4079149049471216,5.135864611094722,0.0628958413564832,0,injection
1.2068970066764764,1677.8506586777153,138.44577152617174,3,0,2336.591114734328,2528.5748664748025,0.6394358015646278,1,0,1,-0.1504237757814943,1.8096458767771155,-1.6606001557582748,3.970664684282287,-0.7728208342164516,1,normal
0.7588364807246213,91.93626933124366,189.68932375866572,6,6,400.6216130421126,977.1420929353658,3.7749977019694754,4,0,1,4.952309364649953,3.5478367452797137,-2.8306639005159715,-0.060957637820473,-0.5478229473835311,1,normal
7.958813540502972,610.6677905441916,464.6403235385942,9,0,491.67994591906046,1607.0550448391518,-1.7736631103754006,0,0,1,-2.2933225771008967,-0.843047709188532,2.4789302926844314,0.7692194189899713,-1.3533149204316806,0,injection
0.5846655592262482,756.0626378941924,284.732438704063,12,9,140.70179715529204,2212.446041308596,-1.0016945146633915,1,1,0,-1.1490806673439806,1.4598921548424786,-0.0813612763547251,-0.8526539228226742,-0.7878249159235232,0,backdoor
7.777463998722868,555.6968582103506,107.41737311859625,0,0,667.860844150312,1583.3623062372158,2.4041691410784445,1,0,2,1.5102354944233003,2.2668956543415435,-0.366358360506019,-0.6299777720578323,0.299169409313305,1,normal
2.189743453618404,594.7630638319737,630.5609378890439,6,0,1341.4346854373482,554.6265821909665,0.123383837436843,0,2,0,-0.1192679160022291,2.1776415113439564,-0.1483598513178761,3.377315422817185,-0.2545685319480524,0,normal
3.0560039781625328,236.772541872261,264.74444076759085,6,0,1301.236303112464,679.4959123295207,3.843437008225752,2,0,1,0.4813314900825732,3.511200685677589,0.9244240617982398,-0.1033834966169293,0.4563497231302676,1,normal
6.097080559033162,624.9422881478494,178.72794039181176,3,12,945.4047596855582,2378.6311516840983,0.2522186313992201,0,1,1,-3.433502902067854,4.689974585290808,-0.8319049452043374,-1.3045586062280266,0.8255021290614718,1,password
3.014141873370581,409.3528067793209,580.0623791763682,15,9,2760.2169670062344,223.88498483233352,2.1990417276745458,3,2,6,-3.7997122651550974,2.293665557697309,0.0380799174665349,3.724212863414593,0.2779680975167186,1,normal
3.4375551293404305,7.3598832399836,269.006281795268,0,3,965.5050761395177,54.06008913173517,-1.374665870077489,0,2,2,-0.0635186755784089,0.1457009193412393,0.792167461496458,-1.2109459129167164,-3.274993258864533,0,scanning
4.781388073585442,1456.136744268177,201.4708096743622,6,0,1049.9803272664933,169.0424459795862,-1.3237371314705653,1,1,1,0.6112110006917272,0.2087623327569788,-0.3715823532960165,0.1798690975231021,-0.3309080273023938,1,normal
1.4780914120164037,281.61220024309654,43.2395858966624,15,3,485.1489804286735,708.0567531662782,-0.4726393812436447,0,1,0,-2.413728995563041,-0.5979813452402691,1.7047027018617824,2.0447088101112483,-0.9786326124831496,1,normal
5.073134315208023,1715.1263155279196,562.7984553700697,3,15,2446.01805167676,2074.5588668633245,4.5123166487707564,1,0,1,-0.2608340689305717,2.868870556384381,0.3051062888212752,2.7429061566435946,0.3469340291428978,0,dos
0.7582492681014629,166.46402064970457,52.776468963679335,3,6,331.05128275517694,1353.609095152298,-2.5452647078477493,3,1,3,1.3113525547249911,3.0061915462825763,-0.8225936125602267,-1.4871478488681862,-0.1570418238542612,0,normal
4.122025229526894,697.2476300617432,6.6729876644274,0,9,1887.6550397002973,126.15630573903016,2.0375124082956324,0,1,3,-2.1305682828030728,2.083853617769484,1.7096445137990262,-3.5366962137325224,0.6450061987657966,0,dos
2.3538779161245498,2144.56283519269,125.25500715299626,6,0,995.3282778178486,1053.0909027041998,-2.874344219999607,0,2,3,-1.398820881038327,-0.2034881571129327,4.521437724770601,-0.6875424471555983,0.4039379881879976,1,normal
0.4046060359638189,380.2472322998458,234.7647247651737,0,0,153.68581249973147,1329.3229776749256,-1.5919198322986392,2,2,5,-1.3997735694091775,4.619667139847532,-0.4291601376016491,0.5550873440165868,-2.7779585012606454,1,normal
6.027027870046035,1189.3222103462,357.08361541959783,0,15,911.5695775614344,911.4099711960096,-1.199118101309962,1,1,0,-6.189942005777666,0.8921376879441748,2.652025172803393,0.8727065277243071,-0.5844387435071505,1,normal
0.1255920893237523,515.692255304424,327.5881501769367,9,3,1847.241952108624,1299.2765385363998,-0.4706907714799804,0,0,0,-1.7492906063381586,2.8889561603344363,-3.784673342550919,-2.562495446048474,2.5994718725569967,1,normal
5.76160889903592,406.2797569701858,129.71774836291928,6,6,25.21367357632622,597.7762244933825,-0.1778331388105563,1,0,1,-1.177206735563404,-1.0161918521266802,-1.3419312897111384,0.541221040890884,-0.3757399242945896,0,normal
4.508871482262463,794.4098392459116,360.3793414587093,12,3,1206.521857793873,789.8718960182291,2.2758043297498203,2,0,6,4.854155710001099,3.730577900130273,-3.4305743752602487,0.2444945191487749,-0.8939002101962411,0,normal
0.9801995317031126,879.2923756451565,560.2783402188297,0,3,1943.9566227699436,932.7793727386808,-0.530143966463531,0,2,2,-1.581357359329432,2.052317033776145,-2.66791185185056,0.9817000650750272,0.2847588616053845,1,normal
1.7255211571500162,873.1330662174797,458.9425479851176,6,3,2331.4642108685557,960.933311769958,-2.6390741651931027,2,2,2,-1.7459512250930105,1.270436191308376,-1.939549702394336,0.7580009663008445,-2.25347353625797,0,normal
0.9724960822978774,1187.3740423089828,119.6993329613532,3,0,968.5526665334728,593.606885629198,-2.055727241456724,2,2,1,-2.11363528565214,0.4432837712031696,1.85563686507446,-0.6341776649261882,0.8038884770512885,1,backdoor
11.240100609021804,945.8600069968228,1104.1869509713424,3,3,1905.068372423012,658.358595155579,-0.0106098309407733,1,0,0,5.2590074261266455,-4.908966677849705,-2.9445669465760043,-0.9106612269176464,0.7100116083446253,0,injection
4.721751401291709,728.0515678799856,160.493547007496,0,3,2280.444268760424,988.2310315171889,3.142099369193615,1,1,1,2.0527656536038306,-0.1223383086462559,0.4555857786414461,-1.3963592588947005,-0.7014015876433606,0,password
